2025-07-04 09:01:35 [http-nio-8082-exec-3] ERROR c.m.u.core.logging.LoggingService - CheckEmailVerificationUseCase: Excepción de email no verificado - Email: agudelo@gmail.com
com.microserviceone.users.verificationCodeApi.application.exception.EmailNotVerifiedException: El correo electrónico aún no ha sido verificado
	at com.microserviceone.users.verificationCodeApi.application.usecase.CheckEmailVerificationUseCase.checkEmailVerification(CheckEmailVerificationUseCase.java:30)
	at java.base/jdk.internal.reflect.NativeMethodAccessorImpl.invoke0(Native Method)
	at java.base/jdk.internal.reflect.NativeMethodAccessorImpl.invoke(NativeMethodAccessorImpl.java:77)
	at java.base/jdk.internal.reflect.DelegatingMethodAccessorImpl.invoke(DelegatingMethodAccessorImpl.java:43)
	at java.base/java.lang.reflect.Method.invoke(Method.java:569)
	at org.springframework.aop.support.AopUtils.invokeJoinpointUsingReflection(AopUtils.java:351)
	at org.springframework.aop.framework.ReflectiveMethodInvocation.invokeJoinpoint(ReflectiveMethodInvocation.java:196)
	at org.springframework.aop.framework.ReflectiveMethodInvocation.proceed(ReflectiveMethodInvocation.java:163)
	at org.springframework.aop.framework.CglibAopProxy$CglibMethodInvocation.proceed(CglibAopProxy.java:765)
	at org.springframework.transaction.interceptor.TransactionInterceptor$1.proceedWithInvocation(TransactionInterceptor.java:123)
	at org.springframework.transaction.interceptor.TransactionAspectSupport.invokeWithinTransaction(TransactionAspectSupport.java:385)
	at org.springframework.transaction.interceptor.TransactionInterceptor.invoke(TransactionInterceptor.java:119)
	at org.springframework.aop.framework.ReflectiveMethodInvocation.proceed(ReflectiveMethodInvocation.java:184)
	at org.springframework.aop.framework.CglibAopProxy$CglibMethodInvocation.proceed(CglibAopProxy.java:765)
	at org.springframework.aop.framework.CglibAopProxy$DynamicAdvisedInterceptor.intercept(CglibAopProxy.java:717)
	at com.microserviceone.users.verificationCodeApi.application.usecase.CheckEmailVerificationUseCase$$SpringCGLIB$$0.checkEmailVerification(<generated>)
	at com.microserviceone.users.verificationCodeApi.application.usecase.cached.CachedCheckEmailVerificationUseCase.lambda$0(CachedCheckEmailVerificationUseCase.java:36)
	at com.microserviceone.users.core.cache.service.CacheServiceImpl.getOrCompute(CacheServiceImpl.java:40)
	at com.microserviceone.users.verificationCodeApi.application.usecase.cached.CachedCheckEmailVerificationUseCase.checkEmailVerification(CachedCheckEmailVerificationUseCase.java:31)
	at com.microserviceone.users.verificationCodeApi.application.service.VerificationService.checkEmailVerification(VerificationService.java:55)
	at com.microserviceone.users.verificationCodeApi.web.controller.VerificationCodeController.checkEmailVerification(VerificationCodeController.java:69)
	at java.base/jdk.internal.reflect.NativeMethodAccessorImpl.invoke0(Native Method)
	at java.base/jdk.internal.reflect.NativeMethodAccessorImpl.invoke(NativeMethodAccessorImpl.java:77)
	at java.base/jdk.internal.reflect.DelegatingMethodAccessorImpl.invoke(DelegatingMethodAccessorImpl.java:43)
	at java.base/java.lang.reflect.Method.invoke(Method.java:569)
	at org.springframework.web.method.support.InvocableHandlerMethod.doInvoke(InvocableHandlerMethod.java:259)
	at org.springframework.web.method.support.InvocableHandlerMethod.invokeForRequest(InvocableHandlerMethod.java:192)
	at org.springframework.web.servlet.mvc.method.annotation.ServletInvocableHandlerMethod.invokeAndHandle(ServletInvocableHandlerMethod.java:118)
	at org.springframework.web.servlet.mvc.method.annotation.RequestMappingHandlerAdapter.invokeHandlerMethod(RequestMappingHandlerAdapter.java:920)
	at org.springframework.web.servlet.mvc.method.annotation.RequestMappingHandlerAdapter.handleInternal(RequestMappingHandlerAdapter.java:830)
	at org.springframework.web.servlet.mvc.method.AbstractHandlerMethodAdapter.handle(AbstractHandlerMethodAdapter.java:87)
	at org.springframework.web.servlet.DispatcherServlet.doDispatch(DispatcherServlet.java:1089)
	at org.springframework.web.servlet.DispatcherServlet.doService(DispatcherServlet.java:979)
	at org.springframework.web.servlet.FrameworkServlet.processRequest(FrameworkServlet.java:1014)
	at org.springframework.web.servlet.FrameworkServlet.doPost(FrameworkServlet.java:914)
	at jakarta.servlet.http.HttpServlet.service(HttpServlet.java:590)
	at org.springframework.web.servlet.FrameworkServlet.service(FrameworkServlet.java:885)
	at jakarta.servlet.http.HttpServlet.service(HttpServlet.java:658)
	at org.apache.catalina.core.ApplicationFilterChain.internalDoFilter(ApplicationFilterChain.java:205)
	at org.apache.catalina.core.ApplicationFilterChain.doFilter(ApplicationFilterChain.java:149)
	at org.apache.tomcat.websocket.server.WsFilter.doFilter(WsFilter.java:51)
	at org.apache.catalina.core.ApplicationFilterChain.internalDoFilter(ApplicationFilterChain.java:174)
	at org.apache.catalina.core.ApplicationFilterChain.doFilter(ApplicationFilterChain.java:149)
	at org.springframework.web.filter.CompositeFilter$VirtualFilterChain.doFilter(CompositeFilter.java:108)
	at org.springframework.security.web.FilterChainProxy.lambda$doFilterInternal$3(FilterChainProxy.java:231)
	at org.springframework.security.web.ObservationFilterChainDecorator$FilterObservation$SimpleFilterObservation.lambda$wrap$1(ObservationFilterChainDecorator.java:479)
	at org.springframework.security.web.ObservationFilterChainDecorator$AroundFilterObservation$SimpleAroundFilterObservation.lambda$wrap$1(ObservationFilterChainDecorator.java:340)
	at org.springframework.security.web.ObservationFilterChainDecorator.lambda$wrapSecured$0(ObservationFilterChainDecorator.java:82)
	at org.springframework.security.web.ObservationFilterChainDecorator$VirtualFilterChain.doFilter(ObservationFilterChainDecorator.java:128)
	at org.springframework.security.web.access.intercept.AuthorizationFilter.doFilter(AuthorizationFilter.java:100)
	at org.springframework.security.web.ObservationFilterChainDecorator$ObservationFilter.wrapFilter(ObservationFilterChainDecorator.java:240)
	at org.springframework.security.web.ObservationFilterChainDecorator$ObservationFilter.doFilter(ObservationFilterChainDecorator.java:227)
	at org.springframework.security.web.ObservationFilterChainDecorator$VirtualFilterChain.doFilter(ObservationFilterChainDecorator.java:137)
	at org.springframework.security.web.access.ExceptionTranslationFilter.doFilter(ExceptionTranslationFilter.java:126)
	at org.springframework.security.web.access.ExceptionTranslationFilter.doFilter(ExceptionTranslationFilter.java:120)
	at org.springframework.security.web.ObservationFilterChainDecorator$ObservationFilter.wrapFilter(ObservationFilterChainDecorator.java:240)
	at org.springframework.security.web.ObservationFilterChainDecorator$ObservationFilter.doFilter(ObservationFilterChainDecorator.java:227)
	at org.springframework.security.web.ObservationFilterChainDecorator$VirtualFilterChain.doFilter(ObservationFilterChainDecorator.java:137)
	at org.springframework.security.web.authentication.AnonymousAuthenticationFilter.doFilter(AnonymousAuthenticationFilter.java:100)
	at org.springframework.security.web.ObservationFilterChainDecorator$ObservationFilter.wrapFilter(ObservationFilterChainDecorator.java:240)
	at org.springframework.security.web.ObservationFilterChainDecorator$ObservationFilter.doFilter(ObservationFilterChainDecorator.java:227)
	at org.springframework.security.web.ObservationFilterChainDecorator$VirtualFilterChain.doFilter(ObservationFilterChainDecorator.java:137)
	at org.springframework.security.web.servletapi.SecurityContextHolderAwareRequestFilter.doFilter(SecurityContextHolderAwareRequestFilter.java:179)
	at org.springframework.security.web.ObservationFilterChainDecorator$ObservationFilter.wrapFilter(ObservationFilterChainDecorator.java:240)
	at org.springframework.security.web.ObservationFilterChainDecorator$ObservationFilter.doFilter(ObservationFilterChainDecorator.java:227)
	at org.springframework.security.web.ObservationFilterChainDecorator$VirtualFilterChain.doFilter(ObservationFilterChainDecorator.java:137)
	at org.springframework.security.web.savedrequest.RequestCacheAwareFilter.doFilter(RequestCacheAwareFilter.java:63)
	at org.springframework.security.web.ObservationFilterChainDecorator$ObservationFilter.wrapFilter(ObservationFilterChainDecorator.java:240)
	at org.springframework.security.web.ObservationFilterChainDecorator$ObservationFilter.doFilter(ObservationFilterChainDecorator.java:227)
	at org.springframework.security.web.ObservationFilterChainDecorator$VirtualFilterChain.doFilter(ObservationFilterChainDecorator.java:137)
	at org.springframework.security.web.authentication.logout.LogoutFilter.doFilter(LogoutFilter.java:107)
	at org.springframework.security.web.authentication.logout.LogoutFilter.doFilter(LogoutFilter.java:93)
	at org.springframework.security.web.ObservationFilterChainDecorator$ObservationFilter.wrapFilter(ObservationFilterChainDecorator.java:240)
	at org.springframework.security.web.ObservationFilterChainDecorator$ObservationFilter.doFilter(ObservationFilterChainDecorator.java:227)
	at org.springframework.security.web.ObservationFilterChainDecorator$VirtualFilterChain.doFilter(ObservationFilterChainDecorator.java:137)
	at org.springframework.web.filter.CorsFilter.doFilterInternal(CorsFilter.java:91)
	at org.springframework.web.filter.OncePerRequestFilter.doFilter(OncePerRequestFilter.java:116)
	at org.springframework.security.web.ObservationFilterChainDecorator$ObservationFilter.wrapFilter(ObservationFilterChainDecorator.java:240)
	at org.springframework.security.web.ObservationFilterChainDecorator$ObservationFilter.doFilter(ObservationFilterChainDecorator.java:227)
	at org.springframework.security.web.ObservationFilterChainDecorator$VirtualFilterChain.doFilter(ObservationFilterChainDecorator.java:137)
	at org.springframework.security.web.header.HeaderWriterFilter.doHeadersAfter(HeaderWriterFilter.java:90)
	at org.springframework.security.web.header.HeaderWriterFilter.doFilterInternal(HeaderWriterFilter.java:75)
	at org.springframework.web.filter.OncePerRequestFilter.doFilter(OncePerRequestFilter.java:116)
	at org.springframework.security.web.ObservationFilterChainDecorator$ObservationFilter.wrapFilter(ObservationFilterChainDecorator.java:240)
	at org.springframework.security.web.ObservationFilterChainDecorator$ObservationFilter.doFilter(ObservationFilterChainDecorator.java:227)
	at org.springframework.security.web.ObservationFilterChainDecorator$VirtualFilterChain.doFilter(ObservationFilterChainDecorator.java:137)
	at org.springframework.security.web.context.SecurityContextHolderFilter.doFilter(SecurityContextHolderFilter.java:82)
	at org.springframework.security.web.context.SecurityContextHolderFilter.doFilter(SecurityContextHolderFilter.java:69)
	at org.springframework.security.web.ObservationFilterChainDecorator$ObservationFilter.wrapFilter(ObservationFilterChainDecorator.java:240)
	at org.springframework.security.web.ObservationFilterChainDecorator$ObservationFilter.doFilter(ObservationFilterChainDecorator.java:227)
	at org.springframework.security.web.ObservationFilterChainDecorator$VirtualFilterChain.doFilter(ObservationFilterChainDecorator.java:137)
	at org.springframework.security.web.context.request.async.WebAsyncManagerIntegrationFilter.doFilterInternal(WebAsyncManagerIntegrationFilter.java:62)
	at org.springframework.web.filter.OncePerRequestFilter.doFilter(OncePerRequestFilter.java:116)
	at org.springframework.security.web.ObservationFilterChainDecorator$ObservationFilter.wrapFilter(ObservationFilterChainDecorator.java:240)
	at org.springframework.security.web.ObservationFilterChainDecorator$ObservationFilter.doFilter(ObservationFilterChainDecorator.java:227)
	at org.springframework.security.web.ObservationFilterChainDecorator$VirtualFilterChain.doFilter(ObservationFilterChainDecorator.java:137)
	at org.springframework.security.web.session.DisableEncodeUrlFilter.doFilterInternal(DisableEncodeUrlFilter.java:42)
	at org.springframework.web.filter.OncePerRequestFilter.doFilter(OncePerRequestFilter.java:116)
	at org.springframework.security.web.ObservationFilterChainDecorator$ObservationFilter.wrapFilter(ObservationFilterChainDecorator.java:240)
	at org.springframework.security.web.ObservationFilterChainDecorator$AroundFilterObservation$SimpleAroundFilterObservation.lambda$wrap$0(ObservationFilterChainDecorator.java:323)
	at org.springframework.security.web.ObservationFilterChainDecorator$ObservationFilter.doFilter(ObservationFilterChainDecorator.java:224)
	at org.springframework.security.web.ObservationFilterChainDecorator$VirtualFilterChain.doFilter(ObservationFilterChainDecorator.java:137)
	at org.springframework.security.web.FilterChainProxy.doFilterInternal(FilterChainProxy.java:233)
	at org.springframework.security.web.FilterChainProxy.doFilter(FilterChainProxy.java:191)
	at org.springframework.web.filter.CompositeFilter$VirtualFilterChain.doFilter(CompositeFilter.java:113)
	at org.springframework.web.servlet.handler.HandlerMappingIntrospector.lambda$createCacheFilter$3(HandlerMappingIntrospector.java:195)
	at org.springframework.web.filter.CompositeFilter$VirtualFilterChain.doFilter(CompositeFilter.java:113)
	at org.springframework.web.filter.CompositeFilter.doFilter(CompositeFilter.java:74)
	at org.springframework.security.config.annotation.web.configuration.WebMvcSecurityConfiguration$CompositeFilterChainProxy.doFilter(WebMvcSecurityConfiguration.java:230)
	at org.springframework.web.filter.DelegatingFilterProxy.invokeDelegate(DelegatingFilterProxy.java:352)
	at org.springframework.web.filter.DelegatingFilterProxy.doFilter(DelegatingFilterProxy.java:268)
	at org.apache.catalina.core.ApplicationFilterChain.internalDoFilter(ApplicationFilterChain.java:174)
	at org.apache.catalina.core.ApplicationFilterChain.doFilter(ApplicationFilterChain.java:149)
	at org.springframework.web.filter.RequestContextFilter.doFilterInternal(RequestContextFilter.java:100)
	at org.springframework.web.filter.OncePerRequestFilter.doFilter(OncePerRequestFilter.java:116)
	at org.apache.catalina.core.ApplicationFilterChain.internalDoFilter(ApplicationFilterChain.java:174)
	at org.apache.catalina.core.ApplicationFilterChain.doFilter(ApplicationFilterChain.java:149)
	at org.springframework.web.filter.FormContentFilter.doFilterInternal(FormContentFilter.java:93)
	at org.springframework.web.filter.OncePerRequestFilter.doFilter(OncePerRequestFilter.java:116)
	at org.apache.catalina.core.ApplicationFilterChain.internalDoFilter(ApplicationFilterChain.java:174)
	at org.apache.catalina.core.ApplicationFilterChain.doFilter(ApplicationFilterChain.java:149)
	at org.springframework.web.filter.ServerHttpObservationFilter.doFilterInternal(ServerHttpObservationFilter.java:109)
	at org.springframework.web.filter.OncePerRequestFilter.doFilter(OncePerRequestFilter.java:116)
	at org.apache.catalina.core.ApplicationFilterChain.internalDoFilter(ApplicationFilterChain.java:174)
	at org.apache.catalina.core.ApplicationFilterChain.doFilter(ApplicationFilterChain.java:149)
	at org.springframework.web.filter.CharacterEncodingFilter.doFilterInternal(CharacterEncodingFilter.java:201)
	at org.springframework.web.filter.OncePerRequestFilter.doFilter(OncePerRequestFilter.java:116)
	at org.apache.catalina.core.ApplicationFilterChain.internalDoFilter(ApplicationFilterChain.java:174)
	at org.apache.catalina.core.ApplicationFilterChain.doFilter(ApplicationFilterChain.java:149)
	at org.apache.catalina.core.StandardWrapperValve.invoke(StandardWrapperValve.java:167)
	at org.apache.catalina.core.StandardContextValve.invoke(StandardContextValve.java:90)
	at org.apache.catalina.authenticator.AuthenticatorBase.invoke(AuthenticatorBase.java:482)
	at org.apache.catalina.core.StandardHostValve.invoke(StandardHostValve.java:115)
	at org.apache.catalina.valves.ErrorReportValve.invoke(ErrorReportValve.java:93)
	at org.apache.catalina.core.StandardEngineValve.invoke(StandardEngineValve.java:74)
	at org.apache.catalina.connector.CoyoteAdapter.service(CoyoteAdapter.java:344)
	at org.apache.coyote.http11.Http11Processor.service(Http11Processor.java:391)
	at org.apache.coyote.AbstractProcessorLight.process(AbstractProcessorLight.java:63)
	at org.apache.coyote.AbstractProtocol$ConnectionHandler.process(AbstractProtocol.java:896)
	at org.apache.tomcat.util.net.NioEndpoint$SocketProcessor.doRun(NioEndpoint.java:1744)
	at org.apache.tomcat.util.net.SocketProcessorBase.run(SocketProcessorBase.java:52)
	at org.apache.tomcat.util.threads.ThreadPoolExecutor.runWorker(ThreadPoolExecutor.java:1191)
	at org.apache.tomcat.util.threads.ThreadPoolExecutor$Worker.run(ThreadPoolExecutor.java:659)
	at org.apache.tomcat.util.threads.TaskThread$WrappingRunnable.run(TaskThread.java:63)
	at java.base/java.lang.Thread.run(Thread.java:840)
2025-07-04 09:01:35 [http-nio-8082-exec-3] ERROR c.m.u.core.logging.LoggingService - CacheService: Error en getOrCompute - Cache: emailVerified, Key: emailVerified:agudelo@gmail.com
com.microserviceone.users.verificationCodeApi.application.exception.EmailNotVerifiedException: El correo electrónico aún no ha sido verificado
	at com.microserviceone.users.verificationCodeApi.application.usecase.CheckEmailVerificationUseCase.checkEmailVerification(CheckEmailVerificationUseCase.java:30)
	at java.base/jdk.internal.reflect.NativeMethodAccessorImpl.invoke0(Native Method)
	at java.base/jdk.internal.reflect.NativeMethodAccessorImpl.invoke(NativeMethodAccessorImpl.java:77)
	at java.base/jdk.internal.reflect.DelegatingMethodAccessorImpl.invoke(DelegatingMethodAccessorImpl.java:43)
	at java.base/java.lang.reflect.Method.invoke(Method.java:569)
	at org.springframework.aop.support.AopUtils.invokeJoinpointUsingReflection(AopUtils.java:351)
	at org.springframework.aop.framework.ReflectiveMethodInvocation.invokeJoinpoint(ReflectiveMethodInvocation.java:196)
	at org.springframework.aop.framework.ReflectiveMethodInvocation.proceed(ReflectiveMethodInvocation.java:163)
	at org.springframework.aop.framework.CglibAopProxy$CglibMethodInvocation.proceed(CglibAopProxy.java:765)
	at org.springframework.transaction.interceptor.TransactionInterceptor$1.proceedWithInvocation(TransactionInterceptor.java:123)
	at org.springframework.transaction.interceptor.TransactionAspectSupport.invokeWithinTransaction(TransactionAspectSupport.java:385)
	at org.springframework.transaction.interceptor.TransactionInterceptor.invoke(TransactionInterceptor.java:119)
	at org.springframework.aop.framework.ReflectiveMethodInvocation.proceed(ReflectiveMethodInvocation.java:184)
	at org.springframework.aop.framework.CglibAopProxy$CglibMethodInvocation.proceed(CglibAopProxy.java:765)
	at org.springframework.aop.framework.CglibAopProxy$DynamicAdvisedInterceptor.intercept(CglibAopProxy.java:717)
	at com.microserviceone.users.verificationCodeApi.application.usecase.CheckEmailVerificationUseCase$$SpringCGLIB$$0.checkEmailVerification(<generated>)
	at com.microserviceone.users.verificationCodeApi.application.usecase.cached.CachedCheckEmailVerificationUseCase.lambda$0(CachedCheckEmailVerificationUseCase.java:36)
	at com.microserviceone.users.core.cache.service.CacheServiceImpl.getOrCompute(CacheServiceImpl.java:40)
	at com.microserviceone.users.verificationCodeApi.application.usecase.cached.CachedCheckEmailVerificationUseCase.checkEmailVerification(CachedCheckEmailVerificationUseCase.java:31)
	at com.microserviceone.users.verificationCodeApi.application.service.VerificationService.checkEmailVerification(VerificationService.java:55)
	at com.microserviceone.users.verificationCodeApi.web.controller.VerificationCodeController.checkEmailVerification(VerificationCodeController.java:69)
	at java.base/jdk.internal.reflect.NativeMethodAccessorImpl.invoke0(Native Method)
	at java.base/jdk.internal.reflect.NativeMethodAccessorImpl.invoke(NativeMethodAccessorImpl.java:77)
	at java.base/jdk.internal.reflect.DelegatingMethodAccessorImpl.invoke(DelegatingMethodAccessorImpl.java:43)
	at java.base/java.lang.reflect.Method.invoke(Method.java:569)
	at org.springframework.web.method.support.InvocableHandlerMethod.doInvoke(InvocableHandlerMethod.java:259)
	at org.springframework.web.method.support.InvocableHandlerMethod.invokeForRequest(InvocableHandlerMethod.java:192)
	at org.springframework.web.servlet.mvc.method.annotation.ServletInvocableHandlerMethod.invokeAndHandle(ServletInvocableHandlerMethod.java:118)
	at org.springframework.web.servlet.mvc.method.annotation.RequestMappingHandlerAdapter.invokeHandlerMethod(RequestMappingHandlerAdapter.java:920)
	at org.springframework.web.servlet.mvc.method.annotation.RequestMappingHandlerAdapter.handleInternal(RequestMappingHandlerAdapter.java:830)
	at org.springframework.web.servlet.mvc.method.AbstractHandlerMethodAdapter.handle(AbstractHandlerMethodAdapter.java:87)
	at org.springframework.web.servlet.DispatcherServlet.doDispatch(DispatcherServlet.java:1089)
	at org.springframework.web.servlet.DispatcherServlet.doService(DispatcherServlet.java:979)
	at org.springframework.web.servlet.FrameworkServlet.processRequest(FrameworkServlet.java:1014)
	at org.springframework.web.servlet.FrameworkServlet.doPost(FrameworkServlet.java:914)
	at jakarta.servlet.http.HttpServlet.service(HttpServlet.java:590)
	at org.springframework.web.servlet.FrameworkServlet.service(FrameworkServlet.java:885)
	at jakarta.servlet.http.HttpServlet.service(HttpServlet.java:658)
	at org.apache.catalina.core.ApplicationFilterChain.internalDoFilter(ApplicationFilterChain.java:205)
	at org.apache.catalina.core.ApplicationFilterChain.doFilter(ApplicationFilterChain.java:149)
	at org.apache.tomcat.websocket.server.WsFilter.doFilter(WsFilter.java:51)
	at org.apache.catalina.core.ApplicationFilterChain.internalDoFilter(ApplicationFilterChain.java:174)
	at org.apache.catalina.core.ApplicationFilterChain.doFilter(ApplicationFilterChain.java:149)
	at org.springframework.web.filter.CompositeFilter$VirtualFilterChain.doFilter(CompositeFilter.java:108)
	at org.springframework.security.web.FilterChainProxy.lambda$doFilterInternal$3(FilterChainProxy.java:231)
	at org.springframework.security.web.ObservationFilterChainDecorator$FilterObservation$SimpleFilterObservation.lambda$wrap$1(ObservationFilterChainDecorator.java:479)
	at org.springframework.security.web.ObservationFilterChainDecorator$AroundFilterObservation$SimpleAroundFilterObservation.lambda$wrap$1(ObservationFilterChainDecorator.java:340)
	at org.springframework.security.web.ObservationFilterChainDecorator.lambda$wrapSecured$0(ObservationFilterChainDecorator.java:82)
	at org.springframework.security.web.ObservationFilterChainDecorator$VirtualFilterChain.doFilter(ObservationFilterChainDecorator.java:128)
	at org.springframework.security.web.access.intercept.AuthorizationFilter.doFilter(AuthorizationFilter.java:100)
	at org.springframework.security.web.ObservationFilterChainDecorator$ObservationFilter.wrapFilter(ObservationFilterChainDecorator.java:240)
	at org.springframework.security.web.ObservationFilterChainDecorator$ObservationFilter.doFilter(ObservationFilterChainDecorator.java:227)
	at org.springframework.security.web.ObservationFilterChainDecorator$VirtualFilterChain.doFilter(ObservationFilterChainDecorator.java:137)
	at org.springframework.security.web.access.ExceptionTranslationFilter.doFilter(ExceptionTranslationFilter.java:126)
	at org.springframework.security.web.access.ExceptionTranslationFilter.doFilter(ExceptionTranslationFilter.java:120)
	at org.springframework.security.web.ObservationFilterChainDecorator$ObservationFilter.wrapFilter(ObservationFilterChainDecorator.java:240)
	at org.springframework.security.web.ObservationFilterChainDecorator$ObservationFilter.doFilter(ObservationFilterChainDecorator.java:227)
	at org.springframework.security.web.ObservationFilterChainDecorator$VirtualFilterChain.doFilter(ObservationFilterChainDecorator.java:137)
	at org.springframework.security.web.authentication.AnonymousAuthenticationFilter.doFilter(AnonymousAuthenticationFilter.java:100)
	at org.springframework.security.web.ObservationFilterChainDecorator$ObservationFilter.wrapFilter(ObservationFilterChainDecorator.java:240)
	at org.springframework.security.web.ObservationFilterChainDecorator$ObservationFilter.doFilter(ObservationFilterChainDecorator.java:227)
	at org.springframework.security.web.ObservationFilterChainDecorator$VirtualFilterChain.doFilter(ObservationFilterChainDecorator.java:137)
	at org.springframework.security.web.servletapi.SecurityContextHolderAwareRequestFilter.doFilter(SecurityContextHolderAwareRequestFilter.java:179)
	at org.springframework.security.web.ObservationFilterChainDecorator$ObservationFilter.wrapFilter(ObservationFilterChainDecorator.java:240)
	at org.springframework.security.web.ObservationFilterChainDecorator$ObservationFilter.doFilter(ObservationFilterChainDecorator.java:227)
	at org.springframework.security.web.ObservationFilterChainDecorator$VirtualFilterChain.doFilter(ObservationFilterChainDecorator.java:137)
	at org.springframework.security.web.savedrequest.RequestCacheAwareFilter.doFilter(RequestCacheAwareFilter.java:63)
	at org.springframework.security.web.ObservationFilterChainDecorator$ObservationFilter.wrapFilter(ObservationFilterChainDecorator.java:240)
	at org.springframework.security.web.ObservationFilterChainDecorator$ObservationFilter.doFilter(ObservationFilterChainDecorator.java:227)
	at org.springframework.security.web.ObservationFilterChainDecorator$VirtualFilterChain.doFilter(ObservationFilterChainDecorator.java:137)
	at org.springframework.security.web.authentication.logout.LogoutFilter.doFilter(LogoutFilter.java:107)
	at org.springframework.security.web.authentication.logout.LogoutFilter.doFilter(LogoutFilter.java:93)
	at org.springframework.security.web.ObservationFilterChainDecorator$ObservationFilter.wrapFilter(ObservationFilterChainDecorator.java:240)
	at org.springframework.security.web.ObservationFilterChainDecorator$ObservationFilter.doFilter(ObservationFilterChainDecorator.java:227)
	at org.springframework.security.web.ObservationFilterChainDecorator$VirtualFilterChain.doFilter(ObservationFilterChainDecorator.java:137)
	at org.springframework.web.filter.CorsFilter.doFilterInternal(CorsFilter.java:91)
	at org.springframework.web.filter.OncePerRequestFilter.doFilter(OncePerRequestFilter.java:116)
	at org.springframework.security.web.ObservationFilterChainDecorator$ObservationFilter.wrapFilter(ObservationFilterChainDecorator.java:240)
	at org.springframework.security.web.ObservationFilterChainDecorator$ObservationFilter.doFilter(ObservationFilterChainDecorator.java:227)
	at org.springframework.security.web.ObservationFilterChainDecorator$VirtualFilterChain.doFilter(ObservationFilterChainDecorator.java:137)
	at org.springframework.security.web.header.HeaderWriterFilter.doHeadersAfter(HeaderWriterFilter.java:90)
	at org.springframework.security.web.header.HeaderWriterFilter.doFilterInternal(HeaderWriterFilter.java:75)
	at org.springframework.web.filter.OncePerRequestFilter.doFilter(OncePerRequestFilter.java:116)
	at org.springframework.security.web.ObservationFilterChainDecorator$ObservationFilter.wrapFilter(ObservationFilterChainDecorator.java:240)
	at org.springframework.security.web.ObservationFilterChainDecorator$ObservationFilter.doFilter(ObservationFilterChainDecorator.java:227)
	at org.springframework.security.web.ObservationFilterChainDecorator$VirtualFilterChain.doFilter(ObservationFilterChainDecorator.java:137)
	at org.springframework.security.web.context.SecurityContextHolderFilter.doFilter(SecurityContextHolderFilter.java:82)
	at org.springframework.security.web.context.SecurityContextHolderFilter.doFilter(SecurityContextHolderFilter.java:69)
	at org.springframework.security.web.ObservationFilterChainDecorator$ObservationFilter.wrapFilter(ObservationFilterChainDecorator.java:240)
	at org.springframework.security.web.ObservationFilterChainDecorator$ObservationFilter.doFilter(ObservationFilterChainDecorator.java:227)
	at org.springframework.security.web.ObservationFilterChainDecorator$VirtualFilterChain.doFilter(ObservationFilterChainDecorator.java:137)
	at org.springframework.security.web.context.request.async.WebAsyncManagerIntegrationFilter.doFilterInternal(WebAsyncManagerIntegrationFilter.java:62)
	at org.springframework.web.filter.OncePerRequestFilter.doFilter(OncePerRequestFilter.java:116)
	at org.springframework.security.web.ObservationFilterChainDecorator$ObservationFilter.wrapFilter(ObservationFilterChainDecorator.java:240)
	at org.springframework.security.web.ObservationFilterChainDecorator$ObservationFilter.doFilter(ObservationFilterChainDecorator.java:227)
	at org.springframework.security.web.ObservationFilterChainDecorator$VirtualFilterChain.doFilter(ObservationFilterChainDecorator.java:137)
	at org.springframework.security.web.session.DisableEncodeUrlFilter.doFilterInternal(DisableEncodeUrlFilter.java:42)
	at org.springframework.web.filter.OncePerRequestFilter.doFilter(OncePerRequestFilter.java:116)
	at org.springframework.security.web.ObservationFilterChainDecorator$ObservationFilter.wrapFilter(ObservationFilterChainDecorator.java:240)
	at org.springframework.security.web.ObservationFilterChainDecorator$AroundFilterObservation$SimpleAroundFilterObservation.lambda$wrap$0(ObservationFilterChainDecorator.java:323)
	at org.springframework.security.web.ObservationFilterChainDecorator$ObservationFilter.doFilter(ObservationFilterChainDecorator.java:224)
	at org.springframework.security.web.ObservationFilterChainDecorator$VirtualFilterChain.doFilter(ObservationFilterChainDecorator.java:137)
	at org.springframework.security.web.FilterChainProxy.doFilterInternal(FilterChainProxy.java:233)
	at org.springframework.security.web.FilterChainProxy.doFilter(FilterChainProxy.java:191)
	at org.springframework.web.filter.CompositeFilter$VirtualFilterChain.doFilter(CompositeFilter.java:113)
	at org.springframework.web.servlet.handler.HandlerMappingIntrospector.lambda$createCacheFilter$3(HandlerMappingIntrospector.java:195)
	at org.springframework.web.filter.CompositeFilter$VirtualFilterChain.doFilter(CompositeFilter.java:113)
	at org.springframework.web.filter.CompositeFilter.doFilter(CompositeFilter.java:74)
	at org.springframework.security.config.annotation.web.configuration.WebMvcSecurityConfiguration$CompositeFilterChainProxy.doFilter(WebMvcSecurityConfiguration.java:230)
	at org.springframework.web.filter.DelegatingFilterProxy.invokeDelegate(DelegatingFilterProxy.java:352)
	at org.springframework.web.filter.DelegatingFilterProxy.doFilter(DelegatingFilterProxy.java:268)
	at org.apache.catalina.core.ApplicationFilterChain.internalDoFilter(ApplicationFilterChain.java:174)
	at org.apache.catalina.core.ApplicationFilterChain.doFilter(ApplicationFilterChain.java:149)
	at org.springframework.web.filter.RequestContextFilter.doFilterInternal(RequestContextFilter.java:100)
	at org.springframework.web.filter.OncePerRequestFilter.doFilter(OncePerRequestFilter.java:116)
	at org.apache.catalina.core.ApplicationFilterChain.internalDoFilter(ApplicationFilterChain.java:174)
	at org.apache.catalina.core.ApplicationFilterChain.doFilter(ApplicationFilterChain.java:149)
	at org.springframework.web.filter.FormContentFilter.doFilterInternal(FormContentFilter.java:93)
	at org.springframework.web.filter.OncePerRequestFilter.doFilter(OncePerRequestFilter.java:116)
	at org.apache.catalina.core.ApplicationFilterChain.internalDoFilter(ApplicationFilterChain.java:174)
	at org.apache.catalina.core.ApplicationFilterChain.doFilter(ApplicationFilterChain.java:149)
	at org.springframework.web.filter.ServerHttpObservationFilter.doFilterInternal(ServerHttpObservationFilter.java:109)
	at org.springframework.web.filter.OncePerRequestFilter.doFilter(OncePerRequestFilter.java:116)
	at org.apache.catalina.core.ApplicationFilterChain.internalDoFilter(ApplicationFilterChain.java:174)
	at org.apache.catalina.core.ApplicationFilterChain.doFilter(ApplicationFilterChain.java:149)
	at org.springframework.web.filter.CharacterEncodingFilter.doFilterInternal(CharacterEncodingFilter.java:201)
	at org.springframework.web.filter.OncePerRequestFilter.doFilter(OncePerRequestFilter.java:116)
	at org.apache.catalina.core.ApplicationFilterChain.internalDoFilter(ApplicationFilterChain.java:174)
	at org.apache.catalina.core.ApplicationFilterChain.doFilter(ApplicationFilterChain.java:149)
	at org.apache.catalina.core.StandardWrapperValve.invoke(StandardWrapperValve.java:167)
	at org.apache.catalina.core.StandardContextValve.invoke(StandardContextValve.java:90)
	at org.apache.catalina.authenticator.AuthenticatorBase.invoke(AuthenticatorBase.java:482)
	at org.apache.catalina.core.StandardHostValve.invoke(StandardHostValve.java:115)
	at org.apache.catalina.valves.ErrorReportValve.invoke(ErrorReportValve.java:93)
	at org.apache.catalina.core.StandardEngineValve.invoke(StandardEngineValve.java:74)
	at org.apache.catalina.connector.CoyoteAdapter.service(CoyoteAdapter.java:344)
	at org.apache.coyote.http11.Http11Processor.service(Http11Processor.java:391)
	at org.apache.coyote.AbstractProcessorLight.process(AbstractProcessorLight.java:63)
	at org.apache.coyote.AbstractProtocol$ConnectionHandler.process(AbstractProtocol.java:896)
	at org.apache.tomcat.util.net.NioEndpoint$SocketProcessor.doRun(NioEndpoint.java:1744)
	at org.apache.tomcat.util.net.SocketProcessorBase.run(SocketProcessorBase.java:52)
	at org.apache.tomcat.util.threads.ThreadPoolExecutor.runWorker(ThreadPoolExecutor.java:1191)
	at org.apache.tomcat.util.threads.ThreadPoolExecutor$Worker.run(ThreadPoolExecutor.java:659)
	at org.apache.tomcat.util.threads.TaskThread$WrappingRunnable.run(TaskThread.java:63)
	at java.base/java.lang.Thread.run(Thread.java:840)
2025-07-04 09:01:35 [http-nio-8082-exec-3] ERROR c.m.u.core.logging.LoggingService - CheckEmailVerificationUseCase: Excepción de email no verificado - Email: agudelo@gmail.com
com.microserviceone.users.verificationCodeApi.application.exception.EmailNotVerifiedException: El correo electrónico aún no ha sido verificado
	at com.microserviceone.users.verificationCodeApi.application.usecase.CheckEmailVerificationUseCase.checkEmailVerification(CheckEmailVerificationUseCase.java:30)
	at java.base/jdk.internal.reflect.NativeMethodAccessorImpl.invoke0(Native Method)
	at java.base/jdk.internal.reflect.NativeMethodAccessorImpl.invoke(NativeMethodAccessorImpl.java:77)
	at java.base/jdk.internal.reflect.DelegatingMethodAccessorImpl.invoke(DelegatingMethodAccessorImpl.java:43)
	at java.base/java.lang.reflect.Method.invoke(Method.java:569)
	at org.springframework.aop.support.AopUtils.invokeJoinpointUsingReflection(AopUtils.java:351)
	at org.springframework.aop.framework.ReflectiveMethodInvocation.invokeJoinpoint(ReflectiveMethodInvocation.java:196)
	at org.springframework.aop.framework.ReflectiveMethodInvocation.proceed(ReflectiveMethodInvocation.java:163)
	at org.springframework.aop.framework.CglibAopProxy$CglibMethodInvocation.proceed(CglibAopProxy.java:765)
	at org.springframework.transaction.interceptor.TransactionInterceptor$1.proceedWithInvocation(TransactionInterceptor.java:123)
	at org.springframework.transaction.interceptor.TransactionAspectSupport.invokeWithinTransaction(TransactionAspectSupport.java:385)
	at org.springframework.transaction.interceptor.TransactionInterceptor.invoke(TransactionInterceptor.java:119)
	at org.springframework.aop.framework.ReflectiveMethodInvocation.proceed(ReflectiveMethodInvocation.java:184)
	at org.springframework.aop.framework.CglibAopProxy$CglibMethodInvocation.proceed(CglibAopProxy.java:765)
	at org.springframework.aop.framework.CglibAopProxy$DynamicAdvisedInterceptor.intercept(CglibAopProxy.java:717)
	at com.microserviceone.users.verificationCodeApi.application.usecase.CheckEmailVerificationUseCase$$SpringCGLIB$$0.checkEmailVerification(<generated>)
	at com.microserviceone.users.verificationCodeApi.application.usecase.cached.CachedCheckEmailVerificationUseCase.lambda$0(CachedCheckEmailVerificationUseCase.java:36)
	at com.microserviceone.users.core.cache.service.CacheServiceImpl.getOrCompute(CacheServiceImpl.java:52)
	at com.microserviceone.users.verificationCodeApi.application.usecase.cached.CachedCheckEmailVerificationUseCase.checkEmailVerification(CachedCheckEmailVerificationUseCase.java:31)
	at com.microserviceone.users.verificationCodeApi.application.service.VerificationService.checkEmailVerification(VerificationService.java:55)
	at com.microserviceone.users.verificationCodeApi.web.controller.VerificationCodeController.checkEmailVerification(VerificationCodeController.java:69)
	at java.base/jdk.internal.reflect.NativeMethodAccessorImpl.invoke0(Native Method)
	at java.base/jdk.internal.reflect.NativeMethodAccessorImpl.invoke(NativeMethodAccessorImpl.java:77)
	at java.base/jdk.internal.reflect.DelegatingMethodAccessorImpl.invoke(DelegatingMethodAccessorImpl.java:43)
	at java.base/java.lang.reflect.Method.invoke(Method.java:569)
	at org.springframework.web.method.support.InvocableHandlerMethod.doInvoke(InvocableHandlerMethod.java:259)
	at org.springframework.web.method.support.InvocableHandlerMethod.invokeForRequest(InvocableHandlerMethod.java:192)
	at org.springframework.web.servlet.mvc.method.annotation.ServletInvocableHandlerMethod.invokeAndHandle(ServletInvocableHandlerMethod.java:118)
	at org.springframework.web.servlet.mvc.method.annotation.RequestMappingHandlerAdapter.invokeHandlerMethod(RequestMappingHandlerAdapter.java:920)
	at org.springframework.web.servlet.mvc.method.annotation.RequestMappingHandlerAdapter.handleInternal(RequestMappingHandlerAdapter.java:830)
	at org.springframework.web.servlet.mvc.method.AbstractHandlerMethodAdapter.handle(AbstractHandlerMethodAdapter.java:87)
	at org.springframework.web.servlet.DispatcherServlet.doDispatch(DispatcherServlet.java:1089)
	at org.springframework.web.servlet.DispatcherServlet.doService(DispatcherServlet.java:979)
	at org.springframework.web.servlet.FrameworkServlet.processRequest(FrameworkServlet.java:1014)
	at org.springframework.web.servlet.FrameworkServlet.doPost(FrameworkServlet.java:914)
	at jakarta.servlet.http.HttpServlet.service(HttpServlet.java:590)
	at org.springframework.web.servlet.FrameworkServlet.service(FrameworkServlet.java:885)
	at jakarta.servlet.http.HttpServlet.service(HttpServlet.java:658)
	at org.apache.catalina.core.ApplicationFilterChain.internalDoFilter(ApplicationFilterChain.java:205)
	at org.apache.catalina.core.ApplicationFilterChain.doFilter(ApplicationFilterChain.java:149)
	at org.apache.tomcat.websocket.server.WsFilter.doFilter(WsFilter.java:51)
	at org.apache.catalina.core.ApplicationFilterChain.internalDoFilter(ApplicationFilterChain.java:174)
	at org.apache.catalina.core.ApplicationFilterChain.doFilter(ApplicationFilterChain.java:149)
	at org.springframework.web.filter.CompositeFilter$VirtualFilterChain.doFilter(CompositeFilter.java:108)
	at org.springframework.security.web.FilterChainProxy.lambda$doFilterInternal$3(FilterChainProxy.java:231)
	at org.springframework.security.web.ObservationFilterChainDecorator$FilterObservation$SimpleFilterObservation.lambda$wrap$1(ObservationFilterChainDecorator.java:479)
	at org.springframework.security.web.ObservationFilterChainDecorator$AroundFilterObservation$SimpleAroundFilterObservation.lambda$wrap$1(ObservationFilterChainDecorator.java:340)
	at org.springframework.security.web.ObservationFilterChainDecorator.lambda$wrapSecured$0(ObservationFilterChainDecorator.java:82)
	at org.springframework.security.web.ObservationFilterChainDecorator$VirtualFilterChain.doFilter(ObservationFilterChainDecorator.java:128)
	at org.springframework.security.web.access.intercept.AuthorizationFilter.doFilter(AuthorizationFilter.java:100)
	at org.springframework.security.web.ObservationFilterChainDecorator$ObservationFilter.wrapFilter(ObservationFilterChainDecorator.java:240)
	at org.springframework.security.web.ObservationFilterChainDecorator$ObservationFilter.doFilter(ObservationFilterChainDecorator.java:227)
	at org.springframework.security.web.ObservationFilterChainDecorator$VirtualFilterChain.doFilter(ObservationFilterChainDecorator.java:137)
	at org.springframework.security.web.access.ExceptionTranslationFilter.doFilter(ExceptionTranslationFilter.java:126)
	at org.springframework.security.web.access.ExceptionTranslationFilter.doFilter(ExceptionTranslationFilter.java:120)
	at org.springframework.security.web.ObservationFilterChainDecorator$ObservationFilter.wrapFilter(ObservationFilterChainDecorator.java:240)
	at org.springframework.security.web.ObservationFilterChainDecorator$ObservationFilter.doFilter(ObservationFilterChainDecorator.java:227)
	at org.springframework.security.web.ObservationFilterChainDecorator$VirtualFilterChain.doFilter(ObservationFilterChainDecorator.java:137)
	at org.springframework.security.web.authentication.AnonymousAuthenticationFilter.doFilter(AnonymousAuthenticationFilter.java:100)
	at org.springframework.security.web.ObservationFilterChainDecorator$ObservationFilter.wrapFilter(ObservationFilterChainDecorator.java:240)
	at org.springframework.security.web.ObservationFilterChainDecorator$ObservationFilter.doFilter(ObservationFilterChainDecorator.java:227)
	at org.springframework.security.web.ObservationFilterChainDecorator$VirtualFilterChain.doFilter(ObservationFilterChainDecorator.java:137)
	at org.springframework.security.web.servletapi.SecurityContextHolderAwareRequestFilter.doFilter(SecurityContextHolderAwareRequestFilter.java:179)
	at org.springframework.security.web.ObservationFilterChainDecorator$ObservationFilter.wrapFilter(ObservationFilterChainDecorator.java:240)
	at org.springframework.security.web.ObservationFilterChainDecorator$ObservationFilter.doFilter(ObservationFilterChainDecorator.java:227)
	at org.springframework.security.web.ObservationFilterChainDecorator$VirtualFilterChain.doFilter(ObservationFilterChainDecorator.java:137)
	at org.springframework.security.web.savedrequest.RequestCacheAwareFilter.doFilter(RequestCacheAwareFilter.java:63)
	at org.springframework.security.web.ObservationFilterChainDecorator$ObservationFilter.wrapFilter(ObservationFilterChainDecorator.java:240)
	at org.springframework.security.web.ObservationFilterChainDecorator$ObservationFilter.doFilter(ObservationFilterChainDecorator.java:227)
	at org.springframework.security.web.ObservationFilterChainDecorator$VirtualFilterChain.doFilter(ObservationFilterChainDecorator.java:137)
	at org.springframework.security.web.authentication.logout.LogoutFilter.doFilter(LogoutFilter.java:107)
	at org.springframework.security.web.authentication.logout.LogoutFilter.doFilter(LogoutFilter.java:93)
	at org.springframework.security.web.ObservationFilterChainDecorator$ObservationFilter.wrapFilter(ObservationFilterChainDecorator.java:240)
	at org.springframework.security.web.ObservationFilterChainDecorator$ObservationFilter.doFilter(ObservationFilterChainDecorator.java:227)
	at org.springframework.security.web.ObservationFilterChainDecorator$VirtualFilterChain.doFilter(ObservationFilterChainDecorator.java:137)
	at org.springframework.web.filter.CorsFilter.doFilterInternal(CorsFilter.java:91)
	at org.springframework.web.filter.OncePerRequestFilter.doFilter(OncePerRequestFilter.java:116)
	at org.springframework.security.web.ObservationFilterChainDecorator$ObservationFilter.wrapFilter(ObservationFilterChainDecorator.java:240)
	at org.springframework.security.web.ObservationFilterChainDecorator$ObservationFilter.doFilter(ObservationFilterChainDecorator.java:227)
	at org.springframework.security.web.ObservationFilterChainDecorator$VirtualFilterChain.doFilter(ObservationFilterChainDecorator.java:137)
	at org.springframework.security.web.header.HeaderWriterFilter.doHeadersAfter(HeaderWriterFilter.java:90)
	at org.springframework.security.web.header.HeaderWriterFilter.doFilterInternal(HeaderWriterFilter.java:75)
	at org.springframework.web.filter.OncePerRequestFilter.doFilter(OncePerRequestFilter.java:116)
	at org.springframework.security.web.ObservationFilterChainDecorator$ObservationFilter.wrapFilter(ObservationFilterChainDecorator.java:240)
	at org.springframework.security.web.ObservationFilterChainDecorator$ObservationFilter.doFilter(ObservationFilterChainDecorator.java:227)
	at org.springframework.security.web.ObservationFilterChainDecorator$VirtualFilterChain.doFilter(ObservationFilterChainDecorator.java:137)
	at org.springframework.security.web.context.SecurityContextHolderFilter.doFilter(SecurityContextHolderFilter.java:82)
	at org.springframework.security.web.context.SecurityContextHolderFilter.doFilter(SecurityContextHolderFilter.java:69)
	at org.springframework.security.web.ObservationFilterChainDecorator$ObservationFilter.wrapFilter(ObservationFilterChainDecorator.java:240)
	at org.springframework.security.web.ObservationFilterChainDecorator$ObservationFilter.doFilter(ObservationFilterChainDecorator.java:227)
	at org.springframework.security.web.ObservationFilterChainDecorator$VirtualFilterChain.doFilter(ObservationFilterChainDecorator.java:137)
	at org.springframework.security.web.context.request.async.WebAsyncManagerIntegrationFilter.doFilterInternal(WebAsyncManagerIntegrationFilter.java:62)
	at org.springframework.web.filter.OncePerRequestFilter.doFilter(OncePerRequestFilter.java:116)
	at org.springframework.security.web.ObservationFilterChainDecorator$ObservationFilter.wrapFilter(ObservationFilterChainDecorator.java:240)
	at org.springframework.security.web.ObservationFilterChainDecorator$ObservationFilter.doFilter(ObservationFilterChainDecorator.java:227)
	at org.springframework.security.web.ObservationFilterChainDecorator$VirtualFilterChain.doFilter(ObservationFilterChainDecorator.java:137)
	at org.springframework.security.web.session.DisableEncodeUrlFilter.doFilterInternal(DisableEncodeUrlFilter.java:42)
	at org.springframework.web.filter.OncePerRequestFilter.doFilter(OncePerRequestFilter.java:116)
	at org.springframework.security.web.ObservationFilterChainDecorator$ObservationFilter.wrapFilter(ObservationFilterChainDecorator.java:240)
	at org.springframework.security.web.ObservationFilterChainDecorator$AroundFilterObservation$SimpleAroundFilterObservation.lambda$wrap$0(ObservationFilterChainDecorator.java:323)
	at org.springframework.security.web.ObservationFilterChainDecorator$ObservationFilter.doFilter(ObservationFilterChainDecorator.java:224)
	at org.springframework.security.web.ObservationFilterChainDecorator$VirtualFilterChain.doFilter(ObservationFilterChainDecorator.java:137)
	at org.springframework.security.web.FilterChainProxy.doFilterInternal(FilterChainProxy.java:233)
	at org.springframework.security.web.FilterChainProxy.doFilter(FilterChainProxy.java:191)
	at org.springframework.web.filter.CompositeFilter$VirtualFilterChain.doFilter(CompositeFilter.java:113)
	at org.springframework.web.servlet.handler.HandlerMappingIntrospector.lambda$createCacheFilter$3(HandlerMappingIntrospector.java:195)
	at org.springframework.web.filter.CompositeFilter$VirtualFilterChain.doFilter(CompositeFilter.java:113)
	at org.springframework.web.filter.CompositeFilter.doFilter(CompositeFilter.java:74)
	at org.springframework.security.config.annotation.web.configuration.WebMvcSecurityConfiguration$CompositeFilterChainProxy.doFilter(WebMvcSecurityConfiguration.java:230)
	at org.springframework.web.filter.DelegatingFilterProxy.invokeDelegate(DelegatingFilterProxy.java:352)
	at org.springframework.web.filter.DelegatingFilterProxy.doFilter(DelegatingFilterProxy.java:268)
	at org.apache.catalina.core.ApplicationFilterChain.internalDoFilter(ApplicationFilterChain.java:174)
	at org.apache.catalina.core.ApplicationFilterChain.doFilter(ApplicationFilterChain.java:149)
	at org.springframework.web.filter.RequestContextFilter.doFilterInternal(RequestContextFilter.java:100)
	at org.springframework.web.filter.OncePerRequestFilter.doFilter(OncePerRequestFilter.java:116)
	at org.apache.catalina.core.ApplicationFilterChain.internalDoFilter(ApplicationFilterChain.java:174)
	at org.apache.catalina.core.ApplicationFilterChain.doFilter(ApplicationFilterChain.java:149)
	at org.springframework.web.filter.FormContentFilter.doFilterInternal(FormContentFilter.java:93)
	at org.springframework.web.filter.OncePerRequestFilter.doFilter(OncePerRequestFilter.java:116)
	at org.apache.catalina.core.ApplicationFilterChain.internalDoFilter(ApplicationFilterChain.java:174)
	at org.apache.catalina.core.ApplicationFilterChain.doFilter(ApplicationFilterChain.java:149)
	at org.springframework.web.filter.ServerHttpObservationFilter.doFilterInternal(ServerHttpObservationFilter.java:109)
	at org.springframework.web.filter.OncePerRequestFilter.doFilter(OncePerRequestFilter.java:116)
	at org.apache.catalina.core.ApplicationFilterChain.internalDoFilter(ApplicationFilterChain.java:174)
	at org.apache.catalina.core.ApplicationFilterChain.doFilter(ApplicationFilterChain.java:149)
	at org.springframework.web.filter.CharacterEncodingFilter.doFilterInternal(CharacterEncodingFilter.java:201)
	at org.springframework.web.filter.OncePerRequestFilter.doFilter(OncePerRequestFilter.java:116)
	at org.apache.catalina.core.ApplicationFilterChain.internalDoFilter(ApplicationFilterChain.java:174)
	at org.apache.catalina.core.ApplicationFilterChain.doFilter(ApplicationFilterChain.java:149)
	at org.apache.catalina.core.StandardWrapperValve.invoke(StandardWrapperValve.java:167)
	at org.apache.catalina.core.StandardContextValve.invoke(StandardContextValve.java:90)
	at org.apache.catalina.authenticator.AuthenticatorBase.invoke(AuthenticatorBase.java:482)
	at org.apache.catalina.core.StandardHostValve.invoke(StandardHostValve.java:115)
	at org.apache.catalina.valves.ErrorReportValve.invoke(ErrorReportValve.java:93)
	at org.apache.catalina.core.StandardEngineValve.invoke(StandardEngineValve.java:74)
	at org.apache.catalina.connector.CoyoteAdapter.service(CoyoteAdapter.java:344)
	at org.apache.coyote.http11.Http11Processor.service(Http11Processor.java:391)
	at org.apache.coyote.AbstractProcessorLight.process(AbstractProcessorLight.java:63)
	at org.apache.coyote.AbstractProtocol$ConnectionHandler.process(AbstractProtocol.java:896)
	at org.apache.tomcat.util.net.NioEndpoint$SocketProcessor.doRun(NioEndpoint.java:1744)
	at org.apache.tomcat.util.net.SocketProcessorBase.run(SocketProcessorBase.java:52)
	at org.apache.tomcat.util.threads.ThreadPoolExecutor.runWorker(ThreadPoolExecutor.java:1191)
	at org.apache.tomcat.util.threads.ThreadPoolExecutor$Worker.run(ThreadPoolExecutor.java:659)
	at org.apache.tomcat.util.threads.TaskThread$WrappingRunnable.run(TaskThread.java:63)
	at java.base/java.lang.Thread.run(Thread.java:840)
2025-07-04 09:01:35 [http-nio-8082-exec-3] ERROR c.m.u.core.logging.LoggingService - CachedCheckEmailVerificationUseCase: Error en verificación con cache - Email: agudelo@gmail.com
com.microserviceone.users.verificationCodeApi.application.exception.EmailNotVerifiedException: El correo electrónico aún no ha sido verificado
	at com.microserviceone.users.verificationCodeApi.application.usecase.CheckEmailVerificationUseCase.checkEmailVerification(CheckEmailVerificationUseCase.java:30)
	at java.base/jdk.internal.reflect.NativeMethodAccessorImpl.invoke0(Native Method)
	at java.base/jdk.internal.reflect.NativeMethodAccessorImpl.invoke(NativeMethodAccessorImpl.java:77)
	at java.base/jdk.internal.reflect.DelegatingMethodAccessorImpl.invoke(DelegatingMethodAccessorImpl.java:43)
	at java.base/java.lang.reflect.Method.invoke(Method.java:569)
	at org.springframework.aop.support.AopUtils.invokeJoinpointUsingReflection(AopUtils.java:351)
	at org.springframework.aop.framework.ReflectiveMethodInvocation.invokeJoinpoint(ReflectiveMethodInvocation.java:196)
	at org.springframework.aop.framework.ReflectiveMethodInvocation.proceed(ReflectiveMethodInvocation.java:163)
	at org.springframework.aop.framework.CglibAopProxy$CglibMethodInvocation.proceed(CglibAopProxy.java:765)
	at org.springframework.transaction.interceptor.TransactionInterceptor$1.proceedWithInvocation(TransactionInterceptor.java:123)
	at org.springframework.transaction.interceptor.TransactionAspectSupport.invokeWithinTransaction(TransactionAspectSupport.java:385)
	at org.springframework.transaction.interceptor.TransactionInterceptor.invoke(TransactionInterceptor.java:119)
	at org.springframework.aop.framework.ReflectiveMethodInvocation.proceed(ReflectiveMethodInvocation.java:184)
	at org.springframework.aop.framework.CglibAopProxy$CglibMethodInvocation.proceed(CglibAopProxy.java:765)
	at org.springframework.aop.framework.CglibAopProxy$DynamicAdvisedInterceptor.intercept(CglibAopProxy.java:717)
	at com.microserviceone.users.verificationCodeApi.application.usecase.CheckEmailVerificationUseCase$$SpringCGLIB$$0.checkEmailVerification(<generated>)
	at com.microserviceone.users.verificationCodeApi.application.usecase.cached.CachedCheckEmailVerificationUseCase.lambda$0(CachedCheckEmailVerificationUseCase.java:36)
	at com.microserviceone.users.core.cache.service.CacheServiceImpl.getOrCompute(CacheServiceImpl.java:52)
	at com.microserviceone.users.verificationCodeApi.application.usecase.cached.CachedCheckEmailVerificationUseCase.checkEmailVerification(CachedCheckEmailVerificationUseCase.java:31)
	at com.microserviceone.users.verificationCodeApi.application.service.VerificationService.checkEmailVerification(VerificationService.java:55)
	at com.microserviceone.users.verificationCodeApi.web.controller.VerificationCodeController.checkEmailVerification(VerificationCodeController.java:69)
	at java.base/jdk.internal.reflect.NativeMethodAccessorImpl.invoke0(Native Method)
	at java.base/jdk.internal.reflect.NativeMethodAccessorImpl.invoke(NativeMethodAccessorImpl.java:77)
	at java.base/jdk.internal.reflect.DelegatingMethodAccessorImpl.invoke(DelegatingMethodAccessorImpl.java:43)
	at java.base/java.lang.reflect.Method.invoke(Method.java:569)
	at org.springframework.web.method.support.InvocableHandlerMethod.doInvoke(InvocableHandlerMethod.java:259)
	at org.springframework.web.method.support.InvocableHandlerMethod.invokeForRequest(InvocableHandlerMethod.java:192)
	at org.springframework.web.servlet.mvc.method.annotation.ServletInvocableHandlerMethod.invokeAndHandle(ServletInvocableHandlerMethod.java:118)
	at org.springframework.web.servlet.mvc.method.annotation.RequestMappingHandlerAdapter.invokeHandlerMethod(RequestMappingHandlerAdapter.java:920)
	at org.springframework.web.servlet.mvc.method.annotation.RequestMappingHandlerAdapter.handleInternal(RequestMappingHandlerAdapter.java:830)
	at org.springframework.web.servlet.mvc.method.AbstractHandlerMethodAdapter.handle(AbstractHandlerMethodAdapter.java:87)
	at org.springframework.web.servlet.DispatcherServlet.doDispatch(DispatcherServlet.java:1089)
	at org.springframework.web.servlet.DispatcherServlet.doService(DispatcherServlet.java:979)
	at org.springframework.web.servlet.FrameworkServlet.processRequest(FrameworkServlet.java:1014)
	at org.springframework.web.servlet.FrameworkServlet.doPost(FrameworkServlet.java:914)
	at jakarta.servlet.http.HttpServlet.service(HttpServlet.java:590)
	at org.springframework.web.servlet.FrameworkServlet.service(FrameworkServlet.java:885)
	at jakarta.servlet.http.HttpServlet.service(HttpServlet.java:658)
	at org.apache.catalina.core.ApplicationFilterChain.internalDoFilter(ApplicationFilterChain.java:205)
	at org.apache.catalina.core.ApplicationFilterChain.doFilter(ApplicationFilterChain.java:149)
	at org.apache.tomcat.websocket.server.WsFilter.doFilter(WsFilter.java:51)
	at org.apache.catalina.core.ApplicationFilterChain.internalDoFilter(ApplicationFilterChain.java:174)
	at org.apache.catalina.core.ApplicationFilterChain.doFilter(ApplicationFilterChain.java:149)
	at org.springframework.web.filter.CompositeFilter$VirtualFilterChain.doFilter(CompositeFilter.java:108)
	at org.springframework.security.web.FilterChainProxy.lambda$doFilterInternal$3(FilterChainProxy.java:231)
	at org.springframework.security.web.ObservationFilterChainDecorator$FilterObservation$SimpleFilterObservation.lambda$wrap$1(ObservationFilterChainDecorator.java:479)
	at org.springframework.security.web.ObservationFilterChainDecorator$AroundFilterObservation$SimpleAroundFilterObservation.lambda$wrap$1(ObservationFilterChainDecorator.java:340)
	at org.springframework.security.web.ObservationFilterChainDecorator.lambda$wrapSecured$0(ObservationFilterChainDecorator.java:82)
	at org.springframework.security.web.ObservationFilterChainDecorator$VirtualFilterChain.doFilter(ObservationFilterChainDecorator.java:128)
	at org.springframework.security.web.access.intercept.AuthorizationFilter.doFilter(AuthorizationFilter.java:100)
	at org.springframework.security.web.ObservationFilterChainDecorator$ObservationFilter.wrapFilter(ObservationFilterChainDecorator.java:240)
	at org.springframework.security.web.ObservationFilterChainDecorator$ObservationFilter.doFilter(ObservationFilterChainDecorator.java:227)
	at org.springframework.security.web.ObservationFilterChainDecorator$VirtualFilterChain.doFilter(ObservationFilterChainDecorator.java:137)
	at org.springframework.security.web.access.ExceptionTranslationFilter.doFilter(ExceptionTranslationFilter.java:126)
	at org.springframework.security.web.access.ExceptionTranslationFilter.doFilter(ExceptionTranslationFilter.java:120)
	at org.springframework.security.web.ObservationFilterChainDecorator$ObservationFilter.wrapFilter(ObservationFilterChainDecorator.java:240)
	at org.springframework.security.web.ObservationFilterChainDecorator$ObservationFilter.doFilter(ObservationFilterChainDecorator.java:227)
	at org.springframework.security.web.ObservationFilterChainDecorator$VirtualFilterChain.doFilter(ObservationFilterChainDecorator.java:137)
	at org.springframework.security.web.authentication.AnonymousAuthenticationFilter.doFilter(AnonymousAuthenticationFilter.java:100)
	at org.springframework.security.web.ObservationFilterChainDecorator$ObservationFilter.wrapFilter(ObservationFilterChainDecorator.java:240)
	at org.springframework.security.web.ObservationFilterChainDecorator$ObservationFilter.doFilter(ObservationFilterChainDecorator.java:227)
	at org.springframework.security.web.ObservationFilterChainDecorator$VirtualFilterChain.doFilter(ObservationFilterChainDecorator.java:137)
	at org.springframework.security.web.servletapi.SecurityContextHolderAwareRequestFilter.doFilter(SecurityContextHolderAwareRequestFilter.java:179)
	at org.springframework.security.web.ObservationFilterChainDecorator$ObservationFilter.wrapFilter(ObservationFilterChainDecorator.java:240)
	at org.springframework.security.web.ObservationFilterChainDecorator$ObservationFilter.doFilter(ObservationFilterChainDecorator.java:227)
	at org.springframework.security.web.ObservationFilterChainDecorator$VirtualFilterChain.doFilter(ObservationFilterChainDecorator.java:137)
	at org.springframework.security.web.savedrequest.RequestCacheAwareFilter.doFilter(RequestCacheAwareFilter.java:63)
	at org.springframework.security.web.ObservationFilterChainDecorator$ObservationFilter.wrapFilter(ObservationFilterChainDecorator.java:240)
	at org.springframework.security.web.ObservationFilterChainDecorator$ObservationFilter.doFilter(ObservationFilterChainDecorator.java:227)
	at org.springframework.security.web.ObservationFilterChainDecorator$VirtualFilterChain.doFilter(ObservationFilterChainDecorator.java:137)
	at org.springframework.security.web.authentication.logout.LogoutFilter.doFilter(LogoutFilter.java:107)
	at org.springframework.security.web.authentication.logout.LogoutFilter.doFilter(LogoutFilter.java:93)
	at org.springframework.security.web.ObservationFilterChainDecorator$ObservationFilter.wrapFilter(ObservationFilterChainDecorator.java:240)
	at org.springframework.security.web.ObservationFilterChainDecorator$ObservationFilter.doFilter(ObservationFilterChainDecorator.java:227)
	at org.springframework.security.web.ObservationFilterChainDecorator$VirtualFilterChain.doFilter(ObservationFilterChainDecorator.java:137)
	at org.springframework.web.filter.CorsFilter.doFilterInternal(CorsFilter.java:91)
	at org.springframework.web.filter.OncePerRequestFilter.doFilter(OncePerRequestFilter.java:116)
	at org.springframework.security.web.ObservationFilterChainDecorator$ObservationFilter.wrapFilter(ObservationFilterChainDecorator.java:240)
	at org.springframework.security.web.ObservationFilterChainDecorator$ObservationFilter.doFilter(ObservationFilterChainDecorator.java:227)
	at org.springframework.security.web.ObservationFilterChainDecorator$VirtualFilterChain.doFilter(ObservationFilterChainDecorator.java:137)
	at org.springframework.security.web.header.HeaderWriterFilter.doHeadersAfter(HeaderWriterFilter.java:90)
	at org.springframework.security.web.header.HeaderWriterFilter.doFilterInternal(HeaderWriterFilter.java:75)
	at org.springframework.web.filter.OncePerRequestFilter.doFilter(OncePerRequestFilter.java:116)
	at org.springframework.security.web.ObservationFilterChainDecorator$ObservationFilter.wrapFilter(ObservationFilterChainDecorator.java:240)
	at org.springframework.security.web.ObservationFilterChainDecorator$ObservationFilter.doFilter(ObservationFilterChainDecorator.java:227)
	at org.springframework.security.web.ObservationFilterChainDecorator$VirtualFilterChain.doFilter(ObservationFilterChainDecorator.java:137)
	at org.springframework.security.web.context.SecurityContextHolderFilter.doFilter(SecurityContextHolderFilter.java:82)
	at org.springframework.security.web.context.SecurityContextHolderFilter.doFilter(SecurityContextHolderFilter.java:69)
	at org.springframework.security.web.ObservationFilterChainDecorator$ObservationFilter.wrapFilter(ObservationFilterChainDecorator.java:240)
	at org.springframework.security.web.ObservationFilterChainDecorator$ObservationFilter.doFilter(ObservationFilterChainDecorator.java:227)
	at org.springframework.security.web.ObservationFilterChainDecorator$VirtualFilterChain.doFilter(ObservationFilterChainDecorator.java:137)
	at org.springframework.security.web.context.request.async.WebAsyncManagerIntegrationFilter.doFilterInternal(WebAsyncManagerIntegrationFilter.java:62)
	at org.springframework.web.filter.OncePerRequestFilter.doFilter(OncePerRequestFilter.java:116)
	at org.springframework.security.web.ObservationFilterChainDecorator$ObservationFilter.wrapFilter(ObservationFilterChainDecorator.java:240)
	at org.springframework.security.web.ObservationFilterChainDecorator$ObservationFilter.doFilter(ObservationFilterChainDecorator.java:227)
	at org.springframework.security.web.ObservationFilterChainDecorator$VirtualFilterChain.doFilter(ObservationFilterChainDecorator.java:137)
	at org.springframework.security.web.session.DisableEncodeUrlFilter.doFilterInternal(DisableEncodeUrlFilter.java:42)
	at org.springframework.web.filter.OncePerRequestFilter.doFilter(OncePerRequestFilter.java:116)
	at org.springframework.security.web.ObservationFilterChainDecorator$ObservationFilter.wrapFilter(ObservationFilterChainDecorator.java:240)
	at org.springframework.security.web.ObservationFilterChainDecorator$AroundFilterObservation$SimpleAroundFilterObservation.lambda$wrap$0(ObservationFilterChainDecorator.java:323)
	at org.springframework.security.web.ObservationFilterChainDecorator$ObservationFilter.doFilter(ObservationFilterChainDecorator.java:224)
	at org.springframework.security.web.ObservationFilterChainDecorator$VirtualFilterChain.doFilter(ObservationFilterChainDecorator.java:137)
	at org.springframework.security.web.FilterChainProxy.doFilterInternal(FilterChainProxy.java:233)
	at org.springframework.security.web.FilterChainProxy.doFilter(FilterChainProxy.java:191)
	at org.springframework.web.filter.CompositeFilter$VirtualFilterChain.doFilter(CompositeFilter.java:113)
	at org.springframework.web.servlet.handler.HandlerMappingIntrospector.lambda$createCacheFilter$3(HandlerMappingIntrospector.java:195)
	at org.springframework.web.filter.CompositeFilter$VirtualFilterChain.doFilter(CompositeFilter.java:113)
	at org.springframework.web.filter.CompositeFilter.doFilter(CompositeFilter.java:74)
	at org.springframework.security.config.annotation.web.configuration.WebMvcSecurityConfiguration$CompositeFilterChainProxy.doFilter(WebMvcSecurityConfiguration.java:230)
	at org.springframework.web.filter.DelegatingFilterProxy.invokeDelegate(DelegatingFilterProxy.java:352)
	at org.springframework.web.filter.DelegatingFilterProxy.doFilter(DelegatingFilterProxy.java:268)
	at org.apache.catalina.core.ApplicationFilterChain.internalDoFilter(ApplicationFilterChain.java:174)
	at org.apache.catalina.core.ApplicationFilterChain.doFilter(ApplicationFilterChain.java:149)
	at org.springframework.web.filter.RequestContextFilter.doFilterInternal(RequestContextFilter.java:100)
	at org.springframework.web.filter.OncePerRequestFilter.doFilter(OncePerRequestFilter.java:116)
	at org.apache.catalina.core.ApplicationFilterChain.internalDoFilter(ApplicationFilterChain.java:174)
	at org.apache.catalina.core.ApplicationFilterChain.doFilter(ApplicationFilterChain.java:149)
	at org.springframework.web.filter.FormContentFilter.doFilterInternal(FormContentFilter.java:93)
	at org.springframework.web.filter.OncePerRequestFilter.doFilter(OncePerRequestFilter.java:116)
	at org.apache.catalina.core.ApplicationFilterChain.internalDoFilter(ApplicationFilterChain.java:174)
	at org.apache.catalina.core.ApplicationFilterChain.doFilter(ApplicationFilterChain.java:149)
	at org.springframework.web.filter.ServerHttpObservationFilter.doFilterInternal(ServerHttpObservationFilter.java:109)
	at org.springframework.web.filter.OncePerRequestFilter.doFilter(OncePerRequestFilter.java:116)
	at org.apache.catalina.core.ApplicationFilterChain.internalDoFilter(ApplicationFilterChain.java:174)
	at org.apache.catalina.core.ApplicationFilterChain.doFilter(ApplicationFilterChain.java:149)
	at org.springframework.web.filter.CharacterEncodingFilter.doFilterInternal(CharacterEncodingFilter.java:201)
	at org.springframework.web.filter.OncePerRequestFilter.doFilter(OncePerRequestFilter.java:116)
	at org.apache.catalina.core.ApplicationFilterChain.internalDoFilter(ApplicationFilterChain.java:174)
	at org.apache.catalina.core.ApplicationFilterChain.doFilter(ApplicationFilterChain.java:149)
	at org.apache.catalina.core.StandardWrapperValve.invoke(StandardWrapperValve.java:167)
	at org.apache.catalina.core.StandardContextValve.invoke(StandardContextValve.java:90)
	at org.apache.catalina.authenticator.AuthenticatorBase.invoke(AuthenticatorBase.java:482)
	at org.apache.catalina.core.StandardHostValve.invoke(StandardHostValve.java:115)
	at org.apache.catalina.valves.ErrorReportValve.invoke(ErrorReportValve.java:93)
	at org.apache.catalina.core.StandardEngineValve.invoke(StandardEngineValve.java:74)
	at org.apache.catalina.connector.CoyoteAdapter.service(CoyoteAdapter.java:344)
	at org.apache.coyote.http11.Http11Processor.service(Http11Processor.java:391)
	at org.apache.coyote.AbstractProcessorLight.process(AbstractProcessorLight.java:63)
	at org.apache.coyote.AbstractProtocol$ConnectionHandler.process(AbstractProtocol.java:896)
	at org.apache.tomcat.util.net.NioEndpoint$SocketProcessor.doRun(NioEndpoint.java:1744)
	at org.apache.tomcat.util.net.SocketProcessorBase.run(SocketProcessorBase.java:52)
	at org.apache.tomcat.util.threads.ThreadPoolExecutor.runWorker(ThreadPoolExecutor.java:1191)
	at org.apache.tomcat.util.threads.ThreadPoolExecutor$Worker.run(ThreadPoolExecutor.java:659)
	at org.apache.tomcat.util.threads.TaskThread$WrappingRunnable.run(TaskThread.java:63)
	at java.base/java.lang.Thread.run(Thread.java:840)
2025-07-04 09:01:35 [http-nio-8082-exec-3] ERROR c.m.u.core.logging.LoggingService - CheckEmailVerificationUseCase: Excepción de email no verificado - Email: agudelo@gmail.com
com.microserviceone.users.verificationCodeApi.application.exception.EmailNotVerifiedException: El correo electrónico aún no ha sido verificado
	at com.microserviceone.users.verificationCodeApi.application.usecase.CheckEmailVerificationUseCase.checkEmailVerification(CheckEmailVerificationUseCase.java:30)
	at java.base/jdk.internal.reflect.NativeMethodAccessorImpl.invoke0(Native Method)
	at java.base/jdk.internal.reflect.NativeMethodAccessorImpl.invoke(NativeMethodAccessorImpl.java:77)
	at java.base/jdk.internal.reflect.DelegatingMethodAccessorImpl.invoke(DelegatingMethodAccessorImpl.java:43)
	at java.base/java.lang.reflect.Method.invoke(Method.java:569)
	at org.springframework.aop.support.AopUtils.invokeJoinpointUsingReflection(AopUtils.java:351)
	at org.springframework.aop.framework.ReflectiveMethodInvocation.invokeJoinpoint(ReflectiveMethodInvocation.java:196)
	at org.springframework.aop.framework.ReflectiveMethodInvocation.proceed(ReflectiveMethodInvocation.java:163)
	at org.springframework.aop.framework.CglibAopProxy$CglibMethodInvocation.proceed(CglibAopProxy.java:765)
	at org.springframework.transaction.interceptor.TransactionInterceptor$1.proceedWithInvocation(TransactionInterceptor.java:123)
	at org.springframework.transaction.interceptor.TransactionAspectSupport.invokeWithinTransaction(TransactionAspectSupport.java:385)
	at org.springframework.transaction.interceptor.TransactionInterceptor.invoke(TransactionInterceptor.java:119)
	at org.springframework.aop.framework.ReflectiveMethodInvocation.proceed(ReflectiveMethodInvocation.java:184)
	at org.springframework.aop.framework.CglibAopProxy$CglibMethodInvocation.proceed(CglibAopProxy.java:765)
	at org.springframework.aop.framework.CglibAopProxy$DynamicAdvisedInterceptor.intercept(CglibAopProxy.java:717)
	at com.microserviceone.users.verificationCodeApi.application.usecase.CheckEmailVerificationUseCase$$SpringCGLIB$$0.checkEmailVerification(<generated>)
	at com.microserviceone.users.verificationCodeApi.application.usecase.cached.CachedCheckEmailVerificationUseCase.checkEmailVerification(CachedCheckEmailVerificationUseCase.java:53)
	at com.microserviceone.users.verificationCodeApi.application.service.VerificationService.checkEmailVerification(VerificationService.java:55)
	at com.microserviceone.users.verificationCodeApi.web.controller.VerificationCodeController.checkEmailVerification(VerificationCodeController.java:69)
	at java.base/jdk.internal.reflect.NativeMethodAccessorImpl.invoke0(Native Method)
	at java.base/jdk.internal.reflect.NativeMethodAccessorImpl.invoke(NativeMethodAccessorImpl.java:77)
	at java.base/jdk.internal.reflect.DelegatingMethodAccessorImpl.invoke(DelegatingMethodAccessorImpl.java:43)
	at java.base/java.lang.reflect.Method.invoke(Method.java:569)
	at org.springframework.web.method.support.InvocableHandlerMethod.doInvoke(InvocableHandlerMethod.java:259)
	at org.springframework.web.method.support.InvocableHandlerMethod.invokeForRequest(InvocableHandlerMethod.java:192)
	at org.springframework.web.servlet.mvc.method.annotation.ServletInvocableHandlerMethod.invokeAndHandle(ServletInvocableHandlerMethod.java:118)
	at org.springframework.web.servlet.mvc.method.annotation.RequestMappingHandlerAdapter.invokeHandlerMethod(RequestMappingHandlerAdapter.java:920)
	at org.springframework.web.servlet.mvc.method.annotation.RequestMappingHandlerAdapter.handleInternal(RequestMappingHandlerAdapter.java:830)
	at org.springframework.web.servlet.mvc.method.AbstractHandlerMethodAdapter.handle(AbstractHandlerMethodAdapter.java:87)
	at org.springframework.web.servlet.DispatcherServlet.doDispatch(DispatcherServlet.java:1089)
	at org.springframework.web.servlet.DispatcherServlet.doService(DispatcherServlet.java:979)
	at org.springframework.web.servlet.FrameworkServlet.processRequest(FrameworkServlet.java:1014)
	at org.springframework.web.servlet.FrameworkServlet.doPost(FrameworkServlet.java:914)
	at jakarta.servlet.http.HttpServlet.service(HttpServlet.java:590)
	at org.springframework.web.servlet.FrameworkServlet.service(FrameworkServlet.java:885)
	at jakarta.servlet.http.HttpServlet.service(HttpServlet.java:658)
	at org.apache.catalina.core.ApplicationFilterChain.internalDoFilter(ApplicationFilterChain.java:205)
	at org.apache.catalina.core.ApplicationFilterChain.doFilter(ApplicationFilterChain.java:149)
	at org.apache.tomcat.websocket.server.WsFilter.doFilter(WsFilter.java:51)
	at org.apache.catalina.core.ApplicationFilterChain.internalDoFilter(ApplicationFilterChain.java:174)
	at org.apache.catalina.core.ApplicationFilterChain.doFilter(ApplicationFilterChain.java:149)
	at org.springframework.web.filter.CompositeFilter$VirtualFilterChain.doFilter(CompositeFilter.java:108)
	at org.springframework.security.web.FilterChainProxy.lambda$doFilterInternal$3(FilterChainProxy.java:231)
	at org.springframework.security.web.ObservationFilterChainDecorator$FilterObservation$SimpleFilterObservation.lambda$wrap$1(ObservationFilterChainDecorator.java:479)
	at org.springframework.security.web.ObservationFilterChainDecorator$AroundFilterObservation$SimpleAroundFilterObservation.lambda$wrap$1(ObservationFilterChainDecorator.java:340)
	at org.springframework.security.web.ObservationFilterChainDecorator.lambda$wrapSecured$0(ObservationFilterChainDecorator.java:82)
	at org.springframework.security.web.ObservationFilterChainDecorator$VirtualFilterChain.doFilter(ObservationFilterChainDecorator.java:128)
	at org.springframework.security.web.access.intercept.AuthorizationFilter.doFilter(AuthorizationFilter.java:100)
	at org.springframework.security.web.ObservationFilterChainDecorator$ObservationFilter.wrapFilter(ObservationFilterChainDecorator.java:240)
	at org.springframework.security.web.ObservationFilterChainDecorator$ObservationFilter.doFilter(ObservationFilterChainDecorator.java:227)
	at org.springframework.security.web.ObservationFilterChainDecorator$VirtualFilterChain.doFilter(ObservationFilterChainDecorator.java:137)
	at org.springframework.security.web.access.ExceptionTranslationFilter.doFilter(ExceptionTranslationFilter.java:126)
	at org.springframework.security.web.access.ExceptionTranslationFilter.doFilter(ExceptionTranslationFilter.java:120)
	at org.springframework.security.web.ObservationFilterChainDecorator$ObservationFilter.wrapFilter(ObservationFilterChainDecorator.java:240)
	at org.springframework.security.web.ObservationFilterChainDecorator$ObservationFilter.doFilter(ObservationFilterChainDecorator.java:227)
	at org.springframework.security.web.ObservationFilterChainDecorator$VirtualFilterChain.doFilter(ObservationFilterChainDecorator.java:137)
	at org.springframework.security.web.authentication.AnonymousAuthenticationFilter.doFilter(AnonymousAuthenticationFilter.java:100)
	at org.springframework.security.web.ObservationFilterChainDecorator$ObservationFilter.wrapFilter(ObservationFilterChainDecorator.java:240)
	at org.springframework.security.web.ObservationFilterChainDecorator$ObservationFilter.doFilter(ObservationFilterChainDecorator.java:227)
	at org.springframework.security.web.ObservationFilterChainDecorator$VirtualFilterChain.doFilter(ObservationFilterChainDecorator.java:137)
	at org.springframework.security.web.servletapi.SecurityContextHolderAwareRequestFilter.doFilter(SecurityContextHolderAwareRequestFilter.java:179)
	at org.springframework.security.web.ObservationFilterChainDecorator$ObservationFilter.wrapFilter(ObservationFilterChainDecorator.java:240)
	at org.springframework.security.web.ObservationFilterChainDecorator$ObservationFilter.doFilter(ObservationFilterChainDecorator.java:227)
	at org.springframework.security.web.ObservationFilterChainDecorator$VirtualFilterChain.doFilter(ObservationFilterChainDecorator.java:137)
	at org.springframework.security.web.savedrequest.RequestCacheAwareFilter.doFilter(RequestCacheAwareFilter.java:63)
	at org.springframework.security.web.ObservationFilterChainDecorator$ObservationFilter.wrapFilter(ObservationFilterChainDecorator.java:240)
	at org.springframework.security.web.ObservationFilterChainDecorator$ObservationFilter.doFilter(ObservationFilterChainDecorator.java:227)
	at org.springframework.security.web.ObservationFilterChainDecorator$VirtualFilterChain.doFilter(ObservationFilterChainDecorator.java:137)
	at org.springframework.security.web.authentication.logout.LogoutFilter.doFilter(LogoutFilter.java:107)
	at org.springframework.security.web.authentication.logout.LogoutFilter.doFilter(LogoutFilter.java:93)
	at org.springframework.security.web.ObservationFilterChainDecorator$ObservationFilter.wrapFilter(ObservationFilterChainDecorator.java:240)
	at org.springframework.security.web.ObservationFilterChainDecorator$ObservationFilter.doFilter(ObservationFilterChainDecorator.java:227)
	at org.springframework.security.web.ObservationFilterChainDecorator$VirtualFilterChain.doFilter(ObservationFilterChainDecorator.java:137)
	at org.springframework.web.filter.CorsFilter.doFilterInternal(CorsFilter.java:91)
	at org.springframework.web.filter.OncePerRequestFilter.doFilter(OncePerRequestFilter.java:116)
	at org.springframework.security.web.ObservationFilterChainDecorator$ObservationFilter.wrapFilter(ObservationFilterChainDecorator.java:240)
	at org.springframework.security.web.ObservationFilterChainDecorator$ObservationFilter.doFilter(ObservationFilterChainDecorator.java:227)
	at org.springframework.security.web.ObservationFilterChainDecorator$VirtualFilterChain.doFilter(ObservationFilterChainDecorator.java:137)
	at org.springframework.security.web.header.HeaderWriterFilter.doHeadersAfter(HeaderWriterFilter.java:90)
	at org.springframework.security.web.header.HeaderWriterFilter.doFilterInternal(HeaderWriterFilter.java:75)
	at org.springframework.web.filter.OncePerRequestFilter.doFilter(OncePerRequestFilter.java:116)
	at org.springframework.security.web.ObservationFilterChainDecorator$ObservationFilter.wrapFilter(ObservationFilterChainDecorator.java:240)
	at org.springframework.security.web.ObservationFilterChainDecorator$ObservationFilter.doFilter(ObservationFilterChainDecorator.java:227)
	at org.springframework.security.web.ObservationFilterChainDecorator$VirtualFilterChain.doFilter(ObservationFilterChainDecorator.java:137)
	at org.springframework.security.web.context.SecurityContextHolderFilter.doFilter(SecurityContextHolderFilter.java:82)
	at org.springframework.security.web.context.SecurityContextHolderFilter.doFilter(SecurityContextHolderFilter.java:69)
	at org.springframework.security.web.ObservationFilterChainDecorator$ObservationFilter.wrapFilter(ObservationFilterChainDecorator.java:240)
	at org.springframework.security.web.ObservationFilterChainDecorator$ObservationFilter.doFilter(ObservationFilterChainDecorator.java:227)
	at org.springframework.security.web.ObservationFilterChainDecorator$VirtualFilterChain.doFilter(ObservationFilterChainDecorator.java:137)
	at org.springframework.security.web.context.request.async.WebAsyncManagerIntegrationFilter.doFilterInternal(WebAsyncManagerIntegrationFilter.java:62)
	at org.springframework.web.filter.OncePerRequestFilter.doFilter(OncePerRequestFilter.java:116)
	at org.springframework.security.web.ObservationFilterChainDecorator$ObservationFilter.wrapFilter(ObservationFilterChainDecorator.java:240)
	at org.springframework.security.web.ObservationFilterChainDecorator$ObservationFilter.doFilter(ObservationFilterChainDecorator.java:227)
	at org.springframework.security.web.ObservationFilterChainDecorator$VirtualFilterChain.doFilter(ObservationFilterChainDecorator.java:137)
	at org.springframework.security.web.session.DisableEncodeUrlFilter.doFilterInternal(DisableEncodeUrlFilter.java:42)
	at org.springframework.web.filter.OncePerRequestFilter.doFilter(OncePerRequestFilter.java:116)
	at org.springframework.security.web.ObservationFilterChainDecorator$ObservationFilter.wrapFilter(ObservationFilterChainDecorator.java:240)
	at org.springframework.security.web.ObservationFilterChainDecorator$AroundFilterObservation$SimpleAroundFilterObservation.lambda$wrap$0(ObservationFilterChainDecorator.java:323)
	at org.springframework.security.web.ObservationFilterChainDecorator$ObservationFilter.doFilter(ObservationFilterChainDecorator.java:224)
	at org.springframework.security.web.ObservationFilterChainDecorator$VirtualFilterChain.doFilter(ObservationFilterChainDecorator.java:137)
	at org.springframework.security.web.FilterChainProxy.doFilterInternal(FilterChainProxy.java:233)
	at org.springframework.security.web.FilterChainProxy.doFilter(FilterChainProxy.java:191)
	at org.springframework.web.filter.CompositeFilter$VirtualFilterChain.doFilter(CompositeFilter.java:113)
	at org.springframework.web.servlet.handler.HandlerMappingIntrospector.lambda$createCacheFilter$3(HandlerMappingIntrospector.java:195)
	at org.springframework.web.filter.CompositeFilter$VirtualFilterChain.doFilter(CompositeFilter.java:113)
	at org.springframework.web.filter.CompositeFilter.doFilter(CompositeFilter.java:74)
	at org.springframework.security.config.annotation.web.configuration.WebMvcSecurityConfiguration$CompositeFilterChainProxy.doFilter(WebMvcSecurityConfiguration.java:230)
	at org.springframework.web.filter.DelegatingFilterProxy.invokeDelegate(DelegatingFilterProxy.java:352)
	at org.springframework.web.filter.DelegatingFilterProxy.doFilter(DelegatingFilterProxy.java:268)
	at org.apache.catalina.core.ApplicationFilterChain.internalDoFilter(ApplicationFilterChain.java:174)
	at org.apache.catalina.core.ApplicationFilterChain.doFilter(ApplicationFilterChain.java:149)
	at org.springframework.web.filter.RequestContextFilter.doFilterInternal(RequestContextFilter.java:100)
	at org.springframework.web.filter.OncePerRequestFilter.doFilter(OncePerRequestFilter.java:116)
	at org.apache.catalina.core.ApplicationFilterChain.internalDoFilter(ApplicationFilterChain.java:174)
	at org.apache.catalina.core.ApplicationFilterChain.doFilter(ApplicationFilterChain.java:149)
	at org.springframework.web.filter.FormContentFilter.doFilterInternal(FormContentFilter.java:93)
	at org.springframework.web.filter.OncePerRequestFilter.doFilter(OncePerRequestFilter.java:116)
	at org.apache.catalina.core.ApplicationFilterChain.internalDoFilter(ApplicationFilterChain.java:174)
	at org.apache.catalina.core.ApplicationFilterChain.doFilter(ApplicationFilterChain.java:149)
	at org.springframework.web.filter.ServerHttpObservationFilter.doFilterInternal(ServerHttpObservationFilter.java:109)
	at org.springframework.web.filter.OncePerRequestFilter.doFilter(OncePerRequestFilter.java:116)
	at org.apache.catalina.core.ApplicationFilterChain.internalDoFilter(ApplicationFilterChain.java:174)
	at org.apache.catalina.core.ApplicationFilterChain.doFilter(ApplicationFilterChain.java:149)
	at org.springframework.web.filter.CharacterEncodingFilter.doFilterInternal(CharacterEncodingFilter.java:201)
	at org.springframework.web.filter.OncePerRequestFilter.doFilter(OncePerRequestFilter.java:116)
	at org.apache.catalina.core.ApplicationFilterChain.internalDoFilter(ApplicationFilterChain.java:174)
	at org.apache.catalina.core.ApplicationFilterChain.doFilter(ApplicationFilterChain.java:149)
	at org.apache.catalina.core.StandardWrapperValve.invoke(StandardWrapperValve.java:167)
	at org.apache.catalina.core.StandardContextValve.invoke(StandardContextValve.java:90)
	at org.apache.catalina.authenticator.AuthenticatorBase.invoke(AuthenticatorBase.java:482)
	at org.apache.catalina.core.StandardHostValve.invoke(StandardHostValve.java:115)
	at org.apache.catalina.valves.ErrorReportValve.invoke(ErrorReportValve.java:93)
	at org.apache.catalina.core.StandardEngineValve.invoke(StandardEngineValve.java:74)
	at org.apache.catalina.connector.CoyoteAdapter.service(CoyoteAdapter.java:344)
	at org.apache.coyote.http11.Http11Processor.service(Http11Processor.java:391)
	at org.apache.coyote.AbstractProcessorLight.process(AbstractProcessorLight.java:63)
	at org.apache.coyote.AbstractProtocol$ConnectionHandler.process(AbstractProtocol.java:896)
	at org.apache.tomcat.util.net.NioEndpoint$SocketProcessor.doRun(NioEndpoint.java:1744)
	at org.apache.tomcat.util.net.SocketProcessorBase.run(SocketProcessorBase.java:52)
	at org.apache.tomcat.util.threads.ThreadPoolExecutor.runWorker(ThreadPoolExecutor.java:1191)
	at org.apache.tomcat.util.threads.ThreadPoolExecutor$Worker.run(ThreadPoolExecutor.java:659)
	at org.apache.tomcat.util.threads.TaskThread$WrappingRunnable.run(TaskThread.java:63)
	at java.base/java.lang.Thread.run(Thread.java:840)
2025-07-04 09:01:35 [http-nio-8082-exec-3] ERROR c.m.u.core.logging.LoggingService - VerificationService: Error al verificar estado de email - Email: agudelo@gmail.com
com.microserviceone.users.verificationCodeApi.application.exception.EmailNotVerifiedException: El correo electrónico aún no ha sido verificado
	at com.microserviceone.users.verificationCodeApi.application.usecase.CheckEmailVerificationUseCase.checkEmailVerification(CheckEmailVerificationUseCase.java:30)
	at java.base/jdk.internal.reflect.NativeMethodAccessorImpl.invoke0(Native Method)
	at java.base/jdk.internal.reflect.NativeMethodAccessorImpl.invoke(NativeMethodAccessorImpl.java:77)
	at java.base/jdk.internal.reflect.DelegatingMethodAccessorImpl.invoke(DelegatingMethodAccessorImpl.java:43)
	at java.base/java.lang.reflect.Method.invoke(Method.java:569)
	at org.springframework.aop.support.AopUtils.invokeJoinpointUsingReflection(AopUtils.java:351)
	at org.springframework.aop.framework.ReflectiveMethodInvocation.invokeJoinpoint(ReflectiveMethodInvocation.java:196)
	at org.springframework.aop.framework.ReflectiveMethodInvocation.proceed(ReflectiveMethodInvocation.java:163)
	at org.springframework.aop.framework.CglibAopProxy$CglibMethodInvocation.proceed(CglibAopProxy.java:765)
	at org.springframework.transaction.interceptor.TransactionInterceptor$1.proceedWithInvocation(TransactionInterceptor.java:123)
	at org.springframework.transaction.interceptor.TransactionAspectSupport.invokeWithinTransaction(TransactionAspectSupport.java:385)
	at org.springframework.transaction.interceptor.TransactionInterceptor.invoke(TransactionInterceptor.java:119)
	at org.springframework.aop.framework.ReflectiveMethodInvocation.proceed(ReflectiveMethodInvocation.java:184)
	at org.springframework.aop.framework.CglibAopProxy$CglibMethodInvocation.proceed(CglibAopProxy.java:765)
	at org.springframework.aop.framework.CglibAopProxy$DynamicAdvisedInterceptor.intercept(CglibAopProxy.java:717)
	at com.microserviceone.users.verificationCodeApi.application.usecase.CheckEmailVerificationUseCase$$SpringCGLIB$$0.checkEmailVerification(<generated>)
	at com.microserviceone.users.verificationCodeApi.application.usecase.cached.CachedCheckEmailVerificationUseCase.checkEmailVerification(CachedCheckEmailVerificationUseCase.java:53)
	at com.microserviceone.users.verificationCodeApi.application.service.VerificationService.checkEmailVerification(VerificationService.java:55)
	at com.microserviceone.users.verificationCodeApi.web.controller.VerificationCodeController.checkEmailVerification(VerificationCodeController.java:69)
	at java.base/jdk.internal.reflect.NativeMethodAccessorImpl.invoke0(Native Method)
	at java.base/jdk.internal.reflect.NativeMethodAccessorImpl.invoke(NativeMethodAccessorImpl.java:77)
	at java.base/jdk.internal.reflect.DelegatingMethodAccessorImpl.invoke(DelegatingMethodAccessorImpl.java:43)
	at java.base/java.lang.reflect.Method.invoke(Method.java:569)
	at org.springframework.web.method.support.InvocableHandlerMethod.doInvoke(InvocableHandlerMethod.java:259)
	at org.springframework.web.method.support.InvocableHandlerMethod.invokeForRequest(InvocableHandlerMethod.java:192)
	at org.springframework.web.servlet.mvc.method.annotation.ServletInvocableHandlerMethod.invokeAndHandle(ServletInvocableHandlerMethod.java:118)
	at org.springframework.web.servlet.mvc.method.annotation.RequestMappingHandlerAdapter.invokeHandlerMethod(RequestMappingHandlerAdapter.java:920)
	at org.springframework.web.servlet.mvc.method.annotation.RequestMappingHandlerAdapter.handleInternal(RequestMappingHandlerAdapter.java:830)
	at org.springframework.web.servlet.mvc.method.AbstractHandlerMethodAdapter.handle(AbstractHandlerMethodAdapter.java:87)
	at org.springframework.web.servlet.DispatcherServlet.doDispatch(DispatcherServlet.java:1089)
	at org.springframework.web.servlet.DispatcherServlet.doService(DispatcherServlet.java:979)
	at org.springframework.web.servlet.FrameworkServlet.processRequest(FrameworkServlet.java:1014)
	at org.springframework.web.servlet.FrameworkServlet.doPost(FrameworkServlet.java:914)
	at jakarta.servlet.http.HttpServlet.service(HttpServlet.java:590)
	at org.springframework.web.servlet.FrameworkServlet.service(FrameworkServlet.java:885)
	at jakarta.servlet.http.HttpServlet.service(HttpServlet.java:658)
	at org.apache.catalina.core.ApplicationFilterChain.internalDoFilter(ApplicationFilterChain.java:205)
	at org.apache.catalina.core.ApplicationFilterChain.doFilter(ApplicationFilterChain.java:149)
	at org.apache.tomcat.websocket.server.WsFilter.doFilter(WsFilter.java:51)
	at org.apache.catalina.core.ApplicationFilterChain.internalDoFilter(ApplicationFilterChain.java:174)
	at org.apache.catalina.core.ApplicationFilterChain.doFilter(ApplicationFilterChain.java:149)
	at org.springframework.web.filter.CompositeFilter$VirtualFilterChain.doFilter(CompositeFilter.java:108)
	at org.springframework.security.web.FilterChainProxy.lambda$doFilterInternal$3(FilterChainProxy.java:231)
	at org.springframework.security.web.ObservationFilterChainDecorator$FilterObservation$SimpleFilterObservation.lambda$wrap$1(ObservationFilterChainDecorator.java:479)
	at org.springframework.security.web.ObservationFilterChainDecorator$AroundFilterObservation$SimpleAroundFilterObservation.lambda$wrap$1(ObservationFilterChainDecorator.java:340)
	at org.springframework.security.web.ObservationFilterChainDecorator.lambda$wrapSecured$0(ObservationFilterChainDecorator.java:82)
	at org.springframework.security.web.ObservationFilterChainDecorator$VirtualFilterChain.doFilter(ObservationFilterChainDecorator.java:128)
	at org.springframework.security.web.access.intercept.AuthorizationFilter.doFilter(AuthorizationFilter.java:100)
	at org.springframework.security.web.ObservationFilterChainDecorator$ObservationFilter.wrapFilter(ObservationFilterChainDecorator.java:240)
	at org.springframework.security.web.ObservationFilterChainDecorator$ObservationFilter.doFilter(ObservationFilterChainDecorator.java:227)
	at org.springframework.security.web.ObservationFilterChainDecorator$VirtualFilterChain.doFilter(ObservationFilterChainDecorator.java:137)
	at org.springframework.security.web.access.ExceptionTranslationFilter.doFilter(ExceptionTranslationFilter.java:126)
	at org.springframework.security.web.access.ExceptionTranslationFilter.doFilter(ExceptionTranslationFilter.java:120)
	at org.springframework.security.web.ObservationFilterChainDecorator$ObservationFilter.wrapFilter(ObservationFilterChainDecorator.java:240)
	at org.springframework.security.web.ObservationFilterChainDecorator$ObservationFilter.doFilter(ObservationFilterChainDecorator.java:227)
	at org.springframework.security.web.ObservationFilterChainDecorator$VirtualFilterChain.doFilter(ObservationFilterChainDecorator.java:137)
	at org.springframework.security.web.authentication.AnonymousAuthenticationFilter.doFilter(AnonymousAuthenticationFilter.java:100)
	at org.springframework.security.web.ObservationFilterChainDecorator$ObservationFilter.wrapFilter(ObservationFilterChainDecorator.java:240)
	at org.springframework.security.web.ObservationFilterChainDecorator$ObservationFilter.doFilter(ObservationFilterChainDecorator.java:227)
	at org.springframework.security.web.ObservationFilterChainDecorator$VirtualFilterChain.doFilter(ObservationFilterChainDecorator.java:137)
	at org.springframework.security.web.servletapi.SecurityContextHolderAwareRequestFilter.doFilter(SecurityContextHolderAwareRequestFilter.java:179)
	at org.springframework.security.web.ObservationFilterChainDecorator$ObservationFilter.wrapFilter(ObservationFilterChainDecorator.java:240)
	at org.springframework.security.web.ObservationFilterChainDecorator$ObservationFilter.doFilter(ObservationFilterChainDecorator.java:227)
	at org.springframework.security.web.ObservationFilterChainDecorator$VirtualFilterChain.doFilter(ObservationFilterChainDecorator.java:137)
	at org.springframework.security.web.savedrequest.RequestCacheAwareFilter.doFilter(RequestCacheAwareFilter.java:63)
	at org.springframework.security.web.ObservationFilterChainDecorator$ObservationFilter.wrapFilter(ObservationFilterChainDecorator.java:240)
	at org.springframework.security.web.ObservationFilterChainDecorator$ObservationFilter.doFilter(ObservationFilterChainDecorator.java:227)
	at org.springframework.security.web.ObservationFilterChainDecorator$VirtualFilterChain.doFilter(ObservationFilterChainDecorator.java:137)
	at org.springframework.security.web.authentication.logout.LogoutFilter.doFilter(LogoutFilter.java:107)
	at org.springframework.security.web.authentication.logout.LogoutFilter.doFilter(LogoutFilter.java:93)
	at org.springframework.security.web.ObservationFilterChainDecorator$ObservationFilter.wrapFilter(ObservationFilterChainDecorator.java:240)
	at org.springframework.security.web.ObservationFilterChainDecorator$ObservationFilter.doFilter(ObservationFilterChainDecorator.java:227)
	at org.springframework.security.web.ObservationFilterChainDecorator$VirtualFilterChain.doFilter(ObservationFilterChainDecorator.java:137)
	at org.springframework.web.filter.CorsFilter.doFilterInternal(CorsFilter.java:91)
	at org.springframework.web.filter.OncePerRequestFilter.doFilter(OncePerRequestFilter.java:116)
	at org.springframework.security.web.ObservationFilterChainDecorator$ObservationFilter.wrapFilter(ObservationFilterChainDecorator.java:240)
	at org.springframework.security.web.ObservationFilterChainDecorator$ObservationFilter.doFilter(ObservationFilterChainDecorator.java:227)
	at org.springframework.security.web.ObservationFilterChainDecorator$VirtualFilterChain.doFilter(ObservationFilterChainDecorator.java:137)
	at org.springframework.security.web.header.HeaderWriterFilter.doHeadersAfter(HeaderWriterFilter.java:90)
	at org.springframework.security.web.header.HeaderWriterFilter.doFilterInternal(HeaderWriterFilter.java:75)
	at org.springframework.web.filter.OncePerRequestFilter.doFilter(OncePerRequestFilter.java:116)
	at org.springframework.security.web.ObservationFilterChainDecorator$ObservationFilter.wrapFilter(ObservationFilterChainDecorator.java:240)
	at org.springframework.security.web.ObservationFilterChainDecorator$ObservationFilter.doFilter(ObservationFilterChainDecorator.java:227)
	at org.springframework.security.web.ObservationFilterChainDecorator$VirtualFilterChain.doFilter(ObservationFilterChainDecorator.java:137)
	at org.springframework.security.web.context.SecurityContextHolderFilter.doFilter(SecurityContextHolderFilter.java:82)
	at org.springframework.security.web.context.SecurityContextHolderFilter.doFilter(SecurityContextHolderFilter.java:69)
	at org.springframework.security.web.ObservationFilterChainDecorator$ObservationFilter.wrapFilter(ObservationFilterChainDecorator.java:240)
	at org.springframework.security.web.ObservationFilterChainDecorator$ObservationFilter.doFilter(ObservationFilterChainDecorator.java:227)
	at org.springframework.security.web.ObservationFilterChainDecorator$VirtualFilterChain.doFilter(ObservationFilterChainDecorator.java:137)
	at org.springframework.security.web.context.request.async.WebAsyncManagerIntegrationFilter.doFilterInternal(WebAsyncManagerIntegrationFilter.java:62)
	at org.springframework.web.filter.OncePerRequestFilter.doFilter(OncePerRequestFilter.java:116)
	at org.springframework.security.web.ObservationFilterChainDecorator$ObservationFilter.wrapFilter(ObservationFilterChainDecorator.java:240)
	at org.springframework.security.web.ObservationFilterChainDecorator$ObservationFilter.doFilter(ObservationFilterChainDecorator.java:227)
	at org.springframework.security.web.ObservationFilterChainDecorator$VirtualFilterChain.doFilter(ObservationFilterChainDecorator.java:137)
	at org.springframework.security.web.session.DisableEncodeUrlFilter.doFilterInternal(DisableEncodeUrlFilter.java:42)
	at org.springframework.web.filter.OncePerRequestFilter.doFilter(OncePerRequestFilter.java:116)
	at org.springframework.security.web.ObservationFilterChainDecorator$ObservationFilter.wrapFilter(ObservationFilterChainDecorator.java:240)
	at org.springframework.security.web.ObservationFilterChainDecorator$AroundFilterObservation$SimpleAroundFilterObservation.lambda$wrap$0(ObservationFilterChainDecorator.java:323)
	at org.springframework.security.web.ObservationFilterChainDecorator$ObservationFilter.doFilter(ObservationFilterChainDecorator.java:224)
	at org.springframework.security.web.ObservationFilterChainDecorator$VirtualFilterChain.doFilter(ObservationFilterChainDecorator.java:137)
	at org.springframework.security.web.FilterChainProxy.doFilterInternal(FilterChainProxy.java:233)
	at org.springframework.security.web.FilterChainProxy.doFilter(FilterChainProxy.java:191)
	at org.springframework.web.filter.CompositeFilter$VirtualFilterChain.doFilter(CompositeFilter.java:113)
	at org.springframework.web.servlet.handler.HandlerMappingIntrospector.lambda$createCacheFilter$3(HandlerMappingIntrospector.java:195)
	at org.springframework.web.filter.CompositeFilter$VirtualFilterChain.doFilter(CompositeFilter.java:113)
	at org.springframework.web.filter.CompositeFilter.doFilter(CompositeFilter.java:74)
	at org.springframework.security.config.annotation.web.configuration.WebMvcSecurityConfiguration$CompositeFilterChainProxy.doFilter(WebMvcSecurityConfiguration.java:230)
	at org.springframework.web.filter.DelegatingFilterProxy.invokeDelegate(DelegatingFilterProxy.java:352)
	at org.springframework.web.filter.DelegatingFilterProxy.doFilter(DelegatingFilterProxy.java:268)
	at org.apache.catalina.core.ApplicationFilterChain.internalDoFilter(ApplicationFilterChain.java:174)
	at org.apache.catalina.core.ApplicationFilterChain.doFilter(ApplicationFilterChain.java:149)
	at org.springframework.web.filter.RequestContextFilter.doFilterInternal(RequestContextFilter.java:100)
	at org.springframework.web.filter.OncePerRequestFilter.doFilter(OncePerRequestFilter.java:116)
	at org.apache.catalina.core.ApplicationFilterChain.internalDoFilter(ApplicationFilterChain.java:174)
	at org.apache.catalina.core.ApplicationFilterChain.doFilter(ApplicationFilterChain.java:149)
	at org.springframework.web.filter.FormContentFilter.doFilterInternal(FormContentFilter.java:93)
	at org.springframework.web.filter.OncePerRequestFilter.doFilter(OncePerRequestFilter.java:116)
	at org.apache.catalina.core.ApplicationFilterChain.internalDoFilter(ApplicationFilterChain.java:174)
	at org.apache.catalina.core.ApplicationFilterChain.doFilter(ApplicationFilterChain.java:149)
	at org.springframework.web.filter.ServerHttpObservationFilter.doFilterInternal(ServerHttpObservationFilter.java:109)
	at org.springframework.web.filter.OncePerRequestFilter.doFilter(OncePerRequestFilter.java:116)
	at org.apache.catalina.core.ApplicationFilterChain.internalDoFilter(ApplicationFilterChain.java:174)
	at org.apache.catalina.core.ApplicationFilterChain.doFilter(ApplicationFilterChain.java:149)
	at org.springframework.web.filter.CharacterEncodingFilter.doFilterInternal(CharacterEncodingFilter.java:201)
	at org.springframework.web.filter.OncePerRequestFilter.doFilter(OncePerRequestFilter.java:116)
	at org.apache.catalina.core.ApplicationFilterChain.internalDoFilter(ApplicationFilterChain.java:174)
	at org.apache.catalina.core.ApplicationFilterChain.doFilter(ApplicationFilterChain.java:149)
	at org.apache.catalina.core.StandardWrapperValve.invoke(StandardWrapperValve.java:167)
	at org.apache.catalina.core.StandardContextValve.invoke(StandardContextValve.java:90)
	at org.apache.catalina.authenticator.AuthenticatorBase.invoke(AuthenticatorBase.java:482)
	at org.apache.catalina.core.StandardHostValve.invoke(StandardHostValve.java:115)
	at org.apache.catalina.valves.ErrorReportValve.invoke(ErrorReportValve.java:93)
	at org.apache.catalina.core.StandardEngineValve.invoke(StandardEngineValve.java:74)
	at org.apache.catalina.connector.CoyoteAdapter.service(CoyoteAdapter.java:344)
	at org.apache.coyote.http11.Http11Processor.service(Http11Processor.java:391)
	at org.apache.coyote.AbstractProcessorLight.process(AbstractProcessorLight.java:63)
	at org.apache.coyote.AbstractProtocol$ConnectionHandler.process(AbstractProtocol.java:896)
	at org.apache.tomcat.util.net.NioEndpoint$SocketProcessor.doRun(NioEndpoint.java:1744)
	at org.apache.tomcat.util.net.SocketProcessorBase.run(SocketProcessorBase.java:52)
	at org.apache.tomcat.util.threads.ThreadPoolExecutor.runWorker(ThreadPoolExecutor.java:1191)
	at org.apache.tomcat.util.threads.ThreadPoolExecutor$Worker.run(ThreadPoolExecutor.java:659)
	at org.apache.tomcat.util.threads.TaskThread$WrappingRunnable.run(TaskThread.java:63)
	at java.base/java.lang.Thread.run(Thread.java:840)
2025-07-04 09:01:35 [http-nio-8082-exec-1] ERROR c.m.u.core.logging.LoggingService - Error HTTP al validar verificación de email: agudelo@gmail.com - Status: 400 BAD_REQUEST
2025-07-04 09:01:35 [http-nio-8082-exec-1] ERROR c.m.u.core.logging.LoggingService - Error al registrar cliente con email: agudelo@gmail.com
com.microserviceone.users.registrationApi.application.exception.UserPrerequisitesNotMetException: El email no ha sido verificado: 400 : "{"error":"Email no verificado","message":"El correo electrónico aún no ha sido verificado","timestamp":"2025-07-04T09:01:35.826921703","status":400}"
	at com.microserviceone.users.registrationApi.application.service.UserValidationService.validateEmailVerification(UserValidationService.java:105)
	at com.microserviceone.users.registrationApi.application.service.UserValidationService.validateUserPrerequisites(UserValidationService.java:119)
	at com.microserviceone.users.registrationApi.web.controller.RegisterController.registerCustomer(RegisterController.java:65)
	at java.base/jdk.internal.reflect.NativeMethodAccessorImpl.invoke0(Native Method)
	at java.base/jdk.internal.reflect.NativeMethodAccessorImpl.invoke(NativeMethodAccessorImpl.java:77)
	at java.base/jdk.internal.reflect.DelegatingMethodAccessorImpl.invoke(DelegatingMethodAccessorImpl.java:43)
	at java.base/java.lang.reflect.Method.invoke(Method.java:569)
	at org.springframework.web.method.support.InvocableHandlerMethod.doInvoke(InvocableHandlerMethod.java:259)
	at org.springframework.web.method.support.InvocableHandlerMethod.invokeForRequest(InvocableHandlerMethod.java:192)
	at org.springframework.web.servlet.mvc.method.annotation.ServletInvocableHandlerMethod.invokeAndHandle(ServletInvocableHandlerMethod.java:118)
	at org.springframework.web.servlet.mvc.method.annotation.RequestMappingHandlerAdapter.invokeHandlerMethod(RequestMappingHandlerAdapter.java:920)
	at org.springframework.web.servlet.mvc.method.annotation.RequestMappingHandlerAdapter.handleInternal(RequestMappingHandlerAdapter.java:830)
	at org.springframework.web.servlet.mvc.method.AbstractHandlerMethodAdapter.handle(AbstractHandlerMethodAdapter.java:87)
	at org.springframework.web.servlet.DispatcherServlet.doDispatch(DispatcherServlet.java:1089)
	at org.springframework.web.servlet.DispatcherServlet.doService(DispatcherServlet.java:979)
	at org.springframework.web.servlet.FrameworkServlet.processRequest(FrameworkServlet.java:1014)
	at org.springframework.web.servlet.FrameworkServlet.doPost(FrameworkServlet.java:914)
	at jakarta.servlet.http.HttpServlet.service(HttpServlet.java:590)
	at org.springframework.web.servlet.FrameworkServlet.service(FrameworkServlet.java:885)
	at jakarta.servlet.http.HttpServlet.service(HttpServlet.java:658)
	at org.apache.catalina.core.ApplicationFilterChain.internalDoFilter(ApplicationFilterChain.java:205)
	at org.apache.catalina.core.ApplicationFilterChain.doFilter(ApplicationFilterChain.java:149)
	at org.apache.tomcat.websocket.server.WsFilter.doFilter(WsFilter.java:51)
	at org.apache.catalina.core.ApplicationFilterChain.internalDoFilter(ApplicationFilterChain.java:174)
	at org.apache.catalina.core.ApplicationFilterChain.doFilter(ApplicationFilterChain.java:149)
	at org.springframework.web.filter.CompositeFilter$VirtualFilterChain.doFilter(CompositeFilter.java:108)
	at org.springframework.security.web.FilterChainProxy.lambda$doFilterInternal$3(FilterChainProxy.java:231)
	at org.springframework.security.web.ObservationFilterChainDecorator$FilterObservation$SimpleFilterObservation.lambda$wrap$1(ObservationFilterChainDecorator.java:479)
	at org.springframework.security.web.ObservationFilterChainDecorator$AroundFilterObservation$SimpleAroundFilterObservation.lambda$wrap$1(ObservationFilterChainDecorator.java:340)
	at org.springframework.security.web.ObservationFilterChainDecorator.lambda$wrapSecured$0(ObservationFilterChainDecorator.java:82)
	at org.springframework.security.web.ObservationFilterChainDecorator$VirtualFilterChain.doFilter(ObservationFilterChainDecorator.java:128)
	at org.springframework.security.web.access.intercept.AuthorizationFilter.doFilter(AuthorizationFilter.java:100)
	at org.springframework.security.web.ObservationFilterChainDecorator$ObservationFilter.wrapFilter(ObservationFilterChainDecorator.java:240)
	at org.springframework.security.web.ObservationFilterChainDecorator$ObservationFilter.doFilter(ObservationFilterChainDecorator.java:227)
	at org.springframework.security.web.ObservationFilterChainDecorator$VirtualFilterChain.doFilter(ObservationFilterChainDecorator.java:137)
	at org.springframework.security.web.access.ExceptionTranslationFilter.doFilter(ExceptionTranslationFilter.java:126)
	at org.springframework.security.web.access.ExceptionTranslationFilter.doFilter(ExceptionTranslationFilter.java:120)
	at org.springframework.security.web.ObservationFilterChainDecorator$ObservationFilter.wrapFilter(ObservationFilterChainDecorator.java:240)
	at org.springframework.security.web.ObservationFilterChainDecorator$ObservationFilter.doFilter(ObservationFilterChainDecorator.java:227)
	at org.springframework.security.web.ObservationFilterChainDecorator$VirtualFilterChain.doFilter(ObservationFilterChainDecorator.java:137)
	at org.springframework.security.web.authentication.AnonymousAuthenticationFilter.doFilter(AnonymousAuthenticationFilter.java:100)
	at org.springframework.security.web.ObservationFilterChainDecorator$ObservationFilter.wrapFilter(ObservationFilterChainDecorator.java:240)
	at org.springframework.security.web.ObservationFilterChainDecorator$ObservationFilter.doFilter(ObservationFilterChainDecorator.java:227)
	at org.springframework.security.web.ObservationFilterChainDecorator$VirtualFilterChain.doFilter(ObservationFilterChainDecorator.java:137)
	at org.springframework.security.web.servletapi.SecurityContextHolderAwareRequestFilter.doFilter(SecurityContextHolderAwareRequestFilter.java:179)
	at org.springframework.security.web.ObservationFilterChainDecorator$ObservationFilter.wrapFilter(ObservationFilterChainDecorator.java:240)
	at org.springframework.security.web.ObservationFilterChainDecorator$ObservationFilter.doFilter(ObservationFilterChainDecorator.java:227)
	at org.springframework.security.web.ObservationFilterChainDecorator$VirtualFilterChain.doFilter(ObservationFilterChainDecorator.java:137)
	at org.springframework.security.web.savedrequest.RequestCacheAwareFilter.doFilter(RequestCacheAwareFilter.java:63)
	at org.springframework.security.web.ObservationFilterChainDecorator$ObservationFilter.wrapFilter(ObservationFilterChainDecorator.java:240)
	at org.springframework.security.web.ObservationFilterChainDecorator$ObservationFilter.doFilter(ObservationFilterChainDecorator.java:227)
	at org.springframework.security.web.ObservationFilterChainDecorator$VirtualFilterChain.doFilter(ObservationFilterChainDecorator.java:137)
	at org.springframework.security.web.authentication.logout.LogoutFilter.doFilter(LogoutFilter.java:107)
	at org.springframework.security.web.authentication.logout.LogoutFilter.doFilter(LogoutFilter.java:93)
	at org.springframework.security.web.ObservationFilterChainDecorator$ObservationFilter.wrapFilter(ObservationFilterChainDecorator.java:240)
	at org.springframework.security.web.ObservationFilterChainDecorator$ObservationFilter.doFilter(ObservationFilterChainDecorator.java:227)
	at org.springframework.security.web.ObservationFilterChainDecorator$VirtualFilterChain.doFilter(ObservationFilterChainDecorator.java:137)
	at org.springframework.web.filter.CorsFilter.doFilterInternal(CorsFilter.java:91)
	at org.springframework.web.filter.OncePerRequestFilter.doFilter(OncePerRequestFilter.java:116)
	at org.springframework.security.web.ObservationFilterChainDecorator$ObservationFilter.wrapFilter(ObservationFilterChainDecorator.java:240)
	at org.springframework.security.web.ObservationFilterChainDecorator$ObservationFilter.doFilter(ObservationFilterChainDecorator.java:227)
	at org.springframework.security.web.ObservationFilterChainDecorator$VirtualFilterChain.doFilter(ObservationFilterChainDecorator.java:137)
	at org.springframework.security.web.header.HeaderWriterFilter.doHeadersAfter(HeaderWriterFilter.java:90)
	at org.springframework.security.web.header.HeaderWriterFilter.doFilterInternal(HeaderWriterFilter.java:75)
	at org.springframework.web.filter.OncePerRequestFilter.doFilter(OncePerRequestFilter.java:116)
	at org.springframework.security.web.ObservationFilterChainDecorator$ObservationFilter.wrapFilter(ObservationFilterChainDecorator.java:240)
	at org.springframework.security.web.ObservationFilterChainDecorator$ObservationFilter.doFilter(ObservationFilterChainDecorator.java:227)
	at org.springframework.security.web.ObservationFilterChainDecorator$VirtualFilterChain.doFilter(ObservationFilterChainDecorator.java:137)
	at org.springframework.security.web.context.SecurityContextHolderFilter.doFilter(SecurityContextHolderFilter.java:82)
	at org.springframework.security.web.context.SecurityContextHolderFilter.doFilter(SecurityContextHolderFilter.java:69)
	at org.springframework.security.web.ObservationFilterChainDecorator$ObservationFilter.wrapFilter(ObservationFilterChainDecorator.java:240)
	at org.springframework.security.web.ObservationFilterChainDecorator$ObservationFilter.doFilter(ObservationFilterChainDecorator.java:227)
	at org.springframework.security.web.ObservationFilterChainDecorator$VirtualFilterChain.doFilter(ObservationFilterChainDecorator.java:137)
	at org.springframework.security.web.context.request.async.WebAsyncManagerIntegrationFilter.doFilterInternal(WebAsyncManagerIntegrationFilter.java:62)
	at org.springframework.web.filter.OncePerRequestFilter.doFilter(OncePerRequestFilter.java:116)
	at org.springframework.security.web.ObservationFilterChainDecorator$ObservationFilter.wrapFilter(ObservationFilterChainDecorator.java:240)
	at org.springframework.security.web.ObservationFilterChainDecorator$ObservationFilter.doFilter(ObservationFilterChainDecorator.java:227)
	at org.springframework.security.web.ObservationFilterChainDecorator$VirtualFilterChain.doFilter(ObservationFilterChainDecorator.java:137)
	at org.springframework.security.web.session.DisableEncodeUrlFilter.doFilterInternal(DisableEncodeUrlFilter.java:42)
	at org.springframework.web.filter.OncePerRequestFilter.doFilter(OncePerRequestFilter.java:116)
	at org.springframework.security.web.ObservationFilterChainDecorator$ObservationFilter.wrapFilter(ObservationFilterChainDecorator.java:240)
	at org.springframework.security.web.ObservationFilterChainDecorator$AroundFilterObservation$SimpleAroundFilterObservation.lambda$wrap$0(ObservationFilterChainDecorator.java:323)
	at org.springframework.security.web.ObservationFilterChainDecorator$ObservationFilter.doFilter(ObservationFilterChainDecorator.java:224)
	at org.springframework.security.web.ObservationFilterChainDecorator$VirtualFilterChain.doFilter(ObservationFilterChainDecorator.java:137)
	at org.springframework.security.web.FilterChainProxy.doFilterInternal(FilterChainProxy.java:233)
	at org.springframework.security.web.FilterChainProxy.doFilter(FilterChainProxy.java:191)
	at org.springframework.web.filter.CompositeFilter$VirtualFilterChain.doFilter(CompositeFilter.java:113)
	at org.springframework.web.servlet.handler.HandlerMappingIntrospector.lambda$createCacheFilter$3(HandlerMappingIntrospector.java:195)
	at org.springframework.web.filter.CompositeFilter$VirtualFilterChain.doFilter(CompositeFilter.java:113)
	at org.springframework.web.filter.CompositeFilter.doFilter(CompositeFilter.java:74)
	at org.springframework.security.config.annotation.web.configuration.WebMvcSecurityConfiguration$CompositeFilterChainProxy.doFilter(WebMvcSecurityConfiguration.java:230)
	at org.springframework.web.filter.DelegatingFilterProxy.invokeDelegate(DelegatingFilterProxy.java:352)
	at org.springframework.web.filter.DelegatingFilterProxy.doFilter(DelegatingFilterProxy.java:268)
	at org.apache.catalina.core.ApplicationFilterChain.internalDoFilter(ApplicationFilterChain.java:174)
	at org.apache.catalina.core.ApplicationFilterChain.doFilter(ApplicationFilterChain.java:149)
	at org.springframework.web.filter.RequestContextFilter.doFilterInternal(RequestContextFilter.java:100)
	at org.springframework.web.filter.OncePerRequestFilter.doFilter(OncePerRequestFilter.java:116)
	at org.apache.catalina.core.ApplicationFilterChain.internalDoFilter(ApplicationFilterChain.java:174)
	at org.apache.catalina.core.ApplicationFilterChain.doFilter(ApplicationFilterChain.java:149)
	at org.springframework.web.filter.FormContentFilter.doFilterInternal(FormContentFilter.java:93)
	at org.springframework.web.filter.OncePerRequestFilter.doFilter(OncePerRequestFilter.java:116)
	at org.apache.catalina.core.ApplicationFilterChain.internalDoFilter(ApplicationFilterChain.java:174)
	at org.apache.catalina.core.ApplicationFilterChain.doFilter(ApplicationFilterChain.java:149)
	at org.springframework.web.filter.ServerHttpObservationFilter.doFilterInternal(ServerHttpObservationFilter.java:109)
	at org.springframework.web.filter.OncePerRequestFilter.doFilter(OncePerRequestFilter.java:116)
	at org.apache.catalina.core.ApplicationFilterChain.internalDoFilter(ApplicationFilterChain.java:174)
	at org.apache.catalina.core.ApplicationFilterChain.doFilter(ApplicationFilterChain.java:149)
	at org.springframework.web.filter.CharacterEncodingFilter.doFilterInternal(CharacterEncodingFilter.java:201)
	at org.springframework.web.filter.OncePerRequestFilter.doFilter(OncePerRequestFilter.java:116)
	at org.apache.catalina.core.ApplicationFilterChain.internalDoFilter(ApplicationFilterChain.java:174)
	at org.apache.catalina.core.ApplicationFilterChain.doFilter(ApplicationFilterChain.java:149)
	at org.apache.catalina.core.StandardWrapperValve.invoke(StandardWrapperValve.java:167)
	at org.apache.catalina.core.StandardContextValve.invoke(StandardContextValve.java:90)
	at org.apache.catalina.authenticator.AuthenticatorBase.invoke(AuthenticatorBase.java:482)
	at org.apache.catalina.core.StandardHostValve.invoke(StandardHostValve.java:115)
	at org.apache.catalina.valves.ErrorReportValve.invoke(ErrorReportValve.java:93)
	at org.apache.catalina.core.StandardEngineValve.invoke(StandardEngineValve.java:74)
	at org.apache.catalina.connector.CoyoteAdapter.service(CoyoteAdapter.java:344)
	at org.apache.coyote.http11.Http11Processor.service(Http11Processor.java:391)
	at org.apache.coyote.AbstractProcessorLight.process(AbstractProcessorLight.java:63)
	at org.apache.coyote.AbstractProtocol$ConnectionHandler.process(AbstractProtocol.java:896)
	at org.apache.tomcat.util.net.NioEndpoint$SocketProcessor.doRun(NioEndpoint.java:1744)
	at org.apache.tomcat.util.net.SocketProcessorBase.run(SocketProcessorBase.java:52)
	at org.apache.tomcat.util.threads.ThreadPoolExecutor.runWorker(ThreadPoolExecutor.java:1191)
	at org.apache.tomcat.util.threads.ThreadPoolExecutor$Worker.run(ThreadPoolExecutor.java:659)
	at org.apache.tomcat.util.threads.TaskThread$WrappingRunnable.run(TaskThread.java:63)
	at java.base/java.lang.Thread.run(Thread.java:840)
Caused by: org.springframework.web.client.HttpClientErrorException$BadRequest: 400 : "{"error":"Email no verificado","message":"El correo electrónico aún no ha sido verificado","timestamp":"2025-07-04T09:01:35.826921703","status":400}"
	at org.springframework.web.client.HttpClientErrorException.create(HttpClientErrorException.java:103)
	at org.springframework.web.client.DefaultResponseErrorHandler.handleError(DefaultResponseErrorHandler.java:183)
	at org.springframework.web.client.DefaultResponseErrorHandler.handleError(DefaultResponseErrorHandler.java:137)
	at org.springframework.web.client.ResponseErrorHandler.handleError(ResponseErrorHandler.java:63)
	at org.springframework.web.client.RestTemplate.handleResponse(RestTemplate.java:942)
	at org.springframework.web.client.RestTemplate.doExecute(RestTemplate.java:891)
	at org.springframework.web.client.RestTemplate.execute(RestTemplate.java:790)
	at org.springframework.web.client.RestTemplate.postForEntity(RestTemplate.java:538)
	at com.microserviceone.users.registrationApi.application.service.UserValidationService.validateEmailVerification(UserValidationService.java:93)
	... 126 common frames omitted
2025-07-04 09:03:15 [http-nio-8082-exec-7] ERROR c.m.u.core.logging.LoggingService - Error al obtener términos activos, usando término por defecto
com.fasterxml.jackson.databind.exc.InvalidDefinitionException: Cannot construct instance of `com.microserviceone.users.registrationApi.web.dto.ApiResponse` (no Creators, like default constructor, exist): cannot deserialize from Object value (no delegate- or property-based Creator)
 at [Source: (String)"{"success":true,"message":"Active terms retrieved successfully","data":[{"id":2,"title":"Términos para Creadores de Contenido","content":"1. ELEGIBILIDAD\n    - Debe tener al menos 18 años\n    - Debe proporcionar identificación válida\n    - Debe tener una cuenta bancaria válida\n    - No debe tener antecedentes penales\n\n    2. CONTENIDO PERMITIDO\n    - Contenido adulto consensuado\n    - Contenido original y de su propiedad\n    - Contenido que cumpla con nuestras políticas\n    - Contenido"[truncated 5041 chars]; line: 1, column: 2]
	at com.fasterxml.jackson.databind.exc.InvalidDefinitionException.from(InvalidDefinitionException.java:67)
	at com.fasterxml.jackson.databind.DeserializationContext.reportBadDefinition(DeserializationContext.java:1915)
	at com.fasterxml.jackson.databind.DatabindContext.reportBadDefinition(DatabindContext.java:414)
	at com.fasterxml.jackson.databind.DeserializationContext.handleMissingInstantiator(DeserializationContext.java:1360)
	at com.fasterxml.jackson.databind.deser.BeanDeserializerBase.deserializeFromObjectUsingNonDefault(BeanDeserializerBase.java:1434)
	at com.fasterxml.jackson.databind.deser.BeanDeserializer.deserializeFromObject(BeanDeserializer.java:352)
	at com.fasterxml.jackson.databind.deser.BeanDeserializer.deserialize(BeanDeserializer.java:185)
	at com.fasterxml.jackson.databind.deser.DefaultDeserializationContext.readRootValue(DefaultDeserializationContext.java:323)
	at com.fasterxml.jackson.databind.ObjectMapper._readMapAndClose(ObjectMapper.java:4825)
	at com.fasterxml.jackson.databind.ObjectMapper.readValue(ObjectMapper.java:3772)
	at com.fasterxml.jackson.databind.ObjectMapper.readValue(ObjectMapper.java:3755)
	at com.microserviceone.users.registrationApi.application.service.TermsRetrievalService.getActiveTermIds(TermsRetrievalService.java:61)
	at com.microserviceone.users.registrationApi.application.service.UserValidationService.acceptTermsAndConditions(UserValidationService.java:46)
	at com.microserviceone.users.registrationApi.web.controller.RegisterController.registerCustomer(RegisterController.java:78)
	at java.base/jdk.internal.reflect.NativeMethodAccessorImpl.invoke0(Native Method)
	at java.base/jdk.internal.reflect.NativeMethodAccessorImpl.invoke(NativeMethodAccessorImpl.java:77)
	at java.base/jdk.internal.reflect.DelegatingMethodAccessorImpl.invoke(DelegatingMethodAccessorImpl.java:43)
	at java.base/java.lang.reflect.Method.invoke(Method.java:569)
	at org.springframework.web.method.support.InvocableHandlerMethod.doInvoke(InvocableHandlerMethod.java:259)
	at org.springframework.web.method.support.InvocableHandlerMethod.invokeForRequest(InvocableHandlerMethod.java:192)
	at org.springframework.web.servlet.mvc.method.annotation.ServletInvocableHandlerMethod.invokeAndHandle(ServletInvocableHandlerMethod.java:118)
	at org.springframework.web.servlet.mvc.method.annotation.RequestMappingHandlerAdapter.invokeHandlerMethod(RequestMappingHandlerAdapter.java:920)
	at org.springframework.web.servlet.mvc.method.annotation.RequestMappingHandlerAdapter.handleInternal(RequestMappingHandlerAdapter.java:830)
	at org.springframework.web.servlet.mvc.method.AbstractHandlerMethodAdapter.handle(AbstractHandlerMethodAdapter.java:87)
	at org.springframework.web.servlet.DispatcherServlet.doDispatch(DispatcherServlet.java:1089)
	at org.springframework.web.servlet.DispatcherServlet.doService(DispatcherServlet.java:979)
	at org.springframework.web.servlet.FrameworkServlet.processRequest(FrameworkServlet.java:1014)
	at org.springframework.web.servlet.FrameworkServlet.doPost(FrameworkServlet.java:914)
	at jakarta.servlet.http.HttpServlet.service(HttpServlet.java:590)
	at org.springframework.web.servlet.FrameworkServlet.service(FrameworkServlet.java:885)
	at jakarta.servlet.http.HttpServlet.service(HttpServlet.java:658)
	at org.apache.catalina.core.ApplicationFilterChain.internalDoFilter(ApplicationFilterChain.java:205)
	at org.apache.catalina.core.ApplicationFilterChain.doFilter(ApplicationFilterChain.java:149)
	at org.apache.tomcat.websocket.server.WsFilter.doFilter(WsFilter.java:51)
	at org.apache.catalina.core.ApplicationFilterChain.internalDoFilter(ApplicationFilterChain.java:174)
	at org.apache.catalina.core.ApplicationFilterChain.doFilter(ApplicationFilterChain.java:149)
	at org.springframework.web.filter.CompositeFilter$VirtualFilterChain.doFilter(CompositeFilter.java:108)
	at org.springframework.security.web.FilterChainProxy.lambda$doFilterInternal$3(FilterChainProxy.java:231)
	at org.springframework.security.web.ObservationFilterChainDecorator$FilterObservation$SimpleFilterObservation.lambda$wrap$1(ObservationFilterChainDecorator.java:479)
	at org.springframework.security.web.ObservationFilterChainDecorator$AroundFilterObservation$SimpleAroundFilterObservation.lambda$wrap$1(ObservationFilterChainDecorator.java:340)
	at org.springframework.security.web.ObservationFilterChainDecorator.lambda$wrapSecured$0(ObservationFilterChainDecorator.java:82)
	at org.springframework.security.web.ObservationFilterChainDecorator$VirtualFilterChain.doFilter(ObservationFilterChainDecorator.java:128)
	at org.springframework.security.web.access.intercept.AuthorizationFilter.doFilter(AuthorizationFilter.java:100)
	at org.springframework.security.web.ObservationFilterChainDecorator$ObservationFilter.wrapFilter(ObservationFilterChainDecorator.java:240)
	at org.springframework.security.web.ObservationFilterChainDecorator$ObservationFilter.doFilter(ObservationFilterChainDecorator.java:227)
	at org.springframework.security.web.ObservationFilterChainDecorator$VirtualFilterChain.doFilter(ObservationFilterChainDecorator.java:137)
	at org.springframework.security.web.access.ExceptionTranslationFilter.doFilter(ExceptionTranslationFilter.java:126)
	at org.springframework.security.web.access.ExceptionTranslationFilter.doFilter(ExceptionTranslationFilter.java:120)
	at org.springframework.security.web.ObservationFilterChainDecorator$ObservationFilter.wrapFilter(ObservationFilterChainDecorator.java:240)
	at org.springframework.security.web.ObservationFilterChainDecorator$ObservationFilter.doFilter(ObservationFilterChainDecorator.java:227)
	at org.springframework.security.web.ObservationFilterChainDecorator$VirtualFilterChain.doFilter(ObservationFilterChainDecorator.java:137)
	at org.springframework.security.web.authentication.AnonymousAuthenticationFilter.doFilter(AnonymousAuthenticationFilter.java:100)
	at org.springframework.security.web.ObservationFilterChainDecorator$ObservationFilter.wrapFilter(ObservationFilterChainDecorator.java:240)
	at org.springframework.security.web.ObservationFilterChainDecorator$ObservationFilter.doFilter(ObservationFilterChainDecorator.java:227)
	at org.springframework.security.web.ObservationFilterChainDecorator$VirtualFilterChain.doFilter(ObservationFilterChainDecorator.java:137)
	at org.springframework.security.web.servletapi.SecurityContextHolderAwareRequestFilter.doFilter(SecurityContextHolderAwareRequestFilter.java:179)
	at org.springframework.security.web.ObservationFilterChainDecorator$ObservationFilter.wrapFilter(ObservationFilterChainDecorator.java:240)
	at org.springframework.security.web.ObservationFilterChainDecorator$ObservationFilter.doFilter(ObservationFilterChainDecorator.java:227)
	at org.springframework.security.web.ObservationFilterChainDecorator$VirtualFilterChain.doFilter(ObservationFilterChainDecorator.java:137)
	at org.springframework.security.web.savedrequest.RequestCacheAwareFilter.doFilter(RequestCacheAwareFilter.java:63)
	at org.springframework.security.web.ObservationFilterChainDecorator$ObservationFilter.wrapFilter(ObservationFilterChainDecorator.java:240)
	at org.springframework.security.web.ObservationFilterChainDecorator$ObservationFilter.doFilter(ObservationFilterChainDecorator.java:227)
	at org.springframework.security.web.ObservationFilterChainDecorator$VirtualFilterChain.doFilter(ObservationFilterChainDecorator.java:137)
	at org.springframework.security.web.authentication.logout.LogoutFilter.doFilter(LogoutFilter.java:107)
	at org.springframework.security.web.authentication.logout.LogoutFilter.doFilter(LogoutFilter.java:93)
	at org.springframework.security.web.ObservationFilterChainDecorator$ObservationFilter.wrapFilter(ObservationFilterChainDecorator.java:240)
	at org.springframework.security.web.ObservationFilterChainDecorator$ObservationFilter.doFilter(ObservationFilterChainDecorator.java:227)
	at org.springframework.security.web.ObservationFilterChainDecorator$VirtualFilterChain.doFilter(ObservationFilterChainDecorator.java:137)
	at org.springframework.web.filter.CorsFilter.doFilterInternal(CorsFilter.java:91)
	at org.springframework.web.filter.OncePerRequestFilter.doFilter(OncePerRequestFilter.java:116)
	at org.springframework.security.web.ObservationFilterChainDecorator$ObservationFilter.wrapFilter(ObservationFilterChainDecorator.java:240)
	at org.springframework.security.web.ObservationFilterChainDecorator$ObservationFilter.doFilter(ObservationFilterChainDecorator.java:227)
	at org.springframework.security.web.ObservationFilterChainDecorator$VirtualFilterChain.doFilter(ObservationFilterChainDecorator.java:137)
	at org.springframework.security.web.header.HeaderWriterFilter.doHeadersAfter(HeaderWriterFilter.java:90)
	at org.springframework.security.web.header.HeaderWriterFilter.doFilterInternal(HeaderWriterFilter.java:75)
	at org.springframework.web.filter.OncePerRequestFilter.doFilter(OncePerRequestFilter.java:116)
	at org.springframework.security.web.ObservationFilterChainDecorator$ObservationFilter.wrapFilter(ObservationFilterChainDecorator.java:240)
	at org.springframework.security.web.ObservationFilterChainDecorator$ObservationFilter.doFilter(ObservationFilterChainDecorator.java:227)
	at org.springframework.security.web.ObservationFilterChainDecorator$VirtualFilterChain.doFilter(ObservationFilterChainDecorator.java:137)
	at org.springframework.security.web.context.SecurityContextHolderFilter.doFilter(SecurityContextHolderFilter.java:82)
	at org.springframework.security.web.context.SecurityContextHolderFilter.doFilter(SecurityContextHolderFilter.java:69)
	at org.springframework.security.web.ObservationFilterChainDecorator$ObservationFilter.wrapFilter(ObservationFilterChainDecorator.java:240)
	at org.springframework.security.web.ObservationFilterChainDecorator$ObservationFilter.doFilter(ObservationFilterChainDecorator.java:227)
	at org.springframework.security.web.ObservationFilterChainDecorator$VirtualFilterChain.doFilter(ObservationFilterChainDecorator.java:137)
	at org.springframework.security.web.context.request.async.WebAsyncManagerIntegrationFilter.doFilterInternal(WebAsyncManagerIntegrationFilter.java:62)
	at org.springframework.web.filter.OncePerRequestFilter.doFilter(OncePerRequestFilter.java:116)
	at org.springframework.security.web.ObservationFilterChainDecorator$ObservationFilter.wrapFilter(ObservationFilterChainDecorator.java:240)
	at org.springframework.security.web.ObservationFilterChainDecorator$ObservationFilter.doFilter(ObservationFilterChainDecorator.java:227)
	at org.springframework.security.web.ObservationFilterChainDecorator$VirtualFilterChain.doFilter(ObservationFilterChainDecorator.java:137)
	at org.springframework.security.web.session.DisableEncodeUrlFilter.doFilterInternal(DisableEncodeUrlFilter.java:42)
	at org.springframework.web.filter.OncePerRequestFilter.doFilter(OncePerRequestFilter.java:116)
	at org.springframework.security.web.ObservationFilterChainDecorator$ObservationFilter.wrapFilter(ObservationFilterChainDecorator.java:240)
	at org.springframework.security.web.ObservationFilterChainDecorator$AroundFilterObservation$SimpleAroundFilterObservation.lambda$wrap$0(ObservationFilterChainDecorator.java:323)
	at org.springframework.security.web.ObservationFilterChainDecorator$ObservationFilter.doFilter(ObservationFilterChainDecorator.java:224)
	at org.springframework.security.web.ObservationFilterChainDecorator$VirtualFilterChain.doFilter(ObservationFilterChainDecorator.java:137)
	at org.springframework.security.web.FilterChainProxy.doFilterInternal(FilterChainProxy.java:233)
	at org.springframework.security.web.FilterChainProxy.doFilter(FilterChainProxy.java:191)
	at org.springframework.web.filter.CompositeFilter$VirtualFilterChain.doFilter(CompositeFilter.java:113)
	at org.springframework.web.servlet.handler.HandlerMappingIntrospector.lambda$createCacheFilter$3(HandlerMappingIntrospector.java:195)
	at org.springframework.web.filter.CompositeFilter$VirtualFilterChain.doFilter(CompositeFilter.java:113)
	at org.springframework.web.filter.CompositeFilter.doFilter(CompositeFilter.java:74)
	at org.springframework.security.config.annotation.web.configuration.WebMvcSecurityConfiguration$CompositeFilterChainProxy.doFilter(WebMvcSecurityConfiguration.java:230)
	at org.springframework.web.filter.DelegatingFilterProxy.invokeDelegate(DelegatingFilterProxy.java:352)
	at org.springframework.web.filter.DelegatingFilterProxy.doFilter(DelegatingFilterProxy.java:268)
	at org.apache.catalina.core.ApplicationFilterChain.internalDoFilter(ApplicationFilterChain.java:174)
	at org.apache.catalina.core.ApplicationFilterChain.doFilter(ApplicationFilterChain.java:149)
	at org.springframework.web.filter.RequestContextFilter.doFilterInternal(RequestContextFilter.java:100)
	at org.springframework.web.filter.OncePerRequestFilter.doFilter(OncePerRequestFilter.java:116)
	at org.apache.catalina.core.ApplicationFilterChain.internalDoFilter(ApplicationFilterChain.java:174)
	at org.apache.catalina.core.ApplicationFilterChain.doFilter(ApplicationFilterChain.java:149)
	at org.springframework.web.filter.FormContentFilter.doFilterInternal(FormContentFilter.java:93)
	at org.springframework.web.filter.OncePerRequestFilter.doFilter(OncePerRequestFilter.java:116)
	at org.apache.catalina.core.ApplicationFilterChain.internalDoFilter(ApplicationFilterChain.java:174)
	at org.apache.catalina.core.ApplicationFilterChain.doFilter(ApplicationFilterChain.java:149)
	at org.springframework.web.filter.ServerHttpObservationFilter.doFilterInternal(ServerHttpObservationFilter.java:109)
	at org.springframework.web.filter.OncePerRequestFilter.doFilter(OncePerRequestFilter.java:116)
	at org.apache.catalina.core.ApplicationFilterChain.internalDoFilter(ApplicationFilterChain.java:174)
	at org.apache.catalina.core.ApplicationFilterChain.doFilter(ApplicationFilterChain.java:149)
	at org.springframework.web.filter.CharacterEncodingFilter.doFilterInternal(CharacterEncodingFilter.java:201)
	at org.springframework.web.filter.OncePerRequestFilter.doFilter(OncePerRequestFilter.java:116)
	at org.apache.catalina.core.ApplicationFilterChain.internalDoFilter(ApplicationFilterChain.java:174)
	at org.apache.catalina.core.ApplicationFilterChain.doFilter(ApplicationFilterChain.java:149)
	at org.apache.catalina.core.StandardWrapperValve.invoke(StandardWrapperValve.java:167)
	at org.apache.catalina.core.StandardContextValve.invoke(StandardContextValve.java:90)
	at org.apache.catalina.authenticator.AuthenticatorBase.invoke(AuthenticatorBase.java:482)
	at org.apache.catalina.core.StandardHostValve.invoke(StandardHostValve.java:115)
	at org.apache.catalina.valves.ErrorReportValve.invoke(ErrorReportValve.java:93)
	at org.apache.catalina.core.StandardEngineValve.invoke(StandardEngineValve.java:74)
	at org.apache.catalina.connector.CoyoteAdapter.service(CoyoteAdapter.java:344)
	at org.apache.coyote.http11.Http11Processor.service(Http11Processor.java:391)
	at org.apache.coyote.AbstractProcessorLight.process(AbstractProcessorLight.java:63)
	at org.apache.coyote.AbstractProtocol$ConnectionHandler.process(AbstractProtocol.java:896)
	at org.apache.tomcat.util.net.NioEndpoint$SocketProcessor.doRun(NioEndpoint.java:1744)
	at org.apache.tomcat.util.net.SocketProcessorBase.run(SocketProcessorBase.java:52)
	at org.apache.tomcat.util.threads.ThreadPoolExecutor.runWorker(ThreadPoolExecutor.java:1191)
	at org.apache.tomcat.util.threads.ThreadPoolExecutor$Worker.run(ThreadPoolExecutor.java:659)
	at org.apache.tomcat.util.threads.TaskThread$WrappingRunnable.run(TaskThread.java:63)
	at java.base/java.lang.Thread.run(Thread.java:840)
2025-07-04 09:03:45 [http-nio-8082-exec-2] ERROR c.m.u.core.logging.LoggingService - Excepción de email duplicado: agudelo@gmail.com
com.microserviceone.users.registrationApi.application.exception.UserAlreadyRegisteredException: El usuario con email agudelo@gmail.com ya está registrado
	at com.microserviceone.users.registrationApi.application.usecase.ValidateUniqueEmailUseCase.validate(ValidateUniqueEmailUseCase.java:27)
	at com.microserviceone.users.registrationApi.application.usecase.SaveCustomerUseCase.save(SaveCustomerUseCase.java:30)
	at java.base/jdk.internal.reflect.NativeMethodAccessorImpl.invoke0(Native Method)
	at java.base/jdk.internal.reflect.NativeMethodAccessorImpl.invoke(NativeMethodAccessorImpl.java:77)
	at java.base/jdk.internal.reflect.DelegatingMethodAccessorImpl.invoke(DelegatingMethodAccessorImpl.java:43)
	at java.base/java.lang.reflect.Method.invoke(Method.java:569)
	at org.springframework.aop.support.AopUtils.invokeJoinpointUsingReflection(AopUtils.java:351)
	at org.springframework.aop.framework.ReflectiveMethodInvocation.invokeJoinpoint(ReflectiveMethodInvocation.java:196)
	at org.springframework.aop.framework.ReflectiveMethodInvocation.proceed(ReflectiveMethodInvocation.java:163)
	at org.springframework.aop.framework.CglibAopProxy$CglibMethodInvocation.proceed(CglibAopProxy.java:765)
	at org.springframework.transaction.interceptor.TransactionInterceptor$1.proceedWithInvocation(TransactionInterceptor.java:123)
	at org.springframework.transaction.interceptor.TransactionAspectSupport.invokeWithinTransaction(TransactionAspectSupport.java:385)
	at org.springframework.transaction.interceptor.TransactionInterceptor.invoke(TransactionInterceptor.java:119)
	at org.springframework.aop.framework.ReflectiveMethodInvocation.proceed(ReflectiveMethodInvocation.java:184)
	at org.springframework.aop.framework.CglibAopProxy$CglibMethodInvocation.proceed(CglibAopProxy.java:765)
	at org.springframework.aop.framework.CglibAopProxy$DynamicAdvisedInterceptor.intercept(CglibAopProxy.java:717)
	at com.microserviceone.users.registrationApi.application.usecase.SaveCustomerUseCase$$SpringCGLIB$$0.save(<generated>)
	at com.microserviceone.users.registrationApi.application.service.RegistrationService.save(RegistrationService.java:33)
	at com.microserviceone.users.registrationApi.web.controller.RegisterController.registerCustomer(RegisterController.java:73)
	at java.base/jdk.internal.reflect.NativeMethodAccessorImpl.invoke0(Native Method)
	at java.base/jdk.internal.reflect.NativeMethodAccessorImpl.invoke(NativeMethodAccessorImpl.java:77)
	at java.base/jdk.internal.reflect.DelegatingMethodAccessorImpl.invoke(DelegatingMethodAccessorImpl.java:43)
	at java.base/java.lang.reflect.Method.invoke(Method.java:569)
	at org.springframework.web.method.support.InvocableHandlerMethod.doInvoke(InvocableHandlerMethod.java:259)
	at org.springframework.web.method.support.InvocableHandlerMethod.invokeForRequest(InvocableHandlerMethod.java:192)
	at org.springframework.web.servlet.mvc.method.annotation.ServletInvocableHandlerMethod.invokeAndHandle(ServletInvocableHandlerMethod.java:118)
	at org.springframework.web.servlet.mvc.method.annotation.RequestMappingHandlerAdapter.invokeHandlerMethod(RequestMappingHandlerAdapter.java:920)
	at org.springframework.web.servlet.mvc.method.annotation.RequestMappingHandlerAdapter.handleInternal(RequestMappingHandlerAdapter.java:830)
	at org.springframework.web.servlet.mvc.method.AbstractHandlerMethodAdapter.handle(AbstractHandlerMethodAdapter.java:87)
	at org.springframework.web.servlet.DispatcherServlet.doDispatch(DispatcherServlet.java:1089)
	at org.springframework.web.servlet.DispatcherServlet.doService(DispatcherServlet.java:979)
	at org.springframework.web.servlet.FrameworkServlet.processRequest(FrameworkServlet.java:1014)
	at org.springframework.web.servlet.FrameworkServlet.doPost(FrameworkServlet.java:914)
	at jakarta.servlet.http.HttpServlet.service(HttpServlet.java:590)
	at org.springframework.web.servlet.FrameworkServlet.service(FrameworkServlet.java:885)
	at jakarta.servlet.http.HttpServlet.service(HttpServlet.java:658)
	at org.apache.catalina.core.ApplicationFilterChain.internalDoFilter(ApplicationFilterChain.java:205)
	at org.apache.catalina.core.ApplicationFilterChain.doFilter(ApplicationFilterChain.java:149)
	at org.apache.tomcat.websocket.server.WsFilter.doFilter(WsFilter.java:51)
	at org.apache.catalina.core.ApplicationFilterChain.internalDoFilter(ApplicationFilterChain.java:174)
	at org.apache.catalina.core.ApplicationFilterChain.doFilter(ApplicationFilterChain.java:149)
	at org.springframework.web.filter.CompositeFilter$VirtualFilterChain.doFilter(CompositeFilter.java:108)
	at org.springframework.security.web.FilterChainProxy.lambda$doFilterInternal$3(FilterChainProxy.java:231)
	at org.springframework.security.web.ObservationFilterChainDecorator$FilterObservation$SimpleFilterObservation.lambda$wrap$1(ObservationFilterChainDecorator.java:479)
	at org.springframework.security.web.ObservationFilterChainDecorator$AroundFilterObservation$SimpleAroundFilterObservation.lambda$wrap$1(ObservationFilterChainDecorator.java:340)
	at org.springframework.security.web.ObservationFilterChainDecorator.lambda$wrapSecured$0(ObservationFilterChainDecorator.java:82)
	at org.springframework.security.web.ObservationFilterChainDecorator$VirtualFilterChain.doFilter(ObservationFilterChainDecorator.java:128)
	at org.springframework.security.web.access.intercept.AuthorizationFilter.doFilter(AuthorizationFilter.java:100)
	at org.springframework.security.web.ObservationFilterChainDecorator$ObservationFilter.wrapFilter(ObservationFilterChainDecorator.java:240)
	at org.springframework.security.web.ObservationFilterChainDecorator$ObservationFilter.doFilter(ObservationFilterChainDecorator.java:227)
	at org.springframework.security.web.ObservationFilterChainDecorator$VirtualFilterChain.doFilter(ObservationFilterChainDecorator.java:137)
	at org.springframework.security.web.access.ExceptionTranslationFilter.doFilter(ExceptionTranslationFilter.java:126)
	at org.springframework.security.web.access.ExceptionTranslationFilter.doFilter(ExceptionTranslationFilter.java:120)
	at org.springframework.security.web.ObservationFilterChainDecorator$ObservationFilter.wrapFilter(ObservationFilterChainDecorator.java:240)
	at org.springframework.security.web.ObservationFilterChainDecorator$ObservationFilter.doFilter(ObservationFilterChainDecorator.java:227)
	at org.springframework.security.web.ObservationFilterChainDecorator$VirtualFilterChain.doFilter(ObservationFilterChainDecorator.java:137)
	at org.springframework.security.web.authentication.AnonymousAuthenticationFilter.doFilter(AnonymousAuthenticationFilter.java:100)
	at org.springframework.security.web.ObservationFilterChainDecorator$ObservationFilter.wrapFilter(ObservationFilterChainDecorator.java:240)
	at org.springframework.security.web.ObservationFilterChainDecorator$ObservationFilter.doFilter(ObservationFilterChainDecorator.java:227)
	at org.springframework.security.web.ObservationFilterChainDecorator$VirtualFilterChain.doFilter(ObservationFilterChainDecorator.java:137)
	at org.springframework.security.web.servletapi.SecurityContextHolderAwareRequestFilter.doFilter(SecurityContextHolderAwareRequestFilter.java:179)
	at org.springframework.security.web.ObservationFilterChainDecorator$ObservationFilter.wrapFilter(ObservationFilterChainDecorator.java:240)
	at org.springframework.security.web.ObservationFilterChainDecorator$ObservationFilter.doFilter(ObservationFilterChainDecorator.java:227)
	at org.springframework.security.web.ObservationFilterChainDecorator$VirtualFilterChain.doFilter(ObservationFilterChainDecorator.java:137)
	at org.springframework.security.web.savedrequest.RequestCacheAwareFilter.doFilter(RequestCacheAwareFilter.java:63)
	at org.springframework.security.web.ObservationFilterChainDecorator$ObservationFilter.wrapFilter(ObservationFilterChainDecorator.java:240)
	at org.springframework.security.web.ObservationFilterChainDecorator$ObservationFilter.doFilter(ObservationFilterChainDecorator.java:227)
	at org.springframework.security.web.ObservationFilterChainDecorator$VirtualFilterChain.doFilter(ObservationFilterChainDecorator.java:137)
	at org.springframework.security.web.authentication.logout.LogoutFilter.doFilter(LogoutFilter.java:107)
	at org.springframework.security.web.authentication.logout.LogoutFilter.doFilter(LogoutFilter.java:93)
	at org.springframework.security.web.ObservationFilterChainDecorator$ObservationFilter.wrapFilter(ObservationFilterChainDecorator.java:240)
	at org.springframework.security.web.ObservationFilterChainDecorator$ObservationFilter.doFilter(ObservationFilterChainDecorator.java:227)
	at org.springframework.security.web.ObservationFilterChainDecorator$VirtualFilterChain.doFilter(ObservationFilterChainDecorator.java:137)
	at org.springframework.web.filter.CorsFilter.doFilterInternal(CorsFilter.java:91)
	at org.springframework.web.filter.OncePerRequestFilter.doFilter(OncePerRequestFilter.java:116)
	at org.springframework.security.web.ObservationFilterChainDecorator$ObservationFilter.wrapFilter(ObservationFilterChainDecorator.java:240)
	at org.springframework.security.web.ObservationFilterChainDecorator$ObservationFilter.doFilter(ObservationFilterChainDecorator.java:227)
	at org.springframework.security.web.ObservationFilterChainDecorator$VirtualFilterChain.doFilter(ObservationFilterChainDecorator.java:137)
	at org.springframework.security.web.header.HeaderWriterFilter.doHeadersAfter(HeaderWriterFilter.java:90)
	at org.springframework.security.web.header.HeaderWriterFilter.doFilterInternal(HeaderWriterFilter.java:75)
	at org.springframework.web.filter.OncePerRequestFilter.doFilter(OncePerRequestFilter.java:116)
	at org.springframework.security.web.ObservationFilterChainDecorator$ObservationFilter.wrapFilter(ObservationFilterChainDecorator.java:240)
	at org.springframework.security.web.ObservationFilterChainDecorator$ObservationFilter.doFilter(ObservationFilterChainDecorator.java:227)
	at org.springframework.security.web.ObservationFilterChainDecorator$VirtualFilterChain.doFilter(ObservationFilterChainDecorator.java:137)
	at org.springframework.security.web.context.SecurityContextHolderFilter.doFilter(SecurityContextHolderFilter.java:82)
	at org.springframework.security.web.context.SecurityContextHolderFilter.doFilter(SecurityContextHolderFilter.java:69)
	at org.springframework.security.web.ObservationFilterChainDecorator$ObservationFilter.wrapFilter(ObservationFilterChainDecorator.java:240)
	at org.springframework.security.web.ObservationFilterChainDecorator$ObservationFilter.doFilter(ObservationFilterChainDecorator.java:227)
	at org.springframework.security.web.ObservationFilterChainDecorator$VirtualFilterChain.doFilter(ObservationFilterChainDecorator.java:137)
	at org.springframework.security.web.context.request.async.WebAsyncManagerIntegrationFilter.doFilterInternal(WebAsyncManagerIntegrationFilter.java:62)
	at org.springframework.web.filter.OncePerRequestFilter.doFilter(OncePerRequestFilter.java:116)
	at org.springframework.security.web.ObservationFilterChainDecorator$ObservationFilter.wrapFilter(ObservationFilterChainDecorator.java:240)
	at org.springframework.security.web.ObservationFilterChainDecorator$ObservationFilter.doFilter(ObservationFilterChainDecorator.java:227)
	at org.springframework.security.web.ObservationFilterChainDecorator$VirtualFilterChain.doFilter(ObservationFilterChainDecorator.java:137)
	at org.springframework.security.web.session.DisableEncodeUrlFilter.doFilterInternal(DisableEncodeUrlFilter.java:42)
	at org.springframework.web.filter.OncePerRequestFilter.doFilter(OncePerRequestFilter.java:116)
	at org.springframework.security.web.ObservationFilterChainDecorator$ObservationFilter.wrapFilter(ObservationFilterChainDecorator.java:240)
	at org.springframework.security.web.ObservationFilterChainDecorator$AroundFilterObservation$SimpleAroundFilterObservation.lambda$wrap$0(ObservationFilterChainDecorator.java:323)
	at org.springframework.security.web.ObservationFilterChainDecorator$ObservationFilter.doFilter(ObservationFilterChainDecorator.java:224)
	at org.springframework.security.web.ObservationFilterChainDecorator$VirtualFilterChain.doFilter(ObservationFilterChainDecorator.java:137)
	at org.springframework.security.web.FilterChainProxy.doFilterInternal(FilterChainProxy.java:233)
	at org.springframework.security.web.FilterChainProxy.doFilter(FilterChainProxy.java:191)
	at org.springframework.web.filter.CompositeFilter$VirtualFilterChain.doFilter(CompositeFilter.java:113)
	at org.springframework.web.servlet.handler.HandlerMappingIntrospector.lambda$createCacheFilter$3(HandlerMappingIntrospector.java:195)
	at org.springframework.web.filter.CompositeFilter$VirtualFilterChain.doFilter(CompositeFilter.java:113)
	at org.springframework.web.filter.CompositeFilter.doFilter(CompositeFilter.java:74)
	at org.springframework.security.config.annotation.web.configuration.WebMvcSecurityConfiguration$CompositeFilterChainProxy.doFilter(WebMvcSecurityConfiguration.java:230)
	at org.springframework.web.filter.DelegatingFilterProxy.invokeDelegate(DelegatingFilterProxy.java:352)
	at org.springframework.web.filter.DelegatingFilterProxy.doFilter(DelegatingFilterProxy.java:268)
	at org.apache.catalina.core.ApplicationFilterChain.internalDoFilter(ApplicationFilterChain.java:174)
	at org.apache.catalina.core.ApplicationFilterChain.doFilter(ApplicationFilterChain.java:149)
	at org.springframework.web.filter.RequestContextFilter.doFilterInternal(RequestContextFilter.java:100)
	at org.springframework.web.filter.OncePerRequestFilter.doFilter(OncePerRequestFilter.java:116)
	at org.apache.catalina.core.ApplicationFilterChain.internalDoFilter(ApplicationFilterChain.java:174)
	at org.apache.catalina.core.ApplicationFilterChain.doFilter(ApplicationFilterChain.java:149)
	at org.springframework.web.filter.FormContentFilter.doFilterInternal(FormContentFilter.java:93)
	at org.springframework.web.filter.OncePerRequestFilter.doFilter(OncePerRequestFilter.java:116)
	at org.apache.catalina.core.ApplicationFilterChain.internalDoFilter(ApplicationFilterChain.java:174)
	at org.apache.catalina.core.ApplicationFilterChain.doFilter(ApplicationFilterChain.java:149)
	at org.springframework.web.filter.ServerHttpObservationFilter.doFilterInternal(ServerHttpObservationFilter.java:109)
	at org.springframework.web.filter.OncePerRequestFilter.doFilter(OncePerRequestFilter.java:116)
	at org.apache.catalina.core.ApplicationFilterChain.internalDoFilter(ApplicationFilterChain.java:174)
	at org.apache.catalina.core.ApplicationFilterChain.doFilter(ApplicationFilterChain.java:149)
	at org.springframework.web.filter.CharacterEncodingFilter.doFilterInternal(CharacterEncodingFilter.java:201)
	at org.springframework.web.filter.OncePerRequestFilter.doFilter(OncePerRequestFilter.java:116)
	at org.apache.catalina.core.ApplicationFilterChain.internalDoFilter(ApplicationFilterChain.java:174)
	at org.apache.catalina.core.ApplicationFilterChain.doFilter(ApplicationFilterChain.java:149)
	at org.apache.catalina.core.StandardWrapperValve.invoke(StandardWrapperValve.java:167)
	at org.apache.catalina.core.StandardContextValve.invoke(StandardContextValve.java:90)
	at org.apache.catalina.authenticator.AuthenticatorBase.invoke(AuthenticatorBase.java:482)
	at org.apache.catalina.core.StandardHostValve.invoke(StandardHostValve.java:115)
	at org.apache.catalina.valves.ErrorReportValve.invoke(ErrorReportValve.java:93)
	at org.apache.catalina.core.StandardEngineValve.invoke(StandardEngineValve.java:74)
	at org.apache.catalina.connector.CoyoteAdapter.service(CoyoteAdapter.java:344)
	at org.apache.coyote.http11.Http11Processor.service(Http11Processor.java:391)
	at org.apache.coyote.AbstractProcessorLight.process(AbstractProcessorLight.java:63)
	at org.apache.coyote.AbstractProtocol$ConnectionHandler.process(AbstractProtocol.java:896)
	at org.apache.tomcat.util.net.NioEndpoint$SocketProcessor.doRun(NioEndpoint.java:1744)
	at org.apache.tomcat.util.net.SocketProcessorBase.run(SocketProcessorBase.java:52)
	at org.apache.tomcat.util.threads.ThreadPoolExecutor.runWorker(ThreadPoolExecutor.java:1191)
	at org.apache.tomcat.util.threads.ThreadPoolExecutor$Worker.run(ThreadPoolExecutor.java:659)
	at org.apache.tomcat.util.threads.TaskThread$WrappingRunnable.run(TaskThread.java:63)
	at java.base/java.lang.Thread.run(Thread.java:840)
2025-07-04 09:03:45 [http-nio-8082-exec-2] ERROR c.m.u.core.logging.LoggingService - Error al registrar cliente con email: agudelo@gmail.com
com.microserviceone.users.registrationApi.application.exception.UserAlreadyRegisteredException: El usuario con email agudelo@gmail.com ya está registrado
	at com.microserviceone.users.registrationApi.application.usecase.ValidateUniqueEmailUseCase.validate(ValidateUniqueEmailUseCase.java:27)
	at com.microserviceone.users.registrationApi.application.usecase.SaveCustomerUseCase.save(SaveCustomerUseCase.java:30)
	at java.base/jdk.internal.reflect.NativeMethodAccessorImpl.invoke0(Native Method)
	at java.base/jdk.internal.reflect.NativeMethodAccessorImpl.invoke(NativeMethodAccessorImpl.java:77)
	at java.base/jdk.internal.reflect.DelegatingMethodAccessorImpl.invoke(DelegatingMethodAccessorImpl.java:43)
	at java.base/java.lang.reflect.Method.invoke(Method.java:569)
	at org.springframework.aop.support.AopUtils.invokeJoinpointUsingReflection(AopUtils.java:351)
	at org.springframework.aop.framework.ReflectiveMethodInvocation.invokeJoinpoint(ReflectiveMethodInvocation.java:196)
	at org.springframework.aop.framework.ReflectiveMethodInvocation.proceed(ReflectiveMethodInvocation.java:163)
	at org.springframework.aop.framework.CglibAopProxy$CglibMethodInvocation.proceed(CglibAopProxy.java:765)
	at org.springframework.transaction.interceptor.TransactionInterceptor$1.proceedWithInvocation(TransactionInterceptor.java:123)
	at org.springframework.transaction.interceptor.TransactionAspectSupport.invokeWithinTransaction(TransactionAspectSupport.java:385)
	at org.springframework.transaction.interceptor.TransactionInterceptor.invoke(TransactionInterceptor.java:119)
	at org.springframework.aop.framework.ReflectiveMethodInvocation.proceed(ReflectiveMethodInvocation.java:184)
	at org.springframework.aop.framework.CglibAopProxy$CglibMethodInvocation.proceed(CglibAopProxy.java:765)
	at org.springframework.aop.framework.CglibAopProxy$DynamicAdvisedInterceptor.intercept(CglibAopProxy.java:717)
	at com.microserviceone.users.registrationApi.application.usecase.SaveCustomerUseCase$$SpringCGLIB$$0.save(<generated>)
	at com.microserviceone.users.registrationApi.application.service.RegistrationService.save(RegistrationService.java:33)
	at com.microserviceone.users.registrationApi.web.controller.RegisterController.registerCustomer(RegisterController.java:73)
	at java.base/jdk.internal.reflect.NativeMethodAccessorImpl.invoke0(Native Method)
	at java.base/jdk.internal.reflect.NativeMethodAccessorImpl.invoke(NativeMethodAccessorImpl.java:77)
	at java.base/jdk.internal.reflect.DelegatingMethodAccessorImpl.invoke(DelegatingMethodAccessorImpl.java:43)
	at java.base/java.lang.reflect.Method.invoke(Method.java:569)
	at org.springframework.web.method.support.InvocableHandlerMethod.doInvoke(InvocableHandlerMethod.java:259)
	at org.springframework.web.method.support.InvocableHandlerMethod.invokeForRequest(InvocableHandlerMethod.java:192)
	at org.springframework.web.servlet.mvc.method.annotation.ServletInvocableHandlerMethod.invokeAndHandle(ServletInvocableHandlerMethod.java:118)
	at org.springframework.web.servlet.mvc.method.annotation.RequestMappingHandlerAdapter.invokeHandlerMethod(RequestMappingHandlerAdapter.java:920)
	at org.springframework.web.servlet.mvc.method.annotation.RequestMappingHandlerAdapter.handleInternal(RequestMappingHandlerAdapter.java:830)
	at org.springframework.web.servlet.mvc.method.AbstractHandlerMethodAdapter.handle(AbstractHandlerMethodAdapter.java:87)
	at org.springframework.web.servlet.DispatcherServlet.doDispatch(DispatcherServlet.java:1089)
	at org.springframework.web.servlet.DispatcherServlet.doService(DispatcherServlet.java:979)
	at org.springframework.web.servlet.FrameworkServlet.processRequest(FrameworkServlet.java:1014)
	at org.springframework.web.servlet.FrameworkServlet.doPost(FrameworkServlet.java:914)
	at jakarta.servlet.http.HttpServlet.service(HttpServlet.java:590)
	at org.springframework.web.servlet.FrameworkServlet.service(FrameworkServlet.java:885)
	at jakarta.servlet.http.HttpServlet.service(HttpServlet.java:658)
	at org.apache.catalina.core.ApplicationFilterChain.internalDoFilter(ApplicationFilterChain.java:205)
	at org.apache.catalina.core.ApplicationFilterChain.doFilter(ApplicationFilterChain.java:149)
	at org.apache.tomcat.websocket.server.WsFilter.doFilter(WsFilter.java:51)
	at org.apache.catalina.core.ApplicationFilterChain.internalDoFilter(ApplicationFilterChain.java:174)
	at org.apache.catalina.core.ApplicationFilterChain.doFilter(ApplicationFilterChain.java:149)
	at org.springframework.web.filter.CompositeFilter$VirtualFilterChain.doFilter(CompositeFilter.java:108)
	at org.springframework.security.web.FilterChainProxy.lambda$doFilterInternal$3(FilterChainProxy.java:231)
	at org.springframework.security.web.ObservationFilterChainDecorator$FilterObservation$SimpleFilterObservation.lambda$wrap$1(ObservationFilterChainDecorator.java:479)
	at org.springframework.security.web.ObservationFilterChainDecorator$AroundFilterObservation$SimpleAroundFilterObservation.lambda$wrap$1(ObservationFilterChainDecorator.java:340)
	at org.springframework.security.web.ObservationFilterChainDecorator.lambda$wrapSecured$0(ObservationFilterChainDecorator.java:82)
	at org.springframework.security.web.ObservationFilterChainDecorator$VirtualFilterChain.doFilter(ObservationFilterChainDecorator.java:128)
	at org.springframework.security.web.access.intercept.AuthorizationFilter.doFilter(AuthorizationFilter.java:100)
	at org.springframework.security.web.ObservationFilterChainDecorator$ObservationFilter.wrapFilter(ObservationFilterChainDecorator.java:240)
	at org.springframework.security.web.ObservationFilterChainDecorator$ObservationFilter.doFilter(ObservationFilterChainDecorator.java:227)
	at org.springframework.security.web.ObservationFilterChainDecorator$VirtualFilterChain.doFilter(ObservationFilterChainDecorator.java:137)
	at org.springframework.security.web.access.ExceptionTranslationFilter.doFilter(ExceptionTranslationFilter.java:126)
	at org.springframework.security.web.access.ExceptionTranslationFilter.doFilter(ExceptionTranslationFilter.java:120)
	at org.springframework.security.web.ObservationFilterChainDecorator$ObservationFilter.wrapFilter(ObservationFilterChainDecorator.java:240)
	at org.springframework.security.web.ObservationFilterChainDecorator$ObservationFilter.doFilter(ObservationFilterChainDecorator.java:227)
	at org.springframework.security.web.ObservationFilterChainDecorator$VirtualFilterChain.doFilter(ObservationFilterChainDecorator.java:137)
	at org.springframework.security.web.authentication.AnonymousAuthenticationFilter.doFilter(AnonymousAuthenticationFilter.java:100)
	at org.springframework.security.web.ObservationFilterChainDecorator$ObservationFilter.wrapFilter(ObservationFilterChainDecorator.java:240)
	at org.springframework.security.web.ObservationFilterChainDecorator$ObservationFilter.doFilter(ObservationFilterChainDecorator.java:227)
	at org.springframework.security.web.ObservationFilterChainDecorator$VirtualFilterChain.doFilter(ObservationFilterChainDecorator.java:137)
	at org.springframework.security.web.servletapi.SecurityContextHolderAwareRequestFilter.doFilter(SecurityContextHolderAwareRequestFilter.java:179)
	at org.springframework.security.web.ObservationFilterChainDecorator$ObservationFilter.wrapFilter(ObservationFilterChainDecorator.java:240)
	at org.springframework.security.web.ObservationFilterChainDecorator$ObservationFilter.doFilter(ObservationFilterChainDecorator.java:227)
	at org.springframework.security.web.ObservationFilterChainDecorator$VirtualFilterChain.doFilter(ObservationFilterChainDecorator.java:137)
	at org.springframework.security.web.savedrequest.RequestCacheAwareFilter.doFilter(RequestCacheAwareFilter.java:63)
	at org.springframework.security.web.ObservationFilterChainDecorator$ObservationFilter.wrapFilter(ObservationFilterChainDecorator.java:240)
	at org.springframework.security.web.ObservationFilterChainDecorator$ObservationFilter.doFilter(ObservationFilterChainDecorator.java:227)
	at org.springframework.security.web.ObservationFilterChainDecorator$VirtualFilterChain.doFilter(ObservationFilterChainDecorator.java:137)
	at org.springframework.security.web.authentication.logout.LogoutFilter.doFilter(LogoutFilter.java:107)
	at org.springframework.security.web.authentication.logout.LogoutFilter.doFilter(LogoutFilter.java:93)
	at org.springframework.security.web.ObservationFilterChainDecorator$ObservationFilter.wrapFilter(ObservationFilterChainDecorator.java:240)
	at org.springframework.security.web.ObservationFilterChainDecorator$ObservationFilter.doFilter(ObservationFilterChainDecorator.java:227)
	at org.springframework.security.web.ObservationFilterChainDecorator$VirtualFilterChain.doFilter(ObservationFilterChainDecorator.java:137)
	at org.springframework.web.filter.CorsFilter.doFilterInternal(CorsFilter.java:91)
	at org.springframework.web.filter.OncePerRequestFilter.doFilter(OncePerRequestFilter.java:116)
	at org.springframework.security.web.ObservationFilterChainDecorator$ObservationFilter.wrapFilter(ObservationFilterChainDecorator.java:240)
	at org.springframework.security.web.ObservationFilterChainDecorator$ObservationFilter.doFilter(ObservationFilterChainDecorator.java:227)
	at org.springframework.security.web.ObservationFilterChainDecorator$VirtualFilterChain.doFilter(ObservationFilterChainDecorator.java:137)
	at org.springframework.security.web.header.HeaderWriterFilter.doHeadersAfter(HeaderWriterFilter.java:90)
	at org.springframework.security.web.header.HeaderWriterFilter.doFilterInternal(HeaderWriterFilter.java:75)
	at org.springframework.web.filter.OncePerRequestFilter.doFilter(OncePerRequestFilter.java:116)
	at org.springframework.security.web.ObservationFilterChainDecorator$ObservationFilter.wrapFilter(ObservationFilterChainDecorator.java:240)
	at org.springframework.security.web.ObservationFilterChainDecorator$ObservationFilter.doFilter(ObservationFilterChainDecorator.java:227)
	at org.springframework.security.web.ObservationFilterChainDecorator$VirtualFilterChain.doFilter(ObservationFilterChainDecorator.java:137)
	at org.springframework.security.web.context.SecurityContextHolderFilter.doFilter(SecurityContextHolderFilter.java:82)
	at org.springframework.security.web.context.SecurityContextHolderFilter.doFilter(SecurityContextHolderFilter.java:69)
	at org.springframework.security.web.ObservationFilterChainDecorator$ObservationFilter.wrapFilter(ObservationFilterChainDecorator.java:240)
	at org.springframework.security.web.ObservationFilterChainDecorator$ObservationFilter.doFilter(ObservationFilterChainDecorator.java:227)
	at org.springframework.security.web.ObservationFilterChainDecorator$VirtualFilterChain.doFilter(ObservationFilterChainDecorator.java:137)
	at org.springframework.security.web.context.request.async.WebAsyncManagerIntegrationFilter.doFilterInternal(WebAsyncManagerIntegrationFilter.java:62)
	at org.springframework.web.filter.OncePerRequestFilter.doFilter(OncePerRequestFilter.java:116)
	at org.springframework.security.web.ObservationFilterChainDecorator$ObservationFilter.wrapFilter(ObservationFilterChainDecorator.java:240)
	at org.springframework.security.web.ObservationFilterChainDecorator$ObservationFilter.doFilter(ObservationFilterChainDecorator.java:227)
	at org.springframework.security.web.ObservationFilterChainDecorator$VirtualFilterChain.doFilter(ObservationFilterChainDecorator.java:137)
	at org.springframework.security.web.session.DisableEncodeUrlFilter.doFilterInternal(DisableEncodeUrlFilter.java:42)
	at org.springframework.web.filter.OncePerRequestFilter.doFilter(OncePerRequestFilter.java:116)
	at org.springframework.security.web.ObservationFilterChainDecorator$ObservationFilter.wrapFilter(ObservationFilterChainDecorator.java:240)
	at org.springframework.security.web.ObservationFilterChainDecorator$AroundFilterObservation$SimpleAroundFilterObservation.lambda$wrap$0(ObservationFilterChainDecorator.java:323)
	at org.springframework.security.web.ObservationFilterChainDecorator$ObservationFilter.doFilter(ObservationFilterChainDecorator.java:224)
	at org.springframework.security.web.ObservationFilterChainDecorator$VirtualFilterChain.doFilter(ObservationFilterChainDecorator.java:137)
	at org.springframework.security.web.FilterChainProxy.doFilterInternal(FilterChainProxy.java:233)
	at org.springframework.security.web.FilterChainProxy.doFilter(FilterChainProxy.java:191)
	at org.springframework.web.filter.CompositeFilter$VirtualFilterChain.doFilter(CompositeFilter.java:113)
	at org.springframework.web.servlet.handler.HandlerMappingIntrospector.lambda$createCacheFilter$3(HandlerMappingIntrospector.java:195)
	at org.springframework.web.filter.CompositeFilter$VirtualFilterChain.doFilter(CompositeFilter.java:113)
	at org.springframework.web.filter.CompositeFilter.doFilter(CompositeFilter.java:74)
	at org.springframework.security.config.annotation.web.configuration.WebMvcSecurityConfiguration$CompositeFilterChainProxy.doFilter(WebMvcSecurityConfiguration.java:230)
	at org.springframework.web.filter.DelegatingFilterProxy.invokeDelegate(DelegatingFilterProxy.java:352)
	at org.springframework.web.filter.DelegatingFilterProxy.doFilter(DelegatingFilterProxy.java:268)
	at org.apache.catalina.core.ApplicationFilterChain.internalDoFilter(ApplicationFilterChain.java:174)
	at org.apache.catalina.core.ApplicationFilterChain.doFilter(ApplicationFilterChain.java:149)
	at org.springframework.web.filter.RequestContextFilter.doFilterInternal(RequestContextFilter.java:100)
	at org.springframework.web.filter.OncePerRequestFilter.doFilter(OncePerRequestFilter.java:116)
	at org.apache.catalina.core.ApplicationFilterChain.internalDoFilter(ApplicationFilterChain.java:174)
	at org.apache.catalina.core.ApplicationFilterChain.doFilter(ApplicationFilterChain.java:149)
	at org.springframework.web.filter.FormContentFilter.doFilterInternal(FormContentFilter.java:93)
	at org.springframework.web.filter.OncePerRequestFilter.doFilter(OncePerRequestFilter.java:116)
	at org.apache.catalina.core.ApplicationFilterChain.internalDoFilter(ApplicationFilterChain.java:174)
	at org.apache.catalina.core.ApplicationFilterChain.doFilter(ApplicationFilterChain.java:149)
	at org.springframework.web.filter.ServerHttpObservationFilter.doFilterInternal(ServerHttpObservationFilter.java:109)
	at org.springframework.web.filter.OncePerRequestFilter.doFilter(OncePerRequestFilter.java:116)
	at org.apache.catalina.core.ApplicationFilterChain.internalDoFilter(ApplicationFilterChain.java:174)
	at org.apache.catalina.core.ApplicationFilterChain.doFilter(ApplicationFilterChain.java:149)
	at org.springframework.web.filter.CharacterEncodingFilter.doFilterInternal(CharacterEncodingFilter.java:201)
	at org.springframework.web.filter.OncePerRequestFilter.doFilter(OncePerRequestFilter.java:116)
	at org.apache.catalina.core.ApplicationFilterChain.internalDoFilter(ApplicationFilterChain.java:174)
	at org.apache.catalina.core.ApplicationFilterChain.doFilter(ApplicationFilterChain.java:149)
	at org.apache.catalina.core.StandardWrapperValve.invoke(StandardWrapperValve.java:167)
	at org.apache.catalina.core.StandardContextValve.invoke(StandardContextValve.java:90)
	at org.apache.catalina.authenticator.AuthenticatorBase.invoke(AuthenticatorBase.java:482)
	at org.apache.catalina.core.StandardHostValve.invoke(StandardHostValve.java:115)
	at org.apache.catalina.valves.ErrorReportValve.invoke(ErrorReportValve.java:93)
	at org.apache.catalina.core.StandardEngineValve.invoke(StandardEngineValve.java:74)
	at org.apache.catalina.connector.CoyoteAdapter.service(CoyoteAdapter.java:344)
	at org.apache.coyote.http11.Http11Processor.service(Http11Processor.java:391)
	at org.apache.coyote.AbstractProcessorLight.process(AbstractProcessorLight.java:63)
	at org.apache.coyote.AbstractProtocol$ConnectionHandler.process(AbstractProtocol.java:896)
	at org.apache.tomcat.util.net.NioEndpoint$SocketProcessor.doRun(NioEndpoint.java:1744)
	at org.apache.tomcat.util.net.SocketProcessorBase.run(SocketProcessorBase.java:52)
	at org.apache.tomcat.util.threads.ThreadPoolExecutor.runWorker(ThreadPoolExecutor.java:1191)
	at org.apache.tomcat.util.threads.ThreadPoolExecutor$Worker.run(ThreadPoolExecutor.java:659)
	at org.apache.tomcat.util.threads.TaskThread$WrappingRunnable.run(TaskThread.java:63)
	at java.base/java.lang.Thread.run(Thread.java:840)
2025-07-04 09:03:45 [http-nio-8082-exec-2] ERROR c.m.u.core.logging.LoggingService - RegistrationService: Error al registrar cliente - Email: agudelo@gmail.com
com.microserviceone.users.registrationApi.application.exception.UserAlreadyRegisteredException: El usuario con email agudelo@gmail.com ya está registrado
	at com.microserviceone.users.registrationApi.application.usecase.ValidateUniqueEmailUseCase.validate(ValidateUniqueEmailUseCase.java:27)
	at com.microserviceone.users.registrationApi.application.usecase.SaveCustomerUseCase.save(SaveCustomerUseCase.java:30)
	at java.base/jdk.internal.reflect.NativeMethodAccessorImpl.invoke0(Native Method)
	at java.base/jdk.internal.reflect.NativeMethodAccessorImpl.invoke(NativeMethodAccessorImpl.java:77)
	at java.base/jdk.internal.reflect.DelegatingMethodAccessorImpl.invoke(DelegatingMethodAccessorImpl.java:43)
	at java.base/java.lang.reflect.Method.invoke(Method.java:569)
	at org.springframework.aop.support.AopUtils.invokeJoinpointUsingReflection(AopUtils.java:351)
	at org.springframework.aop.framework.ReflectiveMethodInvocation.invokeJoinpoint(ReflectiveMethodInvocation.java:196)
	at org.springframework.aop.framework.ReflectiveMethodInvocation.proceed(ReflectiveMethodInvocation.java:163)
	at org.springframework.aop.framework.CglibAopProxy$CglibMethodInvocation.proceed(CglibAopProxy.java:765)
	at org.springframework.transaction.interceptor.TransactionInterceptor$1.proceedWithInvocation(TransactionInterceptor.java:123)
	at org.springframework.transaction.interceptor.TransactionAspectSupport.invokeWithinTransaction(TransactionAspectSupport.java:385)
	at org.springframework.transaction.interceptor.TransactionInterceptor.invoke(TransactionInterceptor.java:119)
	at org.springframework.aop.framework.ReflectiveMethodInvocation.proceed(ReflectiveMethodInvocation.java:184)
	at org.springframework.aop.framework.CglibAopProxy$CglibMethodInvocation.proceed(CglibAopProxy.java:765)
	at org.springframework.aop.framework.CglibAopProxy$DynamicAdvisedInterceptor.intercept(CglibAopProxy.java:717)
	at com.microserviceone.users.registrationApi.application.usecase.SaveCustomerUseCase$$SpringCGLIB$$0.save(<generated>)
	at com.microserviceone.users.registrationApi.application.service.RegistrationService.save(RegistrationService.java:33)
	at com.microserviceone.users.registrationApi.web.controller.RegisterController.registerCustomer(RegisterController.java:73)
	at java.base/jdk.internal.reflect.NativeMethodAccessorImpl.invoke0(Native Method)
	at java.base/jdk.internal.reflect.NativeMethodAccessorImpl.invoke(NativeMethodAccessorImpl.java:77)
	at java.base/jdk.internal.reflect.DelegatingMethodAccessorImpl.invoke(DelegatingMethodAccessorImpl.java:43)
	at java.base/java.lang.reflect.Method.invoke(Method.java:569)
	at org.springframework.web.method.support.InvocableHandlerMethod.doInvoke(InvocableHandlerMethod.java:259)
	at org.springframework.web.method.support.InvocableHandlerMethod.invokeForRequest(InvocableHandlerMethod.java:192)
	at org.springframework.web.servlet.mvc.method.annotation.ServletInvocableHandlerMethod.invokeAndHandle(ServletInvocableHandlerMethod.java:118)
	at org.springframework.web.servlet.mvc.method.annotation.RequestMappingHandlerAdapter.invokeHandlerMethod(RequestMappingHandlerAdapter.java:920)
	at org.springframework.web.servlet.mvc.method.annotation.RequestMappingHandlerAdapter.handleInternal(RequestMappingHandlerAdapter.java:830)
	at org.springframework.web.servlet.mvc.method.AbstractHandlerMethodAdapter.handle(AbstractHandlerMethodAdapter.java:87)
	at org.springframework.web.servlet.DispatcherServlet.doDispatch(DispatcherServlet.java:1089)
	at org.springframework.web.servlet.DispatcherServlet.doService(DispatcherServlet.java:979)
	at org.springframework.web.servlet.FrameworkServlet.processRequest(FrameworkServlet.java:1014)
	at org.springframework.web.servlet.FrameworkServlet.doPost(FrameworkServlet.java:914)
	at jakarta.servlet.http.HttpServlet.service(HttpServlet.java:590)
	at org.springframework.web.servlet.FrameworkServlet.service(FrameworkServlet.java:885)
	at jakarta.servlet.http.HttpServlet.service(HttpServlet.java:658)
	at org.apache.catalina.core.ApplicationFilterChain.internalDoFilter(ApplicationFilterChain.java:205)
	at org.apache.catalina.core.ApplicationFilterChain.doFilter(ApplicationFilterChain.java:149)
	at org.apache.tomcat.websocket.server.WsFilter.doFilter(WsFilter.java:51)
	at org.apache.catalina.core.ApplicationFilterChain.internalDoFilter(ApplicationFilterChain.java:174)
	at org.apache.catalina.core.ApplicationFilterChain.doFilter(ApplicationFilterChain.java:149)
	at org.springframework.web.filter.CompositeFilter$VirtualFilterChain.doFilter(CompositeFilter.java:108)
	at org.springframework.security.web.FilterChainProxy.lambda$doFilterInternal$3(FilterChainProxy.java:231)
	at org.springframework.security.web.ObservationFilterChainDecorator$FilterObservation$SimpleFilterObservation.lambda$wrap$1(ObservationFilterChainDecorator.java:479)
	at org.springframework.security.web.ObservationFilterChainDecorator$AroundFilterObservation$SimpleAroundFilterObservation.lambda$wrap$1(ObservationFilterChainDecorator.java:340)
	at org.springframework.security.web.ObservationFilterChainDecorator.lambda$wrapSecured$0(ObservationFilterChainDecorator.java:82)
	at org.springframework.security.web.ObservationFilterChainDecorator$VirtualFilterChain.doFilter(ObservationFilterChainDecorator.java:128)
	at org.springframework.security.web.access.intercept.AuthorizationFilter.doFilter(AuthorizationFilter.java:100)
	at org.springframework.security.web.ObservationFilterChainDecorator$ObservationFilter.wrapFilter(ObservationFilterChainDecorator.java:240)
	at org.springframework.security.web.ObservationFilterChainDecorator$ObservationFilter.doFilter(ObservationFilterChainDecorator.java:227)
	at org.springframework.security.web.ObservationFilterChainDecorator$VirtualFilterChain.doFilter(ObservationFilterChainDecorator.java:137)
	at org.springframework.security.web.access.ExceptionTranslationFilter.doFilter(ExceptionTranslationFilter.java:126)
	at org.springframework.security.web.access.ExceptionTranslationFilter.doFilter(ExceptionTranslationFilter.java:120)
	at org.springframework.security.web.ObservationFilterChainDecorator$ObservationFilter.wrapFilter(ObservationFilterChainDecorator.java:240)
	at org.springframework.security.web.ObservationFilterChainDecorator$ObservationFilter.doFilter(ObservationFilterChainDecorator.java:227)
	at org.springframework.security.web.ObservationFilterChainDecorator$VirtualFilterChain.doFilter(ObservationFilterChainDecorator.java:137)
	at org.springframework.security.web.authentication.AnonymousAuthenticationFilter.doFilter(AnonymousAuthenticationFilter.java:100)
	at org.springframework.security.web.ObservationFilterChainDecorator$ObservationFilter.wrapFilter(ObservationFilterChainDecorator.java:240)
	at org.springframework.security.web.ObservationFilterChainDecorator$ObservationFilter.doFilter(ObservationFilterChainDecorator.java:227)
	at org.springframework.security.web.ObservationFilterChainDecorator$VirtualFilterChain.doFilter(ObservationFilterChainDecorator.java:137)
	at org.springframework.security.web.servletapi.SecurityContextHolderAwareRequestFilter.doFilter(SecurityContextHolderAwareRequestFilter.java:179)
	at org.springframework.security.web.ObservationFilterChainDecorator$ObservationFilter.wrapFilter(ObservationFilterChainDecorator.java:240)
	at org.springframework.security.web.ObservationFilterChainDecorator$ObservationFilter.doFilter(ObservationFilterChainDecorator.java:227)
	at org.springframework.security.web.ObservationFilterChainDecorator$VirtualFilterChain.doFilter(ObservationFilterChainDecorator.java:137)
	at org.springframework.security.web.savedrequest.RequestCacheAwareFilter.doFilter(RequestCacheAwareFilter.java:63)
	at org.springframework.security.web.ObservationFilterChainDecorator$ObservationFilter.wrapFilter(ObservationFilterChainDecorator.java:240)
	at org.springframework.security.web.ObservationFilterChainDecorator$ObservationFilter.doFilter(ObservationFilterChainDecorator.java:227)
	at org.springframework.security.web.ObservationFilterChainDecorator$VirtualFilterChain.doFilter(ObservationFilterChainDecorator.java:137)
	at org.springframework.security.web.authentication.logout.LogoutFilter.doFilter(LogoutFilter.java:107)
	at org.springframework.security.web.authentication.logout.LogoutFilter.doFilter(LogoutFilter.java:93)
	at org.springframework.security.web.ObservationFilterChainDecorator$ObservationFilter.wrapFilter(ObservationFilterChainDecorator.java:240)
	at org.springframework.security.web.ObservationFilterChainDecorator$ObservationFilter.doFilter(ObservationFilterChainDecorator.java:227)
	at org.springframework.security.web.ObservationFilterChainDecorator$VirtualFilterChain.doFilter(ObservationFilterChainDecorator.java:137)
	at org.springframework.web.filter.CorsFilter.doFilterInternal(CorsFilter.java:91)
	at org.springframework.web.filter.OncePerRequestFilter.doFilter(OncePerRequestFilter.java:116)
	at org.springframework.security.web.ObservationFilterChainDecorator$ObservationFilter.wrapFilter(ObservationFilterChainDecorator.java:240)
	at org.springframework.security.web.ObservationFilterChainDecorator$ObservationFilter.doFilter(ObservationFilterChainDecorator.java:227)
	at org.springframework.security.web.ObservationFilterChainDecorator$VirtualFilterChain.doFilter(ObservationFilterChainDecorator.java:137)
	at org.springframework.security.web.header.HeaderWriterFilter.doHeadersAfter(HeaderWriterFilter.java:90)
	at org.springframework.security.web.header.HeaderWriterFilter.doFilterInternal(HeaderWriterFilter.java:75)
	at org.springframework.web.filter.OncePerRequestFilter.doFilter(OncePerRequestFilter.java:116)
	at org.springframework.security.web.ObservationFilterChainDecorator$ObservationFilter.wrapFilter(ObservationFilterChainDecorator.java:240)
	at org.springframework.security.web.ObservationFilterChainDecorator$ObservationFilter.doFilter(ObservationFilterChainDecorator.java:227)
	at org.springframework.security.web.ObservationFilterChainDecorator$VirtualFilterChain.doFilter(ObservationFilterChainDecorator.java:137)
	at org.springframework.security.web.context.SecurityContextHolderFilter.doFilter(SecurityContextHolderFilter.java:82)
	at org.springframework.security.web.context.SecurityContextHolderFilter.doFilter(SecurityContextHolderFilter.java:69)
	at org.springframework.security.web.ObservationFilterChainDecorator$ObservationFilter.wrapFilter(ObservationFilterChainDecorator.java:240)
	at org.springframework.security.web.ObservationFilterChainDecorator$ObservationFilter.doFilter(ObservationFilterChainDecorator.java:227)
	at org.springframework.security.web.ObservationFilterChainDecorator$VirtualFilterChain.doFilter(ObservationFilterChainDecorator.java:137)
	at org.springframework.security.web.context.request.async.WebAsyncManagerIntegrationFilter.doFilterInternal(WebAsyncManagerIntegrationFilter.java:62)
	at org.springframework.web.filter.OncePerRequestFilter.doFilter(OncePerRequestFilter.java:116)
	at org.springframework.security.web.ObservationFilterChainDecorator$ObservationFilter.wrapFilter(ObservationFilterChainDecorator.java:240)
	at org.springframework.security.web.ObservationFilterChainDecorator$ObservationFilter.doFilter(ObservationFilterChainDecorator.java:227)
	at org.springframework.security.web.ObservationFilterChainDecorator$VirtualFilterChain.doFilter(ObservationFilterChainDecorator.java:137)
	at org.springframework.security.web.session.DisableEncodeUrlFilter.doFilterInternal(DisableEncodeUrlFilter.java:42)
	at org.springframework.web.filter.OncePerRequestFilter.doFilter(OncePerRequestFilter.java:116)
	at org.springframework.security.web.ObservationFilterChainDecorator$ObservationFilter.wrapFilter(ObservationFilterChainDecorator.java:240)
	at org.springframework.security.web.ObservationFilterChainDecorator$AroundFilterObservation$SimpleAroundFilterObservation.lambda$wrap$0(ObservationFilterChainDecorator.java:323)
	at org.springframework.security.web.ObservationFilterChainDecorator$ObservationFilter.doFilter(ObservationFilterChainDecorator.java:224)
	at org.springframework.security.web.ObservationFilterChainDecorator$VirtualFilterChain.doFilter(ObservationFilterChainDecorator.java:137)
	at org.springframework.security.web.FilterChainProxy.doFilterInternal(FilterChainProxy.java:233)
	at org.springframework.security.web.FilterChainProxy.doFilter(FilterChainProxy.java:191)
	at org.springframework.web.filter.CompositeFilter$VirtualFilterChain.doFilter(CompositeFilter.java:113)
	at org.springframework.web.servlet.handler.HandlerMappingIntrospector.lambda$createCacheFilter$3(HandlerMappingIntrospector.java:195)
	at org.springframework.web.filter.CompositeFilter$VirtualFilterChain.doFilter(CompositeFilter.java:113)
	at org.springframework.web.filter.CompositeFilter.doFilter(CompositeFilter.java:74)
	at org.springframework.security.config.annotation.web.configuration.WebMvcSecurityConfiguration$CompositeFilterChainProxy.doFilter(WebMvcSecurityConfiguration.java:230)
	at org.springframework.web.filter.DelegatingFilterProxy.invokeDelegate(DelegatingFilterProxy.java:352)
	at org.springframework.web.filter.DelegatingFilterProxy.doFilter(DelegatingFilterProxy.java:268)
	at org.apache.catalina.core.ApplicationFilterChain.internalDoFilter(ApplicationFilterChain.java:174)
	at org.apache.catalina.core.ApplicationFilterChain.doFilter(ApplicationFilterChain.java:149)
	at org.springframework.web.filter.RequestContextFilter.doFilterInternal(RequestContextFilter.java:100)
	at org.springframework.web.filter.OncePerRequestFilter.doFilter(OncePerRequestFilter.java:116)
	at org.apache.catalina.core.ApplicationFilterChain.internalDoFilter(ApplicationFilterChain.java:174)
	at org.apache.catalina.core.ApplicationFilterChain.doFilter(ApplicationFilterChain.java:149)
	at org.springframework.web.filter.FormContentFilter.doFilterInternal(FormContentFilter.java:93)
	at org.springframework.web.filter.OncePerRequestFilter.doFilter(OncePerRequestFilter.java:116)
	at org.apache.catalina.core.ApplicationFilterChain.internalDoFilter(ApplicationFilterChain.java:174)
	at org.apache.catalina.core.ApplicationFilterChain.doFilter(ApplicationFilterChain.java:149)
	at org.springframework.web.filter.ServerHttpObservationFilter.doFilterInternal(ServerHttpObservationFilter.java:109)
	at org.springframework.web.filter.OncePerRequestFilter.doFilter(OncePerRequestFilter.java:116)
	at org.apache.catalina.core.ApplicationFilterChain.internalDoFilter(ApplicationFilterChain.java:174)
	at org.apache.catalina.core.ApplicationFilterChain.doFilter(ApplicationFilterChain.java:149)
	at org.springframework.web.filter.CharacterEncodingFilter.doFilterInternal(CharacterEncodingFilter.java:201)
	at org.springframework.web.filter.OncePerRequestFilter.doFilter(OncePerRequestFilter.java:116)
	at org.apache.catalina.core.ApplicationFilterChain.internalDoFilter(ApplicationFilterChain.java:174)
	at org.apache.catalina.core.ApplicationFilterChain.doFilter(ApplicationFilterChain.java:149)
	at org.apache.catalina.core.StandardWrapperValve.invoke(StandardWrapperValve.java:167)
	at org.apache.catalina.core.StandardContextValve.invoke(StandardContextValve.java:90)
	at org.apache.catalina.authenticator.AuthenticatorBase.invoke(AuthenticatorBase.java:482)
	at org.apache.catalina.core.StandardHostValve.invoke(StandardHostValve.java:115)
	at org.apache.catalina.valves.ErrorReportValve.invoke(ErrorReportValve.java:93)
	at org.apache.catalina.core.StandardEngineValve.invoke(StandardEngineValve.java:74)
	at org.apache.catalina.connector.CoyoteAdapter.service(CoyoteAdapter.java:344)
	at org.apache.coyote.http11.Http11Processor.service(Http11Processor.java:391)
	at org.apache.coyote.AbstractProcessorLight.process(AbstractProcessorLight.java:63)
	at org.apache.coyote.AbstractProtocol$ConnectionHandler.process(AbstractProtocol.java:896)
	at org.apache.tomcat.util.net.NioEndpoint$SocketProcessor.doRun(NioEndpoint.java:1744)
	at org.apache.tomcat.util.net.SocketProcessorBase.run(SocketProcessorBase.java:52)
	at org.apache.tomcat.util.threads.ThreadPoolExecutor.runWorker(ThreadPoolExecutor.java:1191)
	at org.apache.tomcat.util.threads.ThreadPoolExecutor$Worker.run(ThreadPoolExecutor.java:659)
	at org.apache.tomcat.util.threads.TaskThread$WrappingRunnable.run(TaskThread.java:63)
	at java.base/java.lang.Thread.run(Thread.java:840)
2025-07-04 09:03:45 [http-nio-8082-exec-2] ERROR c.m.u.core.logging.LoggingService - Error al registrar cliente con email: agudelo@gmail.com
com.microserviceone.users.registrationApi.application.exception.UserAlreadyRegisteredException: El usuario con email agudelo@gmail.com ya está registrado
	at com.microserviceone.users.registrationApi.application.usecase.ValidateUniqueEmailUseCase.validate(ValidateUniqueEmailUseCase.java:27)
	at com.microserviceone.users.registrationApi.application.usecase.SaveCustomerUseCase.save(SaveCustomerUseCase.java:30)
	at java.base/jdk.internal.reflect.NativeMethodAccessorImpl.invoke0(Native Method)
	at java.base/jdk.internal.reflect.NativeMethodAccessorImpl.invoke(NativeMethodAccessorImpl.java:77)
	at java.base/jdk.internal.reflect.DelegatingMethodAccessorImpl.invoke(DelegatingMethodAccessorImpl.java:43)
	at java.base/java.lang.reflect.Method.invoke(Method.java:569)
	at org.springframework.aop.support.AopUtils.invokeJoinpointUsingReflection(AopUtils.java:351)
	at org.springframework.aop.framework.ReflectiveMethodInvocation.invokeJoinpoint(ReflectiveMethodInvocation.java:196)
	at org.springframework.aop.framework.ReflectiveMethodInvocation.proceed(ReflectiveMethodInvocation.java:163)
	at org.springframework.aop.framework.CglibAopProxy$CglibMethodInvocation.proceed(CglibAopProxy.java:765)
	at org.springframework.transaction.interceptor.TransactionInterceptor$1.proceedWithInvocation(TransactionInterceptor.java:123)
	at org.springframework.transaction.interceptor.TransactionAspectSupport.invokeWithinTransaction(TransactionAspectSupport.java:385)
	at org.springframework.transaction.interceptor.TransactionInterceptor.invoke(TransactionInterceptor.java:119)
	at org.springframework.aop.framework.ReflectiveMethodInvocation.proceed(ReflectiveMethodInvocation.java:184)
	at org.springframework.aop.framework.CglibAopProxy$CglibMethodInvocation.proceed(CglibAopProxy.java:765)
	at org.springframework.aop.framework.CglibAopProxy$DynamicAdvisedInterceptor.intercept(CglibAopProxy.java:717)
	at com.microserviceone.users.registrationApi.application.usecase.SaveCustomerUseCase$$SpringCGLIB$$0.save(<generated>)
	at com.microserviceone.users.registrationApi.application.service.RegistrationService.save(RegistrationService.java:33)
	at com.microserviceone.users.registrationApi.web.controller.RegisterController.registerCustomer(RegisterController.java:73)
	at java.base/jdk.internal.reflect.NativeMethodAccessorImpl.invoke0(Native Method)
	at java.base/jdk.internal.reflect.NativeMethodAccessorImpl.invoke(NativeMethodAccessorImpl.java:77)
	at java.base/jdk.internal.reflect.DelegatingMethodAccessorImpl.invoke(DelegatingMethodAccessorImpl.java:43)
	at java.base/java.lang.reflect.Method.invoke(Method.java:569)
	at org.springframework.web.method.support.InvocableHandlerMethod.doInvoke(InvocableHandlerMethod.java:259)
	at org.springframework.web.method.support.InvocableHandlerMethod.invokeForRequest(InvocableHandlerMethod.java:192)
	at org.springframework.web.servlet.mvc.method.annotation.ServletInvocableHandlerMethod.invokeAndHandle(ServletInvocableHandlerMethod.java:118)
	at org.springframework.web.servlet.mvc.method.annotation.RequestMappingHandlerAdapter.invokeHandlerMethod(RequestMappingHandlerAdapter.java:920)
	at org.springframework.web.servlet.mvc.method.annotation.RequestMappingHandlerAdapter.handleInternal(RequestMappingHandlerAdapter.java:830)
	at org.springframework.web.servlet.mvc.method.AbstractHandlerMethodAdapter.handle(AbstractHandlerMethodAdapter.java:87)
	at org.springframework.web.servlet.DispatcherServlet.doDispatch(DispatcherServlet.java:1089)
	at org.springframework.web.servlet.DispatcherServlet.doService(DispatcherServlet.java:979)
	at org.springframework.web.servlet.FrameworkServlet.processRequest(FrameworkServlet.java:1014)
	at org.springframework.web.servlet.FrameworkServlet.doPost(FrameworkServlet.java:914)
	at jakarta.servlet.http.HttpServlet.service(HttpServlet.java:590)
	at org.springframework.web.servlet.FrameworkServlet.service(FrameworkServlet.java:885)
	at jakarta.servlet.http.HttpServlet.service(HttpServlet.java:658)
	at org.apache.catalina.core.ApplicationFilterChain.internalDoFilter(ApplicationFilterChain.java:205)
	at org.apache.catalina.core.ApplicationFilterChain.doFilter(ApplicationFilterChain.java:149)
	at org.apache.tomcat.websocket.server.WsFilter.doFilter(WsFilter.java:51)
	at org.apache.catalina.core.ApplicationFilterChain.internalDoFilter(ApplicationFilterChain.java:174)
	at org.apache.catalina.core.ApplicationFilterChain.doFilter(ApplicationFilterChain.java:149)
	at org.springframework.web.filter.CompositeFilter$VirtualFilterChain.doFilter(CompositeFilter.java:108)
	at org.springframework.security.web.FilterChainProxy.lambda$doFilterInternal$3(FilterChainProxy.java:231)
	at org.springframework.security.web.ObservationFilterChainDecorator$FilterObservation$SimpleFilterObservation.lambda$wrap$1(ObservationFilterChainDecorator.java:479)
	at org.springframework.security.web.ObservationFilterChainDecorator$AroundFilterObservation$SimpleAroundFilterObservation.lambda$wrap$1(ObservationFilterChainDecorator.java:340)
	at org.springframework.security.web.ObservationFilterChainDecorator.lambda$wrapSecured$0(ObservationFilterChainDecorator.java:82)
	at org.springframework.security.web.ObservationFilterChainDecorator$VirtualFilterChain.doFilter(ObservationFilterChainDecorator.java:128)
	at org.springframework.security.web.access.intercept.AuthorizationFilter.doFilter(AuthorizationFilter.java:100)
	at org.springframework.security.web.ObservationFilterChainDecorator$ObservationFilter.wrapFilter(ObservationFilterChainDecorator.java:240)
	at org.springframework.security.web.ObservationFilterChainDecorator$ObservationFilter.doFilter(ObservationFilterChainDecorator.java:227)
	at org.springframework.security.web.ObservationFilterChainDecorator$VirtualFilterChain.doFilter(ObservationFilterChainDecorator.java:137)
	at org.springframework.security.web.access.ExceptionTranslationFilter.doFilter(ExceptionTranslationFilter.java:126)
	at org.springframework.security.web.access.ExceptionTranslationFilter.doFilter(ExceptionTranslationFilter.java:120)
	at org.springframework.security.web.ObservationFilterChainDecorator$ObservationFilter.wrapFilter(ObservationFilterChainDecorator.java:240)
	at org.springframework.security.web.ObservationFilterChainDecorator$ObservationFilter.doFilter(ObservationFilterChainDecorator.java:227)
	at org.springframework.security.web.ObservationFilterChainDecorator$VirtualFilterChain.doFilter(ObservationFilterChainDecorator.java:137)
	at org.springframework.security.web.authentication.AnonymousAuthenticationFilter.doFilter(AnonymousAuthenticationFilter.java:100)
	at org.springframework.security.web.ObservationFilterChainDecorator$ObservationFilter.wrapFilter(ObservationFilterChainDecorator.java:240)
	at org.springframework.security.web.ObservationFilterChainDecorator$ObservationFilter.doFilter(ObservationFilterChainDecorator.java:227)
	at org.springframework.security.web.ObservationFilterChainDecorator$VirtualFilterChain.doFilter(ObservationFilterChainDecorator.java:137)
	at org.springframework.security.web.servletapi.SecurityContextHolderAwareRequestFilter.doFilter(SecurityContextHolderAwareRequestFilter.java:179)
	at org.springframework.security.web.ObservationFilterChainDecorator$ObservationFilter.wrapFilter(ObservationFilterChainDecorator.java:240)
	at org.springframework.security.web.ObservationFilterChainDecorator$ObservationFilter.doFilter(ObservationFilterChainDecorator.java:227)
	at org.springframework.security.web.ObservationFilterChainDecorator$VirtualFilterChain.doFilter(ObservationFilterChainDecorator.java:137)
	at org.springframework.security.web.savedrequest.RequestCacheAwareFilter.doFilter(RequestCacheAwareFilter.java:63)
	at org.springframework.security.web.ObservationFilterChainDecorator$ObservationFilter.wrapFilter(ObservationFilterChainDecorator.java:240)
	at org.springframework.security.web.ObservationFilterChainDecorator$ObservationFilter.doFilter(ObservationFilterChainDecorator.java:227)
	at org.springframework.security.web.ObservationFilterChainDecorator$VirtualFilterChain.doFilter(ObservationFilterChainDecorator.java:137)
	at org.springframework.security.web.authentication.logout.LogoutFilter.doFilter(LogoutFilter.java:107)
	at org.springframework.security.web.authentication.logout.LogoutFilter.doFilter(LogoutFilter.java:93)
	at org.springframework.security.web.ObservationFilterChainDecorator$ObservationFilter.wrapFilter(ObservationFilterChainDecorator.java:240)
	at org.springframework.security.web.ObservationFilterChainDecorator$ObservationFilter.doFilter(ObservationFilterChainDecorator.java:227)
	at org.springframework.security.web.ObservationFilterChainDecorator$VirtualFilterChain.doFilter(ObservationFilterChainDecorator.java:137)
	at org.springframework.web.filter.CorsFilter.doFilterInternal(CorsFilter.java:91)
	at org.springframework.web.filter.OncePerRequestFilter.doFilter(OncePerRequestFilter.java:116)
	at org.springframework.security.web.ObservationFilterChainDecorator$ObservationFilter.wrapFilter(ObservationFilterChainDecorator.java:240)
	at org.springframework.security.web.ObservationFilterChainDecorator$ObservationFilter.doFilter(ObservationFilterChainDecorator.java:227)
	at org.springframework.security.web.ObservationFilterChainDecorator$VirtualFilterChain.doFilter(ObservationFilterChainDecorator.java:137)
	at org.springframework.security.web.header.HeaderWriterFilter.doHeadersAfter(HeaderWriterFilter.java:90)
	at org.springframework.security.web.header.HeaderWriterFilter.doFilterInternal(HeaderWriterFilter.java:75)
	at org.springframework.web.filter.OncePerRequestFilter.doFilter(OncePerRequestFilter.java:116)
	at org.springframework.security.web.ObservationFilterChainDecorator$ObservationFilter.wrapFilter(ObservationFilterChainDecorator.java:240)
	at org.springframework.security.web.ObservationFilterChainDecorator$ObservationFilter.doFilter(ObservationFilterChainDecorator.java:227)
	at org.springframework.security.web.ObservationFilterChainDecorator$VirtualFilterChain.doFilter(ObservationFilterChainDecorator.java:137)
	at org.springframework.security.web.context.SecurityContextHolderFilter.doFilter(SecurityContextHolderFilter.java:82)
	at org.springframework.security.web.context.SecurityContextHolderFilter.doFilter(SecurityContextHolderFilter.java:69)
	at org.springframework.security.web.ObservationFilterChainDecorator$ObservationFilter.wrapFilter(ObservationFilterChainDecorator.java:240)
	at org.springframework.security.web.ObservationFilterChainDecorator$ObservationFilter.doFilter(ObservationFilterChainDecorator.java:227)
	at org.springframework.security.web.ObservationFilterChainDecorator$VirtualFilterChain.doFilter(ObservationFilterChainDecorator.java:137)
	at org.springframework.security.web.context.request.async.WebAsyncManagerIntegrationFilter.doFilterInternal(WebAsyncManagerIntegrationFilter.java:62)
	at org.springframework.web.filter.OncePerRequestFilter.doFilter(OncePerRequestFilter.java:116)
	at org.springframework.security.web.ObservationFilterChainDecorator$ObservationFilter.wrapFilter(ObservationFilterChainDecorator.java:240)
	at org.springframework.security.web.ObservationFilterChainDecorator$ObservationFilter.doFilter(ObservationFilterChainDecorator.java:227)
	at org.springframework.security.web.ObservationFilterChainDecorator$VirtualFilterChain.doFilter(ObservationFilterChainDecorator.java:137)
	at org.springframework.security.web.session.DisableEncodeUrlFilter.doFilterInternal(DisableEncodeUrlFilter.java:42)
	at org.springframework.web.filter.OncePerRequestFilter.doFilter(OncePerRequestFilter.java:116)
	at org.springframework.security.web.ObservationFilterChainDecorator$ObservationFilter.wrapFilter(ObservationFilterChainDecorator.java:240)
	at org.springframework.security.web.ObservationFilterChainDecorator$AroundFilterObservation$SimpleAroundFilterObservation.lambda$wrap$0(ObservationFilterChainDecorator.java:323)
	at org.springframework.security.web.ObservationFilterChainDecorator$ObservationFilter.doFilter(ObservationFilterChainDecorator.java:224)
	at org.springframework.security.web.ObservationFilterChainDecorator$VirtualFilterChain.doFilter(ObservationFilterChainDecorator.java:137)
	at org.springframework.security.web.FilterChainProxy.doFilterInternal(FilterChainProxy.java:233)
	at org.springframework.security.web.FilterChainProxy.doFilter(FilterChainProxy.java:191)
	at org.springframework.web.filter.CompositeFilter$VirtualFilterChain.doFilter(CompositeFilter.java:113)
	at org.springframework.web.servlet.handler.HandlerMappingIntrospector.lambda$createCacheFilter$3(HandlerMappingIntrospector.java:195)
	at org.springframework.web.filter.CompositeFilter$VirtualFilterChain.doFilter(CompositeFilter.java:113)
	at org.springframework.web.filter.CompositeFilter.doFilter(CompositeFilter.java:74)
	at org.springframework.security.config.annotation.web.configuration.WebMvcSecurityConfiguration$CompositeFilterChainProxy.doFilter(WebMvcSecurityConfiguration.java:230)
	at org.springframework.web.filter.DelegatingFilterProxy.invokeDelegate(DelegatingFilterProxy.java:352)
	at org.springframework.web.filter.DelegatingFilterProxy.doFilter(DelegatingFilterProxy.java:268)
	at org.apache.catalina.core.ApplicationFilterChain.internalDoFilter(ApplicationFilterChain.java:174)
	at org.apache.catalina.core.ApplicationFilterChain.doFilter(ApplicationFilterChain.java:149)
	at org.springframework.web.filter.RequestContextFilter.doFilterInternal(RequestContextFilter.java:100)
	at org.springframework.web.filter.OncePerRequestFilter.doFilter(OncePerRequestFilter.java:116)
	at org.apache.catalina.core.ApplicationFilterChain.internalDoFilter(ApplicationFilterChain.java:174)
	at org.apache.catalina.core.ApplicationFilterChain.doFilter(ApplicationFilterChain.java:149)
	at org.springframework.web.filter.FormContentFilter.doFilterInternal(FormContentFilter.java:93)
	at org.springframework.web.filter.OncePerRequestFilter.doFilter(OncePerRequestFilter.java:116)
	at org.apache.catalina.core.ApplicationFilterChain.internalDoFilter(ApplicationFilterChain.java:174)
	at org.apache.catalina.core.ApplicationFilterChain.doFilter(ApplicationFilterChain.java:149)
	at org.springframework.web.filter.ServerHttpObservationFilter.doFilterInternal(ServerHttpObservationFilter.java:109)
	at org.springframework.web.filter.OncePerRequestFilter.doFilter(OncePerRequestFilter.java:116)
	at org.apache.catalina.core.ApplicationFilterChain.internalDoFilter(ApplicationFilterChain.java:174)
	at org.apache.catalina.core.ApplicationFilterChain.doFilter(ApplicationFilterChain.java:149)
	at org.springframework.web.filter.CharacterEncodingFilter.doFilterInternal(CharacterEncodingFilter.java:201)
	at org.springframework.web.filter.OncePerRequestFilter.doFilter(OncePerRequestFilter.java:116)
	at org.apache.catalina.core.ApplicationFilterChain.internalDoFilter(ApplicationFilterChain.java:174)
	at org.apache.catalina.core.ApplicationFilterChain.doFilter(ApplicationFilterChain.java:149)
	at org.apache.catalina.core.StandardWrapperValve.invoke(StandardWrapperValve.java:167)
	at org.apache.catalina.core.StandardContextValve.invoke(StandardContextValve.java:90)
	at org.apache.catalina.authenticator.AuthenticatorBase.invoke(AuthenticatorBase.java:482)
	at org.apache.catalina.core.StandardHostValve.invoke(StandardHostValve.java:115)
	at org.apache.catalina.valves.ErrorReportValve.invoke(ErrorReportValve.java:93)
	at org.apache.catalina.core.StandardEngineValve.invoke(StandardEngineValve.java:74)
	at org.apache.catalina.connector.CoyoteAdapter.service(CoyoteAdapter.java:344)
	at org.apache.coyote.http11.Http11Processor.service(Http11Processor.java:391)
	at org.apache.coyote.AbstractProcessorLight.process(AbstractProcessorLight.java:63)
	at org.apache.coyote.AbstractProtocol$ConnectionHandler.process(AbstractProtocol.java:896)
	at org.apache.tomcat.util.net.NioEndpoint$SocketProcessor.doRun(NioEndpoint.java:1744)
	at org.apache.tomcat.util.net.SocketProcessorBase.run(SocketProcessorBase.java:52)
	at org.apache.tomcat.util.threads.ThreadPoolExecutor.runWorker(ThreadPoolExecutor.java:1191)
	at org.apache.tomcat.util.threads.ThreadPoolExecutor$Worker.run(ThreadPoolExecutor.java:659)
	at org.apache.tomcat.util.threads.TaskThread$WrappingRunnable.run(TaskThread.java:63)
	at java.base/java.lang.Thread.run(Thread.java:840)
2025-07-04 09:06:43 [http-nio-8082-exec-8] ERROR c.m.u.core.logging.LoggingService - CheckEmailVerificationUseCase: Excepción de email no verificado - Email: agudelo1@gmail.com
com.microserviceone.users.verificationCodeApi.application.exception.EmailNotVerifiedException: El correo electrónico aún no ha sido verificado
	at com.microserviceone.users.verificationCodeApi.application.usecase.CheckEmailVerificationUseCase.checkEmailVerification(CheckEmailVerificationUseCase.java:30)
	at java.base/jdk.internal.reflect.NativeMethodAccessorImpl.invoke0(Native Method)
	at java.base/jdk.internal.reflect.NativeMethodAccessorImpl.invoke(NativeMethodAccessorImpl.java:77)
	at java.base/jdk.internal.reflect.DelegatingMethodAccessorImpl.invoke(DelegatingMethodAccessorImpl.java:43)
	at java.base/java.lang.reflect.Method.invoke(Method.java:569)
	at org.springframework.aop.support.AopUtils.invokeJoinpointUsingReflection(AopUtils.java:351)
	at org.springframework.aop.framework.ReflectiveMethodInvocation.invokeJoinpoint(ReflectiveMethodInvocation.java:196)
	at org.springframework.aop.framework.ReflectiveMethodInvocation.proceed(ReflectiveMethodInvocation.java:163)
	at org.springframework.aop.framework.CglibAopProxy$CglibMethodInvocation.proceed(CglibAopProxy.java:765)
	at org.springframework.transaction.interceptor.TransactionInterceptor$1.proceedWithInvocation(TransactionInterceptor.java:123)
	at org.springframework.transaction.interceptor.TransactionAspectSupport.invokeWithinTransaction(TransactionAspectSupport.java:385)
	at org.springframework.transaction.interceptor.TransactionInterceptor.invoke(TransactionInterceptor.java:119)
	at org.springframework.aop.framework.ReflectiveMethodInvocation.proceed(ReflectiveMethodInvocation.java:184)
	at org.springframework.aop.framework.CglibAopProxy$CglibMethodInvocation.proceed(CglibAopProxy.java:765)
	at org.springframework.aop.framework.CglibAopProxy$DynamicAdvisedInterceptor.intercept(CglibAopProxy.java:717)
	at com.microserviceone.users.verificationCodeApi.application.usecase.CheckEmailVerificationUseCase$$SpringCGLIB$$0.checkEmailVerification(<generated>)
	at com.microserviceone.users.verificationCodeApi.application.usecase.cached.CachedCheckEmailVerificationUseCase.lambda$0(CachedCheckEmailVerificationUseCase.java:36)
	at com.microserviceone.users.core.cache.service.CacheServiceImpl.getOrCompute(CacheServiceImpl.java:40)
	at com.microserviceone.users.verificationCodeApi.application.usecase.cached.CachedCheckEmailVerificationUseCase.checkEmailVerification(CachedCheckEmailVerificationUseCase.java:31)
	at com.microserviceone.users.verificationCodeApi.application.service.VerificationService.checkEmailVerification(VerificationService.java:55)
	at com.microserviceone.users.verificationCodeApi.web.controller.VerificationCodeController.checkEmailVerification(VerificationCodeController.java:69)
	at java.base/jdk.internal.reflect.NativeMethodAccessorImpl.invoke0(Native Method)
	at java.base/jdk.internal.reflect.NativeMethodAccessorImpl.invoke(NativeMethodAccessorImpl.java:77)
	at java.base/jdk.internal.reflect.DelegatingMethodAccessorImpl.invoke(DelegatingMethodAccessorImpl.java:43)
	at java.base/java.lang.reflect.Method.invoke(Method.java:569)
	at org.springframework.web.method.support.InvocableHandlerMethod.doInvoke(InvocableHandlerMethod.java:259)
	at org.springframework.web.method.support.InvocableHandlerMethod.invokeForRequest(InvocableHandlerMethod.java:192)
	at org.springframework.web.servlet.mvc.method.annotation.ServletInvocableHandlerMethod.invokeAndHandle(ServletInvocableHandlerMethod.java:118)
	at org.springframework.web.servlet.mvc.method.annotation.RequestMappingHandlerAdapter.invokeHandlerMethod(RequestMappingHandlerAdapter.java:920)
	at org.springframework.web.servlet.mvc.method.annotation.RequestMappingHandlerAdapter.handleInternal(RequestMappingHandlerAdapter.java:830)
	at org.springframework.web.servlet.mvc.method.AbstractHandlerMethodAdapter.handle(AbstractHandlerMethodAdapter.java:87)
	at org.springframework.web.servlet.DispatcherServlet.doDispatch(DispatcherServlet.java:1089)
	at org.springframework.web.servlet.DispatcherServlet.doService(DispatcherServlet.java:979)
	at org.springframework.web.servlet.FrameworkServlet.processRequest(FrameworkServlet.java:1014)
	at org.springframework.web.servlet.FrameworkServlet.doPost(FrameworkServlet.java:914)
	at jakarta.servlet.http.HttpServlet.service(HttpServlet.java:590)
	at org.springframework.web.servlet.FrameworkServlet.service(FrameworkServlet.java:885)
	at jakarta.servlet.http.HttpServlet.service(HttpServlet.java:658)
	at org.apache.catalina.core.ApplicationFilterChain.internalDoFilter(ApplicationFilterChain.java:205)
	at org.apache.catalina.core.ApplicationFilterChain.doFilter(ApplicationFilterChain.java:149)
	at org.apache.tomcat.websocket.server.WsFilter.doFilter(WsFilter.java:51)
	at org.apache.catalina.core.ApplicationFilterChain.internalDoFilter(ApplicationFilterChain.java:174)
	at org.apache.catalina.core.ApplicationFilterChain.doFilter(ApplicationFilterChain.java:149)
	at org.springframework.web.filter.CompositeFilter$VirtualFilterChain.doFilter(CompositeFilter.java:108)
	at org.springframework.security.web.FilterChainProxy.lambda$doFilterInternal$3(FilterChainProxy.java:231)
	at org.springframework.security.web.ObservationFilterChainDecorator$FilterObservation$SimpleFilterObservation.lambda$wrap$1(ObservationFilterChainDecorator.java:479)
	at org.springframework.security.web.ObservationFilterChainDecorator$AroundFilterObservation$SimpleAroundFilterObservation.lambda$wrap$1(ObservationFilterChainDecorator.java:340)
	at org.springframework.security.web.ObservationFilterChainDecorator.lambda$wrapSecured$0(ObservationFilterChainDecorator.java:82)
	at org.springframework.security.web.ObservationFilterChainDecorator$VirtualFilterChain.doFilter(ObservationFilterChainDecorator.java:128)
	at org.springframework.security.web.access.intercept.AuthorizationFilter.doFilter(AuthorizationFilter.java:100)
	at org.springframework.security.web.ObservationFilterChainDecorator$ObservationFilter.wrapFilter(ObservationFilterChainDecorator.java:240)
	at org.springframework.security.web.ObservationFilterChainDecorator$ObservationFilter.doFilter(ObservationFilterChainDecorator.java:227)
	at org.springframework.security.web.ObservationFilterChainDecorator$VirtualFilterChain.doFilter(ObservationFilterChainDecorator.java:137)
	at org.springframework.security.web.access.ExceptionTranslationFilter.doFilter(ExceptionTranslationFilter.java:126)
	at org.springframework.security.web.access.ExceptionTranslationFilter.doFilter(ExceptionTranslationFilter.java:120)
	at org.springframework.security.web.ObservationFilterChainDecorator$ObservationFilter.wrapFilter(ObservationFilterChainDecorator.java:240)
	at org.springframework.security.web.ObservationFilterChainDecorator$ObservationFilter.doFilter(ObservationFilterChainDecorator.java:227)
	at org.springframework.security.web.ObservationFilterChainDecorator$VirtualFilterChain.doFilter(ObservationFilterChainDecorator.java:137)
	at org.springframework.security.web.authentication.AnonymousAuthenticationFilter.doFilter(AnonymousAuthenticationFilter.java:100)
	at org.springframework.security.web.ObservationFilterChainDecorator$ObservationFilter.wrapFilter(ObservationFilterChainDecorator.java:240)
	at org.springframework.security.web.ObservationFilterChainDecorator$ObservationFilter.doFilter(ObservationFilterChainDecorator.java:227)
	at org.springframework.security.web.ObservationFilterChainDecorator$VirtualFilterChain.doFilter(ObservationFilterChainDecorator.java:137)
	at org.springframework.security.web.servletapi.SecurityContextHolderAwareRequestFilter.doFilter(SecurityContextHolderAwareRequestFilter.java:179)
	at org.springframework.security.web.ObservationFilterChainDecorator$ObservationFilter.wrapFilter(ObservationFilterChainDecorator.java:240)
	at org.springframework.security.web.ObservationFilterChainDecorator$ObservationFilter.doFilter(ObservationFilterChainDecorator.java:227)
	at org.springframework.security.web.ObservationFilterChainDecorator$VirtualFilterChain.doFilter(ObservationFilterChainDecorator.java:137)
	at org.springframework.security.web.savedrequest.RequestCacheAwareFilter.doFilter(RequestCacheAwareFilter.java:63)
	at org.springframework.security.web.ObservationFilterChainDecorator$ObservationFilter.wrapFilter(ObservationFilterChainDecorator.java:240)
	at org.springframework.security.web.ObservationFilterChainDecorator$ObservationFilter.doFilter(ObservationFilterChainDecorator.java:227)
	at org.springframework.security.web.ObservationFilterChainDecorator$VirtualFilterChain.doFilter(ObservationFilterChainDecorator.java:137)
	at org.springframework.security.web.authentication.logout.LogoutFilter.doFilter(LogoutFilter.java:107)
	at org.springframework.security.web.authentication.logout.LogoutFilter.doFilter(LogoutFilter.java:93)
	at org.springframework.security.web.ObservationFilterChainDecorator$ObservationFilter.wrapFilter(ObservationFilterChainDecorator.java:240)
	at org.springframework.security.web.ObservationFilterChainDecorator$ObservationFilter.doFilter(ObservationFilterChainDecorator.java:227)
	at org.springframework.security.web.ObservationFilterChainDecorator$VirtualFilterChain.doFilter(ObservationFilterChainDecorator.java:137)
	at org.springframework.web.filter.CorsFilter.doFilterInternal(CorsFilter.java:91)
	at org.springframework.web.filter.OncePerRequestFilter.doFilter(OncePerRequestFilter.java:116)
	at org.springframework.security.web.ObservationFilterChainDecorator$ObservationFilter.wrapFilter(ObservationFilterChainDecorator.java:240)
	at org.springframework.security.web.ObservationFilterChainDecorator$ObservationFilter.doFilter(ObservationFilterChainDecorator.java:227)
	at org.springframework.security.web.ObservationFilterChainDecorator$VirtualFilterChain.doFilter(ObservationFilterChainDecorator.java:137)
	at org.springframework.security.web.header.HeaderWriterFilter.doHeadersAfter(HeaderWriterFilter.java:90)
	at org.springframework.security.web.header.HeaderWriterFilter.doFilterInternal(HeaderWriterFilter.java:75)
	at org.springframework.web.filter.OncePerRequestFilter.doFilter(OncePerRequestFilter.java:116)
	at org.springframework.security.web.ObservationFilterChainDecorator$ObservationFilter.wrapFilter(ObservationFilterChainDecorator.java:240)
	at org.springframework.security.web.ObservationFilterChainDecorator$ObservationFilter.doFilter(ObservationFilterChainDecorator.java:227)
	at org.springframework.security.web.ObservationFilterChainDecorator$VirtualFilterChain.doFilter(ObservationFilterChainDecorator.java:137)
	at org.springframework.security.web.context.SecurityContextHolderFilter.doFilter(SecurityContextHolderFilter.java:82)
	at org.springframework.security.web.context.SecurityContextHolderFilter.doFilter(SecurityContextHolderFilter.java:69)
	at org.springframework.security.web.ObservationFilterChainDecorator$ObservationFilter.wrapFilter(ObservationFilterChainDecorator.java:240)
	at org.springframework.security.web.ObservationFilterChainDecorator$ObservationFilter.doFilter(ObservationFilterChainDecorator.java:227)
	at org.springframework.security.web.ObservationFilterChainDecorator$VirtualFilterChain.doFilter(ObservationFilterChainDecorator.java:137)
	at org.springframework.security.web.context.request.async.WebAsyncManagerIntegrationFilter.doFilterInternal(WebAsyncManagerIntegrationFilter.java:62)
	at org.springframework.web.filter.OncePerRequestFilter.doFilter(OncePerRequestFilter.java:116)
	at org.springframework.security.web.ObservationFilterChainDecorator$ObservationFilter.wrapFilter(ObservationFilterChainDecorator.java:240)
	at org.springframework.security.web.ObservationFilterChainDecorator$ObservationFilter.doFilter(ObservationFilterChainDecorator.java:227)
	at org.springframework.security.web.ObservationFilterChainDecorator$VirtualFilterChain.doFilter(ObservationFilterChainDecorator.java:137)
	at org.springframework.security.web.session.DisableEncodeUrlFilter.doFilterInternal(DisableEncodeUrlFilter.java:42)
	at org.springframework.web.filter.OncePerRequestFilter.doFilter(OncePerRequestFilter.java:116)
	at org.springframework.security.web.ObservationFilterChainDecorator$ObservationFilter.wrapFilter(ObservationFilterChainDecorator.java:240)
	at org.springframework.security.web.ObservationFilterChainDecorator$AroundFilterObservation$SimpleAroundFilterObservation.lambda$wrap$0(ObservationFilterChainDecorator.java:323)
	at org.springframework.security.web.ObservationFilterChainDecorator$ObservationFilter.doFilter(ObservationFilterChainDecorator.java:224)
	at org.springframework.security.web.ObservationFilterChainDecorator$VirtualFilterChain.doFilter(ObservationFilterChainDecorator.java:137)
	at org.springframework.security.web.FilterChainProxy.doFilterInternal(FilterChainProxy.java:233)
	at org.springframework.security.web.FilterChainProxy.doFilter(FilterChainProxy.java:191)
	at org.springframework.web.filter.CompositeFilter$VirtualFilterChain.doFilter(CompositeFilter.java:113)
	at org.springframework.web.servlet.handler.HandlerMappingIntrospector.lambda$createCacheFilter$3(HandlerMappingIntrospector.java:195)
	at org.springframework.web.filter.CompositeFilter$VirtualFilterChain.doFilter(CompositeFilter.java:113)
	at org.springframework.web.filter.CompositeFilter.doFilter(CompositeFilter.java:74)
	at org.springframework.security.config.annotation.web.configuration.WebMvcSecurityConfiguration$CompositeFilterChainProxy.doFilter(WebMvcSecurityConfiguration.java:230)
	at org.springframework.web.filter.DelegatingFilterProxy.invokeDelegate(DelegatingFilterProxy.java:352)
	at org.springframework.web.filter.DelegatingFilterProxy.doFilter(DelegatingFilterProxy.java:268)
	at org.apache.catalina.core.ApplicationFilterChain.internalDoFilter(ApplicationFilterChain.java:174)
	at org.apache.catalina.core.ApplicationFilterChain.doFilter(ApplicationFilterChain.java:149)
	at org.springframework.web.filter.RequestContextFilter.doFilterInternal(RequestContextFilter.java:100)
	at org.springframework.web.filter.OncePerRequestFilter.doFilter(OncePerRequestFilter.java:116)
	at org.apache.catalina.core.ApplicationFilterChain.internalDoFilter(ApplicationFilterChain.java:174)
	at org.apache.catalina.core.ApplicationFilterChain.doFilter(ApplicationFilterChain.java:149)
	at org.springframework.web.filter.FormContentFilter.doFilterInternal(FormContentFilter.java:93)
	at org.springframework.web.filter.OncePerRequestFilter.doFilter(OncePerRequestFilter.java:116)
	at org.apache.catalina.core.ApplicationFilterChain.internalDoFilter(ApplicationFilterChain.java:174)
	at org.apache.catalina.core.ApplicationFilterChain.doFilter(ApplicationFilterChain.java:149)
	at org.springframework.web.filter.ServerHttpObservationFilter.doFilterInternal(ServerHttpObservationFilter.java:109)
	at org.springframework.web.filter.OncePerRequestFilter.doFilter(OncePerRequestFilter.java:116)
	at org.apache.catalina.core.ApplicationFilterChain.internalDoFilter(ApplicationFilterChain.java:174)
	at org.apache.catalina.core.ApplicationFilterChain.doFilter(ApplicationFilterChain.java:149)
	at org.springframework.web.filter.CharacterEncodingFilter.doFilterInternal(CharacterEncodingFilter.java:201)
	at org.springframework.web.filter.OncePerRequestFilter.doFilter(OncePerRequestFilter.java:116)
	at org.apache.catalina.core.ApplicationFilterChain.internalDoFilter(ApplicationFilterChain.java:174)
	at org.apache.catalina.core.ApplicationFilterChain.doFilter(ApplicationFilterChain.java:149)
	at org.apache.catalina.core.StandardWrapperValve.invoke(StandardWrapperValve.java:167)
	at org.apache.catalina.core.StandardContextValve.invoke(StandardContextValve.java:90)
	at org.apache.catalina.authenticator.AuthenticatorBase.invoke(AuthenticatorBase.java:482)
	at org.apache.catalina.core.StandardHostValve.invoke(StandardHostValve.java:115)
	at org.apache.catalina.valves.ErrorReportValve.invoke(ErrorReportValve.java:93)
	at org.apache.catalina.core.StandardEngineValve.invoke(StandardEngineValve.java:74)
	at org.apache.catalina.connector.CoyoteAdapter.service(CoyoteAdapter.java:344)
	at org.apache.coyote.http11.Http11Processor.service(Http11Processor.java:391)
	at org.apache.coyote.AbstractProcessorLight.process(AbstractProcessorLight.java:63)
	at org.apache.coyote.AbstractProtocol$ConnectionHandler.process(AbstractProtocol.java:896)
	at org.apache.tomcat.util.net.NioEndpoint$SocketProcessor.doRun(NioEndpoint.java:1744)
	at org.apache.tomcat.util.net.SocketProcessorBase.run(SocketProcessorBase.java:52)
	at org.apache.tomcat.util.threads.ThreadPoolExecutor.runWorker(ThreadPoolExecutor.java:1191)
	at org.apache.tomcat.util.threads.ThreadPoolExecutor$Worker.run(ThreadPoolExecutor.java:659)
	at org.apache.tomcat.util.threads.TaskThread$WrappingRunnable.run(TaskThread.java:63)
	at java.base/java.lang.Thread.run(Thread.java:840)
2025-07-04 09:06:43 [http-nio-8082-exec-8] ERROR c.m.u.core.logging.LoggingService - CacheService: Error en getOrCompute - Cache: emailVerified, Key: emailVerified:agudelo1@gmail.com
com.microserviceone.users.verificationCodeApi.application.exception.EmailNotVerifiedException: El correo electrónico aún no ha sido verificado
	at com.microserviceone.users.verificationCodeApi.application.usecase.CheckEmailVerificationUseCase.checkEmailVerification(CheckEmailVerificationUseCase.java:30)
	at java.base/jdk.internal.reflect.NativeMethodAccessorImpl.invoke0(Native Method)
	at java.base/jdk.internal.reflect.NativeMethodAccessorImpl.invoke(NativeMethodAccessorImpl.java:77)
	at java.base/jdk.internal.reflect.DelegatingMethodAccessorImpl.invoke(DelegatingMethodAccessorImpl.java:43)
	at java.base/java.lang.reflect.Method.invoke(Method.java:569)
	at org.springframework.aop.support.AopUtils.invokeJoinpointUsingReflection(AopUtils.java:351)
	at org.springframework.aop.framework.ReflectiveMethodInvocation.invokeJoinpoint(ReflectiveMethodInvocation.java:196)
	at org.springframework.aop.framework.ReflectiveMethodInvocation.proceed(ReflectiveMethodInvocation.java:163)
	at org.springframework.aop.framework.CglibAopProxy$CglibMethodInvocation.proceed(CglibAopProxy.java:765)
	at org.springframework.transaction.interceptor.TransactionInterceptor$1.proceedWithInvocation(TransactionInterceptor.java:123)
	at org.springframework.transaction.interceptor.TransactionAspectSupport.invokeWithinTransaction(TransactionAspectSupport.java:385)
	at org.springframework.transaction.interceptor.TransactionInterceptor.invoke(TransactionInterceptor.java:119)
	at org.springframework.aop.framework.ReflectiveMethodInvocation.proceed(ReflectiveMethodInvocation.java:184)
	at org.springframework.aop.framework.CglibAopProxy$CglibMethodInvocation.proceed(CglibAopProxy.java:765)
	at org.springframework.aop.framework.CglibAopProxy$DynamicAdvisedInterceptor.intercept(CglibAopProxy.java:717)
	at com.microserviceone.users.verificationCodeApi.application.usecase.CheckEmailVerificationUseCase$$SpringCGLIB$$0.checkEmailVerification(<generated>)
	at com.microserviceone.users.verificationCodeApi.application.usecase.cached.CachedCheckEmailVerificationUseCase.lambda$0(CachedCheckEmailVerificationUseCase.java:36)
	at com.microserviceone.users.core.cache.service.CacheServiceImpl.getOrCompute(CacheServiceImpl.java:40)
	at com.microserviceone.users.verificationCodeApi.application.usecase.cached.CachedCheckEmailVerificationUseCase.checkEmailVerification(CachedCheckEmailVerificationUseCase.java:31)
	at com.microserviceone.users.verificationCodeApi.application.service.VerificationService.checkEmailVerification(VerificationService.java:55)
	at com.microserviceone.users.verificationCodeApi.web.controller.VerificationCodeController.checkEmailVerification(VerificationCodeController.java:69)
	at java.base/jdk.internal.reflect.NativeMethodAccessorImpl.invoke0(Native Method)
	at java.base/jdk.internal.reflect.NativeMethodAccessorImpl.invoke(NativeMethodAccessorImpl.java:77)
	at java.base/jdk.internal.reflect.DelegatingMethodAccessorImpl.invoke(DelegatingMethodAccessorImpl.java:43)
	at java.base/java.lang.reflect.Method.invoke(Method.java:569)
	at org.springframework.web.method.support.InvocableHandlerMethod.doInvoke(InvocableHandlerMethod.java:259)
	at org.springframework.web.method.support.InvocableHandlerMethod.invokeForRequest(InvocableHandlerMethod.java:192)
	at org.springframework.web.servlet.mvc.method.annotation.ServletInvocableHandlerMethod.invokeAndHandle(ServletInvocableHandlerMethod.java:118)
	at org.springframework.web.servlet.mvc.method.annotation.RequestMappingHandlerAdapter.invokeHandlerMethod(RequestMappingHandlerAdapter.java:920)
	at org.springframework.web.servlet.mvc.method.annotation.RequestMappingHandlerAdapter.handleInternal(RequestMappingHandlerAdapter.java:830)
	at org.springframework.web.servlet.mvc.method.AbstractHandlerMethodAdapter.handle(AbstractHandlerMethodAdapter.java:87)
	at org.springframework.web.servlet.DispatcherServlet.doDispatch(DispatcherServlet.java:1089)
	at org.springframework.web.servlet.DispatcherServlet.doService(DispatcherServlet.java:979)
	at org.springframework.web.servlet.FrameworkServlet.processRequest(FrameworkServlet.java:1014)
	at org.springframework.web.servlet.FrameworkServlet.doPost(FrameworkServlet.java:914)
	at jakarta.servlet.http.HttpServlet.service(HttpServlet.java:590)
	at org.springframework.web.servlet.FrameworkServlet.service(FrameworkServlet.java:885)
	at jakarta.servlet.http.HttpServlet.service(HttpServlet.java:658)
	at org.apache.catalina.core.ApplicationFilterChain.internalDoFilter(ApplicationFilterChain.java:205)
	at org.apache.catalina.core.ApplicationFilterChain.doFilter(ApplicationFilterChain.java:149)
	at org.apache.tomcat.websocket.server.WsFilter.doFilter(WsFilter.java:51)
	at org.apache.catalina.core.ApplicationFilterChain.internalDoFilter(ApplicationFilterChain.java:174)
	at org.apache.catalina.core.ApplicationFilterChain.doFilter(ApplicationFilterChain.java:149)
	at org.springframework.web.filter.CompositeFilter$VirtualFilterChain.doFilter(CompositeFilter.java:108)
	at org.springframework.security.web.FilterChainProxy.lambda$doFilterInternal$3(FilterChainProxy.java:231)
	at org.springframework.security.web.ObservationFilterChainDecorator$FilterObservation$SimpleFilterObservation.lambda$wrap$1(ObservationFilterChainDecorator.java:479)
	at org.springframework.security.web.ObservationFilterChainDecorator$AroundFilterObservation$SimpleAroundFilterObservation.lambda$wrap$1(ObservationFilterChainDecorator.java:340)
	at org.springframework.security.web.ObservationFilterChainDecorator.lambda$wrapSecured$0(ObservationFilterChainDecorator.java:82)
	at org.springframework.security.web.ObservationFilterChainDecorator$VirtualFilterChain.doFilter(ObservationFilterChainDecorator.java:128)
	at org.springframework.security.web.access.intercept.AuthorizationFilter.doFilter(AuthorizationFilter.java:100)
	at org.springframework.security.web.ObservationFilterChainDecorator$ObservationFilter.wrapFilter(ObservationFilterChainDecorator.java:240)
	at org.springframework.security.web.ObservationFilterChainDecorator$ObservationFilter.doFilter(ObservationFilterChainDecorator.java:227)
	at org.springframework.security.web.ObservationFilterChainDecorator$VirtualFilterChain.doFilter(ObservationFilterChainDecorator.java:137)
	at org.springframework.security.web.access.ExceptionTranslationFilter.doFilter(ExceptionTranslationFilter.java:126)
	at org.springframework.security.web.access.ExceptionTranslationFilter.doFilter(ExceptionTranslationFilter.java:120)
	at org.springframework.security.web.ObservationFilterChainDecorator$ObservationFilter.wrapFilter(ObservationFilterChainDecorator.java:240)
	at org.springframework.security.web.ObservationFilterChainDecorator$ObservationFilter.doFilter(ObservationFilterChainDecorator.java:227)
	at org.springframework.security.web.ObservationFilterChainDecorator$VirtualFilterChain.doFilter(ObservationFilterChainDecorator.java:137)
	at org.springframework.security.web.authentication.AnonymousAuthenticationFilter.doFilter(AnonymousAuthenticationFilter.java:100)
	at org.springframework.security.web.ObservationFilterChainDecorator$ObservationFilter.wrapFilter(ObservationFilterChainDecorator.java:240)
	at org.springframework.security.web.ObservationFilterChainDecorator$ObservationFilter.doFilter(ObservationFilterChainDecorator.java:227)
	at org.springframework.security.web.ObservationFilterChainDecorator$VirtualFilterChain.doFilter(ObservationFilterChainDecorator.java:137)
	at org.springframework.security.web.servletapi.SecurityContextHolderAwareRequestFilter.doFilter(SecurityContextHolderAwareRequestFilter.java:179)
	at org.springframework.security.web.ObservationFilterChainDecorator$ObservationFilter.wrapFilter(ObservationFilterChainDecorator.java:240)
	at org.springframework.security.web.ObservationFilterChainDecorator$ObservationFilter.doFilter(ObservationFilterChainDecorator.java:227)
	at org.springframework.security.web.ObservationFilterChainDecorator$VirtualFilterChain.doFilter(ObservationFilterChainDecorator.java:137)
	at org.springframework.security.web.savedrequest.RequestCacheAwareFilter.doFilter(RequestCacheAwareFilter.java:63)
	at org.springframework.security.web.ObservationFilterChainDecorator$ObservationFilter.wrapFilter(ObservationFilterChainDecorator.java:240)
	at org.springframework.security.web.ObservationFilterChainDecorator$ObservationFilter.doFilter(ObservationFilterChainDecorator.java:227)
	at org.springframework.security.web.ObservationFilterChainDecorator$VirtualFilterChain.doFilter(ObservationFilterChainDecorator.java:137)
	at org.springframework.security.web.authentication.logout.LogoutFilter.doFilter(LogoutFilter.java:107)
	at org.springframework.security.web.authentication.logout.LogoutFilter.doFilter(LogoutFilter.java:93)
	at org.springframework.security.web.ObservationFilterChainDecorator$ObservationFilter.wrapFilter(ObservationFilterChainDecorator.java:240)
	at org.springframework.security.web.ObservationFilterChainDecorator$ObservationFilter.doFilter(ObservationFilterChainDecorator.java:227)
	at org.springframework.security.web.ObservationFilterChainDecorator$VirtualFilterChain.doFilter(ObservationFilterChainDecorator.java:137)
	at org.springframework.web.filter.CorsFilter.doFilterInternal(CorsFilter.java:91)
	at org.springframework.web.filter.OncePerRequestFilter.doFilter(OncePerRequestFilter.java:116)
	at org.springframework.security.web.ObservationFilterChainDecorator$ObservationFilter.wrapFilter(ObservationFilterChainDecorator.java:240)
	at org.springframework.security.web.ObservationFilterChainDecorator$ObservationFilter.doFilter(ObservationFilterChainDecorator.java:227)
	at org.springframework.security.web.ObservationFilterChainDecorator$VirtualFilterChain.doFilter(ObservationFilterChainDecorator.java:137)
	at org.springframework.security.web.header.HeaderWriterFilter.doHeadersAfter(HeaderWriterFilter.java:90)
	at org.springframework.security.web.header.HeaderWriterFilter.doFilterInternal(HeaderWriterFilter.java:75)
	at org.springframework.web.filter.OncePerRequestFilter.doFilter(OncePerRequestFilter.java:116)
	at org.springframework.security.web.ObservationFilterChainDecorator$ObservationFilter.wrapFilter(ObservationFilterChainDecorator.java:240)
	at org.springframework.security.web.ObservationFilterChainDecorator$ObservationFilter.doFilter(ObservationFilterChainDecorator.java:227)
	at org.springframework.security.web.ObservationFilterChainDecorator$VirtualFilterChain.doFilter(ObservationFilterChainDecorator.java:137)
	at org.springframework.security.web.context.SecurityContextHolderFilter.doFilter(SecurityContextHolderFilter.java:82)
	at org.springframework.security.web.context.SecurityContextHolderFilter.doFilter(SecurityContextHolderFilter.java:69)
	at org.springframework.security.web.ObservationFilterChainDecorator$ObservationFilter.wrapFilter(ObservationFilterChainDecorator.java:240)
	at org.springframework.security.web.ObservationFilterChainDecorator$ObservationFilter.doFilter(ObservationFilterChainDecorator.java:227)
	at org.springframework.security.web.ObservationFilterChainDecorator$VirtualFilterChain.doFilter(ObservationFilterChainDecorator.java:137)
	at org.springframework.security.web.context.request.async.WebAsyncManagerIntegrationFilter.doFilterInternal(WebAsyncManagerIntegrationFilter.java:62)
	at org.springframework.web.filter.OncePerRequestFilter.doFilter(OncePerRequestFilter.java:116)
	at org.springframework.security.web.ObservationFilterChainDecorator$ObservationFilter.wrapFilter(ObservationFilterChainDecorator.java:240)
	at org.springframework.security.web.ObservationFilterChainDecorator$ObservationFilter.doFilter(ObservationFilterChainDecorator.java:227)
	at org.springframework.security.web.ObservationFilterChainDecorator$VirtualFilterChain.doFilter(ObservationFilterChainDecorator.java:137)
	at org.springframework.security.web.session.DisableEncodeUrlFilter.doFilterInternal(DisableEncodeUrlFilter.java:42)
	at org.springframework.web.filter.OncePerRequestFilter.doFilter(OncePerRequestFilter.java:116)
	at org.springframework.security.web.ObservationFilterChainDecorator$ObservationFilter.wrapFilter(ObservationFilterChainDecorator.java:240)
	at org.springframework.security.web.ObservationFilterChainDecorator$AroundFilterObservation$SimpleAroundFilterObservation.lambda$wrap$0(ObservationFilterChainDecorator.java:323)
	at org.springframework.security.web.ObservationFilterChainDecorator$ObservationFilter.doFilter(ObservationFilterChainDecorator.java:224)
	at org.springframework.security.web.ObservationFilterChainDecorator$VirtualFilterChain.doFilter(ObservationFilterChainDecorator.java:137)
	at org.springframework.security.web.FilterChainProxy.doFilterInternal(FilterChainProxy.java:233)
	at org.springframework.security.web.FilterChainProxy.doFilter(FilterChainProxy.java:191)
	at org.springframework.web.filter.CompositeFilter$VirtualFilterChain.doFilter(CompositeFilter.java:113)
	at org.springframework.web.servlet.handler.HandlerMappingIntrospector.lambda$createCacheFilter$3(HandlerMappingIntrospector.java:195)
	at org.springframework.web.filter.CompositeFilter$VirtualFilterChain.doFilter(CompositeFilter.java:113)
	at org.springframework.web.filter.CompositeFilter.doFilter(CompositeFilter.java:74)
	at org.springframework.security.config.annotation.web.configuration.WebMvcSecurityConfiguration$CompositeFilterChainProxy.doFilter(WebMvcSecurityConfiguration.java:230)
	at org.springframework.web.filter.DelegatingFilterProxy.invokeDelegate(DelegatingFilterProxy.java:352)
	at org.springframework.web.filter.DelegatingFilterProxy.doFilter(DelegatingFilterProxy.java:268)
	at org.apache.catalina.core.ApplicationFilterChain.internalDoFilter(ApplicationFilterChain.java:174)
	at org.apache.catalina.core.ApplicationFilterChain.doFilter(ApplicationFilterChain.java:149)
	at org.springframework.web.filter.RequestContextFilter.doFilterInternal(RequestContextFilter.java:100)
	at org.springframework.web.filter.OncePerRequestFilter.doFilter(OncePerRequestFilter.java:116)
	at org.apache.catalina.core.ApplicationFilterChain.internalDoFilter(ApplicationFilterChain.java:174)
	at org.apache.catalina.core.ApplicationFilterChain.doFilter(ApplicationFilterChain.java:149)
	at org.springframework.web.filter.FormContentFilter.doFilterInternal(FormContentFilter.java:93)
	at org.springframework.web.filter.OncePerRequestFilter.doFilter(OncePerRequestFilter.java:116)
	at org.apache.catalina.core.ApplicationFilterChain.internalDoFilter(ApplicationFilterChain.java:174)
	at org.apache.catalina.core.ApplicationFilterChain.doFilter(ApplicationFilterChain.java:149)
	at org.springframework.web.filter.ServerHttpObservationFilter.doFilterInternal(ServerHttpObservationFilter.java:109)
	at org.springframework.web.filter.OncePerRequestFilter.doFilter(OncePerRequestFilter.java:116)
	at org.apache.catalina.core.ApplicationFilterChain.internalDoFilter(ApplicationFilterChain.java:174)
	at org.apache.catalina.core.ApplicationFilterChain.doFilter(ApplicationFilterChain.java:149)
	at org.springframework.web.filter.CharacterEncodingFilter.doFilterInternal(CharacterEncodingFilter.java:201)
	at org.springframework.web.filter.OncePerRequestFilter.doFilter(OncePerRequestFilter.java:116)
	at org.apache.catalina.core.ApplicationFilterChain.internalDoFilter(ApplicationFilterChain.java:174)
	at org.apache.catalina.core.ApplicationFilterChain.doFilter(ApplicationFilterChain.java:149)
	at org.apache.catalina.core.StandardWrapperValve.invoke(StandardWrapperValve.java:167)
	at org.apache.catalina.core.StandardContextValve.invoke(StandardContextValve.java:90)
	at org.apache.catalina.authenticator.AuthenticatorBase.invoke(AuthenticatorBase.java:482)
	at org.apache.catalina.core.StandardHostValve.invoke(StandardHostValve.java:115)
	at org.apache.catalina.valves.ErrorReportValve.invoke(ErrorReportValve.java:93)
	at org.apache.catalina.core.StandardEngineValve.invoke(StandardEngineValve.java:74)
	at org.apache.catalina.connector.CoyoteAdapter.service(CoyoteAdapter.java:344)
	at org.apache.coyote.http11.Http11Processor.service(Http11Processor.java:391)
	at org.apache.coyote.AbstractProcessorLight.process(AbstractProcessorLight.java:63)
	at org.apache.coyote.AbstractProtocol$ConnectionHandler.process(AbstractProtocol.java:896)
	at org.apache.tomcat.util.net.NioEndpoint$SocketProcessor.doRun(NioEndpoint.java:1744)
	at org.apache.tomcat.util.net.SocketProcessorBase.run(SocketProcessorBase.java:52)
	at org.apache.tomcat.util.threads.ThreadPoolExecutor.runWorker(ThreadPoolExecutor.java:1191)
	at org.apache.tomcat.util.threads.ThreadPoolExecutor$Worker.run(ThreadPoolExecutor.java:659)
	at org.apache.tomcat.util.threads.TaskThread$WrappingRunnable.run(TaskThread.java:63)
	at java.base/java.lang.Thread.run(Thread.java:840)
2025-07-04 09:06:43 [http-nio-8082-exec-8] ERROR c.m.u.core.logging.LoggingService - CheckEmailVerificationUseCase: Excepción de email no verificado - Email: agudelo1@gmail.com
com.microserviceone.users.verificationCodeApi.application.exception.EmailNotVerifiedException: El correo electrónico aún no ha sido verificado
	at com.microserviceone.users.verificationCodeApi.application.usecase.CheckEmailVerificationUseCase.checkEmailVerification(CheckEmailVerificationUseCase.java:30)
	at java.base/jdk.internal.reflect.NativeMethodAccessorImpl.invoke0(Native Method)
	at java.base/jdk.internal.reflect.NativeMethodAccessorImpl.invoke(NativeMethodAccessorImpl.java:77)
	at java.base/jdk.internal.reflect.DelegatingMethodAccessorImpl.invoke(DelegatingMethodAccessorImpl.java:43)
	at java.base/java.lang.reflect.Method.invoke(Method.java:569)
	at org.springframework.aop.support.AopUtils.invokeJoinpointUsingReflection(AopUtils.java:351)
	at org.springframework.aop.framework.ReflectiveMethodInvocation.invokeJoinpoint(ReflectiveMethodInvocation.java:196)
	at org.springframework.aop.framework.ReflectiveMethodInvocation.proceed(ReflectiveMethodInvocation.java:163)
	at org.springframework.aop.framework.CglibAopProxy$CglibMethodInvocation.proceed(CglibAopProxy.java:765)
	at org.springframework.transaction.interceptor.TransactionInterceptor$1.proceedWithInvocation(TransactionInterceptor.java:123)
	at org.springframework.transaction.interceptor.TransactionAspectSupport.invokeWithinTransaction(TransactionAspectSupport.java:385)
	at org.springframework.transaction.interceptor.TransactionInterceptor.invoke(TransactionInterceptor.java:119)
	at org.springframework.aop.framework.ReflectiveMethodInvocation.proceed(ReflectiveMethodInvocation.java:184)
	at org.springframework.aop.framework.CglibAopProxy$CglibMethodInvocation.proceed(CglibAopProxy.java:765)
	at org.springframework.aop.framework.CglibAopProxy$DynamicAdvisedInterceptor.intercept(CglibAopProxy.java:717)
	at com.microserviceone.users.verificationCodeApi.application.usecase.CheckEmailVerificationUseCase$$SpringCGLIB$$0.checkEmailVerification(<generated>)
	at com.microserviceone.users.verificationCodeApi.application.usecase.cached.CachedCheckEmailVerificationUseCase.lambda$0(CachedCheckEmailVerificationUseCase.java:36)
	at com.microserviceone.users.core.cache.service.CacheServiceImpl.getOrCompute(CacheServiceImpl.java:52)
	at com.microserviceone.users.verificationCodeApi.application.usecase.cached.CachedCheckEmailVerificationUseCase.checkEmailVerification(CachedCheckEmailVerificationUseCase.java:31)
	at com.microserviceone.users.verificationCodeApi.application.service.VerificationService.checkEmailVerification(VerificationService.java:55)
	at com.microserviceone.users.verificationCodeApi.web.controller.VerificationCodeController.checkEmailVerification(VerificationCodeController.java:69)
	at java.base/jdk.internal.reflect.NativeMethodAccessorImpl.invoke0(Native Method)
	at java.base/jdk.internal.reflect.NativeMethodAccessorImpl.invoke(NativeMethodAccessorImpl.java:77)
	at java.base/jdk.internal.reflect.DelegatingMethodAccessorImpl.invoke(DelegatingMethodAccessorImpl.java:43)
	at java.base/java.lang.reflect.Method.invoke(Method.java:569)
	at org.springframework.web.method.support.InvocableHandlerMethod.doInvoke(InvocableHandlerMethod.java:259)
	at org.springframework.web.method.support.InvocableHandlerMethod.invokeForRequest(InvocableHandlerMethod.java:192)
	at org.springframework.web.servlet.mvc.method.annotation.ServletInvocableHandlerMethod.invokeAndHandle(ServletInvocableHandlerMethod.java:118)
	at org.springframework.web.servlet.mvc.method.annotation.RequestMappingHandlerAdapter.invokeHandlerMethod(RequestMappingHandlerAdapter.java:920)
	at org.springframework.web.servlet.mvc.method.annotation.RequestMappingHandlerAdapter.handleInternal(RequestMappingHandlerAdapter.java:830)
	at org.springframework.web.servlet.mvc.method.AbstractHandlerMethodAdapter.handle(AbstractHandlerMethodAdapter.java:87)
	at org.springframework.web.servlet.DispatcherServlet.doDispatch(DispatcherServlet.java:1089)
	at org.springframework.web.servlet.DispatcherServlet.doService(DispatcherServlet.java:979)
	at org.springframework.web.servlet.FrameworkServlet.processRequest(FrameworkServlet.java:1014)
	at org.springframework.web.servlet.FrameworkServlet.doPost(FrameworkServlet.java:914)
	at jakarta.servlet.http.HttpServlet.service(HttpServlet.java:590)
	at org.springframework.web.servlet.FrameworkServlet.service(FrameworkServlet.java:885)
	at jakarta.servlet.http.HttpServlet.service(HttpServlet.java:658)
	at org.apache.catalina.core.ApplicationFilterChain.internalDoFilter(ApplicationFilterChain.java:205)
	at org.apache.catalina.core.ApplicationFilterChain.doFilter(ApplicationFilterChain.java:149)
	at org.apache.tomcat.websocket.server.WsFilter.doFilter(WsFilter.java:51)
	at org.apache.catalina.core.ApplicationFilterChain.internalDoFilter(ApplicationFilterChain.java:174)
	at org.apache.catalina.core.ApplicationFilterChain.doFilter(ApplicationFilterChain.java:149)
	at org.springframework.web.filter.CompositeFilter$VirtualFilterChain.doFilter(CompositeFilter.java:108)
	at org.springframework.security.web.FilterChainProxy.lambda$doFilterInternal$3(FilterChainProxy.java:231)
	at org.springframework.security.web.ObservationFilterChainDecorator$FilterObservation$SimpleFilterObservation.lambda$wrap$1(ObservationFilterChainDecorator.java:479)
	at org.springframework.security.web.ObservationFilterChainDecorator$AroundFilterObservation$SimpleAroundFilterObservation.lambda$wrap$1(ObservationFilterChainDecorator.java:340)
	at org.springframework.security.web.ObservationFilterChainDecorator.lambda$wrapSecured$0(ObservationFilterChainDecorator.java:82)
	at org.springframework.security.web.ObservationFilterChainDecorator$VirtualFilterChain.doFilter(ObservationFilterChainDecorator.java:128)
	at org.springframework.security.web.access.intercept.AuthorizationFilter.doFilter(AuthorizationFilter.java:100)
	at org.springframework.security.web.ObservationFilterChainDecorator$ObservationFilter.wrapFilter(ObservationFilterChainDecorator.java:240)
	at org.springframework.security.web.ObservationFilterChainDecorator$ObservationFilter.doFilter(ObservationFilterChainDecorator.java:227)
	at org.springframework.security.web.ObservationFilterChainDecorator$VirtualFilterChain.doFilter(ObservationFilterChainDecorator.java:137)
	at org.springframework.security.web.access.ExceptionTranslationFilter.doFilter(ExceptionTranslationFilter.java:126)
	at org.springframework.security.web.access.ExceptionTranslationFilter.doFilter(ExceptionTranslationFilter.java:120)
	at org.springframework.security.web.ObservationFilterChainDecorator$ObservationFilter.wrapFilter(ObservationFilterChainDecorator.java:240)
	at org.springframework.security.web.ObservationFilterChainDecorator$ObservationFilter.doFilter(ObservationFilterChainDecorator.java:227)
	at org.springframework.security.web.ObservationFilterChainDecorator$VirtualFilterChain.doFilter(ObservationFilterChainDecorator.java:137)
	at org.springframework.security.web.authentication.AnonymousAuthenticationFilter.doFilter(AnonymousAuthenticationFilter.java:100)
	at org.springframework.security.web.ObservationFilterChainDecorator$ObservationFilter.wrapFilter(ObservationFilterChainDecorator.java:240)
	at org.springframework.security.web.ObservationFilterChainDecorator$ObservationFilter.doFilter(ObservationFilterChainDecorator.java:227)
	at org.springframework.security.web.ObservationFilterChainDecorator$VirtualFilterChain.doFilter(ObservationFilterChainDecorator.java:137)
	at org.springframework.security.web.servletapi.SecurityContextHolderAwareRequestFilter.doFilter(SecurityContextHolderAwareRequestFilter.java:179)
	at org.springframework.security.web.ObservationFilterChainDecorator$ObservationFilter.wrapFilter(ObservationFilterChainDecorator.java:240)
	at org.springframework.security.web.ObservationFilterChainDecorator$ObservationFilter.doFilter(ObservationFilterChainDecorator.java:227)
	at org.springframework.security.web.ObservationFilterChainDecorator$VirtualFilterChain.doFilter(ObservationFilterChainDecorator.java:137)
	at org.springframework.security.web.savedrequest.RequestCacheAwareFilter.doFilter(RequestCacheAwareFilter.java:63)
	at org.springframework.security.web.ObservationFilterChainDecorator$ObservationFilter.wrapFilter(ObservationFilterChainDecorator.java:240)
	at org.springframework.security.web.ObservationFilterChainDecorator$ObservationFilter.doFilter(ObservationFilterChainDecorator.java:227)
	at org.springframework.security.web.ObservationFilterChainDecorator$VirtualFilterChain.doFilter(ObservationFilterChainDecorator.java:137)
	at org.springframework.security.web.authentication.logout.LogoutFilter.doFilter(LogoutFilter.java:107)
	at org.springframework.security.web.authentication.logout.LogoutFilter.doFilter(LogoutFilter.java:93)
	at org.springframework.security.web.ObservationFilterChainDecorator$ObservationFilter.wrapFilter(ObservationFilterChainDecorator.java:240)
	at org.springframework.security.web.ObservationFilterChainDecorator$ObservationFilter.doFilter(ObservationFilterChainDecorator.java:227)
	at org.springframework.security.web.ObservationFilterChainDecorator$VirtualFilterChain.doFilter(ObservationFilterChainDecorator.java:137)
	at org.springframework.web.filter.CorsFilter.doFilterInternal(CorsFilter.java:91)
	at org.springframework.web.filter.OncePerRequestFilter.doFilter(OncePerRequestFilter.java:116)
	at org.springframework.security.web.ObservationFilterChainDecorator$ObservationFilter.wrapFilter(ObservationFilterChainDecorator.java:240)
	at org.springframework.security.web.ObservationFilterChainDecorator$ObservationFilter.doFilter(ObservationFilterChainDecorator.java:227)
	at org.springframework.security.web.ObservationFilterChainDecorator$VirtualFilterChain.doFilter(ObservationFilterChainDecorator.java:137)
	at org.springframework.security.web.header.HeaderWriterFilter.doHeadersAfter(HeaderWriterFilter.java:90)
	at org.springframework.security.web.header.HeaderWriterFilter.doFilterInternal(HeaderWriterFilter.java:75)
	at org.springframework.web.filter.OncePerRequestFilter.doFilter(OncePerRequestFilter.java:116)
	at org.springframework.security.web.ObservationFilterChainDecorator$ObservationFilter.wrapFilter(ObservationFilterChainDecorator.java:240)
	at org.springframework.security.web.ObservationFilterChainDecorator$ObservationFilter.doFilter(ObservationFilterChainDecorator.java:227)
	at org.springframework.security.web.ObservationFilterChainDecorator$VirtualFilterChain.doFilter(ObservationFilterChainDecorator.java:137)
	at org.springframework.security.web.context.SecurityContextHolderFilter.doFilter(SecurityContextHolderFilter.java:82)
	at org.springframework.security.web.context.SecurityContextHolderFilter.doFilter(SecurityContextHolderFilter.java:69)
	at org.springframework.security.web.ObservationFilterChainDecorator$ObservationFilter.wrapFilter(ObservationFilterChainDecorator.java:240)
	at org.springframework.security.web.ObservationFilterChainDecorator$ObservationFilter.doFilter(ObservationFilterChainDecorator.java:227)
	at org.springframework.security.web.ObservationFilterChainDecorator$VirtualFilterChain.doFilter(ObservationFilterChainDecorator.java:137)
	at org.springframework.security.web.context.request.async.WebAsyncManagerIntegrationFilter.doFilterInternal(WebAsyncManagerIntegrationFilter.java:62)
	at org.springframework.web.filter.OncePerRequestFilter.doFilter(OncePerRequestFilter.java:116)
	at org.springframework.security.web.ObservationFilterChainDecorator$ObservationFilter.wrapFilter(ObservationFilterChainDecorator.java:240)
	at org.springframework.security.web.ObservationFilterChainDecorator$ObservationFilter.doFilter(ObservationFilterChainDecorator.java:227)
	at org.springframework.security.web.ObservationFilterChainDecorator$VirtualFilterChain.doFilter(ObservationFilterChainDecorator.java:137)
	at org.springframework.security.web.session.DisableEncodeUrlFilter.doFilterInternal(DisableEncodeUrlFilter.java:42)
	at org.springframework.web.filter.OncePerRequestFilter.doFilter(OncePerRequestFilter.java:116)
	at org.springframework.security.web.ObservationFilterChainDecorator$ObservationFilter.wrapFilter(ObservationFilterChainDecorator.java:240)
	at org.springframework.security.web.ObservationFilterChainDecorator$AroundFilterObservation$SimpleAroundFilterObservation.lambda$wrap$0(ObservationFilterChainDecorator.java:323)
	at org.springframework.security.web.ObservationFilterChainDecorator$ObservationFilter.doFilter(ObservationFilterChainDecorator.java:224)
	at org.springframework.security.web.ObservationFilterChainDecorator$VirtualFilterChain.doFilter(ObservationFilterChainDecorator.java:137)
	at org.springframework.security.web.FilterChainProxy.doFilterInternal(FilterChainProxy.java:233)
	at org.springframework.security.web.FilterChainProxy.doFilter(FilterChainProxy.java:191)
	at org.springframework.web.filter.CompositeFilter$VirtualFilterChain.doFilter(CompositeFilter.java:113)
	at org.springframework.web.servlet.handler.HandlerMappingIntrospector.lambda$createCacheFilter$3(HandlerMappingIntrospector.java:195)
	at org.springframework.web.filter.CompositeFilter$VirtualFilterChain.doFilter(CompositeFilter.java:113)
	at org.springframework.web.filter.CompositeFilter.doFilter(CompositeFilter.java:74)
	at org.springframework.security.config.annotation.web.configuration.WebMvcSecurityConfiguration$CompositeFilterChainProxy.doFilter(WebMvcSecurityConfiguration.java:230)
	at org.springframework.web.filter.DelegatingFilterProxy.invokeDelegate(DelegatingFilterProxy.java:352)
	at org.springframework.web.filter.DelegatingFilterProxy.doFilter(DelegatingFilterProxy.java:268)
	at org.apache.catalina.core.ApplicationFilterChain.internalDoFilter(ApplicationFilterChain.java:174)
	at org.apache.catalina.core.ApplicationFilterChain.doFilter(ApplicationFilterChain.java:149)
	at org.springframework.web.filter.RequestContextFilter.doFilterInternal(RequestContextFilter.java:100)
	at org.springframework.web.filter.OncePerRequestFilter.doFilter(OncePerRequestFilter.java:116)
	at org.apache.catalina.core.ApplicationFilterChain.internalDoFilter(ApplicationFilterChain.java:174)
	at org.apache.catalina.core.ApplicationFilterChain.doFilter(ApplicationFilterChain.java:149)
	at org.springframework.web.filter.FormContentFilter.doFilterInternal(FormContentFilter.java:93)
	at org.springframework.web.filter.OncePerRequestFilter.doFilter(OncePerRequestFilter.java:116)
	at org.apache.catalina.core.ApplicationFilterChain.internalDoFilter(ApplicationFilterChain.java:174)
	at org.apache.catalina.core.ApplicationFilterChain.doFilter(ApplicationFilterChain.java:149)
	at org.springframework.web.filter.ServerHttpObservationFilter.doFilterInternal(ServerHttpObservationFilter.java:109)
	at org.springframework.web.filter.OncePerRequestFilter.doFilter(OncePerRequestFilter.java:116)
	at org.apache.catalina.core.ApplicationFilterChain.internalDoFilter(ApplicationFilterChain.java:174)
	at org.apache.catalina.core.ApplicationFilterChain.doFilter(ApplicationFilterChain.java:149)
	at org.springframework.web.filter.CharacterEncodingFilter.doFilterInternal(CharacterEncodingFilter.java:201)
	at org.springframework.web.filter.OncePerRequestFilter.doFilter(OncePerRequestFilter.java:116)
	at org.apache.catalina.core.ApplicationFilterChain.internalDoFilter(ApplicationFilterChain.java:174)
	at org.apache.catalina.core.ApplicationFilterChain.doFilter(ApplicationFilterChain.java:149)
	at org.apache.catalina.core.StandardWrapperValve.invoke(StandardWrapperValve.java:167)
	at org.apache.catalina.core.StandardContextValve.invoke(StandardContextValve.java:90)
	at org.apache.catalina.authenticator.AuthenticatorBase.invoke(AuthenticatorBase.java:482)
	at org.apache.catalina.core.StandardHostValve.invoke(StandardHostValve.java:115)
	at org.apache.catalina.valves.ErrorReportValve.invoke(ErrorReportValve.java:93)
	at org.apache.catalina.core.StandardEngineValve.invoke(StandardEngineValve.java:74)
	at org.apache.catalina.connector.CoyoteAdapter.service(CoyoteAdapter.java:344)
	at org.apache.coyote.http11.Http11Processor.service(Http11Processor.java:391)
	at org.apache.coyote.AbstractProcessorLight.process(AbstractProcessorLight.java:63)
	at org.apache.coyote.AbstractProtocol$ConnectionHandler.process(AbstractProtocol.java:896)
	at org.apache.tomcat.util.net.NioEndpoint$SocketProcessor.doRun(NioEndpoint.java:1744)
	at org.apache.tomcat.util.net.SocketProcessorBase.run(SocketProcessorBase.java:52)
	at org.apache.tomcat.util.threads.ThreadPoolExecutor.runWorker(ThreadPoolExecutor.java:1191)
	at org.apache.tomcat.util.threads.ThreadPoolExecutor$Worker.run(ThreadPoolExecutor.java:659)
	at org.apache.tomcat.util.threads.TaskThread$WrappingRunnable.run(TaskThread.java:63)
	at java.base/java.lang.Thread.run(Thread.java:840)
2025-07-04 09:06:43 [http-nio-8082-exec-8] ERROR c.m.u.core.logging.LoggingService - CachedCheckEmailVerificationUseCase: Error en verificación con cache - Email: agudelo1@gmail.com
com.microserviceone.users.verificationCodeApi.application.exception.EmailNotVerifiedException: El correo electrónico aún no ha sido verificado
	at com.microserviceone.users.verificationCodeApi.application.usecase.CheckEmailVerificationUseCase.checkEmailVerification(CheckEmailVerificationUseCase.java:30)
	at java.base/jdk.internal.reflect.NativeMethodAccessorImpl.invoke0(Native Method)
	at java.base/jdk.internal.reflect.NativeMethodAccessorImpl.invoke(NativeMethodAccessorImpl.java:77)
	at java.base/jdk.internal.reflect.DelegatingMethodAccessorImpl.invoke(DelegatingMethodAccessorImpl.java:43)
	at java.base/java.lang.reflect.Method.invoke(Method.java:569)
	at org.springframework.aop.support.AopUtils.invokeJoinpointUsingReflection(AopUtils.java:351)
	at org.springframework.aop.framework.ReflectiveMethodInvocation.invokeJoinpoint(ReflectiveMethodInvocation.java:196)
	at org.springframework.aop.framework.ReflectiveMethodInvocation.proceed(ReflectiveMethodInvocation.java:163)
	at org.springframework.aop.framework.CglibAopProxy$CglibMethodInvocation.proceed(CglibAopProxy.java:765)
	at org.springframework.transaction.interceptor.TransactionInterceptor$1.proceedWithInvocation(TransactionInterceptor.java:123)
	at org.springframework.transaction.interceptor.TransactionAspectSupport.invokeWithinTransaction(TransactionAspectSupport.java:385)
	at org.springframework.transaction.interceptor.TransactionInterceptor.invoke(TransactionInterceptor.java:119)
	at org.springframework.aop.framework.ReflectiveMethodInvocation.proceed(ReflectiveMethodInvocation.java:184)
	at org.springframework.aop.framework.CglibAopProxy$CglibMethodInvocation.proceed(CglibAopProxy.java:765)
	at org.springframework.aop.framework.CglibAopProxy$DynamicAdvisedInterceptor.intercept(CglibAopProxy.java:717)
	at com.microserviceone.users.verificationCodeApi.application.usecase.CheckEmailVerificationUseCase$$SpringCGLIB$$0.checkEmailVerification(<generated>)
	at com.microserviceone.users.verificationCodeApi.application.usecase.cached.CachedCheckEmailVerificationUseCase.lambda$0(CachedCheckEmailVerificationUseCase.java:36)
	at com.microserviceone.users.core.cache.service.CacheServiceImpl.getOrCompute(CacheServiceImpl.java:52)
	at com.microserviceone.users.verificationCodeApi.application.usecase.cached.CachedCheckEmailVerificationUseCase.checkEmailVerification(CachedCheckEmailVerificationUseCase.java:31)
	at com.microserviceone.users.verificationCodeApi.application.service.VerificationService.checkEmailVerification(VerificationService.java:55)
	at com.microserviceone.users.verificationCodeApi.web.controller.VerificationCodeController.checkEmailVerification(VerificationCodeController.java:69)
	at java.base/jdk.internal.reflect.NativeMethodAccessorImpl.invoke0(Native Method)
	at java.base/jdk.internal.reflect.NativeMethodAccessorImpl.invoke(NativeMethodAccessorImpl.java:77)
	at java.base/jdk.internal.reflect.DelegatingMethodAccessorImpl.invoke(DelegatingMethodAccessorImpl.java:43)
	at java.base/java.lang.reflect.Method.invoke(Method.java:569)
	at org.springframework.web.method.support.InvocableHandlerMethod.doInvoke(InvocableHandlerMethod.java:259)
	at org.springframework.web.method.support.InvocableHandlerMethod.invokeForRequest(InvocableHandlerMethod.java:192)
	at org.springframework.web.servlet.mvc.method.annotation.ServletInvocableHandlerMethod.invokeAndHandle(ServletInvocableHandlerMethod.java:118)
	at org.springframework.web.servlet.mvc.method.annotation.RequestMappingHandlerAdapter.invokeHandlerMethod(RequestMappingHandlerAdapter.java:920)
	at org.springframework.web.servlet.mvc.method.annotation.RequestMappingHandlerAdapter.handleInternal(RequestMappingHandlerAdapter.java:830)
	at org.springframework.web.servlet.mvc.method.AbstractHandlerMethodAdapter.handle(AbstractHandlerMethodAdapter.java:87)
	at org.springframework.web.servlet.DispatcherServlet.doDispatch(DispatcherServlet.java:1089)
	at org.springframework.web.servlet.DispatcherServlet.doService(DispatcherServlet.java:979)
	at org.springframework.web.servlet.FrameworkServlet.processRequest(FrameworkServlet.java:1014)
	at org.springframework.web.servlet.FrameworkServlet.doPost(FrameworkServlet.java:914)
	at jakarta.servlet.http.HttpServlet.service(HttpServlet.java:590)
	at org.springframework.web.servlet.FrameworkServlet.service(FrameworkServlet.java:885)
	at jakarta.servlet.http.HttpServlet.service(HttpServlet.java:658)
	at org.apache.catalina.core.ApplicationFilterChain.internalDoFilter(ApplicationFilterChain.java:205)
	at org.apache.catalina.core.ApplicationFilterChain.doFilter(ApplicationFilterChain.java:149)
	at org.apache.tomcat.websocket.server.WsFilter.doFilter(WsFilter.java:51)
	at org.apache.catalina.core.ApplicationFilterChain.internalDoFilter(ApplicationFilterChain.java:174)
	at org.apache.catalina.core.ApplicationFilterChain.doFilter(ApplicationFilterChain.java:149)
	at org.springframework.web.filter.CompositeFilter$VirtualFilterChain.doFilter(CompositeFilter.java:108)
	at org.springframework.security.web.FilterChainProxy.lambda$doFilterInternal$3(FilterChainProxy.java:231)
	at org.springframework.security.web.ObservationFilterChainDecorator$FilterObservation$SimpleFilterObservation.lambda$wrap$1(ObservationFilterChainDecorator.java:479)
	at org.springframework.security.web.ObservationFilterChainDecorator$AroundFilterObservation$SimpleAroundFilterObservation.lambda$wrap$1(ObservationFilterChainDecorator.java:340)
	at org.springframework.security.web.ObservationFilterChainDecorator.lambda$wrapSecured$0(ObservationFilterChainDecorator.java:82)
	at org.springframework.security.web.ObservationFilterChainDecorator$VirtualFilterChain.doFilter(ObservationFilterChainDecorator.java:128)
	at org.springframework.security.web.access.intercept.AuthorizationFilter.doFilter(AuthorizationFilter.java:100)
	at org.springframework.security.web.ObservationFilterChainDecorator$ObservationFilter.wrapFilter(ObservationFilterChainDecorator.java:240)
	at org.springframework.security.web.ObservationFilterChainDecorator$ObservationFilter.doFilter(ObservationFilterChainDecorator.java:227)
	at org.springframework.security.web.ObservationFilterChainDecorator$VirtualFilterChain.doFilter(ObservationFilterChainDecorator.java:137)
	at org.springframework.security.web.access.ExceptionTranslationFilter.doFilter(ExceptionTranslationFilter.java:126)
	at org.springframework.security.web.access.ExceptionTranslationFilter.doFilter(ExceptionTranslationFilter.java:120)
	at org.springframework.security.web.ObservationFilterChainDecorator$ObservationFilter.wrapFilter(ObservationFilterChainDecorator.java:240)
	at org.springframework.security.web.ObservationFilterChainDecorator$ObservationFilter.doFilter(ObservationFilterChainDecorator.java:227)
	at org.springframework.security.web.ObservationFilterChainDecorator$VirtualFilterChain.doFilter(ObservationFilterChainDecorator.java:137)
	at org.springframework.security.web.authentication.AnonymousAuthenticationFilter.doFilter(AnonymousAuthenticationFilter.java:100)
	at org.springframework.security.web.ObservationFilterChainDecorator$ObservationFilter.wrapFilter(ObservationFilterChainDecorator.java:240)
	at org.springframework.security.web.ObservationFilterChainDecorator$ObservationFilter.doFilter(ObservationFilterChainDecorator.java:227)
	at org.springframework.security.web.ObservationFilterChainDecorator$VirtualFilterChain.doFilter(ObservationFilterChainDecorator.java:137)
	at org.springframework.security.web.servletapi.SecurityContextHolderAwareRequestFilter.doFilter(SecurityContextHolderAwareRequestFilter.java:179)
	at org.springframework.security.web.ObservationFilterChainDecorator$ObservationFilter.wrapFilter(ObservationFilterChainDecorator.java:240)
	at org.springframework.security.web.ObservationFilterChainDecorator$ObservationFilter.doFilter(ObservationFilterChainDecorator.java:227)
	at org.springframework.security.web.ObservationFilterChainDecorator$VirtualFilterChain.doFilter(ObservationFilterChainDecorator.java:137)
	at org.springframework.security.web.savedrequest.RequestCacheAwareFilter.doFilter(RequestCacheAwareFilter.java:63)
	at org.springframework.security.web.ObservationFilterChainDecorator$ObservationFilter.wrapFilter(ObservationFilterChainDecorator.java:240)
	at org.springframework.security.web.ObservationFilterChainDecorator$ObservationFilter.doFilter(ObservationFilterChainDecorator.java:227)
	at org.springframework.security.web.ObservationFilterChainDecorator$VirtualFilterChain.doFilter(ObservationFilterChainDecorator.java:137)
	at org.springframework.security.web.authentication.logout.LogoutFilter.doFilter(LogoutFilter.java:107)
	at org.springframework.security.web.authentication.logout.LogoutFilter.doFilter(LogoutFilter.java:93)
	at org.springframework.security.web.ObservationFilterChainDecorator$ObservationFilter.wrapFilter(ObservationFilterChainDecorator.java:240)
	at org.springframework.security.web.ObservationFilterChainDecorator$ObservationFilter.doFilter(ObservationFilterChainDecorator.java:227)
	at org.springframework.security.web.ObservationFilterChainDecorator$VirtualFilterChain.doFilter(ObservationFilterChainDecorator.java:137)
	at org.springframework.web.filter.CorsFilter.doFilterInternal(CorsFilter.java:91)
	at org.springframework.web.filter.OncePerRequestFilter.doFilter(OncePerRequestFilter.java:116)
	at org.springframework.security.web.ObservationFilterChainDecorator$ObservationFilter.wrapFilter(ObservationFilterChainDecorator.java:240)
	at org.springframework.security.web.ObservationFilterChainDecorator$ObservationFilter.doFilter(ObservationFilterChainDecorator.java:227)
	at org.springframework.security.web.ObservationFilterChainDecorator$VirtualFilterChain.doFilter(ObservationFilterChainDecorator.java:137)
	at org.springframework.security.web.header.HeaderWriterFilter.doHeadersAfter(HeaderWriterFilter.java:90)
	at org.springframework.security.web.header.HeaderWriterFilter.doFilterInternal(HeaderWriterFilter.java:75)
	at org.springframework.web.filter.OncePerRequestFilter.doFilter(OncePerRequestFilter.java:116)
	at org.springframework.security.web.ObservationFilterChainDecorator$ObservationFilter.wrapFilter(ObservationFilterChainDecorator.java:240)
	at org.springframework.security.web.ObservationFilterChainDecorator$ObservationFilter.doFilter(ObservationFilterChainDecorator.java:227)
	at org.springframework.security.web.ObservationFilterChainDecorator$VirtualFilterChain.doFilter(ObservationFilterChainDecorator.java:137)
	at org.springframework.security.web.context.SecurityContextHolderFilter.doFilter(SecurityContextHolderFilter.java:82)
	at org.springframework.security.web.context.SecurityContextHolderFilter.doFilter(SecurityContextHolderFilter.java:69)
	at org.springframework.security.web.ObservationFilterChainDecorator$ObservationFilter.wrapFilter(ObservationFilterChainDecorator.java:240)
	at org.springframework.security.web.ObservationFilterChainDecorator$ObservationFilter.doFilter(ObservationFilterChainDecorator.java:227)
	at org.springframework.security.web.ObservationFilterChainDecorator$VirtualFilterChain.doFilter(ObservationFilterChainDecorator.java:137)
	at org.springframework.security.web.context.request.async.WebAsyncManagerIntegrationFilter.doFilterInternal(WebAsyncManagerIntegrationFilter.java:62)
	at org.springframework.web.filter.OncePerRequestFilter.doFilter(OncePerRequestFilter.java:116)
	at org.springframework.security.web.ObservationFilterChainDecorator$ObservationFilter.wrapFilter(ObservationFilterChainDecorator.java:240)
	at org.springframework.security.web.ObservationFilterChainDecorator$ObservationFilter.doFilter(ObservationFilterChainDecorator.java:227)
	at org.springframework.security.web.ObservationFilterChainDecorator$VirtualFilterChain.doFilter(ObservationFilterChainDecorator.java:137)
	at org.springframework.security.web.session.DisableEncodeUrlFilter.doFilterInternal(DisableEncodeUrlFilter.java:42)
	at org.springframework.web.filter.OncePerRequestFilter.doFilter(OncePerRequestFilter.java:116)
	at org.springframework.security.web.ObservationFilterChainDecorator$ObservationFilter.wrapFilter(ObservationFilterChainDecorator.java:240)
	at org.springframework.security.web.ObservationFilterChainDecorator$AroundFilterObservation$SimpleAroundFilterObservation.lambda$wrap$0(ObservationFilterChainDecorator.java:323)
	at org.springframework.security.web.ObservationFilterChainDecorator$ObservationFilter.doFilter(ObservationFilterChainDecorator.java:224)
	at org.springframework.security.web.ObservationFilterChainDecorator$VirtualFilterChain.doFilter(ObservationFilterChainDecorator.java:137)
	at org.springframework.security.web.FilterChainProxy.doFilterInternal(FilterChainProxy.java:233)
	at org.springframework.security.web.FilterChainProxy.doFilter(FilterChainProxy.java:191)
	at org.springframework.web.filter.CompositeFilter$VirtualFilterChain.doFilter(CompositeFilter.java:113)
	at org.springframework.web.servlet.handler.HandlerMappingIntrospector.lambda$createCacheFilter$3(HandlerMappingIntrospector.java:195)
	at org.springframework.web.filter.CompositeFilter$VirtualFilterChain.doFilter(CompositeFilter.java:113)
	at org.springframework.web.filter.CompositeFilter.doFilter(CompositeFilter.java:74)
	at org.springframework.security.config.annotation.web.configuration.WebMvcSecurityConfiguration$CompositeFilterChainProxy.doFilter(WebMvcSecurityConfiguration.java:230)
	at org.springframework.web.filter.DelegatingFilterProxy.invokeDelegate(DelegatingFilterProxy.java:352)
	at org.springframework.web.filter.DelegatingFilterProxy.doFilter(DelegatingFilterProxy.java:268)
	at org.apache.catalina.core.ApplicationFilterChain.internalDoFilter(ApplicationFilterChain.java:174)
	at org.apache.catalina.core.ApplicationFilterChain.doFilter(ApplicationFilterChain.java:149)
	at org.springframework.web.filter.RequestContextFilter.doFilterInternal(RequestContextFilter.java:100)
	at org.springframework.web.filter.OncePerRequestFilter.doFilter(OncePerRequestFilter.java:116)
	at org.apache.catalina.core.ApplicationFilterChain.internalDoFilter(ApplicationFilterChain.java:174)
	at org.apache.catalina.core.ApplicationFilterChain.doFilter(ApplicationFilterChain.java:149)
	at org.springframework.web.filter.FormContentFilter.doFilterInternal(FormContentFilter.java:93)
	at org.springframework.web.filter.OncePerRequestFilter.doFilter(OncePerRequestFilter.java:116)
	at org.apache.catalina.core.ApplicationFilterChain.internalDoFilter(ApplicationFilterChain.java:174)
	at org.apache.catalina.core.ApplicationFilterChain.doFilter(ApplicationFilterChain.java:149)
	at org.springframework.web.filter.ServerHttpObservationFilter.doFilterInternal(ServerHttpObservationFilter.java:109)
	at org.springframework.web.filter.OncePerRequestFilter.doFilter(OncePerRequestFilter.java:116)
	at org.apache.catalina.core.ApplicationFilterChain.internalDoFilter(ApplicationFilterChain.java:174)
	at org.apache.catalina.core.ApplicationFilterChain.doFilter(ApplicationFilterChain.java:149)
	at org.springframework.web.filter.CharacterEncodingFilter.doFilterInternal(CharacterEncodingFilter.java:201)
	at org.springframework.web.filter.OncePerRequestFilter.doFilter(OncePerRequestFilter.java:116)
	at org.apache.catalina.core.ApplicationFilterChain.internalDoFilter(ApplicationFilterChain.java:174)
	at org.apache.catalina.core.ApplicationFilterChain.doFilter(ApplicationFilterChain.java:149)
	at org.apache.catalina.core.StandardWrapperValve.invoke(StandardWrapperValve.java:167)
	at org.apache.catalina.core.StandardContextValve.invoke(StandardContextValve.java:90)
	at org.apache.catalina.authenticator.AuthenticatorBase.invoke(AuthenticatorBase.java:482)
	at org.apache.catalina.core.StandardHostValve.invoke(StandardHostValve.java:115)
	at org.apache.catalina.valves.ErrorReportValve.invoke(ErrorReportValve.java:93)
	at org.apache.catalina.core.StandardEngineValve.invoke(StandardEngineValve.java:74)
	at org.apache.catalina.connector.CoyoteAdapter.service(CoyoteAdapter.java:344)
	at org.apache.coyote.http11.Http11Processor.service(Http11Processor.java:391)
	at org.apache.coyote.AbstractProcessorLight.process(AbstractProcessorLight.java:63)
	at org.apache.coyote.AbstractProtocol$ConnectionHandler.process(AbstractProtocol.java:896)
	at org.apache.tomcat.util.net.NioEndpoint$SocketProcessor.doRun(NioEndpoint.java:1744)
	at org.apache.tomcat.util.net.SocketProcessorBase.run(SocketProcessorBase.java:52)
	at org.apache.tomcat.util.threads.ThreadPoolExecutor.runWorker(ThreadPoolExecutor.java:1191)
	at org.apache.tomcat.util.threads.ThreadPoolExecutor$Worker.run(ThreadPoolExecutor.java:659)
	at org.apache.tomcat.util.threads.TaskThread$WrappingRunnable.run(TaskThread.java:63)
	at java.base/java.lang.Thread.run(Thread.java:840)
2025-07-04 09:06:43 [http-nio-8082-exec-8] ERROR c.m.u.core.logging.LoggingService - CheckEmailVerificationUseCase: Excepción de email no verificado - Email: agudelo1@gmail.com
com.microserviceone.users.verificationCodeApi.application.exception.EmailNotVerifiedException: El correo electrónico aún no ha sido verificado
	at com.microserviceone.users.verificationCodeApi.application.usecase.CheckEmailVerificationUseCase.checkEmailVerification(CheckEmailVerificationUseCase.java:30)
	at java.base/jdk.internal.reflect.NativeMethodAccessorImpl.invoke0(Native Method)
	at java.base/jdk.internal.reflect.NativeMethodAccessorImpl.invoke(NativeMethodAccessorImpl.java:77)
	at java.base/jdk.internal.reflect.DelegatingMethodAccessorImpl.invoke(DelegatingMethodAccessorImpl.java:43)
	at java.base/java.lang.reflect.Method.invoke(Method.java:569)
	at org.springframework.aop.support.AopUtils.invokeJoinpointUsingReflection(AopUtils.java:351)
	at org.springframework.aop.framework.ReflectiveMethodInvocation.invokeJoinpoint(ReflectiveMethodInvocation.java:196)
	at org.springframework.aop.framework.ReflectiveMethodInvocation.proceed(ReflectiveMethodInvocation.java:163)
	at org.springframework.aop.framework.CglibAopProxy$CglibMethodInvocation.proceed(CglibAopProxy.java:765)
	at org.springframework.transaction.interceptor.TransactionInterceptor$1.proceedWithInvocation(TransactionInterceptor.java:123)
	at org.springframework.transaction.interceptor.TransactionAspectSupport.invokeWithinTransaction(TransactionAspectSupport.java:385)
	at org.springframework.transaction.interceptor.TransactionInterceptor.invoke(TransactionInterceptor.java:119)
	at org.springframework.aop.framework.ReflectiveMethodInvocation.proceed(ReflectiveMethodInvocation.java:184)
	at org.springframework.aop.framework.CglibAopProxy$CglibMethodInvocation.proceed(CglibAopProxy.java:765)
	at org.springframework.aop.framework.CglibAopProxy$DynamicAdvisedInterceptor.intercept(CglibAopProxy.java:717)
	at com.microserviceone.users.verificationCodeApi.application.usecase.CheckEmailVerificationUseCase$$SpringCGLIB$$0.checkEmailVerification(<generated>)
	at com.microserviceone.users.verificationCodeApi.application.usecase.cached.CachedCheckEmailVerificationUseCase.checkEmailVerification(CachedCheckEmailVerificationUseCase.java:53)
	at com.microserviceone.users.verificationCodeApi.application.service.VerificationService.checkEmailVerification(VerificationService.java:55)
	at com.microserviceone.users.verificationCodeApi.web.controller.VerificationCodeController.checkEmailVerification(VerificationCodeController.java:69)
	at java.base/jdk.internal.reflect.NativeMethodAccessorImpl.invoke0(Native Method)
	at java.base/jdk.internal.reflect.NativeMethodAccessorImpl.invoke(NativeMethodAccessorImpl.java:77)
	at java.base/jdk.internal.reflect.DelegatingMethodAccessorImpl.invoke(DelegatingMethodAccessorImpl.java:43)
	at java.base/java.lang.reflect.Method.invoke(Method.java:569)
	at org.springframework.web.method.support.InvocableHandlerMethod.doInvoke(InvocableHandlerMethod.java:259)
	at org.springframework.web.method.support.InvocableHandlerMethod.invokeForRequest(InvocableHandlerMethod.java:192)
	at org.springframework.web.servlet.mvc.method.annotation.ServletInvocableHandlerMethod.invokeAndHandle(ServletInvocableHandlerMethod.java:118)
	at org.springframework.web.servlet.mvc.method.annotation.RequestMappingHandlerAdapter.invokeHandlerMethod(RequestMappingHandlerAdapter.java:920)
	at org.springframework.web.servlet.mvc.method.annotation.RequestMappingHandlerAdapter.handleInternal(RequestMappingHandlerAdapter.java:830)
	at org.springframework.web.servlet.mvc.method.AbstractHandlerMethodAdapter.handle(AbstractHandlerMethodAdapter.java:87)
	at org.springframework.web.servlet.DispatcherServlet.doDispatch(DispatcherServlet.java:1089)
	at org.springframework.web.servlet.DispatcherServlet.doService(DispatcherServlet.java:979)
	at org.springframework.web.servlet.FrameworkServlet.processRequest(FrameworkServlet.java:1014)
	at org.springframework.web.servlet.FrameworkServlet.doPost(FrameworkServlet.java:914)
	at jakarta.servlet.http.HttpServlet.service(HttpServlet.java:590)
	at org.springframework.web.servlet.FrameworkServlet.service(FrameworkServlet.java:885)
	at jakarta.servlet.http.HttpServlet.service(HttpServlet.java:658)
	at org.apache.catalina.core.ApplicationFilterChain.internalDoFilter(ApplicationFilterChain.java:205)
	at org.apache.catalina.core.ApplicationFilterChain.doFilter(ApplicationFilterChain.java:149)
	at org.apache.tomcat.websocket.server.WsFilter.doFilter(WsFilter.java:51)
	at org.apache.catalina.core.ApplicationFilterChain.internalDoFilter(ApplicationFilterChain.java:174)
	at org.apache.catalina.core.ApplicationFilterChain.doFilter(ApplicationFilterChain.java:149)
	at org.springframework.web.filter.CompositeFilter$VirtualFilterChain.doFilter(CompositeFilter.java:108)
	at org.springframework.security.web.FilterChainProxy.lambda$doFilterInternal$3(FilterChainProxy.java:231)
	at org.springframework.security.web.ObservationFilterChainDecorator$FilterObservation$SimpleFilterObservation.lambda$wrap$1(ObservationFilterChainDecorator.java:479)
	at org.springframework.security.web.ObservationFilterChainDecorator$AroundFilterObservation$SimpleAroundFilterObservation.lambda$wrap$1(ObservationFilterChainDecorator.java:340)
	at org.springframework.security.web.ObservationFilterChainDecorator.lambda$wrapSecured$0(ObservationFilterChainDecorator.java:82)
	at org.springframework.security.web.ObservationFilterChainDecorator$VirtualFilterChain.doFilter(ObservationFilterChainDecorator.java:128)
	at org.springframework.security.web.access.intercept.AuthorizationFilter.doFilter(AuthorizationFilter.java:100)
	at org.springframework.security.web.ObservationFilterChainDecorator$ObservationFilter.wrapFilter(ObservationFilterChainDecorator.java:240)
	at org.springframework.security.web.ObservationFilterChainDecorator$ObservationFilter.doFilter(ObservationFilterChainDecorator.java:227)
	at org.springframework.security.web.ObservationFilterChainDecorator$VirtualFilterChain.doFilter(ObservationFilterChainDecorator.java:137)
	at org.springframework.security.web.access.ExceptionTranslationFilter.doFilter(ExceptionTranslationFilter.java:126)
	at org.springframework.security.web.access.ExceptionTranslationFilter.doFilter(ExceptionTranslationFilter.java:120)
	at org.springframework.security.web.ObservationFilterChainDecorator$ObservationFilter.wrapFilter(ObservationFilterChainDecorator.java:240)
	at org.springframework.security.web.ObservationFilterChainDecorator$ObservationFilter.doFilter(ObservationFilterChainDecorator.java:227)
	at org.springframework.security.web.ObservationFilterChainDecorator$VirtualFilterChain.doFilter(ObservationFilterChainDecorator.java:137)
	at org.springframework.security.web.authentication.AnonymousAuthenticationFilter.doFilter(AnonymousAuthenticationFilter.java:100)
	at org.springframework.security.web.ObservationFilterChainDecorator$ObservationFilter.wrapFilter(ObservationFilterChainDecorator.java:240)
	at org.springframework.security.web.ObservationFilterChainDecorator$ObservationFilter.doFilter(ObservationFilterChainDecorator.java:227)
	at org.springframework.security.web.ObservationFilterChainDecorator$VirtualFilterChain.doFilter(ObservationFilterChainDecorator.java:137)
	at org.springframework.security.web.servletapi.SecurityContextHolderAwareRequestFilter.doFilter(SecurityContextHolderAwareRequestFilter.java:179)
	at org.springframework.security.web.ObservationFilterChainDecorator$ObservationFilter.wrapFilter(ObservationFilterChainDecorator.java:240)
	at org.springframework.security.web.ObservationFilterChainDecorator$ObservationFilter.doFilter(ObservationFilterChainDecorator.java:227)
	at org.springframework.security.web.ObservationFilterChainDecorator$VirtualFilterChain.doFilter(ObservationFilterChainDecorator.java:137)
	at org.springframework.security.web.savedrequest.RequestCacheAwareFilter.doFilter(RequestCacheAwareFilter.java:63)
	at org.springframework.security.web.ObservationFilterChainDecorator$ObservationFilter.wrapFilter(ObservationFilterChainDecorator.java:240)
	at org.springframework.security.web.ObservationFilterChainDecorator$ObservationFilter.doFilter(ObservationFilterChainDecorator.java:227)
	at org.springframework.security.web.ObservationFilterChainDecorator$VirtualFilterChain.doFilter(ObservationFilterChainDecorator.java:137)
	at org.springframework.security.web.authentication.logout.LogoutFilter.doFilter(LogoutFilter.java:107)
	at org.springframework.security.web.authentication.logout.LogoutFilter.doFilter(LogoutFilter.java:93)
	at org.springframework.security.web.ObservationFilterChainDecorator$ObservationFilter.wrapFilter(ObservationFilterChainDecorator.java:240)
	at org.springframework.security.web.ObservationFilterChainDecorator$ObservationFilter.doFilter(ObservationFilterChainDecorator.java:227)
	at org.springframework.security.web.ObservationFilterChainDecorator$VirtualFilterChain.doFilter(ObservationFilterChainDecorator.java:137)
	at org.springframework.web.filter.CorsFilter.doFilterInternal(CorsFilter.java:91)
	at org.springframework.web.filter.OncePerRequestFilter.doFilter(OncePerRequestFilter.java:116)
	at org.springframework.security.web.ObservationFilterChainDecorator$ObservationFilter.wrapFilter(ObservationFilterChainDecorator.java:240)
	at org.springframework.security.web.ObservationFilterChainDecorator$ObservationFilter.doFilter(ObservationFilterChainDecorator.java:227)
	at org.springframework.security.web.ObservationFilterChainDecorator$VirtualFilterChain.doFilter(ObservationFilterChainDecorator.java:137)
	at org.springframework.security.web.header.HeaderWriterFilter.doHeadersAfter(HeaderWriterFilter.java:90)
	at org.springframework.security.web.header.HeaderWriterFilter.doFilterInternal(HeaderWriterFilter.java:75)
	at org.springframework.web.filter.OncePerRequestFilter.doFilter(OncePerRequestFilter.java:116)
	at org.springframework.security.web.ObservationFilterChainDecorator$ObservationFilter.wrapFilter(ObservationFilterChainDecorator.java:240)
	at org.springframework.security.web.ObservationFilterChainDecorator$ObservationFilter.doFilter(ObservationFilterChainDecorator.java:227)
	at org.springframework.security.web.ObservationFilterChainDecorator$VirtualFilterChain.doFilter(ObservationFilterChainDecorator.java:137)
	at org.springframework.security.web.context.SecurityContextHolderFilter.doFilter(SecurityContextHolderFilter.java:82)
	at org.springframework.security.web.context.SecurityContextHolderFilter.doFilter(SecurityContextHolderFilter.java:69)
	at org.springframework.security.web.ObservationFilterChainDecorator$ObservationFilter.wrapFilter(ObservationFilterChainDecorator.java:240)
	at org.springframework.security.web.ObservationFilterChainDecorator$ObservationFilter.doFilter(ObservationFilterChainDecorator.java:227)
	at org.springframework.security.web.ObservationFilterChainDecorator$VirtualFilterChain.doFilter(ObservationFilterChainDecorator.java:137)
	at org.springframework.security.web.context.request.async.WebAsyncManagerIntegrationFilter.doFilterInternal(WebAsyncManagerIntegrationFilter.java:62)
	at org.springframework.web.filter.OncePerRequestFilter.doFilter(OncePerRequestFilter.java:116)
	at org.springframework.security.web.ObservationFilterChainDecorator$ObservationFilter.wrapFilter(ObservationFilterChainDecorator.java:240)
	at org.springframework.security.web.ObservationFilterChainDecorator$ObservationFilter.doFilter(ObservationFilterChainDecorator.java:227)
	at org.springframework.security.web.ObservationFilterChainDecorator$VirtualFilterChain.doFilter(ObservationFilterChainDecorator.java:137)
	at org.springframework.security.web.session.DisableEncodeUrlFilter.doFilterInternal(DisableEncodeUrlFilter.java:42)
	at org.springframework.web.filter.OncePerRequestFilter.doFilter(OncePerRequestFilter.java:116)
	at org.springframework.security.web.ObservationFilterChainDecorator$ObservationFilter.wrapFilter(ObservationFilterChainDecorator.java:240)
	at org.springframework.security.web.ObservationFilterChainDecorator$AroundFilterObservation$SimpleAroundFilterObservation.lambda$wrap$0(ObservationFilterChainDecorator.java:323)
	at org.springframework.security.web.ObservationFilterChainDecorator$ObservationFilter.doFilter(ObservationFilterChainDecorator.java:224)
	at org.springframework.security.web.ObservationFilterChainDecorator$VirtualFilterChain.doFilter(ObservationFilterChainDecorator.java:137)
	at org.springframework.security.web.FilterChainProxy.doFilterInternal(FilterChainProxy.java:233)
	at org.springframework.security.web.FilterChainProxy.doFilter(FilterChainProxy.java:191)
	at org.springframework.web.filter.CompositeFilter$VirtualFilterChain.doFilter(CompositeFilter.java:113)
	at org.springframework.web.servlet.handler.HandlerMappingIntrospector.lambda$createCacheFilter$3(HandlerMappingIntrospector.java:195)
	at org.springframework.web.filter.CompositeFilter$VirtualFilterChain.doFilter(CompositeFilter.java:113)
	at org.springframework.web.filter.CompositeFilter.doFilter(CompositeFilter.java:74)
	at org.springframework.security.config.annotation.web.configuration.WebMvcSecurityConfiguration$CompositeFilterChainProxy.doFilter(WebMvcSecurityConfiguration.java:230)
	at org.springframework.web.filter.DelegatingFilterProxy.invokeDelegate(DelegatingFilterProxy.java:352)
	at org.springframework.web.filter.DelegatingFilterProxy.doFilter(DelegatingFilterProxy.java:268)
	at org.apache.catalina.core.ApplicationFilterChain.internalDoFilter(ApplicationFilterChain.java:174)
	at org.apache.catalina.core.ApplicationFilterChain.doFilter(ApplicationFilterChain.java:149)
	at org.springframework.web.filter.RequestContextFilter.doFilterInternal(RequestContextFilter.java:100)
	at org.springframework.web.filter.OncePerRequestFilter.doFilter(OncePerRequestFilter.java:116)
	at org.apache.catalina.core.ApplicationFilterChain.internalDoFilter(ApplicationFilterChain.java:174)
	at org.apache.catalina.core.ApplicationFilterChain.doFilter(ApplicationFilterChain.java:149)
	at org.springframework.web.filter.FormContentFilter.doFilterInternal(FormContentFilter.java:93)
	at org.springframework.web.filter.OncePerRequestFilter.doFilter(OncePerRequestFilter.java:116)
	at org.apache.catalina.core.ApplicationFilterChain.internalDoFilter(ApplicationFilterChain.java:174)
	at org.apache.catalina.core.ApplicationFilterChain.doFilter(ApplicationFilterChain.java:149)
	at org.springframework.web.filter.ServerHttpObservationFilter.doFilterInternal(ServerHttpObservationFilter.java:109)
	at org.springframework.web.filter.OncePerRequestFilter.doFilter(OncePerRequestFilter.java:116)
	at org.apache.catalina.core.ApplicationFilterChain.internalDoFilter(ApplicationFilterChain.java:174)
	at org.apache.catalina.core.ApplicationFilterChain.doFilter(ApplicationFilterChain.java:149)
	at org.springframework.web.filter.CharacterEncodingFilter.doFilterInternal(CharacterEncodingFilter.java:201)
	at org.springframework.web.filter.OncePerRequestFilter.doFilter(OncePerRequestFilter.java:116)
	at org.apache.catalina.core.ApplicationFilterChain.internalDoFilter(ApplicationFilterChain.java:174)
	at org.apache.catalina.core.ApplicationFilterChain.doFilter(ApplicationFilterChain.java:149)
	at org.apache.catalina.core.StandardWrapperValve.invoke(StandardWrapperValve.java:167)
	at org.apache.catalina.core.StandardContextValve.invoke(StandardContextValve.java:90)
	at org.apache.catalina.authenticator.AuthenticatorBase.invoke(AuthenticatorBase.java:482)
	at org.apache.catalina.core.StandardHostValve.invoke(StandardHostValve.java:115)
	at org.apache.catalina.valves.ErrorReportValve.invoke(ErrorReportValve.java:93)
	at org.apache.catalina.core.StandardEngineValve.invoke(StandardEngineValve.java:74)
	at org.apache.catalina.connector.CoyoteAdapter.service(CoyoteAdapter.java:344)
	at org.apache.coyote.http11.Http11Processor.service(Http11Processor.java:391)
	at org.apache.coyote.AbstractProcessorLight.process(AbstractProcessorLight.java:63)
	at org.apache.coyote.AbstractProtocol$ConnectionHandler.process(AbstractProtocol.java:896)
	at org.apache.tomcat.util.net.NioEndpoint$SocketProcessor.doRun(NioEndpoint.java:1744)
	at org.apache.tomcat.util.net.SocketProcessorBase.run(SocketProcessorBase.java:52)
	at org.apache.tomcat.util.threads.ThreadPoolExecutor.runWorker(ThreadPoolExecutor.java:1191)
	at org.apache.tomcat.util.threads.ThreadPoolExecutor$Worker.run(ThreadPoolExecutor.java:659)
	at org.apache.tomcat.util.threads.TaskThread$WrappingRunnable.run(TaskThread.java:63)
	at java.base/java.lang.Thread.run(Thread.java:840)
2025-07-04 09:06:43 [http-nio-8082-exec-8] ERROR c.m.u.core.logging.LoggingService - VerificationService: Error al verificar estado de email - Email: agudelo1@gmail.com
com.microserviceone.users.verificationCodeApi.application.exception.EmailNotVerifiedException: El correo electrónico aún no ha sido verificado
	at com.microserviceone.users.verificationCodeApi.application.usecase.CheckEmailVerificationUseCase.checkEmailVerification(CheckEmailVerificationUseCase.java:30)
	at java.base/jdk.internal.reflect.NativeMethodAccessorImpl.invoke0(Native Method)
	at java.base/jdk.internal.reflect.NativeMethodAccessorImpl.invoke(NativeMethodAccessorImpl.java:77)
	at java.base/jdk.internal.reflect.DelegatingMethodAccessorImpl.invoke(DelegatingMethodAccessorImpl.java:43)
	at java.base/java.lang.reflect.Method.invoke(Method.java:569)
	at org.springframework.aop.support.AopUtils.invokeJoinpointUsingReflection(AopUtils.java:351)
	at org.springframework.aop.framework.ReflectiveMethodInvocation.invokeJoinpoint(ReflectiveMethodInvocation.java:196)
	at org.springframework.aop.framework.ReflectiveMethodInvocation.proceed(ReflectiveMethodInvocation.java:163)
	at org.springframework.aop.framework.CglibAopProxy$CglibMethodInvocation.proceed(CglibAopProxy.java:765)
	at org.springframework.transaction.interceptor.TransactionInterceptor$1.proceedWithInvocation(TransactionInterceptor.java:123)
	at org.springframework.transaction.interceptor.TransactionAspectSupport.invokeWithinTransaction(TransactionAspectSupport.java:385)
	at org.springframework.transaction.interceptor.TransactionInterceptor.invoke(TransactionInterceptor.java:119)
	at org.springframework.aop.framework.ReflectiveMethodInvocation.proceed(ReflectiveMethodInvocation.java:184)
	at org.springframework.aop.framework.CglibAopProxy$CglibMethodInvocation.proceed(CglibAopProxy.java:765)
	at org.springframework.aop.framework.CglibAopProxy$DynamicAdvisedInterceptor.intercept(CglibAopProxy.java:717)
	at com.microserviceone.users.verificationCodeApi.application.usecase.CheckEmailVerificationUseCase$$SpringCGLIB$$0.checkEmailVerification(<generated>)
	at com.microserviceone.users.verificationCodeApi.application.usecase.cached.CachedCheckEmailVerificationUseCase.checkEmailVerification(CachedCheckEmailVerificationUseCase.java:53)
	at com.microserviceone.users.verificationCodeApi.application.service.VerificationService.checkEmailVerification(VerificationService.java:55)
	at com.microserviceone.users.verificationCodeApi.web.controller.VerificationCodeController.checkEmailVerification(VerificationCodeController.java:69)
	at java.base/jdk.internal.reflect.NativeMethodAccessorImpl.invoke0(Native Method)
	at java.base/jdk.internal.reflect.NativeMethodAccessorImpl.invoke(NativeMethodAccessorImpl.java:77)
	at java.base/jdk.internal.reflect.DelegatingMethodAccessorImpl.invoke(DelegatingMethodAccessorImpl.java:43)
	at java.base/java.lang.reflect.Method.invoke(Method.java:569)
	at org.springframework.web.method.support.InvocableHandlerMethod.doInvoke(InvocableHandlerMethod.java:259)
	at org.springframework.web.method.support.InvocableHandlerMethod.invokeForRequest(InvocableHandlerMethod.java:192)
	at org.springframework.web.servlet.mvc.method.annotation.ServletInvocableHandlerMethod.invokeAndHandle(ServletInvocableHandlerMethod.java:118)
	at org.springframework.web.servlet.mvc.method.annotation.RequestMappingHandlerAdapter.invokeHandlerMethod(RequestMappingHandlerAdapter.java:920)
	at org.springframework.web.servlet.mvc.method.annotation.RequestMappingHandlerAdapter.handleInternal(RequestMappingHandlerAdapter.java:830)
	at org.springframework.web.servlet.mvc.method.AbstractHandlerMethodAdapter.handle(AbstractHandlerMethodAdapter.java:87)
	at org.springframework.web.servlet.DispatcherServlet.doDispatch(DispatcherServlet.java:1089)
	at org.springframework.web.servlet.DispatcherServlet.doService(DispatcherServlet.java:979)
	at org.springframework.web.servlet.FrameworkServlet.processRequest(FrameworkServlet.java:1014)
	at org.springframework.web.servlet.FrameworkServlet.doPost(FrameworkServlet.java:914)
	at jakarta.servlet.http.HttpServlet.service(HttpServlet.java:590)
	at org.springframework.web.servlet.FrameworkServlet.service(FrameworkServlet.java:885)
	at jakarta.servlet.http.HttpServlet.service(HttpServlet.java:658)
	at org.apache.catalina.core.ApplicationFilterChain.internalDoFilter(ApplicationFilterChain.java:205)
	at org.apache.catalina.core.ApplicationFilterChain.doFilter(ApplicationFilterChain.java:149)
	at org.apache.tomcat.websocket.server.WsFilter.doFilter(WsFilter.java:51)
	at org.apache.catalina.core.ApplicationFilterChain.internalDoFilter(ApplicationFilterChain.java:174)
	at org.apache.catalina.core.ApplicationFilterChain.doFilter(ApplicationFilterChain.java:149)
	at org.springframework.web.filter.CompositeFilter$VirtualFilterChain.doFilter(CompositeFilter.java:108)
	at org.springframework.security.web.FilterChainProxy.lambda$doFilterInternal$3(FilterChainProxy.java:231)
	at org.springframework.security.web.ObservationFilterChainDecorator$FilterObservation$SimpleFilterObservation.lambda$wrap$1(ObservationFilterChainDecorator.java:479)
	at org.springframework.security.web.ObservationFilterChainDecorator$AroundFilterObservation$SimpleAroundFilterObservation.lambda$wrap$1(ObservationFilterChainDecorator.java:340)
	at org.springframework.security.web.ObservationFilterChainDecorator.lambda$wrapSecured$0(ObservationFilterChainDecorator.java:82)
	at org.springframework.security.web.ObservationFilterChainDecorator$VirtualFilterChain.doFilter(ObservationFilterChainDecorator.java:128)
	at org.springframework.security.web.access.intercept.AuthorizationFilter.doFilter(AuthorizationFilter.java:100)
	at org.springframework.security.web.ObservationFilterChainDecorator$ObservationFilter.wrapFilter(ObservationFilterChainDecorator.java:240)
	at org.springframework.security.web.ObservationFilterChainDecorator$ObservationFilter.doFilter(ObservationFilterChainDecorator.java:227)
	at org.springframework.security.web.ObservationFilterChainDecorator$VirtualFilterChain.doFilter(ObservationFilterChainDecorator.java:137)
	at org.springframework.security.web.access.ExceptionTranslationFilter.doFilter(ExceptionTranslationFilter.java:126)
	at org.springframework.security.web.access.ExceptionTranslationFilter.doFilter(ExceptionTranslationFilter.java:120)
	at org.springframework.security.web.ObservationFilterChainDecorator$ObservationFilter.wrapFilter(ObservationFilterChainDecorator.java:240)
	at org.springframework.security.web.ObservationFilterChainDecorator$ObservationFilter.doFilter(ObservationFilterChainDecorator.java:227)
	at org.springframework.security.web.ObservationFilterChainDecorator$VirtualFilterChain.doFilter(ObservationFilterChainDecorator.java:137)
	at org.springframework.security.web.authentication.AnonymousAuthenticationFilter.doFilter(AnonymousAuthenticationFilter.java:100)
	at org.springframework.security.web.ObservationFilterChainDecorator$ObservationFilter.wrapFilter(ObservationFilterChainDecorator.java:240)
	at org.springframework.security.web.ObservationFilterChainDecorator$ObservationFilter.doFilter(ObservationFilterChainDecorator.java:227)
	at org.springframework.security.web.ObservationFilterChainDecorator$VirtualFilterChain.doFilter(ObservationFilterChainDecorator.java:137)
	at org.springframework.security.web.servletapi.SecurityContextHolderAwareRequestFilter.doFilter(SecurityContextHolderAwareRequestFilter.java:179)
	at org.springframework.security.web.ObservationFilterChainDecorator$ObservationFilter.wrapFilter(ObservationFilterChainDecorator.java:240)
	at org.springframework.security.web.ObservationFilterChainDecorator$ObservationFilter.doFilter(ObservationFilterChainDecorator.java:227)
	at org.springframework.security.web.ObservationFilterChainDecorator$VirtualFilterChain.doFilter(ObservationFilterChainDecorator.java:137)
	at org.springframework.security.web.savedrequest.RequestCacheAwareFilter.doFilter(RequestCacheAwareFilter.java:63)
	at org.springframework.security.web.ObservationFilterChainDecorator$ObservationFilter.wrapFilter(ObservationFilterChainDecorator.java:240)
	at org.springframework.security.web.ObservationFilterChainDecorator$ObservationFilter.doFilter(ObservationFilterChainDecorator.java:227)
	at org.springframework.security.web.ObservationFilterChainDecorator$VirtualFilterChain.doFilter(ObservationFilterChainDecorator.java:137)
	at org.springframework.security.web.authentication.logout.LogoutFilter.doFilter(LogoutFilter.java:107)
	at org.springframework.security.web.authentication.logout.LogoutFilter.doFilter(LogoutFilter.java:93)
	at org.springframework.security.web.ObservationFilterChainDecorator$ObservationFilter.wrapFilter(ObservationFilterChainDecorator.java:240)
	at org.springframework.security.web.ObservationFilterChainDecorator$ObservationFilter.doFilter(ObservationFilterChainDecorator.java:227)
	at org.springframework.security.web.ObservationFilterChainDecorator$VirtualFilterChain.doFilter(ObservationFilterChainDecorator.java:137)
	at org.springframework.web.filter.CorsFilter.doFilterInternal(CorsFilter.java:91)
	at org.springframework.web.filter.OncePerRequestFilter.doFilter(OncePerRequestFilter.java:116)
	at org.springframework.security.web.ObservationFilterChainDecorator$ObservationFilter.wrapFilter(ObservationFilterChainDecorator.java:240)
	at org.springframework.security.web.ObservationFilterChainDecorator$ObservationFilter.doFilter(ObservationFilterChainDecorator.java:227)
	at org.springframework.security.web.ObservationFilterChainDecorator$VirtualFilterChain.doFilter(ObservationFilterChainDecorator.java:137)
	at org.springframework.security.web.header.HeaderWriterFilter.doHeadersAfter(HeaderWriterFilter.java:90)
	at org.springframework.security.web.header.HeaderWriterFilter.doFilterInternal(HeaderWriterFilter.java:75)
	at org.springframework.web.filter.OncePerRequestFilter.doFilter(OncePerRequestFilter.java:116)
	at org.springframework.security.web.ObservationFilterChainDecorator$ObservationFilter.wrapFilter(ObservationFilterChainDecorator.java:240)
	at org.springframework.security.web.ObservationFilterChainDecorator$ObservationFilter.doFilter(ObservationFilterChainDecorator.java:227)
	at org.springframework.security.web.ObservationFilterChainDecorator$VirtualFilterChain.doFilter(ObservationFilterChainDecorator.java:137)
	at org.springframework.security.web.context.SecurityContextHolderFilter.doFilter(SecurityContextHolderFilter.java:82)
	at org.springframework.security.web.context.SecurityContextHolderFilter.doFilter(SecurityContextHolderFilter.java:69)
	at org.springframework.security.web.ObservationFilterChainDecorator$ObservationFilter.wrapFilter(ObservationFilterChainDecorator.java:240)
	at org.springframework.security.web.ObservationFilterChainDecorator$ObservationFilter.doFilter(ObservationFilterChainDecorator.java:227)
	at org.springframework.security.web.ObservationFilterChainDecorator$VirtualFilterChain.doFilter(ObservationFilterChainDecorator.java:137)
	at org.springframework.security.web.context.request.async.WebAsyncManagerIntegrationFilter.doFilterInternal(WebAsyncManagerIntegrationFilter.java:62)
	at org.springframework.web.filter.OncePerRequestFilter.doFilter(OncePerRequestFilter.java:116)
	at org.springframework.security.web.ObservationFilterChainDecorator$ObservationFilter.wrapFilter(ObservationFilterChainDecorator.java:240)
	at org.springframework.security.web.ObservationFilterChainDecorator$ObservationFilter.doFilter(ObservationFilterChainDecorator.java:227)
	at org.springframework.security.web.ObservationFilterChainDecorator$VirtualFilterChain.doFilter(ObservationFilterChainDecorator.java:137)
	at org.springframework.security.web.session.DisableEncodeUrlFilter.doFilterInternal(DisableEncodeUrlFilter.java:42)
	at org.springframework.web.filter.OncePerRequestFilter.doFilter(OncePerRequestFilter.java:116)
	at org.springframework.security.web.ObservationFilterChainDecorator$ObservationFilter.wrapFilter(ObservationFilterChainDecorator.java:240)
	at org.springframework.security.web.ObservationFilterChainDecorator$AroundFilterObservation$SimpleAroundFilterObservation.lambda$wrap$0(ObservationFilterChainDecorator.java:323)
	at org.springframework.security.web.ObservationFilterChainDecorator$ObservationFilter.doFilter(ObservationFilterChainDecorator.java:224)
	at org.springframework.security.web.ObservationFilterChainDecorator$VirtualFilterChain.doFilter(ObservationFilterChainDecorator.java:137)
	at org.springframework.security.web.FilterChainProxy.doFilterInternal(FilterChainProxy.java:233)
	at org.springframework.security.web.FilterChainProxy.doFilter(FilterChainProxy.java:191)
	at org.springframework.web.filter.CompositeFilter$VirtualFilterChain.doFilter(CompositeFilter.java:113)
	at org.springframework.web.servlet.handler.HandlerMappingIntrospector.lambda$createCacheFilter$3(HandlerMappingIntrospector.java:195)
	at org.springframework.web.filter.CompositeFilter$VirtualFilterChain.doFilter(CompositeFilter.java:113)
	at org.springframework.web.filter.CompositeFilter.doFilter(CompositeFilter.java:74)
	at org.springframework.security.config.annotation.web.configuration.WebMvcSecurityConfiguration$CompositeFilterChainProxy.doFilter(WebMvcSecurityConfiguration.java:230)
	at org.springframework.web.filter.DelegatingFilterProxy.invokeDelegate(DelegatingFilterProxy.java:352)
	at org.springframework.web.filter.DelegatingFilterProxy.doFilter(DelegatingFilterProxy.java:268)
	at org.apache.catalina.core.ApplicationFilterChain.internalDoFilter(ApplicationFilterChain.java:174)
	at org.apache.catalina.core.ApplicationFilterChain.doFilter(ApplicationFilterChain.java:149)
	at org.springframework.web.filter.RequestContextFilter.doFilterInternal(RequestContextFilter.java:100)
	at org.springframework.web.filter.OncePerRequestFilter.doFilter(OncePerRequestFilter.java:116)
	at org.apache.catalina.core.ApplicationFilterChain.internalDoFilter(ApplicationFilterChain.java:174)
	at org.apache.catalina.core.ApplicationFilterChain.doFilter(ApplicationFilterChain.java:149)
	at org.springframework.web.filter.FormContentFilter.doFilterInternal(FormContentFilter.java:93)
	at org.springframework.web.filter.OncePerRequestFilter.doFilter(OncePerRequestFilter.java:116)
	at org.apache.catalina.core.ApplicationFilterChain.internalDoFilter(ApplicationFilterChain.java:174)
	at org.apache.catalina.core.ApplicationFilterChain.doFilter(ApplicationFilterChain.java:149)
	at org.springframework.web.filter.ServerHttpObservationFilter.doFilterInternal(ServerHttpObservationFilter.java:109)
	at org.springframework.web.filter.OncePerRequestFilter.doFilter(OncePerRequestFilter.java:116)
	at org.apache.catalina.core.ApplicationFilterChain.internalDoFilter(ApplicationFilterChain.java:174)
	at org.apache.catalina.core.ApplicationFilterChain.doFilter(ApplicationFilterChain.java:149)
	at org.springframework.web.filter.CharacterEncodingFilter.doFilterInternal(CharacterEncodingFilter.java:201)
	at org.springframework.web.filter.OncePerRequestFilter.doFilter(OncePerRequestFilter.java:116)
	at org.apache.catalina.core.ApplicationFilterChain.internalDoFilter(ApplicationFilterChain.java:174)
	at org.apache.catalina.core.ApplicationFilterChain.doFilter(ApplicationFilterChain.java:149)
	at org.apache.catalina.core.StandardWrapperValve.invoke(StandardWrapperValve.java:167)
	at org.apache.catalina.core.StandardContextValve.invoke(StandardContextValve.java:90)
	at org.apache.catalina.authenticator.AuthenticatorBase.invoke(AuthenticatorBase.java:482)
	at org.apache.catalina.core.StandardHostValve.invoke(StandardHostValve.java:115)
	at org.apache.catalina.valves.ErrorReportValve.invoke(ErrorReportValve.java:93)
	at org.apache.catalina.core.StandardEngineValve.invoke(StandardEngineValve.java:74)
	at org.apache.catalina.connector.CoyoteAdapter.service(CoyoteAdapter.java:344)
	at org.apache.coyote.http11.Http11Processor.service(Http11Processor.java:391)
	at org.apache.coyote.AbstractProcessorLight.process(AbstractProcessorLight.java:63)
	at org.apache.coyote.AbstractProtocol$ConnectionHandler.process(AbstractProtocol.java:896)
	at org.apache.tomcat.util.net.NioEndpoint$SocketProcessor.doRun(NioEndpoint.java:1744)
	at org.apache.tomcat.util.net.SocketProcessorBase.run(SocketProcessorBase.java:52)
	at org.apache.tomcat.util.threads.ThreadPoolExecutor.runWorker(ThreadPoolExecutor.java:1191)
	at org.apache.tomcat.util.threads.ThreadPoolExecutor$Worker.run(ThreadPoolExecutor.java:659)
	at org.apache.tomcat.util.threads.TaskThread$WrappingRunnable.run(TaskThread.java:63)
	at java.base/java.lang.Thread.run(Thread.java:840)
2025-07-04 09:06:43 [http-nio-8082-exec-6] ERROR c.m.u.core.logging.LoggingService - Error HTTP al validar verificación de email: agudelo1@gmail.com - Status: 400 BAD_REQUEST
2025-07-04 09:06:43 [http-nio-8082-exec-6] ERROR c.m.u.core.logging.LoggingService - Error al registrar cliente con email: agudelo1@gmail.com
com.microserviceone.users.registrationApi.application.exception.UserPrerequisitesNotMetException: El email no ha sido verificado: 400 : "{"error":"Email no verificado","message":"El correo electrónico aún no ha sido verificado","timestamp":"2025-07-04T09:06:43.652922924","status":400}"
	at com.microserviceone.users.registrationApi.application.service.UserValidationService.validateEmailVerification(UserValidationService.java:105)
	at com.microserviceone.users.registrationApi.application.service.UserValidationService.validateUserPrerequisites(UserValidationService.java:119)
	at com.microserviceone.users.registrationApi.web.controller.RegisterController.registerCustomer(RegisterController.java:65)
	at java.base/jdk.internal.reflect.NativeMethodAccessorImpl.invoke0(Native Method)
	at java.base/jdk.internal.reflect.NativeMethodAccessorImpl.invoke(NativeMethodAccessorImpl.java:77)
	at java.base/jdk.internal.reflect.DelegatingMethodAccessorImpl.invoke(DelegatingMethodAccessorImpl.java:43)
	at java.base/java.lang.reflect.Method.invoke(Method.java:569)
	at org.springframework.web.method.support.InvocableHandlerMethod.doInvoke(InvocableHandlerMethod.java:259)
	at org.springframework.web.method.support.InvocableHandlerMethod.invokeForRequest(InvocableHandlerMethod.java:192)
	at org.springframework.web.servlet.mvc.method.annotation.ServletInvocableHandlerMethod.invokeAndHandle(ServletInvocableHandlerMethod.java:118)
	at org.springframework.web.servlet.mvc.method.annotation.RequestMappingHandlerAdapter.invokeHandlerMethod(RequestMappingHandlerAdapter.java:920)
	at org.springframework.web.servlet.mvc.method.annotation.RequestMappingHandlerAdapter.handleInternal(RequestMappingHandlerAdapter.java:830)
	at org.springframework.web.servlet.mvc.method.AbstractHandlerMethodAdapter.handle(AbstractHandlerMethodAdapter.java:87)
	at org.springframework.web.servlet.DispatcherServlet.doDispatch(DispatcherServlet.java:1089)
	at org.springframework.web.servlet.DispatcherServlet.doService(DispatcherServlet.java:979)
	at org.springframework.web.servlet.FrameworkServlet.processRequest(FrameworkServlet.java:1014)
	at org.springframework.web.servlet.FrameworkServlet.doPost(FrameworkServlet.java:914)
	at jakarta.servlet.http.HttpServlet.service(HttpServlet.java:590)
	at org.springframework.web.servlet.FrameworkServlet.service(FrameworkServlet.java:885)
	at jakarta.servlet.http.HttpServlet.service(HttpServlet.java:658)
	at org.apache.catalina.core.ApplicationFilterChain.internalDoFilter(ApplicationFilterChain.java:205)
	at org.apache.catalina.core.ApplicationFilterChain.doFilter(ApplicationFilterChain.java:149)
	at org.apache.tomcat.websocket.server.WsFilter.doFilter(WsFilter.java:51)
	at org.apache.catalina.core.ApplicationFilterChain.internalDoFilter(ApplicationFilterChain.java:174)
	at org.apache.catalina.core.ApplicationFilterChain.doFilter(ApplicationFilterChain.java:149)
	at org.springframework.web.filter.CompositeFilter$VirtualFilterChain.doFilter(CompositeFilter.java:108)
	at org.springframework.security.web.FilterChainProxy.lambda$doFilterInternal$3(FilterChainProxy.java:231)
	at org.springframework.security.web.ObservationFilterChainDecorator$FilterObservation$SimpleFilterObservation.lambda$wrap$1(ObservationFilterChainDecorator.java:479)
	at org.springframework.security.web.ObservationFilterChainDecorator$AroundFilterObservation$SimpleAroundFilterObservation.lambda$wrap$1(ObservationFilterChainDecorator.java:340)
	at org.springframework.security.web.ObservationFilterChainDecorator.lambda$wrapSecured$0(ObservationFilterChainDecorator.java:82)
	at org.springframework.security.web.ObservationFilterChainDecorator$VirtualFilterChain.doFilter(ObservationFilterChainDecorator.java:128)
	at org.springframework.security.web.access.intercept.AuthorizationFilter.doFilter(AuthorizationFilter.java:100)
	at org.springframework.security.web.ObservationFilterChainDecorator$ObservationFilter.wrapFilter(ObservationFilterChainDecorator.java:240)
	at org.springframework.security.web.ObservationFilterChainDecorator$ObservationFilter.doFilter(ObservationFilterChainDecorator.java:227)
	at org.springframework.security.web.ObservationFilterChainDecorator$VirtualFilterChain.doFilter(ObservationFilterChainDecorator.java:137)
	at org.springframework.security.web.access.ExceptionTranslationFilter.doFilter(ExceptionTranslationFilter.java:126)
	at org.springframework.security.web.access.ExceptionTranslationFilter.doFilter(ExceptionTranslationFilter.java:120)
	at org.springframework.security.web.ObservationFilterChainDecorator$ObservationFilter.wrapFilter(ObservationFilterChainDecorator.java:240)
	at org.springframework.security.web.ObservationFilterChainDecorator$ObservationFilter.doFilter(ObservationFilterChainDecorator.java:227)
	at org.springframework.security.web.ObservationFilterChainDecorator$VirtualFilterChain.doFilter(ObservationFilterChainDecorator.java:137)
	at org.springframework.security.web.authentication.AnonymousAuthenticationFilter.doFilter(AnonymousAuthenticationFilter.java:100)
	at org.springframework.security.web.ObservationFilterChainDecorator$ObservationFilter.wrapFilter(ObservationFilterChainDecorator.java:240)
	at org.springframework.security.web.ObservationFilterChainDecorator$ObservationFilter.doFilter(ObservationFilterChainDecorator.java:227)
	at org.springframework.security.web.ObservationFilterChainDecorator$VirtualFilterChain.doFilter(ObservationFilterChainDecorator.java:137)
	at org.springframework.security.web.servletapi.SecurityContextHolderAwareRequestFilter.doFilter(SecurityContextHolderAwareRequestFilter.java:179)
	at org.springframework.security.web.ObservationFilterChainDecorator$ObservationFilter.wrapFilter(ObservationFilterChainDecorator.java:240)
	at org.springframework.security.web.ObservationFilterChainDecorator$ObservationFilter.doFilter(ObservationFilterChainDecorator.java:227)
	at org.springframework.security.web.ObservationFilterChainDecorator$VirtualFilterChain.doFilter(ObservationFilterChainDecorator.java:137)
	at org.springframework.security.web.savedrequest.RequestCacheAwareFilter.doFilter(RequestCacheAwareFilter.java:63)
	at org.springframework.security.web.ObservationFilterChainDecorator$ObservationFilter.wrapFilter(ObservationFilterChainDecorator.java:240)
	at org.springframework.security.web.ObservationFilterChainDecorator$ObservationFilter.doFilter(ObservationFilterChainDecorator.java:227)
	at org.springframework.security.web.ObservationFilterChainDecorator$VirtualFilterChain.doFilter(ObservationFilterChainDecorator.java:137)
	at org.springframework.security.web.authentication.logout.LogoutFilter.doFilter(LogoutFilter.java:107)
	at org.springframework.security.web.authentication.logout.LogoutFilter.doFilter(LogoutFilter.java:93)
	at org.springframework.security.web.ObservationFilterChainDecorator$ObservationFilter.wrapFilter(ObservationFilterChainDecorator.java:240)
	at org.springframework.security.web.ObservationFilterChainDecorator$ObservationFilter.doFilter(ObservationFilterChainDecorator.java:227)
	at org.springframework.security.web.ObservationFilterChainDecorator$VirtualFilterChain.doFilter(ObservationFilterChainDecorator.java:137)
	at org.springframework.web.filter.CorsFilter.doFilterInternal(CorsFilter.java:91)
	at org.springframework.web.filter.OncePerRequestFilter.doFilter(OncePerRequestFilter.java:116)
	at org.springframework.security.web.ObservationFilterChainDecorator$ObservationFilter.wrapFilter(ObservationFilterChainDecorator.java:240)
	at org.springframework.security.web.ObservationFilterChainDecorator$ObservationFilter.doFilter(ObservationFilterChainDecorator.java:227)
	at org.springframework.security.web.ObservationFilterChainDecorator$VirtualFilterChain.doFilter(ObservationFilterChainDecorator.java:137)
	at org.springframework.security.web.header.HeaderWriterFilter.doHeadersAfter(HeaderWriterFilter.java:90)
	at org.springframework.security.web.header.HeaderWriterFilter.doFilterInternal(HeaderWriterFilter.java:75)
	at org.springframework.web.filter.OncePerRequestFilter.doFilter(OncePerRequestFilter.java:116)
	at org.springframework.security.web.ObservationFilterChainDecorator$ObservationFilter.wrapFilter(ObservationFilterChainDecorator.java:240)
	at org.springframework.security.web.ObservationFilterChainDecorator$ObservationFilter.doFilter(ObservationFilterChainDecorator.java:227)
	at org.springframework.security.web.ObservationFilterChainDecorator$VirtualFilterChain.doFilter(ObservationFilterChainDecorator.java:137)
	at org.springframework.security.web.context.SecurityContextHolderFilter.doFilter(SecurityContextHolderFilter.java:82)
	at org.springframework.security.web.context.SecurityContextHolderFilter.doFilter(SecurityContextHolderFilter.java:69)
	at org.springframework.security.web.ObservationFilterChainDecorator$ObservationFilter.wrapFilter(ObservationFilterChainDecorator.java:240)
	at org.springframework.security.web.ObservationFilterChainDecorator$ObservationFilter.doFilter(ObservationFilterChainDecorator.java:227)
	at org.springframework.security.web.ObservationFilterChainDecorator$VirtualFilterChain.doFilter(ObservationFilterChainDecorator.java:137)
	at org.springframework.security.web.context.request.async.WebAsyncManagerIntegrationFilter.doFilterInternal(WebAsyncManagerIntegrationFilter.java:62)
	at org.springframework.web.filter.OncePerRequestFilter.doFilter(OncePerRequestFilter.java:116)
	at org.springframework.security.web.ObservationFilterChainDecorator$ObservationFilter.wrapFilter(ObservationFilterChainDecorator.java:240)
	at org.springframework.security.web.ObservationFilterChainDecorator$ObservationFilter.doFilter(ObservationFilterChainDecorator.java:227)
	at org.springframework.security.web.ObservationFilterChainDecorator$VirtualFilterChain.doFilter(ObservationFilterChainDecorator.java:137)
	at org.springframework.security.web.session.DisableEncodeUrlFilter.doFilterInternal(DisableEncodeUrlFilter.java:42)
	at org.springframework.web.filter.OncePerRequestFilter.doFilter(OncePerRequestFilter.java:116)
	at org.springframework.security.web.ObservationFilterChainDecorator$ObservationFilter.wrapFilter(ObservationFilterChainDecorator.java:240)
	at org.springframework.security.web.ObservationFilterChainDecorator$AroundFilterObservation$SimpleAroundFilterObservation.lambda$wrap$0(ObservationFilterChainDecorator.java:323)
	at org.springframework.security.web.ObservationFilterChainDecorator$ObservationFilter.doFilter(ObservationFilterChainDecorator.java:224)
	at org.springframework.security.web.ObservationFilterChainDecorator$VirtualFilterChain.doFilter(ObservationFilterChainDecorator.java:137)
	at org.springframework.security.web.FilterChainProxy.doFilterInternal(FilterChainProxy.java:233)
	at org.springframework.security.web.FilterChainProxy.doFilter(FilterChainProxy.java:191)
	at org.springframework.web.filter.CompositeFilter$VirtualFilterChain.doFilter(CompositeFilter.java:113)
	at org.springframework.web.servlet.handler.HandlerMappingIntrospector.lambda$createCacheFilter$3(HandlerMappingIntrospector.java:195)
	at org.springframework.web.filter.CompositeFilter$VirtualFilterChain.doFilter(CompositeFilter.java:113)
	at org.springframework.web.filter.CompositeFilter.doFilter(CompositeFilter.java:74)
	at org.springframework.security.config.annotation.web.configuration.WebMvcSecurityConfiguration$CompositeFilterChainProxy.doFilter(WebMvcSecurityConfiguration.java:230)
	at org.springframework.web.filter.DelegatingFilterProxy.invokeDelegate(DelegatingFilterProxy.java:352)
	at org.springframework.web.filter.DelegatingFilterProxy.doFilter(DelegatingFilterProxy.java:268)
	at org.apache.catalina.core.ApplicationFilterChain.internalDoFilter(ApplicationFilterChain.java:174)
	at org.apache.catalina.core.ApplicationFilterChain.doFilter(ApplicationFilterChain.java:149)
	at org.springframework.web.filter.RequestContextFilter.doFilterInternal(RequestContextFilter.java:100)
	at org.springframework.web.filter.OncePerRequestFilter.doFilter(OncePerRequestFilter.java:116)
	at org.apache.catalina.core.ApplicationFilterChain.internalDoFilter(ApplicationFilterChain.java:174)
	at org.apache.catalina.core.ApplicationFilterChain.doFilter(ApplicationFilterChain.java:149)
	at org.springframework.web.filter.FormContentFilter.doFilterInternal(FormContentFilter.java:93)
	at org.springframework.web.filter.OncePerRequestFilter.doFilter(OncePerRequestFilter.java:116)
	at org.apache.catalina.core.ApplicationFilterChain.internalDoFilter(ApplicationFilterChain.java:174)
	at org.apache.catalina.core.ApplicationFilterChain.doFilter(ApplicationFilterChain.java:149)
	at org.springframework.web.filter.ServerHttpObservationFilter.doFilterInternal(ServerHttpObservationFilter.java:109)
	at org.springframework.web.filter.OncePerRequestFilter.doFilter(OncePerRequestFilter.java:116)
	at org.apache.catalina.core.ApplicationFilterChain.internalDoFilter(ApplicationFilterChain.java:174)
	at org.apache.catalina.core.ApplicationFilterChain.doFilter(ApplicationFilterChain.java:149)
	at org.springframework.web.filter.CharacterEncodingFilter.doFilterInternal(CharacterEncodingFilter.java:201)
	at org.springframework.web.filter.OncePerRequestFilter.doFilter(OncePerRequestFilter.java:116)
	at org.apache.catalina.core.ApplicationFilterChain.internalDoFilter(ApplicationFilterChain.java:174)
	at org.apache.catalina.core.ApplicationFilterChain.doFilter(ApplicationFilterChain.java:149)
	at org.apache.catalina.core.StandardWrapperValve.invoke(StandardWrapperValve.java:167)
	at org.apache.catalina.core.StandardContextValve.invoke(StandardContextValve.java:90)
	at org.apache.catalina.authenticator.AuthenticatorBase.invoke(AuthenticatorBase.java:482)
	at org.apache.catalina.core.StandardHostValve.invoke(StandardHostValve.java:115)
	at org.apache.catalina.valves.ErrorReportValve.invoke(ErrorReportValve.java:93)
	at org.apache.catalina.core.StandardEngineValve.invoke(StandardEngineValve.java:74)
	at org.apache.catalina.connector.CoyoteAdapter.service(CoyoteAdapter.java:344)
	at org.apache.coyote.http11.Http11Processor.service(Http11Processor.java:391)
	at org.apache.coyote.AbstractProcessorLight.process(AbstractProcessorLight.java:63)
	at org.apache.coyote.AbstractProtocol$ConnectionHandler.process(AbstractProtocol.java:896)
	at org.apache.tomcat.util.net.NioEndpoint$SocketProcessor.doRun(NioEndpoint.java:1744)
	at org.apache.tomcat.util.net.SocketProcessorBase.run(SocketProcessorBase.java:52)
	at org.apache.tomcat.util.threads.ThreadPoolExecutor.runWorker(ThreadPoolExecutor.java:1191)
	at org.apache.tomcat.util.threads.ThreadPoolExecutor$Worker.run(ThreadPoolExecutor.java:659)
	at org.apache.tomcat.util.threads.TaskThread$WrappingRunnable.run(TaskThread.java:63)
	at java.base/java.lang.Thread.run(Thread.java:840)
Caused by: org.springframework.web.client.HttpClientErrorException$BadRequest: 400 : "{"error":"Email no verificado","message":"El correo electrónico aún no ha sido verificado","timestamp":"2025-07-04T09:06:43.652922924","status":400}"
	at org.springframework.web.client.HttpClientErrorException.create(HttpClientErrorException.java:103)
	at org.springframework.web.client.DefaultResponseErrorHandler.handleError(DefaultResponseErrorHandler.java:183)
	at org.springframework.web.client.DefaultResponseErrorHandler.handleError(DefaultResponseErrorHandler.java:137)
	at org.springframework.web.client.ResponseErrorHandler.handleError(ResponseErrorHandler.java:63)
	at org.springframework.web.client.RestTemplate.handleResponse(RestTemplate.java:942)
	at org.springframework.web.client.RestTemplate.doExecute(RestTemplate.java:891)
	at org.springframework.web.client.RestTemplate.execute(RestTemplate.java:790)
	at org.springframework.web.client.RestTemplate.postForEntity(RestTemplate.java:538)
	at com.microserviceone.users.registrationApi.application.service.UserValidationService.validateEmailVerification(UserValidationService.java:93)
	... 126 common frames omitted
2025-07-04 09:09:21 [http-nio-8082-exec-7] ERROR c.m.u.core.logging.LoggingService - Error al obtener términos activos, usando término por defecto
com.fasterxml.jackson.databind.exc.InvalidDefinitionException: Cannot construct instance of `com.microserviceone.users.registrationApi.web.dto.ApiResponse` (no Creators, like default constructor, exist): cannot deserialize from Object value (no delegate- or property-based Creator)
 at [Source: (String)"{"success":true,"message":"Active terms retrieved successfully","data":[{"id":3,"title":"Términos para Creadores de Contenido","content":"1. ELEGIBILIDAD\n    - Debe tener al menos 18 años\n    - Debe proporcionar identificación válida\n    - Debe tener una cuenta bancaria válida\n    - No debe tener antecedentes penales\n\n    2. CONTENIDO PERMITIDO\n    - Contenido adulto consensuado\n    - Contenido original y de su propiedad\n    - Contenido que cumpla con nuestras políticas\n    - Contenido"[truncated 6958 chars]; line: 1, column: 2]
	at com.fasterxml.jackson.databind.exc.InvalidDefinitionException.from(InvalidDefinitionException.java:67)
	at com.fasterxml.jackson.databind.DeserializationContext.reportBadDefinition(DeserializationContext.java:1915)
	at com.fasterxml.jackson.databind.DatabindContext.reportBadDefinition(DatabindContext.java:414)
	at com.fasterxml.jackson.databind.DeserializationContext.handleMissingInstantiator(DeserializationContext.java:1360)
	at com.fasterxml.jackson.databind.deser.BeanDeserializerBase.deserializeFromObjectUsingNonDefault(BeanDeserializerBase.java:1434)
	at com.fasterxml.jackson.databind.deser.BeanDeserializer.deserializeFromObject(BeanDeserializer.java:352)
	at com.fasterxml.jackson.databind.deser.BeanDeserializer.deserialize(BeanDeserializer.java:185)
	at com.fasterxml.jackson.databind.deser.DefaultDeserializationContext.readRootValue(DefaultDeserializationContext.java:323)
	at com.fasterxml.jackson.databind.ObjectMapper._readMapAndClose(ObjectMapper.java:4825)
	at com.fasterxml.jackson.databind.ObjectMapper.readValue(ObjectMapper.java:3772)
	at com.fasterxml.jackson.databind.ObjectMapper.readValue(ObjectMapper.java:3755)
	at com.microserviceone.users.registrationApi.application.service.TermsRetrievalService.getActiveTermIds(TermsRetrievalService.java:61)
	at com.microserviceone.users.registrationApi.application.service.UserValidationService.acceptTermsAndConditions(UserValidationService.java:46)
	at com.microserviceone.users.registrationApi.web.controller.RegisterController.registerCustomer(RegisterController.java:78)
	at java.base/jdk.internal.reflect.NativeMethodAccessorImpl.invoke0(Native Method)
	at java.base/jdk.internal.reflect.NativeMethodAccessorImpl.invoke(NativeMethodAccessorImpl.java:77)
	at java.base/jdk.internal.reflect.DelegatingMethodAccessorImpl.invoke(DelegatingMethodAccessorImpl.java:43)
	at java.base/java.lang.reflect.Method.invoke(Method.java:569)
	at org.springframework.web.method.support.InvocableHandlerMethod.doInvoke(InvocableHandlerMethod.java:259)
	at org.springframework.web.method.support.InvocableHandlerMethod.invokeForRequest(InvocableHandlerMethod.java:192)
	at org.springframework.web.servlet.mvc.method.annotation.ServletInvocableHandlerMethod.invokeAndHandle(ServletInvocableHandlerMethod.java:118)
	at org.springframework.web.servlet.mvc.method.annotation.RequestMappingHandlerAdapter.invokeHandlerMethod(RequestMappingHandlerAdapter.java:920)
	at org.springframework.web.servlet.mvc.method.annotation.RequestMappingHandlerAdapter.handleInternal(RequestMappingHandlerAdapter.java:830)
	at org.springframework.web.servlet.mvc.method.AbstractHandlerMethodAdapter.handle(AbstractHandlerMethodAdapter.java:87)
	at org.springframework.web.servlet.DispatcherServlet.doDispatch(DispatcherServlet.java:1089)
	at org.springframework.web.servlet.DispatcherServlet.doService(DispatcherServlet.java:979)
	at org.springframework.web.servlet.FrameworkServlet.processRequest(FrameworkServlet.java:1014)
	at org.springframework.web.servlet.FrameworkServlet.doPost(FrameworkServlet.java:914)
	at jakarta.servlet.http.HttpServlet.service(HttpServlet.java:590)
	at org.springframework.web.servlet.FrameworkServlet.service(FrameworkServlet.java:885)
	at jakarta.servlet.http.HttpServlet.service(HttpServlet.java:658)
	at org.apache.catalina.core.ApplicationFilterChain.internalDoFilter(ApplicationFilterChain.java:205)
	at org.apache.catalina.core.ApplicationFilterChain.doFilter(ApplicationFilterChain.java:149)
	at org.apache.tomcat.websocket.server.WsFilter.doFilter(WsFilter.java:51)
	at org.apache.catalina.core.ApplicationFilterChain.internalDoFilter(ApplicationFilterChain.java:174)
	at org.apache.catalina.core.ApplicationFilterChain.doFilter(ApplicationFilterChain.java:149)
	at org.springframework.web.filter.CompositeFilter$VirtualFilterChain.doFilter(CompositeFilter.java:108)
	at org.springframework.security.web.FilterChainProxy.lambda$doFilterInternal$3(FilterChainProxy.java:231)
	at org.springframework.security.web.ObservationFilterChainDecorator$FilterObservation$SimpleFilterObservation.lambda$wrap$1(ObservationFilterChainDecorator.java:479)
	at org.springframework.security.web.ObservationFilterChainDecorator$AroundFilterObservation$SimpleAroundFilterObservation.lambda$wrap$1(ObservationFilterChainDecorator.java:340)
	at org.springframework.security.web.ObservationFilterChainDecorator.lambda$wrapSecured$0(ObservationFilterChainDecorator.java:82)
	at org.springframework.security.web.ObservationFilterChainDecorator$VirtualFilterChain.doFilter(ObservationFilterChainDecorator.java:128)
	at org.springframework.security.web.access.intercept.AuthorizationFilter.doFilter(AuthorizationFilter.java:100)
	at org.springframework.security.web.ObservationFilterChainDecorator$ObservationFilter.wrapFilter(ObservationFilterChainDecorator.java:240)
	at org.springframework.security.web.ObservationFilterChainDecorator$ObservationFilter.doFilter(ObservationFilterChainDecorator.java:227)
	at org.springframework.security.web.ObservationFilterChainDecorator$VirtualFilterChain.doFilter(ObservationFilterChainDecorator.java:137)
	at org.springframework.security.web.access.ExceptionTranslationFilter.doFilter(ExceptionTranslationFilter.java:126)
	at org.springframework.security.web.access.ExceptionTranslationFilter.doFilter(ExceptionTranslationFilter.java:120)
	at org.springframework.security.web.ObservationFilterChainDecorator$ObservationFilter.wrapFilter(ObservationFilterChainDecorator.java:240)
	at org.springframework.security.web.ObservationFilterChainDecorator$ObservationFilter.doFilter(ObservationFilterChainDecorator.java:227)
	at org.springframework.security.web.ObservationFilterChainDecorator$VirtualFilterChain.doFilter(ObservationFilterChainDecorator.java:137)
	at org.springframework.security.web.authentication.AnonymousAuthenticationFilter.doFilter(AnonymousAuthenticationFilter.java:100)
	at org.springframework.security.web.ObservationFilterChainDecorator$ObservationFilter.wrapFilter(ObservationFilterChainDecorator.java:240)
	at org.springframework.security.web.ObservationFilterChainDecorator$ObservationFilter.doFilter(ObservationFilterChainDecorator.java:227)
	at org.springframework.security.web.ObservationFilterChainDecorator$VirtualFilterChain.doFilter(ObservationFilterChainDecorator.java:137)
	at org.springframework.security.web.servletapi.SecurityContextHolderAwareRequestFilter.doFilter(SecurityContextHolderAwareRequestFilter.java:179)
	at org.springframework.security.web.ObservationFilterChainDecorator$ObservationFilter.wrapFilter(ObservationFilterChainDecorator.java:240)
	at org.springframework.security.web.ObservationFilterChainDecorator$ObservationFilter.doFilter(ObservationFilterChainDecorator.java:227)
	at org.springframework.security.web.ObservationFilterChainDecorator$VirtualFilterChain.doFilter(ObservationFilterChainDecorator.java:137)
	at org.springframework.security.web.savedrequest.RequestCacheAwareFilter.doFilter(RequestCacheAwareFilter.java:63)
	at org.springframework.security.web.ObservationFilterChainDecorator$ObservationFilter.wrapFilter(ObservationFilterChainDecorator.java:240)
	at org.springframework.security.web.ObservationFilterChainDecorator$ObservationFilter.doFilter(ObservationFilterChainDecorator.java:227)
	at org.springframework.security.web.ObservationFilterChainDecorator$VirtualFilterChain.doFilter(ObservationFilterChainDecorator.java:137)
	at org.springframework.security.web.authentication.logout.LogoutFilter.doFilter(LogoutFilter.java:107)
	at org.springframework.security.web.authentication.logout.LogoutFilter.doFilter(LogoutFilter.java:93)
	at org.springframework.security.web.ObservationFilterChainDecorator$ObservationFilter.wrapFilter(ObservationFilterChainDecorator.java:240)
	at org.springframework.security.web.ObservationFilterChainDecorator$ObservationFilter.doFilter(ObservationFilterChainDecorator.java:227)
	at org.springframework.security.web.ObservationFilterChainDecorator$VirtualFilterChain.doFilter(ObservationFilterChainDecorator.java:137)
	at org.springframework.web.filter.CorsFilter.doFilterInternal(CorsFilter.java:91)
	at org.springframework.web.filter.OncePerRequestFilter.doFilter(OncePerRequestFilter.java:116)
	at org.springframework.security.web.ObservationFilterChainDecorator$ObservationFilter.wrapFilter(ObservationFilterChainDecorator.java:240)
	at org.springframework.security.web.ObservationFilterChainDecorator$ObservationFilter.doFilter(ObservationFilterChainDecorator.java:227)
	at org.springframework.security.web.ObservationFilterChainDecorator$VirtualFilterChain.doFilter(ObservationFilterChainDecorator.java:137)
	at org.springframework.security.web.header.HeaderWriterFilter.doHeadersAfter(HeaderWriterFilter.java:90)
	at org.springframework.security.web.header.HeaderWriterFilter.doFilterInternal(HeaderWriterFilter.java:75)
	at org.springframework.web.filter.OncePerRequestFilter.doFilter(OncePerRequestFilter.java:116)
	at org.springframework.security.web.ObservationFilterChainDecorator$ObservationFilter.wrapFilter(ObservationFilterChainDecorator.java:240)
	at org.springframework.security.web.ObservationFilterChainDecorator$ObservationFilter.doFilter(ObservationFilterChainDecorator.java:227)
	at org.springframework.security.web.ObservationFilterChainDecorator$VirtualFilterChain.doFilter(ObservationFilterChainDecorator.java:137)
	at org.springframework.security.web.context.SecurityContextHolderFilter.doFilter(SecurityContextHolderFilter.java:82)
	at org.springframework.security.web.context.SecurityContextHolderFilter.doFilter(SecurityContextHolderFilter.java:69)
	at org.springframework.security.web.ObservationFilterChainDecorator$ObservationFilter.wrapFilter(ObservationFilterChainDecorator.java:240)
	at org.springframework.security.web.ObservationFilterChainDecorator$ObservationFilter.doFilter(ObservationFilterChainDecorator.java:227)
	at org.springframework.security.web.ObservationFilterChainDecorator$VirtualFilterChain.doFilter(ObservationFilterChainDecorator.java:137)
	at org.springframework.security.web.context.request.async.WebAsyncManagerIntegrationFilter.doFilterInternal(WebAsyncManagerIntegrationFilter.java:62)
	at org.springframework.web.filter.OncePerRequestFilter.doFilter(OncePerRequestFilter.java:116)
	at org.springframework.security.web.ObservationFilterChainDecorator$ObservationFilter.wrapFilter(ObservationFilterChainDecorator.java:240)
	at org.springframework.security.web.ObservationFilterChainDecorator$ObservationFilter.doFilter(ObservationFilterChainDecorator.java:227)
	at org.springframework.security.web.ObservationFilterChainDecorator$VirtualFilterChain.doFilter(ObservationFilterChainDecorator.java:137)
	at org.springframework.security.web.session.DisableEncodeUrlFilter.doFilterInternal(DisableEncodeUrlFilter.java:42)
	at org.springframework.web.filter.OncePerRequestFilter.doFilter(OncePerRequestFilter.java:116)
	at org.springframework.security.web.ObservationFilterChainDecorator$ObservationFilter.wrapFilter(ObservationFilterChainDecorator.java:240)
	at org.springframework.security.web.ObservationFilterChainDecorator$AroundFilterObservation$SimpleAroundFilterObservation.lambda$wrap$0(ObservationFilterChainDecorator.java:323)
	at org.springframework.security.web.ObservationFilterChainDecorator$ObservationFilter.doFilter(ObservationFilterChainDecorator.java:224)
	at org.springframework.security.web.ObservationFilterChainDecorator$VirtualFilterChain.doFilter(ObservationFilterChainDecorator.java:137)
	at org.springframework.security.web.FilterChainProxy.doFilterInternal(FilterChainProxy.java:233)
	at org.springframework.security.web.FilterChainProxy.doFilter(FilterChainProxy.java:191)
	at org.springframework.web.filter.CompositeFilter$VirtualFilterChain.doFilter(CompositeFilter.java:113)
	at org.springframework.web.servlet.handler.HandlerMappingIntrospector.lambda$createCacheFilter$3(HandlerMappingIntrospector.java:195)
	at org.springframework.web.filter.CompositeFilter$VirtualFilterChain.doFilter(CompositeFilter.java:113)
	at org.springframework.web.filter.CompositeFilter.doFilter(CompositeFilter.java:74)
	at org.springframework.security.config.annotation.web.configuration.WebMvcSecurityConfiguration$CompositeFilterChainProxy.doFilter(WebMvcSecurityConfiguration.java:230)
	at org.springframework.web.filter.DelegatingFilterProxy.invokeDelegate(DelegatingFilterProxy.java:352)
	at org.springframework.web.filter.DelegatingFilterProxy.doFilter(DelegatingFilterProxy.java:268)
	at org.apache.catalina.core.ApplicationFilterChain.internalDoFilter(ApplicationFilterChain.java:174)
	at org.apache.catalina.core.ApplicationFilterChain.doFilter(ApplicationFilterChain.java:149)
	at org.springframework.web.filter.RequestContextFilter.doFilterInternal(RequestContextFilter.java:100)
	at org.springframework.web.filter.OncePerRequestFilter.doFilter(OncePerRequestFilter.java:116)
	at org.apache.catalina.core.ApplicationFilterChain.internalDoFilter(ApplicationFilterChain.java:174)
	at org.apache.catalina.core.ApplicationFilterChain.doFilter(ApplicationFilterChain.java:149)
	at org.springframework.web.filter.FormContentFilter.doFilterInternal(FormContentFilter.java:93)
	at org.springframework.web.filter.OncePerRequestFilter.doFilter(OncePerRequestFilter.java:116)
	at org.apache.catalina.core.ApplicationFilterChain.internalDoFilter(ApplicationFilterChain.java:174)
	at org.apache.catalina.core.ApplicationFilterChain.doFilter(ApplicationFilterChain.java:149)
	at org.springframework.web.filter.ServerHttpObservationFilter.doFilterInternal(ServerHttpObservationFilter.java:109)
	at org.springframework.web.filter.OncePerRequestFilter.doFilter(OncePerRequestFilter.java:116)
	at org.apache.catalina.core.ApplicationFilterChain.internalDoFilter(ApplicationFilterChain.java:174)
	at org.apache.catalina.core.ApplicationFilterChain.doFilter(ApplicationFilterChain.java:149)
	at org.springframework.web.filter.CharacterEncodingFilter.doFilterInternal(CharacterEncodingFilter.java:201)
	at org.springframework.web.filter.OncePerRequestFilter.doFilter(OncePerRequestFilter.java:116)
	at org.apache.catalina.core.ApplicationFilterChain.internalDoFilter(ApplicationFilterChain.java:174)
	at org.apache.catalina.core.ApplicationFilterChain.doFilter(ApplicationFilterChain.java:149)
	at org.apache.catalina.core.StandardWrapperValve.invoke(StandardWrapperValve.java:167)
	at org.apache.catalina.core.StandardContextValve.invoke(StandardContextValve.java:90)
	at org.apache.catalina.authenticator.AuthenticatorBase.invoke(AuthenticatorBase.java:482)
	at org.apache.catalina.core.StandardHostValve.invoke(StandardHostValve.java:115)
	at org.apache.catalina.valves.ErrorReportValve.invoke(ErrorReportValve.java:93)
	at org.apache.catalina.core.StandardEngineValve.invoke(StandardEngineValve.java:74)
	at org.apache.catalina.connector.CoyoteAdapter.service(CoyoteAdapter.java:344)
	at org.apache.coyote.http11.Http11Processor.service(Http11Processor.java:391)
	at org.apache.coyote.AbstractProcessorLight.process(AbstractProcessorLight.java:63)
	at org.apache.coyote.AbstractProtocol$ConnectionHandler.process(AbstractProtocol.java:896)
	at org.apache.tomcat.util.net.NioEndpoint$SocketProcessor.doRun(NioEndpoint.java:1744)
	at org.apache.tomcat.util.net.SocketProcessorBase.run(SocketProcessorBase.java:52)
	at org.apache.tomcat.util.threads.ThreadPoolExecutor.runWorker(ThreadPoolExecutor.java:1191)
	at org.apache.tomcat.util.threads.ThreadPoolExecutor$Worker.run(ThreadPoolExecutor.java:659)
	at org.apache.tomcat.util.threads.TaskThread$WrappingRunnable.run(TaskThread.java:63)
	at java.base/java.lang.Thread.run(Thread.java:840)
2025-07-04 09:10:06 [Thread-13] ERROR c.netflix.discovery.DiscoveryClient - DiscoveryClient_USERS-SERVICE/192.168.41.254:users-service:8082 - de-registration failedCannot execute request on any known server
com.netflix.discovery.shared.transport.TransportException: Cannot execute request on any known server
	at com.netflix.discovery.shared.transport.decorator.RetryableEurekaHttpClient.execute(RetryableEurekaHttpClient.java:112)
	at com.netflix.discovery.shared.transport.decorator.EurekaHttpClientDecorator.cancel(EurekaHttpClientDecorator.java:71)
	at com.netflix.discovery.shared.transport.decorator.EurekaHttpClientDecorator$2.execute(EurekaHttpClientDecorator.java:74)
	at com.netflix.discovery.shared.transport.decorator.SessionedEurekaHttpClient.execute(SessionedEurekaHttpClient.java:77)
	at com.netflix.discovery.shared.transport.decorator.EurekaHttpClientDecorator.cancel(EurekaHttpClientDecorator.java:71)
	at com.netflix.discovery.DiscoveryClient.unregister(DiscoveryClient.java:916)
	at com.netflix.discovery.DiscoveryClient.shutdown(DiscoveryClient.java:892)
	at java.base/jdk.internal.reflect.NativeMethodAccessorImpl.invoke0(Native Method)
	at java.base/jdk.internal.reflect.NativeMethodAccessorImpl.invoke(NativeMethodAccessorImpl.java:77)
	at java.base/jdk.internal.reflect.DelegatingMethodAccessorImpl.invoke(DelegatingMethodAccessorImpl.java:43)
	at java.base/java.lang.reflect.Method.invoke(Method.java:569)
	at org.springframework.beans.factory.annotation.InitDestroyAnnotationBeanPostProcessor$LifecycleMethod.invoke(InitDestroyAnnotationBeanPostProcessor.java:457)
	at org.springframework.beans.factory.annotation.InitDestroyAnnotationBeanPostProcessor$LifecycleMetadata.invokeDestroyMethods(InitDestroyAnnotationBeanPostProcessor.java:415)
	at org.springframework.beans.factory.annotation.InitDestroyAnnotationBeanPostProcessor.postProcessBeforeDestruction(InitDestroyAnnotationBeanPostProcessor.java:239)
	at org.springframework.beans.factory.support.DisposableBeanAdapter.destroy(DisposableBeanAdapter.java:202)
	at org.springframework.beans.factory.support.DisposableBeanAdapter.run(DisposableBeanAdapter.java:195)
	at org.springframework.cloud.context.scope.GenericScope$BeanLifecycleWrapper.destroy(GenericScope.java:389)
	at org.springframework.cloud.context.scope.GenericScope.destroy(GenericScope.java:136)
	at org.springframework.beans.factory.support.DisposableBeanAdapter.destroy(DisposableBeanAdapter.java:211)
	at org.springframework.beans.factory.support.DefaultSingletonBeanRegistry.destroyBean(DefaultSingletonBeanRegistry.java:587)
	at org.springframework.beans.factory.support.DefaultSingletonBeanRegistry.destroySingleton(DefaultSingletonBeanRegistry.java:559)
	at org.springframework.beans.factory.support.DefaultListableBeanFactory.destroySingleton(DefaultListableBeanFactory.java:1202)
	at org.springframework.beans.factory.support.DefaultSingletonBeanRegistry.destroySingletons(DefaultSingletonBeanRegistry.java:520)
	at org.springframework.beans.factory.support.DefaultListableBeanFactory.destroySingletons(DefaultListableBeanFactory.java:1195)
	at org.springframework.context.support.AbstractApplicationContext.destroyBeans(AbstractApplicationContext.java:1183)
	at org.springframework.context.support.AbstractApplicationContext.doClose(AbstractApplicationContext.java:1144)
	at org.springframework.boot.web.servlet.context.ServletWebServerApplicationContext.doClose(ServletWebServerApplicationContext.java:174)
	at org.springframework.context.support.AbstractApplicationContext.close(AbstractApplicationContext.java:1090)
	at org.springframework.boot.devtools.restart.Restarter.stop(Restarter.java:308)
	at org.springframework.boot.devtools.restart.Restarter.lambda$restart$1(Restarter.java:250)
	at org.springframework.boot.devtools.restart.Restarter$LeakSafeThread.run(Restarter.java:607)
2025-07-04 10:17:48 [http-nio-8082-exec-2] ERROR c.m.u.core.logging.LoggingService - Error al obtener términos activos, usando término por defecto
com.fasterxml.jackson.databind.exc.InvalidDefinitionException: Cannot construct instance of `com.microserviceone.users.registrationApi.web.dto.ApiResponse` (no Creators, like default constructor, exist): cannot deserialize from Object value (no delegate- or property-based Creator)
 at [Source: (String)"{"success":true,"message":"Active terms retrieved successfully","data":[{"id":2,"title":"Términos para Creadores de Contenido","content":"1. ELEGIBILIDAD\n    - Debe tener al menos 18 años\n    - Debe proporcionar identificación válida\n    - Debe tener una cuenta bancaria válida\n    - No debe tener antecedentes penales\n\n    2. CONTENIDO PERMITIDO\n    - Contenido adulto consensuado\n    - Contenido original y de su propiedad\n    - Contenido que cumpla con nuestras políticas\n    - Contenido"[truncated 4742 chars]; line: 1, column: 2]
	at com.fasterxml.jackson.databind.exc.InvalidDefinitionException.from(InvalidDefinitionException.java:67)
	at com.fasterxml.jackson.databind.DeserializationContext.reportBadDefinition(DeserializationContext.java:1915)
	at com.fasterxml.jackson.databind.DatabindContext.reportBadDefinition(DatabindContext.java:414)
	at com.fasterxml.jackson.databind.DeserializationContext.handleMissingInstantiator(DeserializationContext.java:1360)
	at com.fasterxml.jackson.databind.deser.BeanDeserializerBase.deserializeFromObjectUsingNonDefault(BeanDeserializerBase.java:1434)
	at com.fasterxml.jackson.databind.deser.BeanDeserializer.deserializeFromObject(BeanDeserializer.java:352)
	at com.fasterxml.jackson.databind.deser.BeanDeserializer.deserialize(BeanDeserializer.java:185)
	at com.fasterxml.jackson.databind.deser.DefaultDeserializationContext.readRootValue(DefaultDeserializationContext.java:323)
	at com.fasterxml.jackson.databind.ObjectMapper._readMapAndClose(ObjectMapper.java:4825)
	at com.fasterxml.jackson.databind.ObjectMapper.readValue(ObjectMapper.java:3772)
	at com.fasterxml.jackson.databind.ObjectMapper.readValue(ObjectMapper.java:3755)
	at com.microserviceone.users.registrationApi.application.service.TermsRetrievalService.getActiveTermIds(TermsRetrievalService.java:53)
	at com.microserviceone.users.registrationApi.application.service.UserValidationService.acceptTermsAndConditions(UserValidationService.java:46)
	at com.microserviceone.users.registrationApi.web.controller.RegisterController.registerCustomer(RegisterController.java:78)
	at java.base/jdk.internal.reflect.NativeMethodAccessorImpl.invoke0(Native Method)
	at java.base/jdk.internal.reflect.NativeMethodAccessorImpl.invoke(NativeMethodAccessorImpl.java:77)
	at java.base/jdk.internal.reflect.DelegatingMethodAccessorImpl.invoke(DelegatingMethodAccessorImpl.java:43)
	at java.base/java.lang.reflect.Method.invoke(Method.java:569)
	at org.springframework.web.method.support.InvocableHandlerMethod.doInvoke(InvocableHandlerMethod.java:259)
	at org.springframework.web.method.support.InvocableHandlerMethod.invokeForRequest(InvocableHandlerMethod.java:192)
	at org.springframework.web.servlet.mvc.method.annotation.ServletInvocableHandlerMethod.invokeAndHandle(ServletInvocableHandlerMethod.java:118)
	at org.springframework.web.servlet.mvc.method.annotation.RequestMappingHandlerAdapter.invokeHandlerMethod(RequestMappingHandlerAdapter.java:920)
	at org.springframework.web.servlet.mvc.method.annotation.RequestMappingHandlerAdapter.handleInternal(RequestMappingHandlerAdapter.java:830)
	at org.springframework.web.servlet.mvc.method.AbstractHandlerMethodAdapter.handle(AbstractHandlerMethodAdapter.java:87)
	at org.springframework.web.servlet.DispatcherServlet.doDispatch(DispatcherServlet.java:1089)
	at org.springframework.web.servlet.DispatcherServlet.doService(DispatcherServlet.java:979)
	at org.springframework.web.servlet.FrameworkServlet.processRequest(FrameworkServlet.java:1014)
	at org.springframework.web.servlet.FrameworkServlet.doPost(FrameworkServlet.java:914)
	at jakarta.servlet.http.HttpServlet.service(HttpServlet.java:590)
	at org.springframework.web.servlet.FrameworkServlet.service(FrameworkServlet.java:885)
	at jakarta.servlet.http.HttpServlet.service(HttpServlet.java:658)
	at org.apache.catalina.core.ApplicationFilterChain.internalDoFilter(ApplicationFilterChain.java:205)
	at org.apache.catalina.core.ApplicationFilterChain.doFilter(ApplicationFilterChain.java:149)
	at org.apache.tomcat.websocket.server.WsFilter.doFilter(WsFilter.java:51)
	at org.apache.catalina.core.ApplicationFilterChain.internalDoFilter(ApplicationFilterChain.java:174)
	at org.apache.catalina.core.ApplicationFilterChain.doFilter(ApplicationFilterChain.java:149)
	at org.springframework.web.filter.CompositeFilter$VirtualFilterChain.doFilter(CompositeFilter.java:108)
	at org.springframework.security.web.FilterChainProxy.lambda$doFilterInternal$3(FilterChainProxy.java:231)
	at org.springframework.security.web.ObservationFilterChainDecorator$FilterObservation$SimpleFilterObservation.lambda$wrap$1(ObservationFilterChainDecorator.java:479)
	at org.springframework.security.web.ObservationFilterChainDecorator$AroundFilterObservation$SimpleAroundFilterObservation.lambda$wrap$1(ObservationFilterChainDecorator.java:340)
	at org.springframework.security.web.ObservationFilterChainDecorator.lambda$wrapSecured$0(ObservationFilterChainDecorator.java:82)
	at org.springframework.security.web.ObservationFilterChainDecorator$VirtualFilterChain.doFilter(ObservationFilterChainDecorator.java:128)
	at org.springframework.security.web.access.intercept.AuthorizationFilter.doFilter(AuthorizationFilter.java:100)
	at org.springframework.security.web.ObservationFilterChainDecorator$ObservationFilter.wrapFilter(ObservationFilterChainDecorator.java:240)
	at org.springframework.security.web.ObservationFilterChainDecorator$ObservationFilter.doFilter(ObservationFilterChainDecorator.java:227)
	at org.springframework.security.web.ObservationFilterChainDecorator$VirtualFilterChain.doFilter(ObservationFilterChainDecorator.java:137)
	at org.springframework.security.web.access.ExceptionTranslationFilter.doFilter(ExceptionTranslationFilter.java:126)
	at org.springframework.security.web.access.ExceptionTranslationFilter.doFilter(ExceptionTranslationFilter.java:120)
	at org.springframework.security.web.ObservationFilterChainDecorator$ObservationFilter.wrapFilter(ObservationFilterChainDecorator.java:240)
	at org.springframework.security.web.ObservationFilterChainDecorator$ObservationFilter.doFilter(ObservationFilterChainDecorator.java:227)
	at org.springframework.security.web.ObservationFilterChainDecorator$VirtualFilterChain.doFilter(ObservationFilterChainDecorator.java:137)
	at org.springframework.security.web.authentication.AnonymousAuthenticationFilter.doFilter(AnonymousAuthenticationFilter.java:100)
	at org.springframework.security.web.ObservationFilterChainDecorator$ObservationFilter.wrapFilter(ObservationFilterChainDecorator.java:240)
	at org.springframework.security.web.ObservationFilterChainDecorator$ObservationFilter.doFilter(ObservationFilterChainDecorator.java:227)
	at org.springframework.security.web.ObservationFilterChainDecorator$VirtualFilterChain.doFilter(ObservationFilterChainDecorator.java:137)
	at org.springframework.security.web.servletapi.SecurityContextHolderAwareRequestFilter.doFilter(SecurityContextHolderAwareRequestFilter.java:179)
	at org.springframework.security.web.ObservationFilterChainDecorator$ObservationFilter.wrapFilter(ObservationFilterChainDecorator.java:240)
	at org.springframework.security.web.ObservationFilterChainDecorator$ObservationFilter.doFilter(ObservationFilterChainDecorator.java:227)
	at org.springframework.security.web.ObservationFilterChainDecorator$VirtualFilterChain.doFilter(ObservationFilterChainDecorator.java:137)
	at org.springframework.security.web.savedrequest.RequestCacheAwareFilter.doFilter(RequestCacheAwareFilter.java:63)
	at org.springframework.security.web.ObservationFilterChainDecorator$ObservationFilter.wrapFilter(ObservationFilterChainDecorator.java:240)
	at org.springframework.security.web.ObservationFilterChainDecorator$ObservationFilter.doFilter(ObservationFilterChainDecorator.java:227)
	at org.springframework.security.web.ObservationFilterChainDecorator$VirtualFilterChain.doFilter(ObservationFilterChainDecorator.java:137)
	at org.springframework.security.web.authentication.logout.LogoutFilter.doFilter(LogoutFilter.java:107)
	at org.springframework.security.web.authentication.logout.LogoutFilter.doFilter(LogoutFilter.java:93)
	at org.springframework.security.web.ObservationFilterChainDecorator$ObservationFilter.wrapFilter(ObservationFilterChainDecorator.java:240)
	at org.springframework.security.web.ObservationFilterChainDecorator$ObservationFilter.doFilter(ObservationFilterChainDecorator.java:227)
	at org.springframework.security.web.ObservationFilterChainDecorator$VirtualFilterChain.doFilter(ObservationFilterChainDecorator.java:137)
	at org.springframework.web.filter.CorsFilter.doFilterInternal(CorsFilter.java:91)
	at org.springframework.web.filter.OncePerRequestFilter.doFilter(OncePerRequestFilter.java:116)
	at org.springframework.security.web.ObservationFilterChainDecorator$ObservationFilter.wrapFilter(ObservationFilterChainDecorator.java:240)
	at org.springframework.security.web.ObservationFilterChainDecorator$ObservationFilter.doFilter(ObservationFilterChainDecorator.java:227)
	at org.springframework.security.web.ObservationFilterChainDecorator$VirtualFilterChain.doFilter(ObservationFilterChainDecorator.java:137)
	at org.springframework.security.web.header.HeaderWriterFilter.doHeadersAfter(HeaderWriterFilter.java:90)
	at org.springframework.security.web.header.HeaderWriterFilter.doFilterInternal(HeaderWriterFilter.java:75)
	at org.springframework.web.filter.OncePerRequestFilter.doFilter(OncePerRequestFilter.java:116)
	at org.springframework.security.web.ObservationFilterChainDecorator$ObservationFilter.wrapFilter(ObservationFilterChainDecorator.java:240)
	at org.springframework.security.web.ObservationFilterChainDecorator$ObservationFilter.doFilter(ObservationFilterChainDecorator.java:227)
	at org.springframework.security.web.ObservationFilterChainDecorator$VirtualFilterChain.doFilter(ObservationFilterChainDecorator.java:137)
	at org.springframework.security.web.context.SecurityContextHolderFilter.doFilter(SecurityContextHolderFilter.java:82)
	at org.springframework.security.web.context.SecurityContextHolderFilter.doFilter(SecurityContextHolderFilter.java:69)
	at org.springframework.security.web.ObservationFilterChainDecorator$ObservationFilter.wrapFilter(ObservationFilterChainDecorator.java:240)
	at org.springframework.security.web.ObservationFilterChainDecorator$ObservationFilter.doFilter(ObservationFilterChainDecorator.java:227)
	at org.springframework.security.web.ObservationFilterChainDecorator$VirtualFilterChain.doFilter(ObservationFilterChainDecorator.java:137)
	at org.springframework.security.web.context.request.async.WebAsyncManagerIntegrationFilter.doFilterInternal(WebAsyncManagerIntegrationFilter.java:62)
	at org.springframework.web.filter.OncePerRequestFilter.doFilter(OncePerRequestFilter.java:116)
	at org.springframework.security.web.ObservationFilterChainDecorator$ObservationFilter.wrapFilter(ObservationFilterChainDecorator.java:240)
	at org.springframework.security.web.ObservationFilterChainDecorator$ObservationFilter.doFilter(ObservationFilterChainDecorator.java:227)
	at org.springframework.security.web.ObservationFilterChainDecorator$VirtualFilterChain.doFilter(ObservationFilterChainDecorator.java:137)
	at org.springframework.security.web.session.DisableEncodeUrlFilter.doFilterInternal(DisableEncodeUrlFilter.java:42)
	at org.springframework.web.filter.OncePerRequestFilter.doFilter(OncePerRequestFilter.java:116)
	at org.springframework.security.web.ObservationFilterChainDecorator$ObservationFilter.wrapFilter(ObservationFilterChainDecorator.java:240)
	at org.springframework.security.web.ObservationFilterChainDecorator$AroundFilterObservation$SimpleAroundFilterObservation.lambda$wrap$0(ObservationFilterChainDecorator.java:323)
	at org.springframework.security.web.ObservationFilterChainDecorator$ObservationFilter.doFilter(ObservationFilterChainDecorator.java:224)
	at org.springframework.security.web.ObservationFilterChainDecorator$VirtualFilterChain.doFilter(ObservationFilterChainDecorator.java:137)
	at org.springframework.security.web.FilterChainProxy.doFilterInternal(FilterChainProxy.java:233)
	at org.springframework.security.web.FilterChainProxy.doFilter(FilterChainProxy.java:191)
	at org.springframework.web.filter.CompositeFilter$VirtualFilterChain.doFilter(CompositeFilter.java:113)
	at org.springframework.web.servlet.handler.HandlerMappingIntrospector.lambda$createCacheFilter$3(HandlerMappingIntrospector.java:195)
	at org.springframework.web.filter.CompositeFilter$VirtualFilterChain.doFilter(CompositeFilter.java:113)
	at org.springframework.web.filter.CompositeFilter.doFilter(CompositeFilter.java:74)
	at org.springframework.security.config.annotation.web.configuration.WebMvcSecurityConfiguration$CompositeFilterChainProxy.doFilter(WebMvcSecurityConfiguration.java:230)
	at org.springframework.web.filter.DelegatingFilterProxy.invokeDelegate(DelegatingFilterProxy.java:352)
	at org.springframework.web.filter.DelegatingFilterProxy.doFilter(DelegatingFilterProxy.java:268)
	at org.apache.catalina.core.ApplicationFilterChain.internalDoFilter(ApplicationFilterChain.java:174)
	at org.apache.catalina.core.ApplicationFilterChain.doFilter(ApplicationFilterChain.java:149)
	at org.springframework.web.filter.RequestContextFilter.doFilterInternal(RequestContextFilter.java:100)
	at org.springframework.web.filter.OncePerRequestFilter.doFilter(OncePerRequestFilter.java:116)
	at org.apache.catalina.core.ApplicationFilterChain.internalDoFilter(ApplicationFilterChain.java:174)
	at org.apache.catalina.core.ApplicationFilterChain.doFilter(ApplicationFilterChain.java:149)
	at org.springframework.web.filter.FormContentFilter.doFilterInternal(FormContentFilter.java:93)
	at org.springframework.web.filter.OncePerRequestFilter.doFilter(OncePerRequestFilter.java:116)
	at org.apache.catalina.core.ApplicationFilterChain.internalDoFilter(ApplicationFilterChain.java:174)
	at org.apache.catalina.core.ApplicationFilterChain.doFilter(ApplicationFilterChain.java:149)
	at org.springframework.web.filter.ServerHttpObservationFilter.doFilterInternal(ServerHttpObservationFilter.java:109)
	at org.springframework.web.filter.OncePerRequestFilter.doFilter(OncePerRequestFilter.java:116)
	at org.apache.catalina.core.ApplicationFilterChain.internalDoFilter(ApplicationFilterChain.java:174)
	at org.apache.catalina.core.ApplicationFilterChain.doFilter(ApplicationFilterChain.java:149)
	at org.springframework.web.filter.CharacterEncodingFilter.doFilterInternal(CharacterEncodingFilter.java:201)
	at org.springframework.web.filter.OncePerRequestFilter.doFilter(OncePerRequestFilter.java:116)
	at org.apache.catalina.core.ApplicationFilterChain.internalDoFilter(ApplicationFilterChain.java:174)
	at org.apache.catalina.core.ApplicationFilterChain.doFilter(ApplicationFilterChain.java:149)
	at org.apache.catalina.core.StandardWrapperValve.invoke(StandardWrapperValve.java:167)
	at org.apache.catalina.core.StandardContextValve.invoke(StandardContextValve.java:90)
	at org.apache.catalina.authenticator.AuthenticatorBase.invoke(AuthenticatorBase.java:482)
	at org.apache.catalina.core.StandardHostValve.invoke(StandardHostValve.java:115)
	at org.apache.catalina.valves.ErrorReportValve.invoke(ErrorReportValve.java:93)
	at org.apache.catalina.core.StandardEngineValve.invoke(StandardEngineValve.java:74)
	at org.apache.catalina.connector.CoyoteAdapter.service(CoyoteAdapter.java:344)
	at org.apache.coyote.http11.Http11Processor.service(Http11Processor.java:391)
	at org.apache.coyote.AbstractProcessorLight.process(AbstractProcessorLight.java:63)
	at org.apache.coyote.AbstractProtocol$ConnectionHandler.process(AbstractProtocol.java:896)
	at org.apache.tomcat.util.net.NioEndpoint$SocketProcessor.doRun(NioEndpoint.java:1744)
	at org.apache.tomcat.util.net.SocketProcessorBase.run(SocketProcessorBase.java:52)
	at org.apache.tomcat.util.threads.ThreadPoolExecutor.runWorker(ThreadPoolExecutor.java:1191)
	at org.apache.tomcat.util.threads.ThreadPoolExecutor$Worker.run(ThreadPoolExecutor.java:659)
	at org.apache.tomcat.util.threads.TaskThread$WrappingRunnable.run(TaskThread.java:63)
	at java.base/java.lang.Thread.run(Thread.java:840)
