2025-07-11 12:14:00 [restartedMain] INFO  c.m.users.UsersApplication - Starting UsersApplication using Java 17.0.15 with PID 37985 (/home/sebastian/Documentos/stranger-drug/users/target/classes started by sebastian in /home/sebastian/Documentos/stranger-drug)
2025-07-11 12:14:00 [restartedMain] INFO  c.m.users.UsersApplication - The following 5 profiles are active: "common", "database", "email", "logging", "security"
2025-07-11 12:14:03 [restartedMain] WARN  o.s.c.s.PostProcessorRegistrationDelegate$BeanPostProcessorChecker - Bean 'org.springframework.cloud.client.loadbalancer.LoadBalancerAutoConfiguration$LoadBalancerInterceptorConfig' of type [org.springframework.cloud.client.loadbalancer.LoadBalancerAutoConfiguration$LoadBalancerInterceptorConfig] is not eligible for getting processed by all BeanPostProcessors (for example: not eligible for auto-proxying). The currently created BeanPostProcessor [lbRestClientPostProcessor] is declared through a non-static factory method on that class; consider declaring it as static instead.
2025-07-11 12:14:03 [restartedMain] WARN  o.s.c.s.PostProcessorRegistrationDelegate$BeanPostProcessorChecker - Bean 'org.springframework.cloud.loadbalancer.config.BlockingLoadBalancerClientAutoConfiguration' of type [org.springframework.cloud.loadbalancer.config.BlockingLoadBalancerClientAutoConfiguration] is not eligible for getting processed by all BeanPostProcessors (for example: not eligible for auto-proxying). Is this bean getting eagerly injected into a currently created BeanPostProcessor [lbRestClientPostProcessor]? Check the corresponding BeanPostProcessor declaration and its dependencies.
2025-07-11 12:14:03 [restartedMain] WARN  o.s.c.s.PostProcessorRegistrationDelegate$BeanPostProcessorChecker - Bean 'org.springframework.cloud.loadbalancer.config.LoadBalancerAutoConfiguration' of type [org.springframework.cloud.loadbalancer.config.LoadBalancerAutoConfiguration] is not eligible for getting processed by all BeanPostProcessors (for example: not eligible for auto-proxying). Is this bean getting eagerly injected into a currently created BeanPostProcessor [lbRestClientPostProcessor]? Check the corresponding BeanPostProcessor declaration and its dependencies.
2025-07-11 12:14:03 [restartedMain] WARN  o.s.c.s.PostProcessorRegistrationDelegate$BeanPostProcessorChecker - Bean 'org.springframework.cloud.commons.config.CommonsConfigAutoConfiguration' of type [org.springframework.cloud.commons.config.CommonsConfigAutoConfiguration] is not eligible for getting processed by all BeanPostProcessors (for example: not eligible for auto-proxying). Is this bean getting eagerly injected into a currently created BeanPostProcessor [lbRestClientPostProcessor]? Check the corresponding BeanPostProcessor declaration and its dependencies.
2025-07-11 12:14:03 [restartedMain] WARN  o.s.c.s.PostProcessorRegistrationDelegate$BeanPostProcessorChecker - Bean 'org.springframework.cloud.client.loadbalancer.LoadBalancerDefaultMappingsProviderAutoConfiguration' of type [org.springframework.cloud.client.loadbalancer.LoadBalancerDefaultMappingsProviderAutoConfiguration] is not eligible for getting processed by all BeanPostProcessors (for example: not eligible for auto-proxying). Is this bean getting eagerly injected into a currently created BeanPostProcessor [lbRestClientPostProcessor]? Check the corresponding BeanPostProcessor declaration and its dependencies.
2025-07-11 12:14:03 [restartedMain] WARN  o.s.c.s.PostProcessorRegistrationDelegate$BeanPostProcessorChecker - Bean 'loadBalancerClientsDefaultsMappingsProvider' of type [org.springframework.cloud.client.loadbalancer.LoadBalancerDefaultMappingsProviderAutoConfiguration$$Lambda$762/0x00007f8ab4569f68] is not eligible for getting processed by all BeanPostProcessors (for example: not eligible for auto-proxying). Is this bean getting eagerly injected into a currently created BeanPostProcessor [lbRestClientPostProcessor]? Check the corresponding BeanPostProcessor declaration and its dependencies.
2025-07-11 12:14:03 [restartedMain] WARN  o.s.c.s.PostProcessorRegistrationDelegate$BeanPostProcessorChecker - Bean 'defaultsBindHandlerAdvisor' of type [org.springframework.cloud.commons.config.DefaultsBindHandlerAdvisor] is not eligible for getting processed by all BeanPostProcessors (for example: not eligible for auto-proxying). Is this bean getting eagerly injected into a currently created BeanPostProcessor [lbRestClientPostProcessor]? Check the corresponding BeanPostProcessor declaration and its dependencies.
2025-07-11 12:14:03 [restartedMain] WARN  o.s.c.s.PostProcessorRegistrationDelegate$BeanPostProcessorChecker - Bean 'spring.cloud.loadbalancer-org.springframework.cloud.client.loadbalancer.LoadBalancerClientsProperties' of type [org.springframework.cloud.client.loadbalancer.LoadBalancerClientsProperties] is not eligible for getting processed by all BeanPostProcessors (for example: not eligible for auto-proxying). Is this bean getting eagerly injected into a currently created BeanPostProcessor [lbRestClientPostProcessor]? Check the corresponding BeanPostProcessor declaration and its dependencies.
2025-07-11 12:14:03 [restartedMain] WARN  o.s.c.s.PostProcessorRegistrationDelegate$BeanPostProcessorChecker - Bean 'default.org.springframework.cloud.loadbalancer.config.LoadBalancerAutoConfiguration.LoadBalancerClientSpecification' of type [org.springframework.cloud.loadbalancer.annotation.LoadBalancerClientSpecification] is not eligible for getting processed by all BeanPostProcessors (for example: not eligible for auto-proxying). Is this bean getting eagerly injected into a currently created BeanPostProcessor [lbRestClientPostProcessor]? Check the corresponding BeanPostProcessor declaration and its dependencies.
2025-07-11 12:14:03 [restartedMain] WARN  o.s.c.s.PostProcessorRegistrationDelegate$BeanPostProcessorChecker - Bean 'default.org.springframework.cloud.loadbalancer.config.BlockingLoadBalancerClientAutoConfiguration.LoadBalancerClientSpecification' of type [org.springframework.cloud.loadbalancer.annotation.LoadBalancerClientSpecification] is not eligible for getting processed by all BeanPostProcessors (for example: not eligible for auto-proxying). Is this bean getting eagerly injected into a currently created BeanPostProcessor [lbRestClientPostProcessor]? Check the corresponding BeanPostProcessor declaration and its dependencies.
2025-07-11 12:14:03 [restartedMain] WARN  o.s.c.s.PostProcessorRegistrationDelegate$BeanPostProcessorChecker - Bean 'default.org.springframework.cloud.netflix.eureka.loadbalancer.LoadBalancerEurekaAutoConfiguration.LoadBalancerClientSpecification' of type [org.springframework.cloud.loadbalancer.annotation.LoadBalancerClientSpecification] is not eligible for getting processed by all BeanPostProcessors (for example: not eligible for auto-proxying). Is this bean getting eagerly injected into a currently created BeanPostProcessor [lbRestClientPostProcessor]? Check the corresponding BeanPostProcessor declaration and its dependencies.
2025-07-11 12:14:03 [restartedMain] WARN  o.s.c.s.PostProcessorRegistrationDelegate$BeanPostProcessorChecker - Bean 'loadBalancerClientFactory' of type [org.springframework.cloud.loadbalancer.support.LoadBalancerClientFactory] is not eligible for getting processed by all BeanPostProcessors (for example: not eligible for auto-proxying). Is this bean getting eagerly injected into a currently created BeanPostProcessor [lbRestClientPostProcessor]? Check the corresponding BeanPostProcessor declaration and its dependencies.
2025-07-11 12:14:03 [restartedMain] WARN  o.s.c.s.PostProcessorRegistrationDelegate$BeanPostProcessorChecker - Bean 'blockingLoadBalancerClient' of type [org.springframework.cloud.loadbalancer.blocking.client.BlockingLoadBalancerClient] is not eligible for getting processed by all BeanPostProcessors (for example: not eligible for auto-proxying). Is this bean getting eagerly injected into a currently created BeanPostProcessor [lbRestClientPostProcessor]? Check the corresponding BeanPostProcessor declaration and its dependencies.
2025-07-11 12:14:03 [restartedMain] WARN  o.s.c.s.PostProcessorRegistrationDelegate$BeanPostProcessorChecker - Bean 'loadBalancerServiceInstanceCookieTransformer' of type [org.springframework.cloud.loadbalancer.core.LoadBalancerServiceInstanceCookieTransformer] is not eligible for getting processed by all BeanPostProcessors (for example: not eligible for auto-proxying). Is this bean getting eagerly injected into a currently created BeanPostProcessor [lbRestClientPostProcessor]? Check the corresponding BeanPostProcessor declaration and its dependencies.
2025-07-11 12:14:03 [restartedMain] WARN  o.s.c.s.PostProcessorRegistrationDelegate$BeanPostProcessorChecker - Bean 'xForwarderHeadersTransformer' of type [org.springframework.cloud.loadbalancer.blocking.XForwardedHeadersTransformer] is not eligible for getting processed by all BeanPostProcessors (for example: not eligible for auto-proxying). Is this bean getting eagerly injected into a currently created BeanPostProcessor [lbRestClientPostProcessor]? Check the corresponding BeanPostProcessor declaration and its dependencies.
2025-07-11 12:14:03 [restartedMain] WARN  o.s.c.s.PostProcessorRegistrationDelegate$BeanPostProcessorChecker - Bean 'org.springframework.cloud.client.loadbalancer.LoadBalancerAutoConfiguration' of type [org.springframework.cloud.client.loadbalancer.LoadBalancerAutoConfiguration] is not eligible for getting processed by all BeanPostProcessors (for example: not eligible for auto-proxying). Is this bean getting eagerly injected into a currently created BeanPostProcessor [lbRestClientPostProcessor]? Check the corresponding BeanPostProcessor declaration and its dependencies.
2025-07-11 12:14:03 [restartedMain] WARN  o.s.c.s.PostProcessorRegistrationDelegate$BeanPostProcessorChecker - Bean 'loadBalancerRequestFactory' of type [org.springframework.cloud.client.loadbalancer.LoadBalancerRequestFactory] is not eligible for getting processed by all BeanPostProcessors (for example: not eligible for auto-proxying). Is this bean getting eagerly injected into a currently created BeanPostProcessor [lbRestClientPostProcessor]? Check the corresponding BeanPostProcessor declaration and its dependencies.
2025-07-11 12:14:03 [restartedMain] WARN  o.s.c.s.PostProcessorRegistrationDelegate$BeanPostProcessorChecker - Bean 'loadBalancerInterceptor' of type [org.springframework.cloud.client.loadbalancer.LoadBalancerInterceptor] is not eligible for getting processed by all BeanPostProcessors (for example: not eligible for auto-proxying). Is this bean getting eagerly injected into a currently created BeanPostProcessor [lbRestClientPostProcessor]? Check the corresponding BeanPostProcessor declaration and its dependencies.
2025-07-11 12:14:03 [restartedMain] WARN  o.s.c.s.PostProcessorRegistrationDelegate$BeanPostProcessorChecker - Bean 'org.springframework.cloud.client.loadbalancer.reactive.LoadBalancerBeanPostProcessorAutoConfiguration' of type [org.springframework.cloud.client.loadbalancer.reactive.LoadBalancerBeanPostProcessorAutoConfiguration] is not eligible for getting processed by all BeanPostProcessors (for example: not eligible for auto-proxying). The currently created BeanPostProcessor [loadBalancerWebClientBuilderBeanPostProcessor] is declared through a non-static factory method on that class; consider declaring it as static instead.
2025-07-11 12:14:03 [restartedMain] WARN  o.s.c.s.PostProcessorRegistrationDelegate$BeanPostProcessorChecker - Bean 'org.springframework.cloud.client.loadbalancer.reactive.LoadBalancerBeanPostProcessorAutoConfiguration$ReactorDeferringLoadBalancerFilterConfig' of type [org.springframework.cloud.client.loadbalancer.reactive.LoadBalancerBeanPostProcessorAutoConfiguration$ReactorDeferringLoadBalancerFilterConfig] is not eligible for getting processed by all BeanPostProcessors (for example: not eligible for auto-proxying). Is this bean getting eagerly injected into a currently created BeanPostProcessor [loadBalancerWebClientBuilderBeanPostProcessor]? Check the corresponding BeanPostProcessor declaration and its dependencies.
2025-07-11 12:14:03 [restartedMain] WARN  o.s.c.s.PostProcessorRegistrationDelegate$BeanPostProcessorChecker - Bean 'reactorDeferringLoadBalancerExchangeFilterFunction' of type [org.springframework.cloud.client.loadbalancer.reactive.DeferringLoadBalancerExchangeFilterFunction] is not eligible for getting processed by all BeanPostProcessors (for example: not eligible for auto-proxying). Is this bean getting eagerly injected into a currently created BeanPostProcessor [loadBalancerWebClientBuilderBeanPostProcessor]? Check the corresponding BeanPostProcessor declaration and its dependencies.
2025-07-11 12:14:05 [restartedMain] ERROR o.s.b.w.e.tomcat.TomcatStarter - Error starting Tomcat context. Exception: org.springframework.beans.factory.BeanCreationException. Message: Error creating bean with name 'internalJwtFilter': Injection of autowired dependencies failed
2025-07-11 12:14:05 [restartedMain] WARN  o.a.c.loader.WebappClassLoaderBase - The web application [ROOT] appears to have started a thread named [boundedElastic-evictor-1] but has failed to stop it. This is very likely to create a memory leak. Stack trace of thread:
 java.base@17.0.15/jdk.internal.misc.Unsafe.park(Native Method)
 java.base@17.0.15/java.util.concurrent.locks.LockSupport.parkNanos(LockSupport.java:252)
 java.base@17.0.15/java.util.concurrent.locks.AbstractQueuedSynchronizer$ConditionObject.awaitNanos(AbstractQueuedSynchronizer.java:1679)
 java.base@17.0.15/java.util.concurrent.ScheduledThreadPoolExecutor$DelayedWorkQueue.take(ScheduledThreadPoolExecutor.java:1182)
 java.base@17.0.15/java.util.concurrent.ScheduledThreadPoolExecutor$DelayedWorkQueue.take(ScheduledThreadPoolExecutor.java:899)
 java.base@17.0.15/java.util.concurrent.ThreadPoolExecutor.getTask(ThreadPoolExecutor.java:1062)
 java.base@17.0.15/java.util.concurrent.ThreadPoolExecutor.runWorker(ThreadPoolExecutor.java:1122)
 java.base@17.0.15/java.util.concurrent.ThreadPoolExecutor$Worker.run(ThreadPoolExecutor.java:635)
 java.base@17.0.15/java.lang.Thread.run(Thread.java:840)
2025-07-11 12:14:05 [restartedMain] WARN  o.s.b.w.s.c.AnnotationConfigServletWebServerApplicationContext - Exception encountered during context initialization - cancelling refresh attempt: org.springframework.context.ApplicationContextException: Unable to start web server
2025-07-11 12:14:06 [restartedMain] WARN  z.r.AsyncReporter$BoundedAsyncReporter - Timed out waiting for in-flight spans to send
2025-07-11 12:14:06 [restartedMain] ERROR o.s.boot.SpringApplication - Application run failed
org.springframework.context.ApplicationContextException: Unable to start web server
	at org.springframework.boot.web.servlet.context.ServletWebServerApplicationContext.onRefresh(ServletWebServerApplicationContext.java:165)
	at org.springframework.context.support.AbstractApplicationContext.refresh(AbstractApplicationContext.java:618)
	at org.springframework.boot.web.servlet.context.ServletWebServerApplicationContext.refresh(ServletWebServerApplicationContext.java:146)
	at org.springframework.boot.SpringApplication.refresh(SpringApplication.java:754)
	at org.springframework.boot.SpringApplication.refreshContext(SpringApplication.java:456)
	at org.springframework.boot.SpringApplication.run(SpringApplication.java:334)
	at org.springframework.boot.SpringApplication.run(SpringApplication.java:1354)
	at org.springframework.boot.SpringApplication.run(SpringApplication.java:1343)
	at com.microserviceone.users.UsersApplication.main(UsersApplication.java:25)
	at java.base/jdk.internal.reflect.NativeMethodAccessorImpl.invoke0(Native Method)
	at java.base/jdk.internal.reflect.NativeMethodAccessorImpl.invoke(NativeMethodAccessorImpl.java:77)
	at java.base/jdk.internal.reflect.DelegatingMethodAccessorImpl.invoke(DelegatingMethodAccessorImpl.java:43)
	at java.base/java.lang.reflect.Method.invoke(Method.java:569)
	at org.springframework.boot.devtools.restart.RestartLauncher.run(RestartLauncher.java:50)
Caused by: org.springframework.boot.web.server.WebServerException: Unable to start embedded Tomcat
	at org.springframework.boot.web.embedded.tomcat.TomcatWebServer.initialize(TomcatWebServer.java:145)
	at org.springframework.boot.web.embedded.tomcat.TomcatWebServer.<init>(TomcatWebServer.java:105)
	at org.springframework.boot.web.embedded.tomcat.TomcatServletWebServerFactory.getTomcatWebServer(TomcatServletWebServerFactory.java:499)
	at org.springframework.boot.web.embedded.tomcat.TomcatServletWebServerFactory.getWebServer(TomcatServletWebServerFactory.java:218)
	at org.springframework.boot.web.servlet.context.ServletWebServerApplicationContext.createWebServer(ServletWebServerApplicationContext.java:188)
	at org.springframework.boot.web.servlet.context.ServletWebServerApplicationContext.onRefresh(ServletWebServerApplicationContext.java:162)
	... 13 common frames omitted
Caused by: org.springframework.beans.factory.BeanCreationException: Error creating bean with name 'internalJwtFilter': Injection of autowired dependencies failed
	at org.springframework.beans.factory.annotation.AutowiredAnnotationBeanPostProcessor.postProcessProperties(AutowiredAnnotationBeanPostProcessor.java:514)
	at org.springframework.beans.factory.support.AbstractAutowireCapableBeanFactory.populateBean(AbstractAutowireCapableBeanFactory.java:1419)
	at org.springframework.beans.factory.support.AbstractAutowireCapableBeanFactory.doCreateBean(AbstractAutowireCapableBeanFactory.java:599)
	at org.springframework.beans.factory.support.AbstractAutowireCapableBeanFactory.createBean(AbstractAutowireCapableBeanFactory.java:522)
	at org.springframework.beans.factory.support.AbstractBeanFactory.lambda$doGetBean$0(AbstractBeanFactory.java:325)
	at org.springframework.beans.factory.support.DefaultSingletonBeanRegistry.getSingleton(DefaultSingletonBeanRegistry.java:234)
	at org.springframework.beans.factory.support.AbstractBeanFactory.doGetBean(AbstractBeanFactory.java:323)
	at org.springframework.beans.factory.support.AbstractBeanFactory.getBean(AbstractBeanFactory.java:204)
	at org.springframework.boot.web.servlet.ServletContextInitializerBeans.getOrderedBeansOfType(ServletContextInitializerBeans.java:210)
	at org.springframework.boot.web.servlet.ServletContextInitializerBeans.addAsRegistrationBean(ServletContextInitializerBeans.java:173)
	at org.springframework.boot.web.servlet.ServletContextInitializerBeans.addAsRegistrationBean(ServletContextInitializerBeans.java:168)
	at org.springframework.boot.web.servlet.ServletContextInitializerBeans.addAdaptableBeans(ServletContextInitializerBeans.java:153)
	at org.springframework.boot.web.servlet.ServletContextInitializerBeans.<init>(ServletContextInitializerBeans.java:86)
	at org.springframework.boot.web.servlet.context.ServletWebServerApplicationContext.getServletContextInitializerBeans(ServletWebServerApplicationContext.java:266)
	at org.springframework.boot.web.servlet.context.ServletWebServerApplicationContext.selfInitialize(ServletWebServerApplicationContext.java:240)
	at org.springframework.boot.web.embedded.tomcat.TomcatStarter.onStartup(TomcatStarter.java:52)
	at org.apache.catalina.core.StandardContext.startInternal(StandardContext.java:4866)
	at org.apache.catalina.util.LifecycleBase.start(LifecycleBase.java:171)
	at org.apache.catalina.core.ContainerBase$StartChild.call(ContainerBase.java:1332)
	at org.apache.catalina.core.ContainerBase$StartChild.call(ContainerBase.java:1322)
	at java.base/java.util.concurrent.FutureTask.run(FutureTask.java:264)
	at org.apache.tomcat.util.threads.InlineExecutorService.execute(InlineExecutorService.java:75)
	at java.base/java.util.concurrent.AbstractExecutorService.submit(AbstractExecutorService.java:145)
	at org.apache.catalina.core.ContainerBase.startInternal(ContainerBase.java:866)
	at org.apache.catalina.core.StandardHost.startInternal(StandardHost.java:845)
	at org.apache.catalina.util.LifecycleBase.start(LifecycleBase.java:171)
	at org.apache.catalina.core.ContainerBase$StartChild.call(ContainerBase.java:1332)
	at org.apache.catalina.core.ContainerBase$StartChild.call(ContainerBase.java:1322)
	at java.base/java.util.concurrent.FutureTask.run(FutureTask.java:264)
	at org.apache.tomcat.util.threads.InlineExecutorService.execute(InlineExecutorService.java:75)
	at java.base/java.util.concurrent.AbstractExecutorService.submit(AbstractExecutorService.java:145)
	at org.apache.catalina.core.ContainerBase.startInternal(ContainerBase.java:866)
	at org.apache.catalina.core.StandardEngine.startInternal(StandardEngine.java:240)
	at org.apache.catalina.util.LifecycleBase.start(LifecycleBase.java:171)
	at org.apache.catalina.core.StandardService.startInternal(StandardService.java:433)
	at org.apache.catalina.util.LifecycleBase.start(LifecycleBase.java:171)
	at org.apache.catalina.core.StandardServer.startInternal(StandardServer.java:921)
	at org.apache.catalina.util.LifecycleBase.start(LifecycleBase.java:171)
	at org.apache.catalina.startup.Tomcat.start(Tomcat.java:437)
	at org.springframework.boot.web.embedded.tomcat.TomcatWebServer.initialize(TomcatWebServer.java:126)
	... 18 common frames omitted
Caused by: java.lang.IllegalArgumentException: Could not resolve placeholder 'JWT_INTERNAL_SECRET' in value "${JWT_INTERNAL_SECRET}"
	at org.springframework.util.PropertyPlaceholderHelper.parseStringValue(PropertyPlaceholderHelper.java:180)
	at org.springframework.util.PropertyPlaceholderHelper.replacePlaceholders(PropertyPlaceholderHelper.java:126)
	at org.springframework.core.env.AbstractPropertyResolver.doResolvePlaceholders(AbstractPropertyResolver.java:239)
	at org.springframework.core.env.AbstractPropertyResolver.resolveRequiredPlaceholders(AbstractPropertyResolver.java:210)
	at org.springframework.core.env.AbstractPropertyResolver.resolveNestedPlaceholders(AbstractPropertyResolver.java:230)
	at org.springframework.boot.context.properties.source.ConfigurationPropertySourcesPropertyResolver.getProperty(ConfigurationPropertySourcesPropertyResolver.java:80)
	at org.springframework.boot.context.properties.source.ConfigurationPropertySourcesPropertyResolver.getProperty(ConfigurationPropertySourcesPropertyResolver.java:61)
	at org.springframework.core.env.AbstractEnvironment.getProperty(AbstractEnvironment.java:552)
	at org.springframework.context.support.PropertySourcesPlaceholderConfigurer$1.getProperty(PropertySourcesPlaceholderConfigurer.java:153)
	at org.springframework.context.support.PropertySourcesPlaceholderConfigurer$1.getProperty(PropertySourcesPlaceholderConfigurer.java:149)
	at org.springframework.core.env.PropertySourcesPropertyResolver.getProperty(PropertySourcesPropertyResolver.java:85)
	at org.springframework.core.env.PropertySourcesPropertyResolver.getPropertyAsRawString(PropertySourcesPropertyResolver.java:74)
	at org.springframework.util.PropertyPlaceholderHelper.parseStringValue(PropertyPlaceholderHelper.java:153)
	at org.springframework.util.PropertyPlaceholderHelper.replacePlaceholders(PropertyPlaceholderHelper.java:126)
	at org.springframework.core.env.AbstractPropertyResolver.doResolvePlaceholders(AbstractPropertyResolver.java:239)
	at org.springframework.core.env.AbstractPropertyResolver.resolveRequiredPlaceholders(AbstractPropertyResolver.java:210)
	at org.springframework.context.support.PropertySourcesPlaceholderConfigurer.lambda$processProperties$0(PropertySourcesPlaceholderConfigurer.java:200)
	at org.springframework.beans.factory.support.AbstractBeanFactory.resolveEmbeddedValue(AbstractBeanFactory.java:921)
	at org.springframework.beans.factory.support.DefaultListableBeanFactory.doResolveDependency(DefaultListableBeanFactory.java:1374)
	at org.springframework.beans.factory.support.DefaultListableBeanFactory.resolveDependency(DefaultListableBeanFactory.java:1353)
	at org.springframework.beans.factory.annotation.AutowiredAnnotationBeanPostProcessor$AutowiredFieldElement.resolveFieldValue(AutowiredAnnotationBeanPostProcessor.java:784)
	at org.springframework.beans.factory.annotation.AutowiredAnnotationBeanPostProcessor$AutowiredFieldElement.inject(AutowiredAnnotationBeanPostProcessor.java:767)
	at org.springframework.beans.factory.annotation.InjectionMetadata.inject(InjectionMetadata.java:145)
	at org.springframework.beans.factory.annotation.AutowiredAnnotationBeanPostProcessor.postProcessProperties(AutowiredAnnotationBeanPostProcessor.java:508)
	... 57 common frames omitted
2025-07-11 12:17:27 [restartedMain] INFO  c.m.users.UsersApplication - Starting UsersApplication using Java 17.0.15 with PID 39829 (/home/sebastian/Documentos/stranger-drug/users/target/classes started by sebastian in /home/sebastian/Documentos/stranger-drug)
2025-07-11 12:17:27 [restartedMain] DEBUG c.m.users.UsersApplication - Running with Spring Boot v3.2.3, Spring v6.1.4
2025-07-11 12:17:27 [restartedMain] INFO  c.m.users.UsersApplication - The following 6 profiles are active: "common", "database", "email", "logging", "security", "local"
2025-07-11 12:17:30 [restartedMain] WARN  o.s.c.s.PostProcessorRegistrationDelegate$BeanPostProcessorChecker - Bean 'org.springframework.cloud.client.loadbalancer.LoadBalancerAutoConfiguration$LoadBalancerInterceptorConfig' of type [org.springframework.cloud.client.loadbalancer.LoadBalancerAutoConfiguration$LoadBalancerInterceptorConfig] is not eligible for getting processed by all BeanPostProcessors (for example: not eligible for auto-proxying). The currently created BeanPostProcessor [lbRestClientPostProcessor] is declared through a non-static factory method on that class; consider declaring it as static instead.
2025-07-11 12:17:30 [restartedMain] WARN  o.s.c.s.PostProcessorRegistrationDelegate$BeanPostProcessorChecker - Bean 'org.springframework.cloud.loadbalancer.config.BlockingLoadBalancerClientAutoConfiguration' of type [org.springframework.cloud.loadbalancer.config.BlockingLoadBalancerClientAutoConfiguration] is not eligible for getting processed by all BeanPostProcessors (for example: not eligible for auto-proxying). Is this bean getting eagerly injected into a currently created BeanPostProcessor [lbRestClientPostProcessor]? Check the corresponding BeanPostProcessor declaration and its dependencies.
2025-07-11 12:17:30 [restartedMain] WARN  o.s.c.s.PostProcessorRegistrationDelegate$BeanPostProcessorChecker - Bean 'org.springframework.cloud.loadbalancer.config.LoadBalancerAutoConfiguration' of type [org.springframework.cloud.loadbalancer.config.LoadBalancerAutoConfiguration] is not eligible for getting processed by all BeanPostProcessors (for example: not eligible for auto-proxying). Is this bean getting eagerly injected into a currently created BeanPostProcessor [lbRestClientPostProcessor]? Check the corresponding BeanPostProcessor declaration and its dependencies.
2025-07-11 12:17:30 [restartedMain] WARN  o.s.c.s.PostProcessorRegistrationDelegate$BeanPostProcessorChecker - Bean 'org.springframework.cloud.commons.config.CommonsConfigAutoConfiguration' of type [org.springframework.cloud.commons.config.CommonsConfigAutoConfiguration] is not eligible for getting processed by all BeanPostProcessors (for example: not eligible for auto-proxying). Is this bean getting eagerly injected into a currently created BeanPostProcessor [lbRestClientPostProcessor]? Check the corresponding BeanPostProcessor declaration and its dependencies.
2025-07-11 12:17:30 [restartedMain] WARN  o.s.c.s.PostProcessorRegistrationDelegate$BeanPostProcessorChecker - Bean 'org.springframework.cloud.client.loadbalancer.LoadBalancerDefaultMappingsProviderAutoConfiguration' of type [org.springframework.cloud.client.loadbalancer.LoadBalancerDefaultMappingsProviderAutoConfiguration] is not eligible for getting processed by all BeanPostProcessors (for example: not eligible for auto-proxying). Is this bean getting eagerly injected into a currently created BeanPostProcessor [lbRestClientPostProcessor]? Check the corresponding BeanPostProcessor declaration and its dependencies.
2025-07-11 12:17:30 [restartedMain] WARN  o.s.c.s.PostProcessorRegistrationDelegate$BeanPostProcessorChecker - Bean 'loadBalancerClientsDefaultsMappingsProvider' of type [org.springframework.cloud.client.loadbalancer.LoadBalancerDefaultMappingsProviderAutoConfiguration$$Lambda$762/0x00007ff0f8560eb8] is not eligible for getting processed by all BeanPostProcessors (for example: not eligible for auto-proxying). Is this bean getting eagerly injected into a currently created BeanPostProcessor [lbRestClientPostProcessor]? Check the corresponding BeanPostProcessor declaration and its dependencies.
2025-07-11 12:17:30 [restartedMain] WARN  o.s.c.s.PostProcessorRegistrationDelegate$BeanPostProcessorChecker - Bean 'defaultsBindHandlerAdvisor' of type [org.springframework.cloud.commons.config.DefaultsBindHandlerAdvisor] is not eligible for getting processed by all BeanPostProcessors (for example: not eligible for auto-proxying). Is this bean getting eagerly injected into a currently created BeanPostProcessor [lbRestClientPostProcessor]? Check the corresponding BeanPostProcessor declaration and its dependencies.
2025-07-11 12:17:30 [restartedMain] WARN  o.s.c.s.PostProcessorRegistrationDelegate$BeanPostProcessorChecker - Bean 'spring.cloud.loadbalancer-org.springframework.cloud.client.loadbalancer.LoadBalancerClientsProperties' of type [org.springframework.cloud.client.loadbalancer.LoadBalancerClientsProperties] is not eligible for getting processed by all BeanPostProcessors (for example: not eligible for auto-proxying). Is this bean getting eagerly injected into a currently created BeanPostProcessor [lbRestClientPostProcessor]? Check the corresponding BeanPostProcessor declaration and its dependencies.
2025-07-11 12:17:30 [restartedMain] WARN  o.s.c.s.PostProcessorRegistrationDelegate$BeanPostProcessorChecker - Bean 'default.org.springframework.cloud.loadbalancer.config.LoadBalancerAutoConfiguration.LoadBalancerClientSpecification' of type [org.springframework.cloud.loadbalancer.annotation.LoadBalancerClientSpecification] is not eligible for getting processed by all BeanPostProcessors (for example: not eligible for auto-proxying). Is this bean getting eagerly injected into a currently created BeanPostProcessor [lbRestClientPostProcessor]? Check the corresponding BeanPostProcessor declaration and its dependencies.
2025-07-11 12:17:30 [restartedMain] WARN  o.s.c.s.PostProcessorRegistrationDelegate$BeanPostProcessorChecker - Bean 'default.org.springframework.cloud.loadbalancer.config.BlockingLoadBalancerClientAutoConfiguration.LoadBalancerClientSpecification' of type [org.springframework.cloud.loadbalancer.annotation.LoadBalancerClientSpecification] is not eligible for getting processed by all BeanPostProcessors (for example: not eligible for auto-proxying). Is this bean getting eagerly injected into a currently created BeanPostProcessor [lbRestClientPostProcessor]? Check the corresponding BeanPostProcessor declaration and its dependencies.
2025-07-11 12:17:30 [restartedMain] WARN  o.s.c.s.PostProcessorRegistrationDelegate$BeanPostProcessorChecker - Bean 'default.org.springframework.cloud.netflix.eureka.loadbalancer.LoadBalancerEurekaAutoConfiguration.LoadBalancerClientSpecification' of type [org.springframework.cloud.loadbalancer.annotation.LoadBalancerClientSpecification] is not eligible for getting processed by all BeanPostProcessors (for example: not eligible for auto-proxying). Is this bean getting eagerly injected into a currently created BeanPostProcessor [lbRestClientPostProcessor]? Check the corresponding BeanPostProcessor declaration and its dependencies.
2025-07-11 12:17:30 [restartedMain] WARN  o.s.c.s.PostProcessorRegistrationDelegate$BeanPostProcessorChecker - Bean 'loadBalancerClientFactory' of type [org.springframework.cloud.loadbalancer.support.LoadBalancerClientFactory] is not eligible for getting processed by all BeanPostProcessors (for example: not eligible for auto-proxying). Is this bean getting eagerly injected into a currently created BeanPostProcessor [lbRestClientPostProcessor]? Check the corresponding BeanPostProcessor declaration and its dependencies.
2025-07-11 12:17:30 [restartedMain] WARN  o.s.c.s.PostProcessorRegistrationDelegate$BeanPostProcessorChecker - Bean 'blockingLoadBalancerClient' of type [org.springframework.cloud.loadbalancer.blocking.client.BlockingLoadBalancerClient] is not eligible for getting processed by all BeanPostProcessors (for example: not eligible for auto-proxying). Is this bean getting eagerly injected into a currently created BeanPostProcessor [lbRestClientPostProcessor]? Check the corresponding BeanPostProcessor declaration and its dependencies.
2025-07-11 12:17:30 [restartedMain] WARN  o.s.c.s.PostProcessorRegistrationDelegate$BeanPostProcessorChecker - Bean 'loadBalancerServiceInstanceCookieTransformer' of type [org.springframework.cloud.loadbalancer.core.LoadBalancerServiceInstanceCookieTransformer] is not eligible for getting processed by all BeanPostProcessors (for example: not eligible for auto-proxying). Is this bean getting eagerly injected into a currently created BeanPostProcessor [lbRestClientPostProcessor]? Check the corresponding BeanPostProcessor declaration and its dependencies.
2025-07-11 12:17:30 [restartedMain] WARN  o.s.c.s.PostProcessorRegistrationDelegate$BeanPostProcessorChecker - Bean 'xForwarderHeadersTransformer' of type [org.springframework.cloud.loadbalancer.blocking.XForwardedHeadersTransformer] is not eligible for getting processed by all BeanPostProcessors (for example: not eligible for auto-proxying). Is this bean getting eagerly injected into a currently created BeanPostProcessor [lbRestClientPostProcessor]? Check the corresponding BeanPostProcessor declaration and its dependencies.
2025-07-11 12:17:30 [restartedMain] WARN  o.s.c.s.PostProcessorRegistrationDelegate$BeanPostProcessorChecker - Bean 'org.springframework.cloud.client.loadbalancer.LoadBalancerAutoConfiguration' of type [org.springframework.cloud.client.loadbalancer.LoadBalancerAutoConfiguration] is not eligible for getting processed by all BeanPostProcessors (for example: not eligible for auto-proxying). Is this bean getting eagerly injected into a currently created BeanPostProcessor [lbRestClientPostProcessor]? Check the corresponding BeanPostProcessor declaration and its dependencies.
2025-07-11 12:17:30 [restartedMain] WARN  o.s.c.s.PostProcessorRegistrationDelegate$BeanPostProcessorChecker - Bean 'loadBalancerRequestFactory' of type [org.springframework.cloud.client.loadbalancer.LoadBalancerRequestFactory] is not eligible for getting processed by all BeanPostProcessors (for example: not eligible for auto-proxying). Is this bean getting eagerly injected into a currently created BeanPostProcessor [lbRestClientPostProcessor]? Check the corresponding BeanPostProcessor declaration and its dependencies.
2025-07-11 12:17:30 [restartedMain] WARN  o.s.c.s.PostProcessorRegistrationDelegate$BeanPostProcessorChecker - Bean 'loadBalancerInterceptor' of type [org.springframework.cloud.client.loadbalancer.LoadBalancerInterceptor] is not eligible for getting processed by all BeanPostProcessors (for example: not eligible for auto-proxying). Is this bean getting eagerly injected into a currently created BeanPostProcessor [lbRestClientPostProcessor]? Check the corresponding BeanPostProcessor declaration and its dependencies.
2025-07-11 12:17:30 [restartedMain] WARN  o.s.c.s.PostProcessorRegistrationDelegate$BeanPostProcessorChecker - Bean 'org.springframework.cloud.client.loadbalancer.reactive.LoadBalancerBeanPostProcessorAutoConfiguration' of type [org.springframework.cloud.client.loadbalancer.reactive.LoadBalancerBeanPostProcessorAutoConfiguration] is not eligible for getting processed by all BeanPostProcessors (for example: not eligible for auto-proxying). The currently created BeanPostProcessor [loadBalancerWebClientBuilderBeanPostProcessor] is declared through a non-static factory method on that class; consider declaring it as static instead.
2025-07-11 12:17:30 [restartedMain] WARN  o.s.c.s.PostProcessorRegistrationDelegate$BeanPostProcessorChecker - Bean 'org.springframework.cloud.client.loadbalancer.reactive.LoadBalancerBeanPostProcessorAutoConfiguration$ReactorDeferringLoadBalancerFilterConfig' of type [org.springframework.cloud.client.loadbalancer.reactive.LoadBalancerBeanPostProcessorAutoConfiguration$ReactorDeferringLoadBalancerFilterConfig] is not eligible for getting processed by all BeanPostProcessors (for example: not eligible for auto-proxying). Is this bean getting eagerly injected into a currently created BeanPostProcessor [loadBalancerWebClientBuilderBeanPostProcessor]? Check the corresponding BeanPostProcessor declaration and its dependencies.
2025-07-11 12:17:30 [restartedMain] WARN  o.s.c.s.PostProcessorRegistrationDelegate$BeanPostProcessorChecker - Bean 'reactorDeferringLoadBalancerExchangeFilterFunction' of type [org.springframework.cloud.client.loadbalancer.reactive.DeferringLoadBalancerExchangeFilterFunction] is not eligible for getting processed by all BeanPostProcessors (for example: not eligible for auto-proxying). Is this bean getting eagerly injected into a currently created BeanPostProcessor [loadBalancerWebClientBuilderBeanPostProcessor]? Check the corresponding BeanPostProcessor declaration and its dependencies.
2025-07-11 12:17:32 [restartedMain] DEBUG o.s.w.f.ServerHttpObservationFilter - Filter 'webMvcObservationFilter' configured for use
2025-07-11 12:17:32 [restartedMain] DEBUG c.m.u.c.c.i.InternalJwtFilter - Filter 'internalJwtFilter' configured for use
2025-07-11 12:17:32 [restartedMain] WARN  org.hibernate.orm.deprecation - HHH90000025: MariaDBDialect does not need to be specified explicitly using 'hibernate.dialect' (remove the property setting and it will be selected by default)
2025-07-11 12:17:34 [restartedMain] INFO  c.m.u.core.logging.LoggingService - CacheConfiguration: Cache manager configurado con 8 caches
2025-07-11 12:17:36 [restartedMain] WARN  o.s.b.a.o.j.JpaBaseConfiguration$JpaWebConfiguration - spring.jpa.open-in-view is enabled by default. Therefore, database queries may be performed during view rendering. Explicitly configure spring.jpa.open-in-view to disable this warning
2025-07-11 12:17:36 [restartedMain] WARN  o.s.b.a.s.s.UserDetailsServiceAutoConfiguration - 

Using generated security password: 29376f52-c88b-4da4-84fa-a34300e1eeaf

This generated password is for development use only. Your security configuration must be updated before running your application in production.

2025-07-11 12:17:36 [restartedMain] INFO  c.m.u.core.logging.LoggingService - SecurityConfig: Iniciando configuración de seguridad del microservicio users
2025-07-11 12:17:36 [restartedMain] DEBUG o.s.w.s.m.m.a.RequestMappingHandlerMapping - 26 mappings in 'requestMappingHandlerMapping'
2025-07-11 12:17:37 [restartedMain] DEBUG o.s.w.s.h.SimpleUrlHandlerMapping - Patterns [/webjars/**, /**, /swagger-ui*/*swagger-initializer.js, /swagger-ui*/**] in 'resourceHandlerMapping'
2025-07-11 12:17:37 [restartedMain] INFO  c.m.u.core.logging.LoggingService - SecurityConfig: Configuración de seguridad completada - Todos los endpoints permitidos, filtro JWT interno configurado
2025-07-11 12:17:37 [restartedMain] DEBUG o.s.w.s.m.m.a.RequestMappingHandlerAdapter - ControllerAdvice beans: 0 @ModelAttribute, 0 @InitBinder, 1 RequestBodyAdvice, 1 ResponseBodyAdvice
2025-07-11 12:17:37 [restartedMain] DEBUG o.s.w.s.m.m.a.ExceptionHandlerExceptionResolver - ControllerAdvice beans: 2 @ExceptionHandler, 1 ResponseBodyAdvice
2025-07-11 12:17:38 [restartedMain] WARN  o.s.b.d.a.OptionalLiveReloadServer - Unable to start LiveReload server
2025-07-11 12:17:38 [restartedMain] INFO  c.netflix.discovery.DiscoveryClient - Initializing Eureka in region us-east-1
2025-07-11 12:17:38 [restartedMain] INFO  c.n.d.s.r.aws.ConfigClusterResolver - Resolving eureka endpoints via configuration
2025-07-11 12:17:38 [restartedMain] INFO  c.netflix.discovery.DiscoveryClient - Disable delta property : false
2025-07-11 12:17:38 [restartedMain] INFO  c.netflix.discovery.DiscoveryClient - Single vip registry refresh property : null
2025-07-11 12:17:38 [restartedMain] INFO  c.netflix.discovery.DiscoveryClient - Force full registry fetch : false
2025-07-11 12:17:38 [restartedMain] INFO  c.netflix.discovery.DiscoveryClient - Application is null : false
2025-07-11 12:17:38 [restartedMain] INFO  c.netflix.discovery.DiscoveryClient - Registered Applications size is zero : true
2025-07-11 12:17:38 [restartedMain] INFO  c.netflix.discovery.DiscoveryClient - Application version is -1: true
2025-07-11 12:17:38 [restartedMain] INFO  c.netflix.discovery.DiscoveryClient - Getting all instance registry info from the eureka server
2025-07-11 12:17:38 [restartedMain] DEBUG o.s.web.client.RestTemplate - HTTP GET http://localhost:8081/eureka/apps/
2025-07-11 12:17:39 [restartedMain] DEBUG o.s.web.client.RestTemplate - Accept=[application/json, application/*+json]
2025-07-11 12:17:39 [restartedMain] DEBUG o.s.web.client.RestTemplate - Response 200 OK
2025-07-11 12:17:39 [restartedMain] DEBUG o.s.web.client.RestTemplate - Reading to [org.springframework.cloud.netflix.eureka.http.EurekaApplications]
2025-07-11 12:17:39 [restartedMain] INFO  c.netflix.discovery.DiscoveryClient - The response status is 200
2025-07-11 12:17:39 [restartedMain] INFO  c.netflix.discovery.DiscoveryClient - Starting heartbeat executor: renew interval is: 30
2025-07-11 12:17:39 [restartedMain] INFO  c.n.discovery.InstanceInfoReplicator - InstanceInfoReplicator onDemand update allowed rate per min is 4
2025-07-11 12:17:39 [restartedMain] INFO  c.netflix.discovery.DiscoveryClient - Discovery Client initialized at timestamp 1752254259145 with initial instances count: 1
2025-07-11 12:17:39 [restartedMain] INFO  c.netflix.discovery.DiscoveryClient - Saw local status change event StatusChangeEvent [timestamp=1752254259162, current=UP, previous=STARTING]
2025-07-11 12:17:39 [DiscoveryClient-InstanceInfoReplicator-0] INFO  c.netflix.discovery.DiscoveryClient - DiscoveryClient_USERS-SERVICE/192.168.41.141:users-service:8082: registering service...
2025-07-11 12:17:39 [DiscoveryClient-InstanceInfoReplicator-0] DEBUG o.s.web.client.RestTemplate - HTTP POST http://localhost:8081/eureka/apps/USERS-SERVICE
2025-07-11 12:17:39 [DiscoveryClient-InstanceInfoReplicator-0] DEBUG o.s.web.client.RestTemplate - Accept=[application/json, application/*+json]
2025-07-11 12:17:39 [DiscoveryClient-InstanceInfoReplicator-0] DEBUG o.s.web.client.RestTemplate - Writing [InstanceInfo [instanceId = 192.168.41.141:users-service:8082, appName = USERS-SERVICE, hostName = 192.168.41.141, status = UP, ipAddr = 192.168.41.141, port = 8082, securePort = 443, dataCenterInfo = com.netflix.appinfo.MyDataCenterInfo@4832c15b] as "application/json"
2025-07-11 12:17:39 [DiscoveryClient-InstanceInfoReplicator-0] DEBUG o.s.web.client.RestTemplate - Response 204 NO_CONTENT
2025-07-11 12:17:39 [DiscoveryClient-InstanceInfoReplicator-0] INFO  c.netflix.discovery.DiscoveryClient - DiscoveryClient_USERS-SERVICE/192.168.41.141:users-service:8082 - registration status: 204
2025-07-11 12:17:39 [restartedMain] INFO  c.m.users.UsersApplication - Started UsersApplication in 12.647 seconds (process running for 13.396)
2025-07-11 12:17:47 [http-nio-8082-exec-2] INFO  o.s.web.servlet.DispatcherServlet - Initializing Servlet 'dispatcherServlet'
2025-07-11 12:17:47 [http-nio-8082-exec-2] DEBUG o.s.web.servlet.DispatcherServlet - Detected StandardServletMultipartResolver
2025-07-11 12:17:47 [http-nio-8082-exec-2] DEBUG o.s.web.servlet.DispatcherServlet - Detected AcceptHeaderLocaleResolver
2025-07-11 12:17:47 [http-nio-8082-exec-2] DEBUG o.s.web.servlet.DispatcherServlet - Detected FixedThemeResolver
2025-07-11 12:17:47 [http-nio-8082-exec-2] DEBUG o.s.web.servlet.DispatcherServlet - Detected org.springframework.web.servlet.view.DefaultRequestToViewNameTranslator@7f5a31e5
2025-07-11 12:17:47 [http-nio-8082-exec-2] DEBUG o.s.web.servlet.DispatcherServlet - Detected org.springframework.web.servlet.support.SessionFlashMapManager@3ebb3229
2025-07-11 12:17:47 [http-nio-8082-exec-2] DEBUG o.s.web.servlet.DispatcherServlet - enableLoggingRequestDetails='false': request parameters and headers will be masked to prevent unsafe logging of potentially sensitive data
2025-07-11 12:17:47 [http-nio-8082-exec-2] INFO  o.s.web.servlet.DispatcherServlet - Completed initialization in 3 ms
2025-07-11 12:17:47 [http-nio-8082-exec-2] DEBUG c.m.u.core.logging.LoggingService - InternalJwtFilter: Procesando solicitud: /verification/send
2025-07-11 12:17:47 [http-nio-8082-exec-2] DEBUG c.m.u.core.logging.LoggingService - InternalJwtFilter: Path '/verification/send' requiere JWT: false
2025-07-11 12:17:47 [http-nio-8082-exec-2] DEBUG c.m.u.core.logging.LoggingService - InternalJwtFilter: Path no protegido, continuando sin validación JWT
2025-07-11 12:17:47 [http-nio-8082-exec-2] DEBUG o.s.web.servlet.DispatcherServlet - POST "/verification/send", parameters={}
2025-07-11 12:17:47 [http-nio-8082-exec-2] DEBUG o.s.w.s.m.m.a.RequestMappingHandlerMapping - Mapped to com.microserviceone.users.verificationCodeApi.web.controller.VerificationCodeController#sendVerificationCode(SendCodeRequest)
2025-07-11 12:17:47 [http-nio-8082-exec-2] DEBUG o.s.w.s.m.m.a.RequestResponseBodyMethodProcessor - Read "application/json;charset=UTF-8" to [com.microserviceone.users.verificationCodeApi.web.dto.SendCodeRequest@84b6b6b]
2025-07-11 12:17:48 [http-nio-8082-exec-2] INFO  c.m.u.core.logging.LoggingService - VerificationService: Enviando código de verificación - Email: sebasagudelo1012@gmail.com
2025-07-11 12:17:48 [http-nio-8082-exec-2] INFO  c.m.u.core.logging.LoggingService - SendVerificationCodeUseCase: Iniciando envío de código de verificación - Email: sebasagudelo1012@gmail.com
2025-07-11 12:17:48 [http-nio-8082-exec-2] DEBUG c.m.u.core.logging.LoggingService - SendVerificationCodeUseCase: Invalidando códigos anteriores - Email: sebasagudelo1012@gmail.com
2025-07-11 12:17:48 [http-nio-8082-exec-2] DEBUG c.m.u.core.logging.LoggingService - AdapterVerificationCode: Invalidando códigos anteriores - Email: sebasagudelo1012@gmail.com
2025-07-11 12:17:48 [http-nio-8082-exec-2] DEBUG c.m.u.core.logging.LoggingService - AdapterVerificationCode: Códigos anteriores invalidados exitosamente - Email: sebasagudelo1012@gmail.com
2025-07-11 12:17:48 [http-nio-8082-exec-2] DEBUG c.m.u.core.logging.LoggingService - SendVerificationCodeUseCase: Códigos anteriores invalidados - Email: sebasagudelo1012@gmail.com
2025-07-11 12:17:48 [http-nio-8082-exec-2] DEBUG c.m.u.core.logging.LoggingService - SendVerificationCodeUseCase: Generando nuevo código - Email: sebasagudelo1012@gmail.com
2025-07-11 12:17:48 [http-nio-8082-exec-2] DEBUG c.m.u.core.logging.LoggingService - ImplCodeGeneratorService: Generando código de verificación
2025-07-11 12:17:48 [http-nio-8082-exec-2] DEBUG c.m.u.core.logging.LoggingService - ImplCodeGeneratorService: Código generado exitosamente: 431158
2025-07-11 12:17:48 [http-nio-8082-exec-2] DEBUG c.m.u.core.logging.LoggingService - SendVerificationCodeUseCase: Código generado: 431158 para email: sebasagudelo1012@gmail.com
2025-07-11 12:17:48 [http-nio-8082-exec-2] DEBUG c.m.u.core.logging.LoggingService - SendVerificationCodeUseCase: Objeto VerificationCode creado - Email: sebasagudelo1012@gmail.com, Código: 431158
2025-07-11 12:17:48 [http-nio-8082-exec-2] DEBUG c.m.u.core.logging.LoggingService - AdapterVerificationCode: Guardando código de verificación - Email: sebasagudelo1012@gmail.com, Código: 431158
2025-07-11 12:17:48 [http-nio-8082-exec-2] DEBUG c.m.u.core.logging.LoggingService - AdapterVerificationCode: Código convertido a entidad - Email: sebasagudelo1012@gmail.com, Código: 431158
2025-07-11 12:17:48 [http-nio-8082-exec-2] DEBUG c.m.u.core.logging.LoggingService - AdapterVerificationCode: Código guardado en base de datos - ID: 1, Email: sebasagudelo1012@gmail.com, Código: 431158
2025-07-11 12:17:48 [http-nio-8082-exec-2] DEBUG c.m.u.core.logging.LoggingService - AdapterVerificationCode: Entidad convertida a dominio - ID: 1, Email: sebasagudelo1012@gmail.com, Código: 431158
2025-07-11 12:17:48 [http-nio-8082-exec-2] DEBUG c.m.u.core.logging.LoggingService - SendVerificationCodeUseCase: Código guardado en base de datos - Email: sebasagudelo1012@gmail.com, Código: 431158
2025-07-11 12:17:48 [http-nio-8082-exec-2] DEBUG c.m.u.core.logging.LoggingService - SendVerificationCodeUseCase: Enviando código por email - Email: sebasagudelo1012@gmail.com, Código: 431158
2025-07-11 12:17:48 [AsyncReporter{org.springframework.boot.actuate.autoconfigure.tracing.zipkin.ZipkinWebClientSender@2f63ca4a}] DEBUG o.s.w.r.f.client.ExchangeFunctions - [4c297e58] HTTP POST http://localhost:9411/api/v2/spans%20
2025-07-11 12:17:49 [AsyncReporter{org.springframework.boot.actuate.autoconfigure.tracing.zipkin.ZipkinWebClientSender@2f63ca4a}] WARN  z.r.AsyncReporter$BoundedAsyncReporter - Spans were dropped due to exceptions. All subsequent errors will be logged at FINE level.
2025-07-11 12:17:49 [AsyncReporter{org.springframework.boot.actuate.autoconfigure.tracing.zipkin.ZipkinWebClientSender@2f63ca4a}] WARN  z.r.AsyncReporter$BoundedAsyncReporter - Dropped 2 spans due to WebClientRequestException(finishConnect(..) failed: Conexión rehusada: localhost/127.0.0.1:9411)
org.springframework.web.reactive.function.client.WebClientRequestException: finishConnect(..) failed: Conexión rehusada: localhost/127.0.0.1:9411
	at org.springframework.web.reactive.function.client.ExchangeFunctions$DefaultExchangeFunction.lambda$wrapException$9(ExchangeFunctions.java:136)
	Suppressed: reactor.core.publisher.FluxOnAssembly$OnAssemblyException: 
Error has been observed at the following site(s):
	*__checkpoint ⇢ Request to POST http://localhost:9411/api/v2/spans%20 [DefaultWebClient]
Original Stack Trace:
		at org.springframework.web.reactive.function.client.ExchangeFunctions$DefaultExchangeFunction.lambda$wrapException$9(ExchangeFunctions.java:136)
		at reactor.core.publisher.MonoErrorSupplied.subscribe(MonoErrorSupplied.java:55)
		at reactor.core.publisher.Mono.subscribe(Mono.java:4563)
		at reactor.core.publisher.FluxOnErrorResume$ResumeSubscriber.onError(FluxOnErrorResume.java:103)
		at reactor.core.publisher.FluxPeek$PeekSubscriber.onError(FluxPeek.java:222)
		at reactor.core.publisher.FluxPeek$PeekSubscriber.onError(FluxPeek.java:222)
		at reactor.core.publisher.FluxPeek$PeekSubscriber.onError(FluxPeek.java:222)
		at reactor.core.publisher.MonoNext$NextSubscriber.onError(MonoNext.java:93)
		at reactor.core.publisher.MonoFlatMapMany$FlatMapManyMain.onError(MonoFlatMapMany.java:205)
		at reactor.core.publisher.SerializedSubscriber.onError(SerializedSubscriber.java:124)
		at reactor.core.publisher.FluxRetryWhen$RetryWhenMainSubscriber.whenError(FluxRetryWhen.java:229)
		at reactor.core.publisher.FluxRetryWhen$RetryWhenOtherSubscriber.onError(FluxRetryWhen.java:279)
		at reactor.core.publisher.FluxContextWrite$ContextWriteSubscriber.onError(FluxContextWrite.java:121)
		at reactor.core.publisher.FluxConcatMapNoPrefetch$FluxConcatMapNoPrefetchSubscriber.maybeOnError(FluxConcatMapNoPrefetch.java:327)
		at reactor.core.publisher.FluxConcatMapNoPrefetch$FluxConcatMapNoPrefetchSubscriber.onNext(FluxConcatMapNoPrefetch.java:212)
		at reactor.core.publisher.FluxContextWrite$ContextWriteSubscriber.onNext(FluxContextWrite.java:107)
		at reactor.core.publisher.SinkManyEmitterProcessor.drain(SinkManyEmitterProcessor.java:476)
		at reactor.core.publisher.SinkManyEmitterProcessor$EmitterInner.drainParent(SinkManyEmitterProcessor.java:620)
		at reactor.core.publisher.FluxPublish$PubSubInner.request(FluxPublish.java:874)
		at reactor.core.publisher.FluxContextWrite$ContextWriteSubscriber.request(FluxContextWrite.java:136)
		at reactor.core.publisher.FluxConcatMapNoPrefetch$FluxConcatMapNoPrefetchSubscriber.request(FluxConcatMapNoPrefetch.java:337)
		at reactor.core.publisher.FluxContextWrite$ContextWriteSubscriber.request(FluxContextWrite.java:136)
		at reactor.core.publisher.Operators$DeferredSubscription.request(Operators.java:1743)
		at reactor.core.publisher.FluxRetryWhen$RetryWhenMainSubscriber.onError(FluxRetryWhen.java:196)
		at reactor.core.publisher.MonoCreate$DefaultMonoSink.error(MonoCreate.java:205)
		at reactor.netty.http.client.HttpClientConnect$MonoHttpConnect$ClientTransportSubscriber.onError(HttpClientConnect.java:311)
		at reactor.core.publisher.MonoCreate$DefaultMonoSink.error(MonoCreate.java:205)
		at reactor.netty.resources.DefaultPooledConnectionProvider$DisposableAcquire.onError(DefaultPooledConnectionProvider.java:172)
		at reactor.netty.internal.shaded.reactor.pool.AbstractPool$Borrower.fail(AbstractPool.java:488)
		at reactor.netty.internal.shaded.reactor.pool.SimpleDequePool.lambda$drainLoop$9(SimpleDequePool.java:436)
		at reactor.core.publisher.FluxDoOnEach$DoOnEachSubscriber.onError(FluxDoOnEach.java:186)
		at reactor.core.publisher.MonoCreate$DefaultMonoSink.error(MonoCreate.java:205)
		at reactor.netty.resources.DefaultPooledConnectionProvider$PooledConnectionAllocator$PooledConnectionInitializer.onError(DefaultPooledConnectionProvider.java:583)
		at reactor.core.publisher.MonoFlatMap$FlatMapMain.secondError(MonoFlatMap.java:241)
		at reactor.core.publisher.MonoFlatMap$FlatMapInner.onError(MonoFlatMap.java:315)
		at reactor.core.publisher.FluxOnErrorResume$ResumeSubscriber.onError(FluxOnErrorResume.java:106)
		at reactor.core.publisher.Operators.error(Operators.java:198)
		at reactor.core.publisher.MonoError.subscribe(MonoError.java:53)
		at reactor.core.publisher.Mono.subscribe(Mono.java:4563)
		at reactor.core.publisher.FluxOnErrorResume$ResumeSubscriber.onError(FluxOnErrorResume.java:103)
		at reactor.netty.transport.TransportConnector$MonoChannelPromise.tryFailure(TransportConnector.java:576)
		at reactor.netty.transport.TransportConnector$MonoChannelPromise.setFailure(TransportConnector.java:522)
		at reactor.netty.transport.TransportConnector.lambda$doConnect$7(TransportConnector.java:261)
		at io.netty.util.concurrent.DefaultPromise.notifyListener0(DefaultPromise.java:590)
		at io.netty.util.concurrent.DefaultPromise.notifyListeners0(DefaultPromise.java:583)
		at io.netty.util.concurrent.DefaultPromise.notifyListenersNow(DefaultPromise.java:559)
		at io.netty.util.concurrent.DefaultPromise.notifyListeners(DefaultPromise.java:492)
		at io.netty.util.concurrent.DefaultPromise.setValue0(DefaultPromise.java:636)
		at io.netty.util.concurrent.DefaultPromise.setFailure0(DefaultPromise.java:629)
		at io.netty.util.concurrent.DefaultPromise.tryFailure(DefaultPromise.java:118)
		at io.netty.channel.epoll.AbstractEpollChannel$AbstractEpollUnsafe.fulfillConnectPromise(AbstractEpollChannel.java:675)
		at io.netty.channel.epoll.AbstractEpollChannel$AbstractEpollUnsafe.finishConnect(AbstractEpollChannel.java:694)
		at io.netty.channel.epoll.AbstractEpollChannel$AbstractEpollUnsafe.epollOutReady(AbstractEpollChannel.java:567)
		at io.netty.channel.epoll.EpollEventLoop.processReady(EpollEventLoop.java:499)
		at io.netty.channel.epoll.EpollEventLoop.run(EpollEventLoop.java:407)
		at io.netty.util.concurrent.SingleThreadEventExecutor$4.run(SingleThreadEventExecutor.java:997)
		at io.netty.util.internal.ThreadExecutorMap$2.run(ThreadExecutorMap.java:74)
		at io.netty.util.concurrent.FastThreadLocalRunnable.run(FastThreadLocalRunnable.java:30)
		at java.base/java.lang.Thread.run(Thread.java:840)
	Suppressed: java.lang.Exception: #block terminated with an error
		at reactor.core.publisher.BlockingSingleSubscriber.blockingGet(BlockingSingleSubscriber.java:103)
		at reactor.core.publisher.Mono.block(Mono.java:1779)
		at org.springframework.boot.actuate.autoconfigure.tracing.zipkin.ZipkinWebClientSender$WebClientHttpPostCall.doExecute(ZipkinWebClientSender.java:76)
		at org.springframework.boot.actuate.autoconfigure.tracing.zipkin.ZipkinWebClientSender$WebClientHttpPostCall.doExecute(ZipkinWebClientSender.java:54)
		at zipkin2.Call$Base.execute(Call.java:391)
		at zipkin2.reporter.AsyncReporter$BoundedAsyncReporter.flush(AsyncReporter.java:299)
		at zipkin2.reporter.AsyncReporter$Flusher.run(AsyncReporter.java:378)
		at java.base/java.lang.Thread.run(Thread.java:840)
Caused by: io.netty.channel.AbstractChannel$AnnotatedConnectException: finishConnect(..) failed: Conexión rehusada: localhost/127.0.0.1:9411
Caused by: java.net.ConnectException: finishConnect(..) failed: Conexión rehusada
	at io.netty.channel.unix.Errors.newConnectException0(Errors.java:166)
	at io.netty.channel.unix.Errors.handleConnectErrno(Errors.java:131)
	at io.netty.channel.unix.Socket.finishConnect(Socket.java:359)
	at io.netty.channel.epoll.AbstractEpollChannel$AbstractEpollUnsafe.doFinishConnect(AbstractEpollChannel.java:711)
	at io.netty.channel.epoll.AbstractEpollChannel$AbstractEpollUnsafe.finishConnect(AbstractEpollChannel.java:688)
	at io.netty.channel.epoll.AbstractEpollChannel$AbstractEpollUnsafe.epollOutReady(AbstractEpollChannel.java:567)
	at io.netty.channel.epoll.EpollEventLoop.processReady(EpollEventLoop.java:499)
	at io.netty.channel.epoll.EpollEventLoop.run(EpollEventLoop.java:407)
	at io.netty.util.concurrent.SingleThreadEventExecutor$4.run(SingleThreadEventExecutor.java:997)
	at io.netty.util.internal.ThreadExecutorMap$2.run(ThreadExecutorMap.java:74)
	at io.netty.util.concurrent.FastThreadLocalRunnable.run(FastThreadLocalRunnable.java:30)
	at java.base/java.lang.Thread.run(Thread.java:840)
2025-07-11 12:17:50 [http-nio-8082-exec-2] INFO  c.m.u.v.i.email.EmailServiceUseCase - Código de verificación enviado exitosamente a: sebasagudelo1012@gmail.com
2025-07-11 12:17:50 [http-nio-8082-exec-2] INFO  c.m.u.core.logging.LoggingService - SendVerificationCodeUseCase: Código de verificación enviado exitosamente - Email: sebasagudelo1012@gmail.com, Código: 431158
2025-07-11 12:17:50 [http-nio-8082-exec-2] INFO  c.m.u.core.logging.LoggingService - VerificationService: Código de verificación enviado exitosamente - Email: sebasagudelo1012@gmail.com
2025-07-11 12:17:50 [http-nio-8082-exec-2] DEBUG o.s.w.s.m.m.a.HttpEntityMethodProcessor - Using 'application/json', given [*/*] and supported [application/json, application/*+json]
2025-07-11 12:17:50 [http-nio-8082-exec-2] DEBUG o.s.w.s.m.m.a.HttpEntityMethodProcessor - Writing [ApiResponse(success=true, message=Verification code sent successfully, data=null, errorCode=null, ti (truncated)...]
2025-07-11 12:17:50 [http-nio-8082-exec-2] DEBUG o.s.web.servlet.DispatcherServlet - Completed 200 OK
2025-07-11 12:17:51 [AsyncReporter{org.springframework.boot.actuate.autoconfigure.tracing.zipkin.ZipkinWebClientSender@2f63ca4a}] DEBUG o.s.w.r.f.client.ExchangeFunctions - [5a0a85ec] HTTP POST http://localhost:9411/api/v2/spans%20
2025-07-11 12:18:09 [DiscoveryClient-CacheRefreshExecutor-0] DEBUG o.s.web.client.RestTemplate - HTTP GET http://localhost:8081/eureka/apps/delta
2025-07-11 12:18:09 [DiscoveryClient-CacheRefreshExecutor-0] DEBUG o.s.web.client.RestTemplate - Accept=[application/json, application/*+json]
2025-07-11 12:18:09 [DiscoveryClient-CacheRefreshExecutor-0] DEBUG o.s.web.client.RestTemplate - Response 200 OK
2025-07-11 12:18:09 [DiscoveryClient-CacheRefreshExecutor-0] DEBUG o.s.web.client.RestTemplate - Reading to [org.springframework.cloud.netflix.eureka.http.EurekaApplications]
2025-07-11 12:18:09 [DiscoveryClient-HeartbeatExecutor-0] DEBUG o.s.web.client.RestTemplate - HTTP PUT http://localhost:8081/eureka/apps/USERS-SERVICE/192.168.41.141:users-service:8082?status=UP&lastDirtyTimestamp=1752254259162
2025-07-11 12:18:09 [DiscoveryClient-HeartbeatExecutor-0] DEBUG o.s.web.client.RestTemplate - Accept=[application/json, application/*+json]
2025-07-11 12:18:09 [DiscoveryClient-HeartbeatExecutor-0] DEBUG o.s.web.client.RestTemplate - Response 200 OK
2025-07-11 12:18:10 [http-nio-8082-exec-3] DEBUG c.m.u.core.logging.LoggingService - InternalJwtFilter: Procesando solicitud: /verification/check
2025-07-11 12:18:10 [http-nio-8082-exec-3] DEBUG c.m.u.core.logging.LoggingService - InternalJwtFilter: Path '/verification/check' requiere JWT: false
2025-07-11 12:18:10 [http-nio-8082-exec-3] DEBUG c.m.u.core.logging.LoggingService - InternalJwtFilter: Path no protegido, continuando sin validación JWT
2025-07-11 12:18:10 [http-nio-8082-exec-3] DEBUG o.s.web.servlet.DispatcherServlet - POST "/verification/check", parameters={}
2025-07-11 12:18:10 [http-nio-8082-exec-3] DEBUG o.s.w.s.m.m.a.RequestMappingHandlerMapping - Mapped to com.microserviceone.users.verificationCodeApi.web.controller.VerificationCodeController#verifyCode(VerifyCodeRequest)
2025-07-11 12:18:10 [http-nio-8082-exec-3] DEBUG o.s.w.s.m.m.a.RequestResponseBodyMethodProcessor - Read "application/json;charset=UTF-8" to [com.microserviceone.users.verificationCodeApi.web.dto.VerifyCodeRequest@320adcf2]
2025-07-11 12:18:10 [http-nio-8082-exec-3] INFO  c.m.u.core.logging.LoggingService - VerificationService: Verificando código - Email: sebasagudelo1012@gmail.com
2025-07-11 12:18:10 [http-nio-8082-exec-3] INFO  c.m.u.core.logging.LoggingService - VerifyCodeUseCase: Iniciando verificación de código - Email: sebasagudelo1012@gmail.com, Código: 353652
2025-07-11 12:18:10 [http-nio-8082-exec-3] DEBUG c.m.u.core.logging.LoggingService - VerifyCodeUseCase: Verificando existencia del código - Email: sebasagudelo1012@gmail.com, Código: 353652
2025-07-11 12:18:10 [http-nio-8082-exec-3] DEBUG c.m.u.core.logging.LoggingService - VerifyExistCodeUseCase: Verificando existencia de código - Email: sebasagudelo1012@gmail.com, Código: 353652
2025-07-11 12:18:10 [http-nio-8082-exec-3] DEBUG c.m.u.core.logging.LoggingService - AdapterVerificationCode: Buscando código por email y código - Email: sebasagudelo1012@gmail.com, Código: 353652
2025-07-11 12:18:10 [http-nio-8082-exec-3] DEBUG c.m.u.core.logging.LoggingService - AdapterVerificationCode: Código no encontrado - Email: sebasagudelo1012@gmail.com, Código: 353652
2025-07-11 12:18:10 [http-nio-8082-exec-3] WARN  c.m.u.core.logging.LoggingService - VerifyExistCodeUseCase: Código no encontrado - Email: sebasagudelo1012@gmail.com, Código: 353652
2025-07-11 12:18:10 [http-nio-8082-exec-3] DEBUG c.m.u.core.logging.LoggingService - El codigo no ha sido encontrado
2025-07-11 12:18:10 [http-nio-8082-exec-3] ERROR c.m.u.core.logging.LoggingService - VerifyExistCodeUseCase: Excepción de código no encontrado - Email: sebasagudelo1012@gmail.com, Código: 353652
com.microserviceone.users.verificationCodeApi.application.exception.CodeNotFoundException: El código ingresado no es correcto
	at com.microserviceone.users.verificationCodeApi.application.usecase.VerifyExistCodeUseCase.validateExistCode(VerifyExistCodeUseCase.java:27)
	at java.base/jdk.internal.reflect.NativeMethodAccessorImpl.invoke0(Native Method)
	at java.base/jdk.internal.reflect.NativeMethodAccessorImpl.invoke(NativeMethodAccessorImpl.java:77)
	at java.base/jdk.internal.reflect.DelegatingMethodAccessorImpl.invoke(DelegatingMethodAccessorImpl.java:43)
	at java.base/java.lang.reflect.Method.invoke(Method.java:569)
	at org.springframework.aop.support.AopUtils.invokeJoinpointUsingReflection(AopUtils.java:351)
	at org.springframework.aop.framework.ReflectiveMethodInvocation.invokeJoinpoint(ReflectiveMethodInvocation.java:196)
	at org.springframework.aop.framework.ReflectiveMethodInvocation.proceed(ReflectiveMethodInvocation.java:163)
	at org.springframework.aop.framework.CglibAopProxy$CglibMethodInvocation.proceed(CglibAopProxy.java:765)
	at org.springframework.transaction.interceptor.TransactionInterceptor$1.proceedWithInvocation(TransactionInterceptor.java:123)
	at org.springframework.transaction.interceptor.TransactionAspectSupport.invokeWithinTransaction(TransactionAspectSupport.java:385)
	at org.springframework.transaction.interceptor.TransactionInterceptor.invoke(TransactionInterceptor.java:119)
	at org.springframework.aop.framework.ReflectiveMethodInvocation.proceed(ReflectiveMethodInvocation.java:184)
	at org.springframework.aop.framework.CglibAopProxy$CglibMethodInvocation.proceed(CglibAopProxy.java:765)
	at org.springframework.aop.framework.CglibAopProxy$DynamicAdvisedInterceptor.intercept(CglibAopProxy.java:717)
	at com.microserviceone.users.verificationCodeApi.application.usecase.VerifyExistCodeUseCase$$SpringCGLIB$$0.validateExistCode(<generated>)
	at com.microserviceone.users.verificationCodeApi.application.usecase.VerifyCodeUseCase.verifyCode(VerifyCodeUseCase.java:30)
	at java.base/jdk.internal.reflect.NativeMethodAccessorImpl.invoke0(Native Method)
	at java.base/jdk.internal.reflect.NativeMethodAccessorImpl.invoke(NativeMethodAccessorImpl.java:77)
	at java.base/jdk.internal.reflect.DelegatingMethodAccessorImpl.invoke(DelegatingMethodAccessorImpl.java:43)
	at java.base/java.lang.reflect.Method.invoke(Method.java:569)
	at org.springframework.aop.support.AopUtils.invokeJoinpointUsingReflection(AopUtils.java:351)
	at org.springframework.aop.framework.ReflectiveMethodInvocation.invokeJoinpoint(ReflectiveMethodInvocation.java:196)
	at org.springframework.aop.framework.ReflectiveMethodInvocation.proceed(ReflectiveMethodInvocation.java:163)
	at org.springframework.aop.framework.CglibAopProxy$CglibMethodInvocation.proceed(CglibAopProxy.java:765)
	at org.springframework.transaction.interceptor.TransactionInterceptor$1.proceedWithInvocation(TransactionInterceptor.java:123)
	at org.springframework.transaction.interceptor.TransactionAspectSupport.invokeWithinTransaction(TransactionAspectSupport.java:385)
	at org.springframework.transaction.interceptor.TransactionInterceptor.invoke(TransactionInterceptor.java:119)
	at org.springframework.aop.framework.ReflectiveMethodInvocation.proceed(ReflectiveMethodInvocation.java:184)
	at org.springframework.aop.framework.CglibAopProxy$CglibMethodInvocation.proceed(CglibAopProxy.java:765)
	at org.springframework.aop.framework.CglibAopProxy$DynamicAdvisedInterceptor.intercept(CglibAopProxy.java:717)
	at com.microserviceone.users.verificationCodeApi.application.usecase.VerifyCodeUseCase$$SpringCGLIB$$0.verifyCode(<generated>)
	at com.microserviceone.users.verificationCodeApi.application.service.VerificationService.verifyCode(VerificationService.java:22)
	at com.microserviceone.users.verificationCodeApi.web.controller.VerificationCodeController.verifyCode(VerificationCodeController.java:47)
	at java.base/jdk.internal.reflect.NativeMethodAccessorImpl.invoke0(Native Method)
	at java.base/jdk.internal.reflect.NativeMethodAccessorImpl.invoke(NativeMethodAccessorImpl.java:77)
	at java.base/jdk.internal.reflect.DelegatingMethodAccessorImpl.invoke(DelegatingMethodAccessorImpl.java:43)
	at java.base/java.lang.reflect.Method.invoke(Method.java:569)
	at org.springframework.web.method.support.InvocableHandlerMethod.doInvoke(InvocableHandlerMethod.java:259)
	at org.springframework.web.method.support.InvocableHandlerMethod.invokeForRequest(InvocableHandlerMethod.java:192)
	at org.springframework.web.servlet.mvc.method.annotation.ServletInvocableHandlerMethod.invokeAndHandle(ServletInvocableHandlerMethod.java:118)
	at org.springframework.web.servlet.mvc.method.annotation.RequestMappingHandlerAdapter.invokeHandlerMethod(RequestMappingHandlerAdapter.java:920)
	at org.springframework.web.servlet.mvc.method.annotation.RequestMappingHandlerAdapter.handleInternal(RequestMappingHandlerAdapter.java:830)
	at org.springframework.web.servlet.mvc.method.AbstractHandlerMethodAdapter.handle(AbstractHandlerMethodAdapter.java:87)
	at org.springframework.web.servlet.DispatcherServlet.doDispatch(DispatcherServlet.java:1089)
	at org.springframework.web.servlet.DispatcherServlet.doService(DispatcherServlet.java:979)
	at org.springframework.web.servlet.FrameworkServlet.processRequest(FrameworkServlet.java:1014)
	at org.springframework.web.servlet.FrameworkServlet.doPost(FrameworkServlet.java:914)
	at jakarta.servlet.http.HttpServlet.service(HttpServlet.java:590)
	at org.springframework.web.servlet.FrameworkServlet.service(FrameworkServlet.java:885)
	at jakarta.servlet.http.HttpServlet.service(HttpServlet.java:658)
	at org.apache.catalina.core.ApplicationFilterChain.internalDoFilter(ApplicationFilterChain.java:205)
	at org.apache.catalina.core.ApplicationFilterChain.doFilter(ApplicationFilterChain.java:149)
	at org.apache.tomcat.websocket.server.WsFilter.doFilter(WsFilter.java:51)
	at org.apache.catalina.core.ApplicationFilterChain.internalDoFilter(ApplicationFilterChain.java:174)
	at org.apache.catalina.core.ApplicationFilterChain.doFilter(ApplicationFilterChain.java:149)
	at org.springframework.web.filter.OncePerRequestFilter.doFilter(OncePerRequestFilter.java:110)
	at org.apache.catalina.core.ApplicationFilterChain.internalDoFilter(ApplicationFilterChain.java:174)
	at org.apache.catalina.core.ApplicationFilterChain.doFilter(ApplicationFilterChain.java:149)
	at org.springframework.web.filter.CompositeFilter$VirtualFilterChain.doFilter(CompositeFilter.java:108)
	at org.springframework.security.web.FilterChainProxy.lambda$doFilterInternal$3(FilterChainProxy.java:231)
	at org.springframework.security.web.ObservationFilterChainDecorator$FilterObservation$SimpleFilterObservation.lambda$wrap$1(ObservationFilterChainDecorator.java:479)
	at org.springframework.security.web.ObservationFilterChainDecorator$AroundFilterObservation$SimpleAroundFilterObservation.lambda$wrap$1(ObservationFilterChainDecorator.java:340)
	at org.springframework.security.web.ObservationFilterChainDecorator.lambda$wrapSecured$0(ObservationFilterChainDecorator.java:82)
	at org.springframework.security.web.ObservationFilterChainDecorator$VirtualFilterChain.doFilter(ObservationFilterChainDecorator.java:128)
	at org.springframework.security.web.access.intercept.AuthorizationFilter.doFilter(AuthorizationFilter.java:100)
	at org.springframework.security.web.ObservationFilterChainDecorator$ObservationFilter.wrapFilter(ObservationFilterChainDecorator.java:240)
	at org.springframework.security.web.ObservationFilterChainDecorator$ObservationFilter.doFilter(ObservationFilterChainDecorator.java:227)
	at org.springframework.security.web.ObservationFilterChainDecorator$VirtualFilterChain.doFilter(ObservationFilterChainDecorator.java:137)
	at org.springframework.security.web.access.ExceptionTranslationFilter.doFilter(ExceptionTranslationFilter.java:126)
	at org.springframework.security.web.access.ExceptionTranslationFilter.doFilter(ExceptionTranslationFilter.java:120)
	at org.springframework.security.web.ObservationFilterChainDecorator$ObservationFilter.wrapFilter(ObservationFilterChainDecorator.java:240)
	at org.springframework.security.web.ObservationFilterChainDecorator$ObservationFilter.doFilter(ObservationFilterChainDecorator.java:227)
	at org.springframework.security.web.ObservationFilterChainDecorator$VirtualFilterChain.doFilter(ObservationFilterChainDecorator.java:137)
	at org.springframework.security.web.authentication.AnonymousAuthenticationFilter.doFilter(AnonymousAuthenticationFilter.java:100)
	at org.springframework.security.web.ObservationFilterChainDecorator$ObservationFilter.wrapFilter(ObservationFilterChainDecorator.java:240)
	at org.springframework.security.web.ObservationFilterChainDecorator$ObservationFilter.doFilter(ObservationFilterChainDecorator.java:227)
	at org.springframework.security.web.ObservationFilterChainDecorator$VirtualFilterChain.doFilter(ObservationFilterChainDecorator.java:137)
	at org.springframework.security.web.servletapi.SecurityContextHolderAwareRequestFilter.doFilter(SecurityContextHolderAwareRequestFilter.java:179)
	at org.springframework.security.web.ObservationFilterChainDecorator$ObservationFilter.wrapFilter(ObservationFilterChainDecorator.java:240)
	at org.springframework.security.web.ObservationFilterChainDecorator$ObservationFilter.doFilter(ObservationFilterChainDecorator.java:227)
	at org.springframework.security.web.ObservationFilterChainDecorator$VirtualFilterChain.doFilter(ObservationFilterChainDecorator.java:137)
	at org.springframework.security.web.savedrequest.RequestCacheAwareFilter.doFilter(RequestCacheAwareFilter.java:63)
	at org.springframework.security.web.ObservationFilterChainDecorator$ObservationFilter.wrapFilter(ObservationFilterChainDecorator.java:240)
	at org.springframework.security.web.ObservationFilterChainDecorator$ObservationFilter.doFilter(ObservationFilterChainDecorator.java:227)
	at org.springframework.security.web.ObservationFilterChainDecorator$VirtualFilterChain.doFilter(ObservationFilterChainDecorator.java:137)
	at com.microserviceone.users.core.config.internalSecurity.InternalJwtFilter.doFilterInternal(InternalJwtFilter.java:51)
	at org.springframework.web.filter.OncePerRequestFilter.doFilter(OncePerRequestFilter.java:116)
	at org.springframework.security.web.ObservationFilterChainDecorator$ObservationFilter.wrapFilter(ObservationFilterChainDecorator.java:240)
	at org.springframework.security.web.ObservationFilterChainDecorator$ObservationFilter.doFilter(ObservationFilterChainDecorator.java:227)
	at org.springframework.security.web.ObservationFilterChainDecorator$VirtualFilterChain.doFilter(ObservationFilterChainDecorator.java:137)
	at org.springframework.security.web.authentication.logout.LogoutFilter.doFilter(LogoutFilter.java:107)
	at org.springframework.security.web.authentication.logout.LogoutFilter.doFilter(LogoutFilter.java:93)
	at org.springframework.security.web.ObservationFilterChainDecorator$ObservationFilter.wrapFilter(ObservationFilterChainDecorator.java:240)
	at org.springframework.security.web.ObservationFilterChainDecorator$ObservationFilter.doFilter(ObservationFilterChainDecorator.java:227)
	at org.springframework.security.web.ObservationFilterChainDecorator$VirtualFilterChain.doFilter(ObservationFilterChainDecorator.java:137)
	at org.springframework.web.filter.CorsFilter.doFilterInternal(CorsFilter.java:91)
	at org.springframework.web.filter.OncePerRequestFilter.doFilter(OncePerRequestFilter.java:116)
	at org.springframework.security.web.ObservationFilterChainDecorator$ObservationFilter.wrapFilter(ObservationFilterChainDecorator.java:240)
	at org.springframework.security.web.ObservationFilterChainDecorator$ObservationFilter.doFilter(ObservationFilterChainDecorator.java:227)
	at org.springframework.security.web.ObservationFilterChainDecorator$VirtualFilterChain.doFilter(ObservationFilterChainDecorator.java:137)
	at org.springframework.security.web.header.HeaderWriterFilter.doHeadersAfter(HeaderWriterFilter.java:90)
	at org.springframework.security.web.header.HeaderWriterFilter.doFilterInternal(HeaderWriterFilter.java:75)
	at org.springframework.web.filter.OncePerRequestFilter.doFilter(OncePerRequestFilter.java:116)
	at org.springframework.security.web.ObservationFilterChainDecorator$ObservationFilter.wrapFilter(ObservationFilterChainDecorator.java:240)
	at org.springframework.security.web.ObservationFilterChainDecorator$ObservationFilter.doFilter(ObservationFilterChainDecorator.java:227)
	at org.springframework.security.web.ObservationFilterChainDecorator$VirtualFilterChain.doFilter(ObservationFilterChainDecorator.java:137)
	at org.springframework.security.web.context.SecurityContextHolderFilter.doFilter(SecurityContextHolderFilter.java:82)
	at org.springframework.security.web.context.SecurityContextHolderFilter.doFilter(SecurityContextHolderFilter.java:69)
	at org.springframework.security.web.ObservationFilterChainDecorator$ObservationFilter.wrapFilter(ObservationFilterChainDecorator.java:240)
	at org.springframework.security.web.ObservationFilterChainDecorator$ObservationFilter.doFilter(ObservationFilterChainDecorator.java:227)
	at org.springframework.security.web.ObservationFilterChainDecorator$VirtualFilterChain.doFilter(ObservationFilterChainDecorator.java:137)
	at org.springframework.security.web.context.request.async.WebAsyncManagerIntegrationFilter.doFilterInternal(WebAsyncManagerIntegrationFilter.java:62)
	at org.springframework.web.filter.OncePerRequestFilter.doFilter(OncePerRequestFilter.java:116)
	at org.springframework.security.web.ObservationFilterChainDecorator$ObservationFilter.wrapFilter(ObservationFilterChainDecorator.java:240)
	at org.springframework.security.web.ObservationFilterChainDecorator$ObservationFilter.doFilter(ObservationFilterChainDecorator.java:227)
	at org.springframework.security.web.ObservationFilterChainDecorator$VirtualFilterChain.doFilter(ObservationFilterChainDecorator.java:137)
	at org.springframework.security.web.session.DisableEncodeUrlFilter.doFilterInternal(DisableEncodeUrlFilter.java:42)
	at org.springframework.web.filter.OncePerRequestFilter.doFilter(OncePerRequestFilter.java:116)
	at org.springframework.security.web.ObservationFilterChainDecorator$ObservationFilter.wrapFilter(ObservationFilterChainDecorator.java:240)
	at org.springframework.security.web.ObservationFilterChainDecorator$AroundFilterObservation$SimpleAroundFilterObservation.lambda$wrap$0(ObservationFilterChainDecorator.java:323)
	at org.springframework.security.web.ObservationFilterChainDecorator$ObservationFilter.doFilter(ObservationFilterChainDecorator.java:224)
	at org.springframework.security.web.ObservationFilterChainDecorator$VirtualFilterChain.doFilter(ObservationFilterChainDecorator.java:137)
	at org.springframework.security.web.FilterChainProxy.doFilterInternal(FilterChainProxy.java:233)
	at org.springframework.security.web.FilterChainProxy.doFilter(FilterChainProxy.java:191)
	at org.springframework.web.filter.CompositeFilter$VirtualFilterChain.doFilter(CompositeFilter.java:113)
	at org.springframework.web.servlet.handler.HandlerMappingIntrospector.lambda$createCacheFilter$3(HandlerMappingIntrospector.java:195)
	at org.springframework.web.filter.CompositeFilter$VirtualFilterChain.doFilter(CompositeFilter.java:113)
	at org.springframework.web.filter.CompositeFilter.doFilter(CompositeFilter.java:74)
	at org.springframework.security.config.annotation.web.configuration.WebMvcSecurityConfiguration$CompositeFilterChainProxy.doFilter(WebMvcSecurityConfiguration.java:230)
	at org.springframework.web.filter.DelegatingFilterProxy.invokeDelegate(DelegatingFilterProxy.java:352)
	at org.springframework.web.filter.DelegatingFilterProxy.doFilter(DelegatingFilterProxy.java:268)
	at org.apache.catalina.core.ApplicationFilterChain.internalDoFilter(ApplicationFilterChain.java:174)
	at org.apache.catalina.core.ApplicationFilterChain.doFilter(ApplicationFilterChain.java:149)
	at org.springframework.web.filter.RequestContextFilter.doFilterInternal(RequestContextFilter.java:100)
	at org.springframework.web.filter.OncePerRequestFilter.doFilter(OncePerRequestFilter.java:116)
	at org.apache.catalina.core.ApplicationFilterChain.internalDoFilter(ApplicationFilterChain.java:174)
	at org.apache.catalina.core.ApplicationFilterChain.doFilter(ApplicationFilterChain.java:149)
	at org.springframework.web.filter.FormContentFilter.doFilterInternal(FormContentFilter.java:93)
	at org.springframework.web.filter.OncePerRequestFilter.doFilter(OncePerRequestFilter.java:116)
	at org.apache.catalina.core.ApplicationFilterChain.internalDoFilter(ApplicationFilterChain.java:174)
	at org.apache.catalina.core.ApplicationFilterChain.doFilter(ApplicationFilterChain.java:149)
	at org.springframework.web.filter.ServerHttpObservationFilter.doFilterInternal(ServerHttpObservationFilter.java:109)
	at org.springframework.web.filter.OncePerRequestFilter.doFilter(OncePerRequestFilter.java:116)
	at org.apache.catalina.core.ApplicationFilterChain.internalDoFilter(ApplicationFilterChain.java:174)
	at org.apache.catalina.core.ApplicationFilterChain.doFilter(ApplicationFilterChain.java:149)
	at org.springframework.web.filter.CharacterEncodingFilter.doFilterInternal(CharacterEncodingFilter.java:201)
	at org.springframework.web.filter.OncePerRequestFilter.doFilter(OncePerRequestFilter.java:116)
	at org.apache.catalina.core.ApplicationFilterChain.internalDoFilter(ApplicationFilterChain.java:174)
	at org.apache.catalina.core.ApplicationFilterChain.doFilter(ApplicationFilterChain.java:149)
	at org.apache.catalina.core.StandardWrapperValve.invoke(StandardWrapperValve.java:167)
	at org.apache.catalina.core.StandardContextValve.invoke(StandardContextValve.java:90)
	at org.apache.catalina.authenticator.AuthenticatorBase.invoke(AuthenticatorBase.java:482)
	at org.apache.catalina.core.StandardHostValve.invoke(StandardHostValve.java:115)
	at org.apache.catalina.valves.ErrorReportValve.invoke(ErrorReportValve.java:93)
	at org.apache.catalina.core.StandardEngineValve.invoke(StandardEngineValve.java:74)
	at org.apache.catalina.connector.CoyoteAdapter.service(CoyoteAdapter.java:344)
	at org.apache.coyote.http11.Http11Processor.service(Http11Processor.java:391)
	at org.apache.coyote.AbstractProcessorLight.process(AbstractProcessorLight.java:63)
	at org.apache.coyote.AbstractProtocol$ConnectionHandler.process(AbstractProtocol.java:896)
	at org.apache.tomcat.util.net.NioEndpoint$SocketProcessor.doRun(NioEndpoint.java:1744)
	at org.apache.tomcat.util.net.SocketProcessorBase.run(SocketProcessorBase.java:52)
	at org.apache.tomcat.util.threads.ThreadPoolExecutor.runWorker(ThreadPoolExecutor.java:1191)
	at org.apache.tomcat.util.threads.ThreadPoolExecutor$Worker.run(ThreadPoolExecutor.java:659)
	at org.apache.tomcat.util.threads.TaskThread$WrappingRunnable.run(TaskThread.java:63)
	at java.base/java.lang.Thread.run(Thread.java:840)
2025-07-11 12:18:10 [http-nio-8082-exec-3] ERROR c.m.u.core.logging.LoggingService - VerifyCodeUseCase: Error al verificar código - Email: sebasagudelo1012@gmail.com, Código: 353652
com.microserviceone.users.verificationCodeApi.application.exception.CodeNotFoundException: El código ingresado no es correcto
	at com.microserviceone.users.verificationCodeApi.application.usecase.VerifyExistCodeUseCase.validateExistCode(VerifyExistCodeUseCase.java:27)
	at java.base/jdk.internal.reflect.NativeMethodAccessorImpl.invoke0(Native Method)
	at java.base/jdk.internal.reflect.NativeMethodAccessorImpl.invoke(NativeMethodAccessorImpl.java:77)
	at java.base/jdk.internal.reflect.DelegatingMethodAccessorImpl.invoke(DelegatingMethodAccessorImpl.java:43)
	at java.base/java.lang.reflect.Method.invoke(Method.java:569)
	at org.springframework.aop.support.AopUtils.invokeJoinpointUsingReflection(AopUtils.java:351)
	at org.springframework.aop.framework.ReflectiveMethodInvocation.invokeJoinpoint(ReflectiveMethodInvocation.java:196)
	at org.springframework.aop.framework.ReflectiveMethodInvocation.proceed(ReflectiveMethodInvocation.java:163)
	at org.springframework.aop.framework.CglibAopProxy$CglibMethodInvocation.proceed(CglibAopProxy.java:765)
	at org.springframework.transaction.interceptor.TransactionInterceptor$1.proceedWithInvocation(TransactionInterceptor.java:123)
	at org.springframework.transaction.interceptor.TransactionAspectSupport.invokeWithinTransaction(TransactionAspectSupport.java:385)
	at org.springframework.transaction.interceptor.TransactionInterceptor.invoke(TransactionInterceptor.java:119)
	at org.springframework.aop.framework.ReflectiveMethodInvocation.proceed(ReflectiveMethodInvocation.java:184)
	at org.springframework.aop.framework.CglibAopProxy$CglibMethodInvocation.proceed(CglibAopProxy.java:765)
	at org.springframework.aop.framework.CglibAopProxy$DynamicAdvisedInterceptor.intercept(CglibAopProxy.java:717)
	at com.microserviceone.users.verificationCodeApi.application.usecase.VerifyExistCodeUseCase$$SpringCGLIB$$0.validateExistCode(<generated>)
	at com.microserviceone.users.verificationCodeApi.application.usecase.VerifyCodeUseCase.verifyCode(VerifyCodeUseCase.java:30)
	at java.base/jdk.internal.reflect.NativeMethodAccessorImpl.invoke0(Native Method)
	at java.base/jdk.internal.reflect.NativeMethodAccessorImpl.invoke(NativeMethodAccessorImpl.java:77)
	at java.base/jdk.internal.reflect.DelegatingMethodAccessorImpl.invoke(DelegatingMethodAccessorImpl.java:43)
	at java.base/java.lang.reflect.Method.invoke(Method.java:569)
	at org.springframework.aop.support.AopUtils.invokeJoinpointUsingReflection(AopUtils.java:351)
	at org.springframework.aop.framework.ReflectiveMethodInvocation.invokeJoinpoint(ReflectiveMethodInvocation.java:196)
	at org.springframework.aop.framework.ReflectiveMethodInvocation.proceed(ReflectiveMethodInvocation.java:163)
	at org.springframework.aop.framework.CglibAopProxy$CglibMethodInvocation.proceed(CglibAopProxy.java:765)
	at org.springframework.transaction.interceptor.TransactionInterceptor$1.proceedWithInvocation(TransactionInterceptor.java:123)
	at org.springframework.transaction.interceptor.TransactionAspectSupport.invokeWithinTransaction(TransactionAspectSupport.java:385)
	at org.springframework.transaction.interceptor.TransactionInterceptor.invoke(TransactionInterceptor.java:119)
	at org.springframework.aop.framework.ReflectiveMethodInvocation.proceed(ReflectiveMethodInvocation.java:184)
	at org.springframework.aop.framework.CglibAopProxy$CglibMethodInvocation.proceed(CglibAopProxy.java:765)
	at org.springframework.aop.framework.CglibAopProxy$DynamicAdvisedInterceptor.intercept(CglibAopProxy.java:717)
	at com.microserviceone.users.verificationCodeApi.application.usecase.VerifyCodeUseCase$$SpringCGLIB$$0.verifyCode(<generated>)
	at com.microserviceone.users.verificationCodeApi.application.service.VerificationService.verifyCode(VerificationService.java:22)
	at com.microserviceone.users.verificationCodeApi.web.controller.VerificationCodeController.verifyCode(VerificationCodeController.java:47)
	at java.base/jdk.internal.reflect.NativeMethodAccessorImpl.invoke0(Native Method)
	at java.base/jdk.internal.reflect.NativeMethodAccessorImpl.invoke(NativeMethodAccessorImpl.java:77)
	at java.base/jdk.internal.reflect.DelegatingMethodAccessorImpl.invoke(DelegatingMethodAccessorImpl.java:43)
	at java.base/java.lang.reflect.Method.invoke(Method.java:569)
	at org.springframework.web.method.support.InvocableHandlerMethod.doInvoke(InvocableHandlerMethod.java:259)
	at org.springframework.web.method.support.InvocableHandlerMethod.invokeForRequest(InvocableHandlerMethod.java:192)
	at org.springframework.web.servlet.mvc.method.annotation.ServletInvocableHandlerMethod.invokeAndHandle(ServletInvocableHandlerMethod.java:118)
	at org.springframework.web.servlet.mvc.method.annotation.RequestMappingHandlerAdapter.invokeHandlerMethod(RequestMappingHandlerAdapter.java:920)
	at org.springframework.web.servlet.mvc.method.annotation.RequestMappingHandlerAdapter.handleInternal(RequestMappingHandlerAdapter.java:830)
	at org.springframework.web.servlet.mvc.method.AbstractHandlerMethodAdapter.handle(AbstractHandlerMethodAdapter.java:87)
	at org.springframework.web.servlet.DispatcherServlet.doDispatch(DispatcherServlet.java:1089)
	at org.springframework.web.servlet.DispatcherServlet.doService(DispatcherServlet.java:979)
	at org.springframework.web.servlet.FrameworkServlet.processRequest(FrameworkServlet.java:1014)
	at org.springframework.web.servlet.FrameworkServlet.doPost(FrameworkServlet.java:914)
	at jakarta.servlet.http.HttpServlet.service(HttpServlet.java:590)
	at org.springframework.web.servlet.FrameworkServlet.service(FrameworkServlet.java:885)
	at jakarta.servlet.http.HttpServlet.service(HttpServlet.java:658)
	at org.apache.catalina.core.ApplicationFilterChain.internalDoFilter(ApplicationFilterChain.java:205)
	at org.apache.catalina.core.ApplicationFilterChain.doFilter(ApplicationFilterChain.java:149)
	at org.apache.tomcat.websocket.server.WsFilter.doFilter(WsFilter.java:51)
	at org.apache.catalina.core.ApplicationFilterChain.internalDoFilter(ApplicationFilterChain.java:174)
	at org.apache.catalina.core.ApplicationFilterChain.doFilter(ApplicationFilterChain.java:149)
	at org.springframework.web.filter.OncePerRequestFilter.doFilter(OncePerRequestFilter.java:110)
	at org.apache.catalina.core.ApplicationFilterChain.internalDoFilter(ApplicationFilterChain.java:174)
	at org.apache.catalina.core.ApplicationFilterChain.doFilter(ApplicationFilterChain.java:149)
	at org.springframework.web.filter.CompositeFilter$VirtualFilterChain.doFilter(CompositeFilter.java:108)
	at org.springframework.security.web.FilterChainProxy.lambda$doFilterInternal$3(FilterChainProxy.java:231)
	at org.springframework.security.web.ObservationFilterChainDecorator$FilterObservation$SimpleFilterObservation.lambda$wrap$1(ObservationFilterChainDecorator.java:479)
	at org.springframework.security.web.ObservationFilterChainDecorator$AroundFilterObservation$SimpleAroundFilterObservation.lambda$wrap$1(ObservationFilterChainDecorator.java:340)
	at org.springframework.security.web.ObservationFilterChainDecorator.lambda$wrapSecured$0(ObservationFilterChainDecorator.java:82)
	at org.springframework.security.web.ObservationFilterChainDecorator$VirtualFilterChain.doFilter(ObservationFilterChainDecorator.java:128)
	at org.springframework.security.web.access.intercept.AuthorizationFilter.doFilter(AuthorizationFilter.java:100)
	at org.springframework.security.web.ObservationFilterChainDecorator$ObservationFilter.wrapFilter(ObservationFilterChainDecorator.java:240)
	at org.springframework.security.web.ObservationFilterChainDecorator$ObservationFilter.doFilter(ObservationFilterChainDecorator.java:227)
	at org.springframework.security.web.ObservationFilterChainDecorator$VirtualFilterChain.doFilter(ObservationFilterChainDecorator.java:137)
	at org.springframework.security.web.access.ExceptionTranslationFilter.doFilter(ExceptionTranslationFilter.java:126)
	at org.springframework.security.web.access.ExceptionTranslationFilter.doFilter(ExceptionTranslationFilter.java:120)
	at org.springframework.security.web.ObservationFilterChainDecorator$ObservationFilter.wrapFilter(ObservationFilterChainDecorator.java:240)
	at org.springframework.security.web.ObservationFilterChainDecorator$ObservationFilter.doFilter(ObservationFilterChainDecorator.java:227)
	at org.springframework.security.web.ObservationFilterChainDecorator$VirtualFilterChain.doFilter(ObservationFilterChainDecorator.java:137)
	at org.springframework.security.web.authentication.AnonymousAuthenticationFilter.doFilter(AnonymousAuthenticationFilter.java:100)
	at org.springframework.security.web.ObservationFilterChainDecorator$ObservationFilter.wrapFilter(ObservationFilterChainDecorator.java:240)
	at org.springframework.security.web.ObservationFilterChainDecorator$ObservationFilter.doFilter(ObservationFilterChainDecorator.java:227)
	at org.springframework.security.web.ObservationFilterChainDecorator$VirtualFilterChain.doFilter(ObservationFilterChainDecorator.java:137)
	at org.springframework.security.web.servletapi.SecurityContextHolderAwareRequestFilter.doFilter(SecurityContextHolderAwareRequestFilter.java:179)
	at org.springframework.security.web.ObservationFilterChainDecorator$ObservationFilter.wrapFilter(ObservationFilterChainDecorator.java:240)
	at org.springframework.security.web.ObservationFilterChainDecorator$ObservationFilter.doFilter(ObservationFilterChainDecorator.java:227)
	at org.springframework.security.web.ObservationFilterChainDecorator$VirtualFilterChain.doFilter(ObservationFilterChainDecorator.java:137)
	at org.springframework.security.web.savedrequest.RequestCacheAwareFilter.doFilter(RequestCacheAwareFilter.java:63)
	at org.springframework.security.web.ObservationFilterChainDecorator$ObservationFilter.wrapFilter(ObservationFilterChainDecorator.java:240)
	at org.springframework.security.web.ObservationFilterChainDecorator$ObservationFilter.doFilter(ObservationFilterChainDecorator.java:227)
	at org.springframework.security.web.ObservationFilterChainDecorator$VirtualFilterChain.doFilter(ObservationFilterChainDecorator.java:137)
	at com.microserviceone.users.core.config.internalSecurity.InternalJwtFilter.doFilterInternal(InternalJwtFilter.java:51)
	at org.springframework.web.filter.OncePerRequestFilter.doFilter(OncePerRequestFilter.java:116)
	at org.springframework.security.web.ObservationFilterChainDecorator$ObservationFilter.wrapFilter(ObservationFilterChainDecorator.java:240)
	at org.springframework.security.web.ObservationFilterChainDecorator$ObservationFilter.doFilter(ObservationFilterChainDecorator.java:227)
	at org.springframework.security.web.ObservationFilterChainDecorator$VirtualFilterChain.doFilter(ObservationFilterChainDecorator.java:137)
	at org.springframework.security.web.authentication.logout.LogoutFilter.doFilter(LogoutFilter.java:107)
	at org.springframework.security.web.authentication.logout.LogoutFilter.doFilter(LogoutFilter.java:93)
	at org.springframework.security.web.ObservationFilterChainDecorator$ObservationFilter.wrapFilter(ObservationFilterChainDecorator.java:240)
	at org.springframework.security.web.ObservationFilterChainDecorator$ObservationFilter.doFilter(ObservationFilterChainDecorator.java:227)
	at org.springframework.security.web.ObservationFilterChainDecorator$VirtualFilterChain.doFilter(ObservationFilterChainDecorator.java:137)
	at org.springframework.web.filter.CorsFilter.doFilterInternal(CorsFilter.java:91)
	at org.springframework.web.filter.OncePerRequestFilter.doFilter(OncePerRequestFilter.java:116)
	at org.springframework.security.web.ObservationFilterChainDecorator$ObservationFilter.wrapFilter(ObservationFilterChainDecorator.java:240)
	at org.springframework.security.web.ObservationFilterChainDecorator$ObservationFilter.doFilter(ObservationFilterChainDecorator.java:227)
	at org.springframework.security.web.ObservationFilterChainDecorator$VirtualFilterChain.doFilter(ObservationFilterChainDecorator.java:137)
	at org.springframework.security.web.header.HeaderWriterFilter.doHeadersAfter(HeaderWriterFilter.java:90)
	at org.springframework.security.web.header.HeaderWriterFilter.doFilterInternal(HeaderWriterFilter.java:75)
	at org.springframework.web.filter.OncePerRequestFilter.doFilter(OncePerRequestFilter.java:116)
	at org.springframework.security.web.ObservationFilterChainDecorator$ObservationFilter.wrapFilter(ObservationFilterChainDecorator.java:240)
	at org.springframework.security.web.ObservationFilterChainDecorator$ObservationFilter.doFilter(ObservationFilterChainDecorator.java:227)
	at org.springframework.security.web.ObservationFilterChainDecorator$VirtualFilterChain.doFilter(ObservationFilterChainDecorator.java:137)
	at org.springframework.security.web.context.SecurityContextHolderFilter.doFilter(SecurityContextHolderFilter.java:82)
	at org.springframework.security.web.context.SecurityContextHolderFilter.doFilter(SecurityContextHolderFilter.java:69)
	at org.springframework.security.web.ObservationFilterChainDecorator$ObservationFilter.wrapFilter(ObservationFilterChainDecorator.java:240)
	at org.springframework.security.web.ObservationFilterChainDecorator$ObservationFilter.doFilter(ObservationFilterChainDecorator.java:227)
	at org.springframework.security.web.ObservationFilterChainDecorator$VirtualFilterChain.doFilter(ObservationFilterChainDecorator.java:137)
	at org.springframework.security.web.context.request.async.WebAsyncManagerIntegrationFilter.doFilterInternal(WebAsyncManagerIntegrationFilter.java:62)
	at org.springframework.web.filter.OncePerRequestFilter.doFilter(OncePerRequestFilter.java:116)
	at org.springframework.security.web.ObservationFilterChainDecorator$ObservationFilter.wrapFilter(ObservationFilterChainDecorator.java:240)
	at org.springframework.security.web.ObservationFilterChainDecorator$ObservationFilter.doFilter(ObservationFilterChainDecorator.java:227)
	at org.springframework.security.web.ObservationFilterChainDecorator$VirtualFilterChain.doFilter(ObservationFilterChainDecorator.java:137)
	at org.springframework.security.web.session.DisableEncodeUrlFilter.doFilterInternal(DisableEncodeUrlFilter.java:42)
	at org.springframework.web.filter.OncePerRequestFilter.doFilter(OncePerRequestFilter.java:116)
	at org.springframework.security.web.ObservationFilterChainDecorator$ObservationFilter.wrapFilter(ObservationFilterChainDecorator.java:240)
	at org.springframework.security.web.ObservationFilterChainDecorator$AroundFilterObservation$SimpleAroundFilterObservation.lambda$wrap$0(ObservationFilterChainDecorator.java:323)
	at org.springframework.security.web.ObservationFilterChainDecorator$ObservationFilter.doFilter(ObservationFilterChainDecorator.java:224)
	at org.springframework.security.web.ObservationFilterChainDecorator$VirtualFilterChain.doFilter(ObservationFilterChainDecorator.java:137)
	at org.springframework.security.web.FilterChainProxy.doFilterInternal(FilterChainProxy.java:233)
	at org.springframework.security.web.FilterChainProxy.doFilter(FilterChainProxy.java:191)
	at org.springframework.web.filter.CompositeFilter$VirtualFilterChain.doFilter(CompositeFilter.java:113)
	at org.springframework.web.servlet.handler.HandlerMappingIntrospector.lambda$createCacheFilter$3(HandlerMappingIntrospector.java:195)
	at org.springframework.web.filter.CompositeFilter$VirtualFilterChain.doFilter(CompositeFilter.java:113)
	at org.springframework.web.filter.CompositeFilter.doFilter(CompositeFilter.java:74)
	at org.springframework.security.config.annotation.web.configuration.WebMvcSecurityConfiguration$CompositeFilterChainProxy.doFilter(WebMvcSecurityConfiguration.java:230)
	at org.springframework.web.filter.DelegatingFilterProxy.invokeDelegate(DelegatingFilterProxy.java:352)
	at org.springframework.web.filter.DelegatingFilterProxy.doFilter(DelegatingFilterProxy.java:268)
	at org.apache.catalina.core.ApplicationFilterChain.internalDoFilter(ApplicationFilterChain.java:174)
	at org.apache.catalina.core.ApplicationFilterChain.doFilter(ApplicationFilterChain.java:149)
	at org.springframework.web.filter.RequestContextFilter.doFilterInternal(RequestContextFilter.java:100)
	at org.springframework.web.filter.OncePerRequestFilter.doFilter(OncePerRequestFilter.java:116)
	at org.apache.catalina.core.ApplicationFilterChain.internalDoFilter(ApplicationFilterChain.java:174)
	at org.apache.catalina.core.ApplicationFilterChain.doFilter(ApplicationFilterChain.java:149)
	at org.springframework.web.filter.FormContentFilter.doFilterInternal(FormContentFilter.java:93)
	at org.springframework.web.filter.OncePerRequestFilter.doFilter(OncePerRequestFilter.java:116)
	at org.apache.catalina.core.ApplicationFilterChain.internalDoFilter(ApplicationFilterChain.java:174)
	at org.apache.catalina.core.ApplicationFilterChain.doFilter(ApplicationFilterChain.java:149)
	at org.springframework.web.filter.ServerHttpObservationFilter.doFilterInternal(ServerHttpObservationFilter.java:109)
	at org.springframework.web.filter.OncePerRequestFilter.doFilter(OncePerRequestFilter.java:116)
	at org.apache.catalina.core.ApplicationFilterChain.internalDoFilter(ApplicationFilterChain.java:174)
	at org.apache.catalina.core.ApplicationFilterChain.doFilter(ApplicationFilterChain.java:149)
	at org.springframework.web.filter.CharacterEncodingFilter.doFilterInternal(CharacterEncodingFilter.java:201)
	at org.springframework.web.filter.OncePerRequestFilter.doFilter(OncePerRequestFilter.java:116)
	at org.apache.catalina.core.ApplicationFilterChain.internalDoFilter(ApplicationFilterChain.java:174)
	at org.apache.catalina.core.ApplicationFilterChain.doFilter(ApplicationFilterChain.java:149)
	at org.apache.catalina.core.StandardWrapperValve.invoke(StandardWrapperValve.java:167)
	at org.apache.catalina.core.StandardContextValve.invoke(StandardContextValve.java:90)
	at org.apache.catalina.authenticator.AuthenticatorBase.invoke(AuthenticatorBase.java:482)
	at org.apache.catalina.core.StandardHostValve.invoke(StandardHostValve.java:115)
	at org.apache.catalina.valves.ErrorReportValve.invoke(ErrorReportValve.java:93)
	at org.apache.catalina.core.StandardEngineValve.invoke(StandardEngineValve.java:74)
	at org.apache.catalina.connector.CoyoteAdapter.service(CoyoteAdapter.java:344)
	at org.apache.coyote.http11.Http11Processor.service(Http11Processor.java:391)
	at org.apache.coyote.AbstractProcessorLight.process(AbstractProcessorLight.java:63)
	at org.apache.coyote.AbstractProtocol$ConnectionHandler.process(AbstractProtocol.java:896)
	at org.apache.tomcat.util.net.NioEndpoint$SocketProcessor.doRun(NioEndpoint.java:1744)
	at org.apache.tomcat.util.net.SocketProcessorBase.run(SocketProcessorBase.java:52)
	at org.apache.tomcat.util.threads.ThreadPoolExecutor.runWorker(ThreadPoolExecutor.java:1191)
	at org.apache.tomcat.util.threads.ThreadPoolExecutor$Worker.run(ThreadPoolExecutor.java:659)
	at org.apache.tomcat.util.threads.TaskThread$WrappingRunnable.run(TaskThread.java:63)
	at java.base/java.lang.Thread.run(Thread.java:840)
2025-07-11 12:18:10 [http-nio-8082-exec-3] ERROR c.m.u.core.logging.LoggingService - VerificationService: Error al verificar código - Email: sebasagudelo1012@gmail.com
com.microserviceone.users.verificationCodeApi.application.exception.CodeNotFoundException: El código ingresado no es correcto
	at com.microserviceone.users.verificationCodeApi.application.usecase.VerifyExistCodeUseCase.validateExistCode(VerifyExistCodeUseCase.java:27)
	at java.base/jdk.internal.reflect.NativeMethodAccessorImpl.invoke0(Native Method)
	at java.base/jdk.internal.reflect.NativeMethodAccessorImpl.invoke(NativeMethodAccessorImpl.java:77)
	at java.base/jdk.internal.reflect.DelegatingMethodAccessorImpl.invoke(DelegatingMethodAccessorImpl.java:43)
	at java.base/java.lang.reflect.Method.invoke(Method.java:569)
	at org.springframework.aop.support.AopUtils.invokeJoinpointUsingReflection(AopUtils.java:351)
	at org.springframework.aop.framework.ReflectiveMethodInvocation.invokeJoinpoint(ReflectiveMethodInvocation.java:196)
	at org.springframework.aop.framework.ReflectiveMethodInvocation.proceed(ReflectiveMethodInvocation.java:163)
	at org.springframework.aop.framework.CglibAopProxy$CglibMethodInvocation.proceed(CglibAopProxy.java:765)
	at org.springframework.transaction.interceptor.TransactionInterceptor$1.proceedWithInvocation(TransactionInterceptor.java:123)
	at org.springframework.transaction.interceptor.TransactionAspectSupport.invokeWithinTransaction(TransactionAspectSupport.java:385)
	at org.springframework.transaction.interceptor.TransactionInterceptor.invoke(TransactionInterceptor.java:119)
	at org.springframework.aop.framework.ReflectiveMethodInvocation.proceed(ReflectiveMethodInvocation.java:184)
	at org.springframework.aop.framework.CglibAopProxy$CglibMethodInvocation.proceed(CglibAopProxy.java:765)
	at org.springframework.aop.framework.CglibAopProxy$DynamicAdvisedInterceptor.intercept(CglibAopProxy.java:717)
	at com.microserviceone.users.verificationCodeApi.application.usecase.VerifyExistCodeUseCase$$SpringCGLIB$$0.validateExistCode(<generated>)
	at com.microserviceone.users.verificationCodeApi.application.usecase.VerifyCodeUseCase.verifyCode(VerifyCodeUseCase.java:30)
	at java.base/jdk.internal.reflect.NativeMethodAccessorImpl.invoke0(Native Method)
	at java.base/jdk.internal.reflect.NativeMethodAccessorImpl.invoke(NativeMethodAccessorImpl.java:77)
	at java.base/jdk.internal.reflect.DelegatingMethodAccessorImpl.invoke(DelegatingMethodAccessorImpl.java:43)
	at java.base/java.lang.reflect.Method.invoke(Method.java:569)
	at org.springframework.aop.support.AopUtils.invokeJoinpointUsingReflection(AopUtils.java:351)
	at org.springframework.aop.framework.ReflectiveMethodInvocation.invokeJoinpoint(ReflectiveMethodInvocation.java:196)
	at org.springframework.aop.framework.ReflectiveMethodInvocation.proceed(ReflectiveMethodInvocation.java:163)
	at org.springframework.aop.framework.CglibAopProxy$CglibMethodInvocation.proceed(CglibAopProxy.java:765)
	at org.springframework.transaction.interceptor.TransactionInterceptor$1.proceedWithInvocation(TransactionInterceptor.java:123)
	at org.springframework.transaction.interceptor.TransactionAspectSupport.invokeWithinTransaction(TransactionAspectSupport.java:385)
	at org.springframework.transaction.interceptor.TransactionInterceptor.invoke(TransactionInterceptor.java:119)
	at org.springframework.aop.framework.ReflectiveMethodInvocation.proceed(ReflectiveMethodInvocation.java:184)
	at org.springframework.aop.framework.CglibAopProxy$CglibMethodInvocation.proceed(CglibAopProxy.java:765)
	at org.springframework.aop.framework.CglibAopProxy$DynamicAdvisedInterceptor.intercept(CglibAopProxy.java:717)
	at com.microserviceone.users.verificationCodeApi.application.usecase.VerifyCodeUseCase$$SpringCGLIB$$0.verifyCode(<generated>)
	at com.microserviceone.users.verificationCodeApi.application.service.VerificationService.verifyCode(VerificationService.java:22)
	at com.microserviceone.users.verificationCodeApi.web.controller.VerificationCodeController.verifyCode(VerificationCodeController.java:47)
	at java.base/jdk.internal.reflect.NativeMethodAccessorImpl.invoke0(Native Method)
	at java.base/jdk.internal.reflect.NativeMethodAccessorImpl.invoke(NativeMethodAccessorImpl.java:77)
	at java.base/jdk.internal.reflect.DelegatingMethodAccessorImpl.invoke(DelegatingMethodAccessorImpl.java:43)
	at java.base/java.lang.reflect.Method.invoke(Method.java:569)
	at org.springframework.web.method.support.InvocableHandlerMethod.doInvoke(InvocableHandlerMethod.java:259)
	at org.springframework.web.method.support.InvocableHandlerMethod.invokeForRequest(InvocableHandlerMethod.java:192)
	at org.springframework.web.servlet.mvc.method.annotation.ServletInvocableHandlerMethod.invokeAndHandle(ServletInvocableHandlerMethod.java:118)
	at org.springframework.web.servlet.mvc.method.annotation.RequestMappingHandlerAdapter.invokeHandlerMethod(RequestMappingHandlerAdapter.java:920)
	at org.springframework.web.servlet.mvc.method.annotation.RequestMappingHandlerAdapter.handleInternal(RequestMappingHandlerAdapter.java:830)
	at org.springframework.web.servlet.mvc.method.AbstractHandlerMethodAdapter.handle(AbstractHandlerMethodAdapter.java:87)
	at org.springframework.web.servlet.DispatcherServlet.doDispatch(DispatcherServlet.java:1089)
	at org.springframework.web.servlet.DispatcherServlet.doService(DispatcherServlet.java:979)
	at org.springframework.web.servlet.FrameworkServlet.processRequest(FrameworkServlet.java:1014)
	at org.springframework.web.servlet.FrameworkServlet.doPost(FrameworkServlet.java:914)
	at jakarta.servlet.http.HttpServlet.service(HttpServlet.java:590)
	at org.springframework.web.servlet.FrameworkServlet.service(FrameworkServlet.java:885)
	at jakarta.servlet.http.HttpServlet.service(HttpServlet.java:658)
	at org.apache.catalina.core.ApplicationFilterChain.internalDoFilter(ApplicationFilterChain.java:205)
	at org.apache.catalina.core.ApplicationFilterChain.doFilter(ApplicationFilterChain.java:149)
	at org.apache.tomcat.websocket.server.WsFilter.doFilter(WsFilter.java:51)
	at org.apache.catalina.core.ApplicationFilterChain.internalDoFilter(ApplicationFilterChain.java:174)
	at org.apache.catalina.core.ApplicationFilterChain.doFilter(ApplicationFilterChain.java:149)
	at org.springframework.web.filter.OncePerRequestFilter.doFilter(OncePerRequestFilter.java:110)
	at org.apache.catalina.core.ApplicationFilterChain.internalDoFilter(ApplicationFilterChain.java:174)
	at org.apache.catalina.core.ApplicationFilterChain.doFilter(ApplicationFilterChain.java:149)
	at org.springframework.web.filter.CompositeFilter$VirtualFilterChain.doFilter(CompositeFilter.java:108)
	at org.springframework.security.web.FilterChainProxy.lambda$doFilterInternal$3(FilterChainProxy.java:231)
	at org.springframework.security.web.ObservationFilterChainDecorator$FilterObservation$SimpleFilterObservation.lambda$wrap$1(ObservationFilterChainDecorator.java:479)
	at org.springframework.security.web.ObservationFilterChainDecorator$AroundFilterObservation$SimpleAroundFilterObservation.lambda$wrap$1(ObservationFilterChainDecorator.java:340)
	at org.springframework.security.web.ObservationFilterChainDecorator.lambda$wrapSecured$0(ObservationFilterChainDecorator.java:82)
	at org.springframework.security.web.ObservationFilterChainDecorator$VirtualFilterChain.doFilter(ObservationFilterChainDecorator.java:128)
	at org.springframework.security.web.access.intercept.AuthorizationFilter.doFilter(AuthorizationFilter.java:100)
	at org.springframework.security.web.ObservationFilterChainDecorator$ObservationFilter.wrapFilter(ObservationFilterChainDecorator.java:240)
	at org.springframework.security.web.ObservationFilterChainDecorator$ObservationFilter.doFilter(ObservationFilterChainDecorator.java:227)
	at org.springframework.security.web.ObservationFilterChainDecorator$VirtualFilterChain.doFilter(ObservationFilterChainDecorator.java:137)
	at org.springframework.security.web.access.ExceptionTranslationFilter.doFilter(ExceptionTranslationFilter.java:126)
	at org.springframework.security.web.access.ExceptionTranslationFilter.doFilter(ExceptionTranslationFilter.java:120)
	at org.springframework.security.web.ObservationFilterChainDecorator$ObservationFilter.wrapFilter(ObservationFilterChainDecorator.java:240)
	at org.springframework.security.web.ObservationFilterChainDecorator$ObservationFilter.doFilter(ObservationFilterChainDecorator.java:227)
	at org.springframework.security.web.ObservationFilterChainDecorator$VirtualFilterChain.doFilter(ObservationFilterChainDecorator.java:137)
	at org.springframework.security.web.authentication.AnonymousAuthenticationFilter.doFilter(AnonymousAuthenticationFilter.java:100)
	at org.springframework.security.web.ObservationFilterChainDecorator$ObservationFilter.wrapFilter(ObservationFilterChainDecorator.java:240)
	at org.springframework.security.web.ObservationFilterChainDecorator$ObservationFilter.doFilter(ObservationFilterChainDecorator.java:227)
	at org.springframework.security.web.ObservationFilterChainDecorator$VirtualFilterChain.doFilter(ObservationFilterChainDecorator.java:137)
	at org.springframework.security.web.servletapi.SecurityContextHolderAwareRequestFilter.doFilter(SecurityContextHolderAwareRequestFilter.java:179)
	at org.springframework.security.web.ObservationFilterChainDecorator$ObservationFilter.wrapFilter(ObservationFilterChainDecorator.java:240)
	at org.springframework.security.web.ObservationFilterChainDecorator$ObservationFilter.doFilter(ObservationFilterChainDecorator.java:227)
	at org.springframework.security.web.ObservationFilterChainDecorator$VirtualFilterChain.doFilter(ObservationFilterChainDecorator.java:137)
	at org.springframework.security.web.savedrequest.RequestCacheAwareFilter.doFilter(RequestCacheAwareFilter.java:63)
	at org.springframework.security.web.ObservationFilterChainDecorator$ObservationFilter.wrapFilter(ObservationFilterChainDecorator.java:240)
	at org.springframework.security.web.ObservationFilterChainDecorator$ObservationFilter.doFilter(ObservationFilterChainDecorator.java:227)
	at org.springframework.security.web.ObservationFilterChainDecorator$VirtualFilterChain.doFilter(ObservationFilterChainDecorator.java:137)
	at com.microserviceone.users.core.config.internalSecurity.InternalJwtFilter.doFilterInternal(InternalJwtFilter.java:51)
	at org.springframework.web.filter.OncePerRequestFilter.doFilter(OncePerRequestFilter.java:116)
	at org.springframework.security.web.ObservationFilterChainDecorator$ObservationFilter.wrapFilter(ObservationFilterChainDecorator.java:240)
	at org.springframework.security.web.ObservationFilterChainDecorator$ObservationFilter.doFilter(ObservationFilterChainDecorator.java:227)
	at org.springframework.security.web.ObservationFilterChainDecorator$VirtualFilterChain.doFilter(ObservationFilterChainDecorator.java:137)
	at org.springframework.security.web.authentication.logout.LogoutFilter.doFilter(LogoutFilter.java:107)
	at org.springframework.security.web.authentication.logout.LogoutFilter.doFilter(LogoutFilter.java:93)
	at org.springframework.security.web.ObservationFilterChainDecorator$ObservationFilter.wrapFilter(ObservationFilterChainDecorator.java:240)
	at org.springframework.security.web.ObservationFilterChainDecorator$ObservationFilter.doFilter(ObservationFilterChainDecorator.java:227)
	at org.springframework.security.web.ObservationFilterChainDecorator$VirtualFilterChain.doFilter(ObservationFilterChainDecorator.java:137)
	at org.springframework.web.filter.CorsFilter.doFilterInternal(CorsFilter.java:91)
	at org.springframework.web.filter.OncePerRequestFilter.doFilter(OncePerRequestFilter.java:116)
	at org.springframework.security.web.ObservationFilterChainDecorator$ObservationFilter.wrapFilter(ObservationFilterChainDecorator.java:240)
	at org.springframework.security.web.ObservationFilterChainDecorator$ObservationFilter.doFilter(ObservationFilterChainDecorator.java:227)
	at org.springframework.security.web.ObservationFilterChainDecorator$VirtualFilterChain.doFilter(ObservationFilterChainDecorator.java:137)
	at org.springframework.security.web.header.HeaderWriterFilter.doHeadersAfter(HeaderWriterFilter.java:90)
	at org.springframework.security.web.header.HeaderWriterFilter.doFilterInternal(HeaderWriterFilter.java:75)
	at org.springframework.web.filter.OncePerRequestFilter.doFilter(OncePerRequestFilter.java:116)
	at org.springframework.security.web.ObservationFilterChainDecorator$ObservationFilter.wrapFilter(ObservationFilterChainDecorator.java:240)
	at org.springframework.security.web.ObservationFilterChainDecorator$ObservationFilter.doFilter(ObservationFilterChainDecorator.java:227)
	at org.springframework.security.web.ObservationFilterChainDecorator$VirtualFilterChain.doFilter(ObservationFilterChainDecorator.java:137)
	at org.springframework.security.web.context.SecurityContextHolderFilter.doFilter(SecurityContextHolderFilter.java:82)
	at org.springframework.security.web.context.SecurityContextHolderFilter.doFilter(SecurityContextHolderFilter.java:69)
	at org.springframework.security.web.ObservationFilterChainDecorator$ObservationFilter.wrapFilter(ObservationFilterChainDecorator.java:240)
	at org.springframework.security.web.ObservationFilterChainDecorator$ObservationFilter.doFilter(ObservationFilterChainDecorator.java:227)
	at org.springframework.security.web.ObservationFilterChainDecorator$VirtualFilterChain.doFilter(ObservationFilterChainDecorator.java:137)
	at org.springframework.security.web.context.request.async.WebAsyncManagerIntegrationFilter.doFilterInternal(WebAsyncManagerIntegrationFilter.java:62)
	at org.springframework.web.filter.OncePerRequestFilter.doFilter(OncePerRequestFilter.java:116)
	at org.springframework.security.web.ObservationFilterChainDecorator$ObservationFilter.wrapFilter(ObservationFilterChainDecorator.java:240)
	at org.springframework.security.web.ObservationFilterChainDecorator$ObservationFilter.doFilter(ObservationFilterChainDecorator.java:227)
	at org.springframework.security.web.ObservationFilterChainDecorator$VirtualFilterChain.doFilter(ObservationFilterChainDecorator.java:137)
	at org.springframework.security.web.session.DisableEncodeUrlFilter.doFilterInternal(DisableEncodeUrlFilter.java:42)
	at org.springframework.web.filter.OncePerRequestFilter.doFilter(OncePerRequestFilter.java:116)
	at org.springframework.security.web.ObservationFilterChainDecorator$ObservationFilter.wrapFilter(ObservationFilterChainDecorator.java:240)
	at org.springframework.security.web.ObservationFilterChainDecorator$AroundFilterObservation$SimpleAroundFilterObservation.lambda$wrap$0(ObservationFilterChainDecorator.java:323)
	at org.springframework.security.web.ObservationFilterChainDecorator$ObservationFilter.doFilter(ObservationFilterChainDecorator.java:224)
	at org.springframework.security.web.ObservationFilterChainDecorator$VirtualFilterChain.doFilter(ObservationFilterChainDecorator.java:137)
	at org.springframework.security.web.FilterChainProxy.doFilterInternal(FilterChainProxy.java:233)
	at org.springframework.security.web.FilterChainProxy.doFilter(FilterChainProxy.java:191)
	at org.springframework.web.filter.CompositeFilter$VirtualFilterChain.doFilter(CompositeFilter.java:113)
	at org.springframework.web.servlet.handler.HandlerMappingIntrospector.lambda$createCacheFilter$3(HandlerMappingIntrospector.java:195)
	at org.springframework.web.filter.CompositeFilter$VirtualFilterChain.doFilter(CompositeFilter.java:113)
	at org.springframework.web.filter.CompositeFilter.doFilter(CompositeFilter.java:74)
	at org.springframework.security.config.annotation.web.configuration.WebMvcSecurityConfiguration$CompositeFilterChainProxy.doFilter(WebMvcSecurityConfiguration.java:230)
	at org.springframework.web.filter.DelegatingFilterProxy.invokeDelegate(DelegatingFilterProxy.java:352)
	at org.springframework.web.filter.DelegatingFilterProxy.doFilter(DelegatingFilterProxy.java:268)
	at org.apache.catalina.core.ApplicationFilterChain.internalDoFilter(ApplicationFilterChain.java:174)
	at org.apache.catalina.core.ApplicationFilterChain.doFilter(ApplicationFilterChain.java:149)
	at org.springframework.web.filter.RequestContextFilter.doFilterInternal(RequestContextFilter.java:100)
	at org.springframework.web.filter.OncePerRequestFilter.doFilter(OncePerRequestFilter.java:116)
	at org.apache.catalina.core.ApplicationFilterChain.internalDoFilter(ApplicationFilterChain.java:174)
	at org.apache.catalina.core.ApplicationFilterChain.doFilter(ApplicationFilterChain.java:149)
	at org.springframework.web.filter.FormContentFilter.doFilterInternal(FormContentFilter.java:93)
	at org.springframework.web.filter.OncePerRequestFilter.doFilter(OncePerRequestFilter.java:116)
	at org.apache.catalina.core.ApplicationFilterChain.internalDoFilter(ApplicationFilterChain.java:174)
	at org.apache.catalina.core.ApplicationFilterChain.doFilter(ApplicationFilterChain.java:149)
	at org.springframework.web.filter.ServerHttpObservationFilter.doFilterInternal(ServerHttpObservationFilter.java:109)
	at org.springframework.web.filter.OncePerRequestFilter.doFilter(OncePerRequestFilter.java:116)
	at org.apache.catalina.core.ApplicationFilterChain.internalDoFilter(ApplicationFilterChain.java:174)
	at org.apache.catalina.core.ApplicationFilterChain.doFilter(ApplicationFilterChain.java:149)
	at org.springframework.web.filter.CharacterEncodingFilter.doFilterInternal(CharacterEncodingFilter.java:201)
	at org.springframework.web.filter.OncePerRequestFilter.doFilter(OncePerRequestFilter.java:116)
	at org.apache.catalina.core.ApplicationFilterChain.internalDoFilter(ApplicationFilterChain.java:174)
	at org.apache.catalina.core.ApplicationFilterChain.doFilter(ApplicationFilterChain.java:149)
	at org.apache.catalina.core.StandardWrapperValve.invoke(StandardWrapperValve.java:167)
	at org.apache.catalina.core.StandardContextValve.invoke(StandardContextValve.java:90)
	at org.apache.catalina.authenticator.AuthenticatorBase.invoke(AuthenticatorBase.java:482)
	at org.apache.catalina.core.StandardHostValve.invoke(StandardHostValve.java:115)
	at org.apache.catalina.valves.ErrorReportValve.invoke(ErrorReportValve.java:93)
	at org.apache.catalina.core.StandardEngineValve.invoke(StandardEngineValve.java:74)
	at org.apache.catalina.connector.CoyoteAdapter.service(CoyoteAdapter.java:344)
	at org.apache.coyote.http11.Http11Processor.service(Http11Processor.java:391)
	at org.apache.coyote.AbstractProcessorLight.process(AbstractProcessorLight.java:63)
	at org.apache.coyote.AbstractProtocol$ConnectionHandler.process(AbstractProtocol.java:896)
	at org.apache.tomcat.util.net.NioEndpoint$SocketProcessor.doRun(NioEndpoint.java:1744)
	at org.apache.tomcat.util.net.SocketProcessorBase.run(SocketProcessorBase.java:52)
	at org.apache.tomcat.util.threads.ThreadPoolExecutor.runWorker(ThreadPoolExecutor.java:1191)
	at org.apache.tomcat.util.threads.ThreadPoolExecutor$Worker.run(ThreadPoolExecutor.java:659)
	at org.apache.tomcat.util.threads.TaskThread$WrappingRunnable.run(TaskThread.java:63)
	at java.base/java.lang.Thread.run(Thread.java:840)
2025-07-11 12:18:10 [http-nio-8082-exec-3] DEBUG o.s.w.s.m.m.a.ExceptionHandlerExceptionResolver - Using @ExceptionHandler com.microserviceone.users.core.exception.GlobalExceptionHandler#handleCodeNotFoundException(CodeNotFoundException)
2025-07-11 12:18:10 [http-nio-8082-exec-3] DEBUG o.s.w.s.m.m.a.HttpEntityMethodProcessor - Using 'application/json', given [*/*] and supported [application/json, application/*+json]
2025-07-11 12:18:10 [http-nio-8082-exec-3] DEBUG o.s.w.s.m.m.a.HttpEntityMethodProcessor - Writing [{error=Código no encontrado, message=El código ingresado no es correcto, timestamp=2025-07-11T12:18: (truncated)...]
2025-07-11 12:18:10 [http-nio-8082-exec-3] WARN  o.s.w.s.m.m.a.ExceptionHandlerExceptionResolver - Resolved [com.microserviceone.users.verificationCodeApi.application.exception.CodeNotFoundException: El código ingresado no es correcto]
2025-07-11 12:18:10 [http-nio-8082-exec-3] DEBUG o.s.web.servlet.DispatcherServlet - Completed 404 NOT_FOUND
2025-07-11 12:18:11 [AsyncReporter{org.springframework.boot.actuate.autoconfigure.tracing.zipkin.ZipkinWebClientSender@2f63ca4a}] DEBUG o.s.w.r.f.client.ExchangeFunctions - [25397939] HTTP POST http://localhost:9411/api/v2/spans%20
2025-07-11 12:18:30 [SpringApplicationShutdownHook] INFO  c.netflix.discovery.DiscoveryClient - Saw local status change event StatusChangeEvent [timestamp=1752254310956, current=DOWN, previous=UP]
2025-07-11 12:18:30 [DiscoveryClient-InstanceInfoReplicator-0] INFO  c.netflix.discovery.DiscoveryClient - DiscoveryClient_USERS-SERVICE/192.168.41.141:users-service:8082: registering service...
2025-07-11 12:18:30 [DiscoveryClient-InstanceInfoReplicator-0] DEBUG o.s.web.client.RestTemplate - HTTP POST http://localhost:8081/eureka/apps/USERS-SERVICE
2025-07-11 12:18:30 [DiscoveryClient-InstanceInfoReplicator-0] DEBUG o.s.web.client.RestTemplate - Accept=[application/json, application/*+json]
2025-07-11 12:18:30 [DiscoveryClient-InstanceInfoReplicator-0] DEBUG o.s.web.client.RestTemplate - Writing [InstanceInfo [instanceId = 192.168.41.141:users-service:8082, appName = USERS-SERVICE, hostName = 192.168.41.141, status = DOWN, ipAddr = 192.168.41.141, port = 8082, securePort = 443, dataCenterInfo = com.netflix.appinfo.MyDataCenterInfo@4832c15b] as "application/json"
2025-07-11 12:18:30 [DiscoveryClient-InstanceInfoReplicator-0] DEBUG o.s.web.client.RestTemplate - Response 204 NO_CONTENT
2025-07-11 12:18:30 [DiscoveryClient-InstanceInfoReplicator-0] INFO  c.netflix.discovery.DiscoveryClient - DiscoveryClient_USERS-SERVICE/192.168.41.141:users-service:8082 - registration status: 204
2025-07-11 12:18:31 [AsyncReporter{org.springframework.boot.actuate.autoconfigure.tracing.zipkin.ZipkinWebClientSender@2f63ca4a}] DEBUG o.s.w.r.f.client.ExchangeFunctions - [3fd34e4] HTTP POST http://localhost:9411/api/v2/spans%20
2025-07-11 12:18:31 [SpringApplicationShutdownHook] INFO  c.netflix.discovery.DiscoveryClient - Shutting down DiscoveryClient ...
2025-07-11 12:18:34 [SpringApplicationShutdownHook] INFO  c.netflix.discovery.DiscoveryClient - Unregistering ...
2025-07-11 12:18:34 [SpringApplicationShutdownHook] DEBUG o.s.web.client.RestTemplate - HTTP DELETE http://localhost:8081/eureka/apps/USERS-SERVICE/192.168.41.141:users-service:8082
2025-07-11 12:18:34 [SpringApplicationShutdownHook] DEBUG o.s.web.client.RestTemplate - Accept=[application/json, application/*+json]
2025-07-11 12:18:34 [SpringApplicationShutdownHook] DEBUG o.s.web.client.RestTemplate - Response 200 OK
2025-07-11 12:18:34 [SpringApplicationShutdownHook] INFO  c.netflix.discovery.DiscoveryClient - DiscoveryClient_USERS-SERVICE/192.168.41.141:users-service:8082 - deregister  status: 200
2025-07-11 12:18:34 [SpringApplicationShutdownHook] INFO  c.netflix.discovery.DiscoveryClient - Completed shut down of DiscoveryClient
2025-07-11 12:18:40 [restartedMain] INFO  c.m.users.UsersApplication - Starting UsersApplication using Java 17.0.15 with PID 40684 (/home/sebastian/Documentos/stranger-drug/users/target/classes started by sebastian in /home/sebastian/Documentos/stranger-drug)
2025-07-11 12:18:40 [restartedMain] DEBUG c.m.users.UsersApplication - Running with Spring Boot v3.2.3, Spring v6.1.4
2025-07-11 12:18:40 [restartedMain] INFO  c.m.users.UsersApplication - The following 6 profiles are active: "common", "database", "email", "logging", "security", "local"
2025-07-11 12:18:43 [restartedMain] WARN  o.s.c.s.PostProcessorRegistrationDelegate$BeanPostProcessorChecker - Bean 'org.springframework.cloud.client.loadbalancer.LoadBalancerAutoConfiguration$LoadBalancerInterceptorConfig' of type [org.springframework.cloud.client.loadbalancer.LoadBalancerAutoConfiguration$LoadBalancerInterceptorConfig] is not eligible for getting processed by all BeanPostProcessors (for example: not eligible for auto-proxying). The currently created BeanPostProcessor [lbRestClientPostProcessor] is declared through a non-static factory method on that class; consider declaring it as static instead.
2025-07-11 12:18:43 [restartedMain] WARN  o.s.c.s.PostProcessorRegistrationDelegate$BeanPostProcessorChecker - Bean 'org.springframework.cloud.loadbalancer.config.BlockingLoadBalancerClientAutoConfiguration' of type [org.springframework.cloud.loadbalancer.config.BlockingLoadBalancerClientAutoConfiguration] is not eligible for getting processed by all BeanPostProcessors (for example: not eligible for auto-proxying). Is this bean getting eagerly injected into a currently created BeanPostProcessor [lbRestClientPostProcessor]? Check the corresponding BeanPostProcessor declaration and its dependencies.
2025-07-11 12:18:43 [restartedMain] WARN  o.s.c.s.PostProcessorRegistrationDelegate$BeanPostProcessorChecker - Bean 'org.springframework.cloud.loadbalancer.config.LoadBalancerAutoConfiguration' of type [org.springframework.cloud.loadbalancer.config.LoadBalancerAutoConfiguration] is not eligible for getting processed by all BeanPostProcessors (for example: not eligible for auto-proxying). Is this bean getting eagerly injected into a currently created BeanPostProcessor [lbRestClientPostProcessor]? Check the corresponding BeanPostProcessor declaration and its dependencies.
2025-07-11 12:18:43 [restartedMain] WARN  o.s.c.s.PostProcessorRegistrationDelegate$BeanPostProcessorChecker - Bean 'org.springframework.cloud.commons.config.CommonsConfigAutoConfiguration' of type [org.springframework.cloud.commons.config.CommonsConfigAutoConfiguration] is not eligible for getting processed by all BeanPostProcessors (for example: not eligible for auto-proxying). Is this bean getting eagerly injected into a currently created BeanPostProcessor [lbRestClientPostProcessor]? Check the corresponding BeanPostProcessor declaration and its dependencies.
2025-07-11 12:18:43 [restartedMain] WARN  o.s.c.s.PostProcessorRegistrationDelegate$BeanPostProcessorChecker - Bean 'org.springframework.cloud.client.loadbalancer.LoadBalancerDefaultMappingsProviderAutoConfiguration' of type [org.springframework.cloud.client.loadbalancer.LoadBalancerDefaultMappingsProviderAutoConfiguration] is not eligible for getting processed by all BeanPostProcessors (for example: not eligible for auto-proxying). Is this bean getting eagerly injected into a currently created BeanPostProcessor [lbRestClientPostProcessor]? Check the corresponding BeanPostProcessor declaration and its dependencies.
2025-07-11 12:18:43 [restartedMain] WARN  o.s.c.s.PostProcessorRegistrationDelegate$BeanPostProcessorChecker - Bean 'loadBalancerClientsDefaultsMappingsProvider' of type [org.springframework.cloud.client.loadbalancer.LoadBalancerDefaultMappingsProviderAutoConfiguration$$Lambda$762/0x00007f8cb8561398] is not eligible for getting processed by all BeanPostProcessors (for example: not eligible for auto-proxying). Is this bean getting eagerly injected into a currently created BeanPostProcessor [lbRestClientPostProcessor]? Check the corresponding BeanPostProcessor declaration and its dependencies.
2025-07-11 12:18:43 [restartedMain] WARN  o.s.c.s.PostProcessorRegistrationDelegate$BeanPostProcessorChecker - Bean 'defaultsBindHandlerAdvisor' of type [org.springframework.cloud.commons.config.DefaultsBindHandlerAdvisor] is not eligible for getting processed by all BeanPostProcessors (for example: not eligible for auto-proxying). Is this bean getting eagerly injected into a currently created BeanPostProcessor [lbRestClientPostProcessor]? Check the corresponding BeanPostProcessor declaration and its dependencies.
2025-07-11 12:18:44 [restartedMain] WARN  o.s.c.s.PostProcessorRegistrationDelegate$BeanPostProcessorChecker - Bean 'spring.cloud.loadbalancer-org.springframework.cloud.client.loadbalancer.LoadBalancerClientsProperties' of type [org.springframework.cloud.client.loadbalancer.LoadBalancerClientsProperties] is not eligible for getting processed by all BeanPostProcessors (for example: not eligible for auto-proxying). Is this bean getting eagerly injected into a currently created BeanPostProcessor [lbRestClientPostProcessor]? Check the corresponding BeanPostProcessor declaration and its dependencies.
2025-07-11 12:18:44 [restartedMain] WARN  o.s.c.s.PostProcessorRegistrationDelegate$BeanPostProcessorChecker - Bean 'default.org.springframework.cloud.loadbalancer.config.LoadBalancerAutoConfiguration.LoadBalancerClientSpecification' of type [org.springframework.cloud.loadbalancer.annotation.LoadBalancerClientSpecification] is not eligible for getting processed by all BeanPostProcessors (for example: not eligible for auto-proxying). Is this bean getting eagerly injected into a currently created BeanPostProcessor [lbRestClientPostProcessor]? Check the corresponding BeanPostProcessor declaration and its dependencies.
2025-07-11 12:18:44 [restartedMain] WARN  o.s.c.s.PostProcessorRegistrationDelegate$BeanPostProcessorChecker - Bean 'default.org.springframework.cloud.loadbalancer.config.BlockingLoadBalancerClientAutoConfiguration.LoadBalancerClientSpecification' of type [org.springframework.cloud.loadbalancer.annotation.LoadBalancerClientSpecification] is not eligible for getting processed by all BeanPostProcessors (for example: not eligible for auto-proxying). Is this bean getting eagerly injected into a currently created BeanPostProcessor [lbRestClientPostProcessor]? Check the corresponding BeanPostProcessor declaration and its dependencies.
2025-07-11 12:18:44 [restartedMain] WARN  o.s.c.s.PostProcessorRegistrationDelegate$BeanPostProcessorChecker - Bean 'default.org.springframework.cloud.netflix.eureka.loadbalancer.LoadBalancerEurekaAutoConfiguration.LoadBalancerClientSpecification' of type [org.springframework.cloud.loadbalancer.annotation.LoadBalancerClientSpecification] is not eligible for getting processed by all BeanPostProcessors (for example: not eligible for auto-proxying). Is this bean getting eagerly injected into a currently created BeanPostProcessor [lbRestClientPostProcessor]? Check the corresponding BeanPostProcessor declaration and its dependencies.
2025-07-11 12:18:44 [restartedMain] WARN  o.s.c.s.PostProcessorRegistrationDelegate$BeanPostProcessorChecker - Bean 'loadBalancerClientFactory' of type [org.springframework.cloud.loadbalancer.support.LoadBalancerClientFactory] is not eligible for getting processed by all BeanPostProcessors (for example: not eligible for auto-proxying). Is this bean getting eagerly injected into a currently created BeanPostProcessor [lbRestClientPostProcessor]? Check the corresponding BeanPostProcessor declaration and its dependencies.
2025-07-11 12:18:44 [restartedMain] WARN  o.s.c.s.PostProcessorRegistrationDelegate$BeanPostProcessorChecker - Bean 'blockingLoadBalancerClient' of type [org.springframework.cloud.loadbalancer.blocking.client.BlockingLoadBalancerClient] is not eligible for getting processed by all BeanPostProcessors (for example: not eligible for auto-proxying). Is this bean getting eagerly injected into a currently created BeanPostProcessor [lbRestClientPostProcessor]? Check the corresponding BeanPostProcessor declaration and its dependencies.
2025-07-11 12:18:44 [restartedMain] WARN  o.s.c.s.PostProcessorRegistrationDelegate$BeanPostProcessorChecker - Bean 'loadBalancerServiceInstanceCookieTransformer' of type [org.springframework.cloud.loadbalancer.core.LoadBalancerServiceInstanceCookieTransformer] is not eligible for getting processed by all BeanPostProcessors (for example: not eligible for auto-proxying). Is this bean getting eagerly injected into a currently created BeanPostProcessor [lbRestClientPostProcessor]? Check the corresponding BeanPostProcessor declaration and its dependencies.
2025-07-11 12:18:44 [restartedMain] WARN  o.s.c.s.PostProcessorRegistrationDelegate$BeanPostProcessorChecker - Bean 'xForwarderHeadersTransformer' of type [org.springframework.cloud.loadbalancer.blocking.XForwardedHeadersTransformer] is not eligible for getting processed by all BeanPostProcessors (for example: not eligible for auto-proxying). Is this bean getting eagerly injected into a currently created BeanPostProcessor [lbRestClientPostProcessor]? Check the corresponding BeanPostProcessor declaration and its dependencies.
2025-07-11 12:18:44 [restartedMain] WARN  o.s.c.s.PostProcessorRegistrationDelegate$BeanPostProcessorChecker - Bean 'org.springframework.cloud.client.loadbalancer.LoadBalancerAutoConfiguration' of type [org.springframework.cloud.client.loadbalancer.LoadBalancerAutoConfiguration] is not eligible for getting processed by all BeanPostProcessors (for example: not eligible for auto-proxying). Is this bean getting eagerly injected into a currently created BeanPostProcessor [lbRestClientPostProcessor]? Check the corresponding BeanPostProcessor declaration and its dependencies.
2025-07-11 12:18:44 [restartedMain] WARN  o.s.c.s.PostProcessorRegistrationDelegate$BeanPostProcessorChecker - Bean 'loadBalancerRequestFactory' of type [org.springframework.cloud.client.loadbalancer.LoadBalancerRequestFactory] is not eligible for getting processed by all BeanPostProcessors (for example: not eligible for auto-proxying). Is this bean getting eagerly injected into a currently created BeanPostProcessor [lbRestClientPostProcessor]? Check the corresponding BeanPostProcessor declaration and its dependencies.
2025-07-11 12:18:44 [restartedMain] WARN  o.s.c.s.PostProcessorRegistrationDelegate$BeanPostProcessorChecker - Bean 'loadBalancerInterceptor' of type [org.springframework.cloud.client.loadbalancer.LoadBalancerInterceptor] is not eligible for getting processed by all BeanPostProcessors (for example: not eligible for auto-proxying). Is this bean getting eagerly injected into a currently created BeanPostProcessor [lbRestClientPostProcessor]? Check the corresponding BeanPostProcessor declaration and its dependencies.
2025-07-11 12:18:44 [restartedMain] WARN  o.s.c.s.PostProcessorRegistrationDelegate$BeanPostProcessorChecker - Bean 'org.springframework.cloud.client.loadbalancer.reactive.LoadBalancerBeanPostProcessorAutoConfiguration' of type [org.springframework.cloud.client.loadbalancer.reactive.LoadBalancerBeanPostProcessorAutoConfiguration] is not eligible for getting processed by all BeanPostProcessors (for example: not eligible for auto-proxying). The currently created BeanPostProcessor [loadBalancerWebClientBuilderBeanPostProcessor] is declared through a non-static factory method on that class; consider declaring it as static instead.
2025-07-11 12:18:44 [restartedMain] WARN  o.s.c.s.PostProcessorRegistrationDelegate$BeanPostProcessorChecker - Bean 'org.springframework.cloud.client.loadbalancer.reactive.LoadBalancerBeanPostProcessorAutoConfiguration$ReactorDeferringLoadBalancerFilterConfig' of type [org.springframework.cloud.client.loadbalancer.reactive.LoadBalancerBeanPostProcessorAutoConfiguration$ReactorDeferringLoadBalancerFilterConfig] is not eligible for getting processed by all BeanPostProcessors (for example: not eligible for auto-proxying). Is this bean getting eagerly injected into a currently created BeanPostProcessor [loadBalancerWebClientBuilderBeanPostProcessor]? Check the corresponding BeanPostProcessor declaration and its dependencies.
2025-07-11 12:18:44 [restartedMain] WARN  o.s.c.s.PostProcessorRegistrationDelegate$BeanPostProcessorChecker - Bean 'reactorDeferringLoadBalancerExchangeFilterFunction' of type [org.springframework.cloud.client.loadbalancer.reactive.DeferringLoadBalancerExchangeFilterFunction] is not eligible for getting processed by all BeanPostProcessors (for example: not eligible for auto-proxying). Is this bean getting eagerly injected into a currently created BeanPostProcessor [loadBalancerWebClientBuilderBeanPostProcessor]? Check the corresponding BeanPostProcessor declaration and its dependencies.
2025-07-11 12:18:45 [restartedMain] DEBUG o.s.w.f.ServerHttpObservationFilter - Filter 'webMvcObservationFilter' configured for use
2025-07-11 12:18:45 [restartedMain] DEBUG c.m.u.c.c.i.InternalJwtFilter - Filter 'internalJwtFilter' configured for use
2025-07-11 12:18:46 [restartedMain] WARN  org.hibernate.orm.deprecation - HHH90000025: MariaDBDialect does not need to be specified explicitly using 'hibernate.dialect' (remove the property setting and it will be selected by default)
2025-07-11 12:18:47 [restartedMain] INFO  c.m.u.core.logging.LoggingService - CacheConfiguration: Cache manager configurado con 8 caches
2025-07-11 12:18:49 [restartedMain] WARN  o.s.b.a.o.j.JpaBaseConfiguration$JpaWebConfiguration - spring.jpa.open-in-view is enabled by default. Therefore, database queries may be performed during view rendering. Explicitly configure spring.jpa.open-in-view to disable this warning
2025-07-11 12:18:50 [restartedMain] WARN  o.s.b.a.s.s.UserDetailsServiceAutoConfiguration - 

Using generated security password: 3605ba9d-3879-4d7d-b4b7-66fc6236ebe4

This generated password is for development use only. Your security configuration must be updated before running your application in production.

2025-07-11 12:18:50 [restartedMain] INFO  c.m.u.core.logging.LoggingService - SecurityConfig: Iniciando configuración de seguridad del microservicio users
2025-07-11 12:18:50 [restartedMain] DEBUG o.s.w.s.m.m.a.RequestMappingHandlerMapping - 26 mappings in 'requestMappingHandlerMapping'
2025-07-11 12:18:50 [restartedMain] DEBUG o.s.w.s.h.SimpleUrlHandlerMapping - Patterns [/webjars/**, /**, /swagger-ui*/*swagger-initializer.js, /swagger-ui*/**] in 'resourceHandlerMapping'
2025-07-11 12:18:50 [restartedMain] INFO  c.m.u.core.logging.LoggingService - SecurityConfig: Configuración de seguridad completada - Todos los endpoints permitidos, filtro JWT interno configurado
2025-07-11 12:18:51 [restartedMain] DEBUG o.s.w.s.m.m.a.RequestMappingHandlerAdapter - ControllerAdvice beans: 0 @ModelAttribute, 0 @InitBinder, 1 RequestBodyAdvice, 1 ResponseBodyAdvice
2025-07-11 12:18:51 [restartedMain] DEBUG o.s.w.s.m.m.a.ExceptionHandlerExceptionResolver - ControllerAdvice beans: 2 @ExceptionHandler, 1 ResponseBodyAdvice
2025-07-11 12:18:51 [restartedMain] WARN  o.s.b.d.a.OptionalLiveReloadServer - Unable to start LiveReload server
2025-07-11 12:18:51 [restartedMain] INFO  c.netflix.discovery.DiscoveryClient - Initializing Eureka in region us-east-1
2025-07-11 12:18:51 [restartedMain] INFO  c.n.d.s.r.aws.ConfigClusterResolver - Resolving eureka endpoints via configuration
2025-07-11 12:18:51 [restartedMain] INFO  c.netflix.discovery.DiscoveryClient - Disable delta property : false
2025-07-11 12:18:51 [restartedMain] INFO  c.netflix.discovery.DiscoveryClient - Single vip registry refresh property : null
2025-07-11 12:18:51 [restartedMain] INFO  c.netflix.discovery.DiscoveryClient - Force full registry fetch : false
2025-07-11 12:18:51 [restartedMain] INFO  c.netflix.discovery.DiscoveryClient - Application is null : false
2025-07-11 12:18:51 [restartedMain] INFO  c.netflix.discovery.DiscoveryClient - Registered Applications size is zero : true
2025-07-11 12:18:51 [restartedMain] INFO  c.netflix.discovery.DiscoveryClient - Application version is -1: true
2025-07-11 12:18:51 [restartedMain] INFO  c.netflix.discovery.DiscoveryClient - Getting all instance registry info from the eureka server
2025-07-11 12:18:52 [restartedMain] DEBUG o.s.web.client.RestTemplate - HTTP GET http://localhost:8081/eureka/apps/
2025-07-11 12:18:52 [restartedMain] DEBUG o.s.web.client.RestTemplate - Accept=[application/json, application/*+json]
2025-07-11 12:18:52 [restartedMain] DEBUG o.s.web.client.RestTemplate - Response 200 OK
2025-07-11 12:18:52 [restartedMain] DEBUG o.s.web.client.RestTemplate - Reading to [org.springframework.cloud.netflix.eureka.http.EurekaApplications]
2025-07-11 12:18:52 [restartedMain] INFO  c.netflix.discovery.DiscoveryClient - The response status is 200
2025-07-11 12:18:52 [restartedMain] INFO  c.netflix.discovery.DiscoveryClient - Starting heartbeat executor: renew interval is: 30
2025-07-11 12:18:52 [restartedMain] INFO  c.n.discovery.InstanceInfoReplicator - InstanceInfoReplicator onDemand update allowed rate per min is 4
2025-07-11 12:18:52 [restartedMain] INFO  c.netflix.discovery.DiscoveryClient - Discovery Client initialized at timestamp 1752254332424 with initial instances count: 2
2025-07-11 12:18:52 [restartedMain] INFO  c.netflix.discovery.DiscoveryClient - Saw local status change event StatusChangeEvent [timestamp=1752254332443, current=UP, previous=STARTING]
2025-07-11 12:18:52 [DiscoveryClient-InstanceInfoReplicator-0] INFO  c.netflix.discovery.DiscoveryClient - DiscoveryClient_USERS-SERVICE/192.168.41.141:users-service:8082: registering service...
2025-07-11 12:18:52 [DiscoveryClient-InstanceInfoReplicator-0] DEBUG o.s.web.client.RestTemplate - HTTP POST http://localhost:8081/eureka/apps/USERS-SERVICE
2025-07-11 12:18:52 [DiscoveryClient-InstanceInfoReplicator-0] DEBUG o.s.web.client.RestTemplate - Accept=[application/json, application/*+json]
2025-07-11 12:18:52 [DiscoveryClient-InstanceInfoReplicator-0] DEBUG o.s.web.client.RestTemplate - Writing [InstanceInfo [instanceId = 192.168.41.141:users-service:8082, appName = USERS-SERVICE, hostName = 192.168.41.141, status = UP, ipAddr = 192.168.41.141, port = 8082, securePort = 443, dataCenterInfo = com.netflix.appinfo.MyDataCenterInfo@4ebaf329] as "application/json"
2025-07-11 12:18:52 [DiscoveryClient-InstanceInfoReplicator-0] DEBUG o.s.web.client.RestTemplate - Response 204 NO_CONTENT
2025-07-11 12:18:52 [DiscoveryClient-InstanceInfoReplicator-0] INFO  c.netflix.discovery.DiscoveryClient - DiscoveryClient_USERS-SERVICE/192.168.41.141:users-service:8082 - registration status: 204
2025-07-11 12:18:52 [restartedMain] INFO  c.m.users.UsersApplication - Started UsersApplication in 12.357 seconds (process running for 13.108)
2025-07-11 12:19:09 [http-nio-8082-exec-1] INFO  o.s.web.servlet.DispatcherServlet - Initializing Servlet 'dispatcherServlet'
2025-07-11 12:19:09 [http-nio-8082-exec-1] DEBUG o.s.web.servlet.DispatcherServlet - Detected StandardServletMultipartResolver
2025-07-11 12:19:09 [http-nio-8082-exec-1] DEBUG o.s.web.servlet.DispatcherServlet - Detected AcceptHeaderLocaleResolver
2025-07-11 12:19:09 [http-nio-8082-exec-1] DEBUG o.s.web.servlet.DispatcherServlet - Detected FixedThemeResolver
2025-07-11 12:19:09 [http-nio-8082-exec-1] DEBUG o.s.web.servlet.DispatcherServlet - Detected org.springframework.web.servlet.view.DefaultRequestToViewNameTranslator@460708d0
2025-07-11 12:19:09 [http-nio-8082-exec-1] DEBUG o.s.web.servlet.DispatcherServlet - Detected org.springframework.web.servlet.support.SessionFlashMapManager@36fe5d91
2025-07-11 12:19:09 [http-nio-8082-exec-1] DEBUG o.s.web.servlet.DispatcherServlet - enableLoggingRequestDetails='false': request parameters and headers will be masked to prevent unsafe logging of potentially sensitive data
2025-07-11 12:19:09 [http-nio-8082-exec-1] INFO  o.s.web.servlet.DispatcherServlet - Completed initialization in 5 ms
2025-07-11 12:19:09 [http-nio-8082-exec-1] DEBUG c.m.u.core.logging.LoggingService - InternalJwtFilter: Procesando solicitud: /verification/send
2025-07-11 12:19:09 [http-nio-8082-exec-1] DEBUG c.m.u.core.logging.LoggingService - InternalJwtFilter: Path '/verification/send' requiere JWT: false
2025-07-11 12:19:09 [http-nio-8082-exec-1] DEBUG c.m.u.core.logging.LoggingService - InternalJwtFilter: Path no protegido, continuando sin validación JWT
2025-07-11 12:19:09 [http-nio-8082-exec-1] DEBUG o.s.web.servlet.DispatcherServlet - POST "/verification/send", parameters={}
2025-07-11 12:19:09 [http-nio-8082-exec-1] DEBUG o.s.w.s.m.m.a.RequestMappingHandlerMapping - Mapped to com.microserviceone.users.verificationCodeApi.web.controller.VerificationCodeController#sendVerificationCode(SendCodeRequest)
2025-07-11 12:19:09 [http-nio-8082-exec-1] DEBUG o.s.w.s.m.m.a.RequestResponseBodyMethodProcessor - Read "application/json;charset=UTF-8" to [com.microserviceone.users.verificationCodeApi.web.dto.SendCodeRequest@392b61ee]
2025-07-11 12:19:09 [http-nio-8082-exec-1] INFO  c.m.u.core.logging.LoggingService - VerificationService: Enviando código de verificación - Email: sebasagudelo1012@gmail.com
2025-07-11 12:19:09 [http-nio-8082-exec-1] INFO  c.m.u.core.logging.LoggingService - SendVerificationCodeUseCase: Iniciando envío de código de verificación - Email: sebasagudelo1012@gmail.com
2025-07-11 12:19:09 [http-nio-8082-exec-1] DEBUG c.m.u.core.logging.LoggingService - SendVerificationCodeUseCase: Invalidando códigos anteriores - Email: sebasagudelo1012@gmail.com
2025-07-11 12:19:09 [http-nio-8082-exec-1] DEBUG c.m.u.core.logging.LoggingService - AdapterVerificationCode: Invalidando códigos anteriores - Email: sebasagudelo1012@gmail.com
2025-07-11 12:19:10 [http-nio-8082-exec-1] DEBUG c.m.u.core.logging.LoggingService - AdapterVerificationCode: Códigos anteriores invalidados exitosamente - Email: sebasagudelo1012@gmail.com
2025-07-11 12:19:10 [http-nio-8082-exec-1] DEBUG c.m.u.core.logging.LoggingService - SendVerificationCodeUseCase: Códigos anteriores invalidados - Email: sebasagudelo1012@gmail.com
2025-07-11 12:19:10 [http-nio-8082-exec-1] DEBUG c.m.u.core.logging.LoggingService - SendVerificationCodeUseCase: Generando nuevo código - Email: sebasagudelo1012@gmail.com
2025-07-11 12:19:10 [http-nio-8082-exec-1] DEBUG c.m.u.core.logging.LoggingService - ImplCodeGeneratorService: Generando código de verificación
2025-07-11 12:19:10 [http-nio-8082-exec-1] DEBUG c.m.u.core.logging.LoggingService - ImplCodeGeneratorService: Código generado exitosamente: 587660
2025-07-11 12:19:10 [http-nio-8082-exec-1] DEBUG c.m.u.core.logging.LoggingService - SendVerificationCodeUseCase: Código generado: 587660 para email: sebasagudelo1012@gmail.com
2025-07-11 12:19:10 [http-nio-8082-exec-1] DEBUG c.m.u.core.logging.LoggingService - SendVerificationCodeUseCase: Objeto VerificationCode creado - Email: sebasagudelo1012@gmail.com, Código: 587660
2025-07-11 12:19:10 [http-nio-8082-exec-1] DEBUG c.m.u.core.logging.LoggingService - AdapterVerificationCode: Guardando código de verificación - Email: sebasagudelo1012@gmail.com, Código: 587660
2025-07-11 12:19:10 [http-nio-8082-exec-1] DEBUG c.m.u.core.logging.LoggingService - AdapterVerificationCode: Código convertido a entidad - Email: sebasagudelo1012@gmail.com, Código: 587660
2025-07-11 12:19:10 [http-nio-8082-exec-1] DEBUG c.m.u.core.logging.LoggingService - AdapterVerificationCode: Código guardado en base de datos - ID: 1, Email: sebasagudelo1012@gmail.com, Código: 587660
2025-07-11 12:19:10 [http-nio-8082-exec-1] DEBUG c.m.u.core.logging.LoggingService - AdapterVerificationCode: Entidad convertida a dominio - ID: 1, Email: sebasagudelo1012@gmail.com, Código: 587660
2025-07-11 12:19:10 [http-nio-8082-exec-1] DEBUG c.m.u.core.logging.LoggingService - SendVerificationCodeUseCase: Código guardado en base de datos - Email: sebasagudelo1012@gmail.com, Código: 587660
2025-07-11 12:19:10 [http-nio-8082-exec-1] DEBUG c.m.u.core.logging.LoggingService - SendVerificationCodeUseCase: Enviando código por email - Email: sebasagudelo1012@gmail.com, Código: 587660
2025-07-11 12:19:10 [AsyncReporter{org.springframework.boot.actuate.autoconfigure.tracing.zipkin.ZipkinWebClientSender@57dd717a}] DEBUG o.s.w.r.f.client.ExchangeFunctions - [13b1e6d3] HTTP POST http://localhost:9411/api/v2/spans%20
2025-07-11 12:19:11 [AsyncReporter{org.springframework.boot.actuate.autoconfigure.tracing.zipkin.ZipkinWebClientSender@57dd717a}] WARN  z.r.AsyncReporter$BoundedAsyncReporter - Spans were dropped due to exceptions. All subsequent errors will be logged at FINE level.
2025-07-11 12:19:11 [AsyncReporter{org.springframework.boot.actuate.autoconfigure.tracing.zipkin.ZipkinWebClientSender@57dd717a}] WARN  z.r.AsyncReporter$BoundedAsyncReporter - Dropped 2 spans due to WebClientRequestException(finishConnect(..) failed: Conexión rehusada: localhost/127.0.0.1:9411)
org.springframework.web.reactive.function.client.WebClientRequestException: finishConnect(..) failed: Conexión rehusada: localhost/127.0.0.1:9411
	at org.springframework.web.reactive.function.client.ExchangeFunctions$DefaultExchangeFunction.lambda$wrapException$9(ExchangeFunctions.java:136)
	Suppressed: reactor.core.publisher.FluxOnAssembly$OnAssemblyException: 
Error has been observed at the following site(s):
	*__checkpoint ⇢ Request to POST http://localhost:9411/api/v2/spans%20 [DefaultWebClient]
Original Stack Trace:
		at org.springframework.web.reactive.function.client.ExchangeFunctions$DefaultExchangeFunction.lambda$wrapException$9(ExchangeFunctions.java:136)
		at reactor.core.publisher.MonoErrorSupplied.subscribe(MonoErrorSupplied.java:55)
		at reactor.core.publisher.Mono.subscribe(Mono.java:4563)
		at reactor.core.publisher.FluxOnErrorResume$ResumeSubscriber.onError(FluxOnErrorResume.java:103)
		at reactor.core.publisher.FluxPeek$PeekSubscriber.onError(FluxPeek.java:222)
		at reactor.core.publisher.FluxPeek$PeekSubscriber.onError(FluxPeek.java:222)
		at reactor.core.publisher.FluxPeek$PeekSubscriber.onError(FluxPeek.java:222)
		at reactor.core.publisher.MonoNext$NextSubscriber.onError(MonoNext.java:93)
		at reactor.core.publisher.MonoFlatMapMany$FlatMapManyMain.onError(MonoFlatMapMany.java:205)
		at reactor.core.publisher.SerializedSubscriber.onError(SerializedSubscriber.java:124)
		at reactor.core.publisher.FluxRetryWhen$RetryWhenMainSubscriber.whenError(FluxRetryWhen.java:229)
		at reactor.core.publisher.FluxRetryWhen$RetryWhenOtherSubscriber.onError(FluxRetryWhen.java:279)
		at reactor.core.publisher.FluxContextWrite$ContextWriteSubscriber.onError(FluxContextWrite.java:121)
		at reactor.core.publisher.FluxConcatMapNoPrefetch$FluxConcatMapNoPrefetchSubscriber.maybeOnError(FluxConcatMapNoPrefetch.java:327)
		at reactor.core.publisher.FluxConcatMapNoPrefetch$FluxConcatMapNoPrefetchSubscriber.onNext(FluxConcatMapNoPrefetch.java:212)
		at reactor.core.publisher.FluxContextWrite$ContextWriteSubscriber.onNext(FluxContextWrite.java:107)
		at reactor.core.publisher.SinkManyEmitterProcessor.drain(SinkManyEmitterProcessor.java:476)
		at reactor.core.publisher.SinkManyEmitterProcessor$EmitterInner.drainParent(SinkManyEmitterProcessor.java:620)
		at reactor.core.publisher.FluxPublish$PubSubInner.request(FluxPublish.java:874)
		at reactor.core.publisher.FluxContextWrite$ContextWriteSubscriber.request(FluxContextWrite.java:136)
		at reactor.core.publisher.FluxConcatMapNoPrefetch$FluxConcatMapNoPrefetchSubscriber.request(FluxConcatMapNoPrefetch.java:337)
		at reactor.core.publisher.FluxContextWrite$ContextWriteSubscriber.request(FluxContextWrite.java:136)
		at reactor.core.publisher.Operators$DeferredSubscription.request(Operators.java:1743)
		at reactor.core.publisher.FluxRetryWhen$RetryWhenMainSubscriber.onError(FluxRetryWhen.java:196)
		at reactor.core.publisher.MonoCreate$DefaultMonoSink.error(MonoCreate.java:205)
		at reactor.netty.http.client.HttpClientConnect$MonoHttpConnect$ClientTransportSubscriber.onError(HttpClientConnect.java:311)
		at reactor.core.publisher.MonoCreate$DefaultMonoSink.error(MonoCreate.java:205)
		at reactor.netty.resources.DefaultPooledConnectionProvider$DisposableAcquire.onError(DefaultPooledConnectionProvider.java:172)
		at reactor.netty.internal.shaded.reactor.pool.AbstractPool$Borrower.fail(AbstractPool.java:488)
		at reactor.netty.internal.shaded.reactor.pool.SimpleDequePool.lambda$drainLoop$9(SimpleDequePool.java:436)
		at reactor.core.publisher.FluxDoOnEach$DoOnEachSubscriber.onError(FluxDoOnEach.java:186)
		at reactor.core.publisher.MonoCreate$DefaultMonoSink.error(MonoCreate.java:205)
		at reactor.netty.resources.DefaultPooledConnectionProvider$PooledConnectionAllocator$PooledConnectionInitializer.onError(DefaultPooledConnectionProvider.java:583)
		at reactor.core.publisher.MonoFlatMap$FlatMapMain.secondError(MonoFlatMap.java:241)
		at reactor.core.publisher.MonoFlatMap$FlatMapInner.onError(MonoFlatMap.java:315)
		at reactor.core.publisher.FluxOnErrorResume$ResumeSubscriber.onError(FluxOnErrorResume.java:106)
		at reactor.core.publisher.Operators.error(Operators.java:198)
		at reactor.core.publisher.MonoError.subscribe(MonoError.java:53)
		at reactor.core.publisher.Mono.subscribe(Mono.java:4563)
		at reactor.core.publisher.FluxOnErrorResume$ResumeSubscriber.onError(FluxOnErrorResume.java:103)
		at reactor.netty.transport.TransportConnector$MonoChannelPromise.tryFailure(TransportConnector.java:576)
		at reactor.netty.transport.TransportConnector$MonoChannelPromise.setFailure(TransportConnector.java:522)
		at reactor.netty.transport.TransportConnector.lambda$doConnect$7(TransportConnector.java:261)
		at io.netty.util.concurrent.DefaultPromise.notifyListener0(DefaultPromise.java:590)
		at io.netty.util.concurrent.DefaultPromise.notifyListeners0(DefaultPromise.java:583)
		at io.netty.util.concurrent.DefaultPromise.notifyListenersNow(DefaultPromise.java:559)
		at io.netty.util.concurrent.DefaultPromise.notifyListeners(DefaultPromise.java:492)
		at io.netty.util.concurrent.DefaultPromise.setValue0(DefaultPromise.java:636)
		at io.netty.util.concurrent.DefaultPromise.setFailure0(DefaultPromise.java:629)
		at io.netty.util.concurrent.DefaultPromise.tryFailure(DefaultPromise.java:118)
		at io.netty.channel.epoll.AbstractEpollChannel$AbstractEpollUnsafe.fulfillConnectPromise(AbstractEpollChannel.java:675)
		at io.netty.channel.epoll.AbstractEpollChannel$AbstractEpollUnsafe.finishConnect(AbstractEpollChannel.java:694)
		at io.netty.channel.epoll.AbstractEpollChannel$AbstractEpollUnsafe.epollOutReady(AbstractEpollChannel.java:567)
		at io.netty.channel.epoll.EpollEventLoop.processReady(EpollEventLoop.java:499)
		at io.netty.channel.epoll.EpollEventLoop.run(EpollEventLoop.java:407)
		at io.netty.util.concurrent.SingleThreadEventExecutor$4.run(SingleThreadEventExecutor.java:997)
		at io.netty.util.internal.ThreadExecutorMap$2.run(ThreadExecutorMap.java:74)
		at io.netty.util.concurrent.FastThreadLocalRunnable.run(FastThreadLocalRunnable.java:30)
		at java.base/java.lang.Thread.run(Thread.java:840)
	Suppressed: java.lang.Exception: #block terminated with an error
		at reactor.core.publisher.BlockingSingleSubscriber.blockingGet(BlockingSingleSubscriber.java:103)
		at reactor.core.publisher.Mono.block(Mono.java:1779)
		at org.springframework.boot.actuate.autoconfigure.tracing.zipkin.ZipkinWebClientSender$WebClientHttpPostCall.doExecute(ZipkinWebClientSender.java:76)
		at org.springframework.boot.actuate.autoconfigure.tracing.zipkin.ZipkinWebClientSender$WebClientHttpPostCall.doExecute(ZipkinWebClientSender.java:54)
		at zipkin2.Call$Base.execute(Call.java:391)
		at zipkin2.reporter.AsyncReporter$BoundedAsyncReporter.flush(AsyncReporter.java:299)
		at zipkin2.reporter.AsyncReporter$Flusher.run(AsyncReporter.java:378)
		at java.base/java.lang.Thread.run(Thread.java:840)
Caused by: io.netty.channel.AbstractChannel$AnnotatedConnectException: finishConnect(..) failed: Conexión rehusada: localhost/127.0.0.1:9411
Caused by: java.net.ConnectException: finishConnect(..) failed: Conexión rehusada
	at io.netty.channel.unix.Errors.newConnectException0(Errors.java:166)
	at io.netty.channel.unix.Errors.handleConnectErrno(Errors.java:131)
	at io.netty.channel.unix.Socket.finishConnect(Socket.java:359)
	at io.netty.channel.epoll.AbstractEpollChannel$AbstractEpollUnsafe.doFinishConnect(AbstractEpollChannel.java:711)
	at io.netty.channel.epoll.AbstractEpollChannel$AbstractEpollUnsafe.finishConnect(AbstractEpollChannel.java:688)
	at io.netty.channel.epoll.AbstractEpollChannel$AbstractEpollUnsafe.epollOutReady(AbstractEpollChannel.java:567)
	at io.netty.channel.epoll.EpollEventLoop.processReady(EpollEventLoop.java:499)
	at io.netty.channel.epoll.EpollEventLoop.run(EpollEventLoop.java:407)
	at io.netty.util.concurrent.SingleThreadEventExecutor$4.run(SingleThreadEventExecutor.java:997)
	at io.netty.util.internal.ThreadExecutorMap$2.run(ThreadExecutorMap.java:74)
	at io.netty.util.concurrent.FastThreadLocalRunnable.run(FastThreadLocalRunnable.java:30)
	at java.base/java.lang.Thread.run(Thread.java:840)
2025-07-11 12:19:22 [DiscoveryClient-CacheRefreshExecutor-0] DEBUG o.s.web.client.RestTemplate - HTTP GET http://localhost:8081/eureka/apps/delta
2025-07-11 12:19:22 [DiscoveryClient-CacheRefreshExecutor-0] DEBUG o.s.web.client.RestTemplate - Accept=[application/json, application/*+json]
2025-07-11 12:19:22 [DiscoveryClient-HeartbeatExecutor-0] DEBUG o.s.web.client.RestTemplate - HTTP PUT http://localhost:8081/eureka/apps/USERS-SERVICE/192.168.41.141:users-service:8082?status=UP&lastDirtyTimestamp=1752254332443
2025-07-11 12:19:22 [DiscoveryClient-CacheRefreshExecutor-0] DEBUG o.s.web.client.RestTemplate - Response 200 OK
2025-07-11 12:19:22 [DiscoveryClient-CacheRefreshExecutor-0] DEBUG o.s.web.client.RestTemplate - Reading to [org.springframework.cloud.netflix.eureka.http.EurekaApplications]
2025-07-11 12:19:22 [DiscoveryClient-HeartbeatExecutor-0] DEBUG o.s.web.client.RestTemplate - Accept=[application/json, application/*+json]
2025-07-11 12:19:22 [DiscoveryClient-HeartbeatExecutor-0] DEBUG o.s.web.client.RestTemplate - Response 200 OK
2025-07-11 12:19:43 [http-nio-8082-exec-1] INFO  c.m.u.v.i.email.EmailServiceUseCase - Código de verificación enviado exitosamente a: sebasagudelo1012@gmail.com
2025-07-11 12:19:43 [http-nio-8082-exec-1] INFO  c.m.u.core.logging.LoggingService - SendVerificationCodeUseCase: Código de verificación enviado exitosamente - Email: sebasagudelo1012@gmail.com, Código: 587660
2025-07-11 12:19:43 [http-nio-8082-exec-1] INFO  c.m.u.core.logging.LoggingService - VerificationService: Código de verificación enviado exitosamente - Email: sebasagudelo1012@gmail.com
2025-07-11 12:19:43 [http-nio-8082-exec-1] DEBUG o.s.w.s.m.m.a.HttpEntityMethodProcessor - Using 'application/json', given [*/*] and supported [application/json, application/*+json]
2025-07-11 12:19:43 [http-nio-8082-exec-1] DEBUG o.s.w.s.m.m.a.HttpEntityMethodProcessor - Writing [ApiResponse(success=true, message=Verification code sent successfully, data=null, errorCode=null, ti (truncated)...]
2025-07-11 12:19:43 [http-nio-8082-exec-1] DEBUG o.s.web.servlet.DispatcherServlet - Completed 200 OK
2025-07-11 12:19:44 [AsyncReporter{org.springframework.boot.actuate.autoconfigure.tracing.zipkin.ZipkinWebClientSender@57dd717a}] DEBUG o.s.w.r.f.client.ExchangeFunctions - [500ca797] HTTP POST http://localhost:9411/api/v2/spans%20
2025-07-11 12:19:52 [DiscoveryClient-CacheRefreshExecutor-0] DEBUG o.s.web.client.RestTemplate - HTTP GET http://localhost:8081/eureka/apps/delta
2025-07-11 12:19:52 [DiscoveryClient-CacheRefreshExecutor-0] DEBUG o.s.web.client.RestTemplate - Accept=[application/json, application/*+json]
2025-07-11 12:19:52 [DiscoveryClient-CacheRefreshExecutor-0] DEBUG o.s.web.client.RestTemplate - Response 200 OK
2025-07-11 12:19:52 [DiscoveryClient-CacheRefreshExecutor-0] DEBUG o.s.web.client.RestTemplate - Reading to [org.springframework.cloud.netflix.eureka.http.EurekaApplications]
2025-07-11 12:19:52 [DiscoveryClient-HeartbeatExecutor-0] DEBUG o.s.web.client.RestTemplate - HTTP PUT http://localhost:8081/eureka/apps/USERS-SERVICE/192.168.41.141:users-service:8082?status=UP&lastDirtyTimestamp=1752254332443
2025-07-11 12:19:52 [DiscoveryClient-HeartbeatExecutor-0] DEBUG o.s.web.client.RestTemplate - Accept=[application/json, application/*+json]
2025-07-11 12:19:52 [DiscoveryClient-HeartbeatExecutor-0] DEBUG o.s.web.client.RestTemplate - Response 200 OK
2025-07-11 12:20:20 [http-nio-8082-exec-4] DEBUG c.m.u.core.logging.LoggingService - InternalJwtFilter: Procesando solicitud: /verification/check
2025-07-11 12:20:20 [http-nio-8082-exec-4] DEBUG c.m.u.core.logging.LoggingService - InternalJwtFilter: Path '/verification/check' requiere JWT: false
2025-07-11 12:20:20 [http-nio-8082-exec-4] DEBUG c.m.u.core.logging.LoggingService - InternalJwtFilter: Path no protegido, continuando sin validación JWT
2025-07-11 12:20:20 [http-nio-8082-exec-4] DEBUG o.s.web.servlet.DispatcherServlet - POST "/verification/check", parameters={}
2025-07-11 12:20:20 [http-nio-8082-exec-4] DEBUG o.s.w.s.m.m.a.RequestMappingHandlerMapping - Mapped to com.microserviceone.users.verificationCodeApi.web.controller.VerificationCodeController#verifyCode(VerifyCodeRequest)
2025-07-11 12:20:20 [http-nio-8082-exec-4] DEBUG o.s.w.s.m.m.a.RequestResponseBodyMethodProcessor - Read "application/json;charset=UTF-8" to [com.microserviceone.users.verificationCodeApi.web.dto.VerifyCodeRequest@1ae8939e]
2025-07-11 12:20:20 [http-nio-8082-exec-4] INFO  c.m.u.core.logging.LoggingService - VerificationService: Verificando código - Email: sebasagudelo1012@gmail.com
2025-07-11 12:20:20 [AsyncReporter{org.springframework.boot.actuate.autoconfigure.tracing.zipkin.ZipkinWebClientSender@57dd717a}] DEBUG o.s.w.r.f.client.ExchangeFunctions - [2c2c0bc4] HTTP POST http://localhost:9411/api/v2/spans%20
2025-07-11 12:20:20 [http-nio-8082-exec-4] INFO  c.m.u.core.logging.LoggingService - VerifyCodeUseCase: Iniciando verificación de código - Email: sebasagudelo1012@gmail.com, Código: 587660
2025-07-11 12:20:20 [http-nio-8082-exec-4] DEBUG c.m.u.core.logging.LoggingService - VerifyCodeUseCase: Verificando existencia del código - Email: sebasagudelo1012@gmail.com, Código: 587660
2025-07-11 12:20:20 [http-nio-8082-exec-4] DEBUG c.m.u.core.logging.LoggingService - VerifyExistCodeUseCase: Verificando existencia de código - Email: sebasagudelo1012@gmail.com, Código: 587660
2025-07-11 12:20:20 [http-nio-8082-exec-4] DEBUG c.m.u.core.logging.LoggingService - AdapterVerificationCode: Buscando código por email y código - Email: sebasagudelo1012@gmail.com, Código: 587660
2025-07-11 12:20:20 [http-nio-8082-exec-4] DEBUG c.m.u.core.logging.LoggingService - AdapterVerificationCode: Código encontrado - ID: 1, Email: sebasagudelo1012@gmail.com, Código: 587660
2025-07-11 12:20:20 [http-nio-8082-exec-4] DEBUG c.m.u.core.logging.LoggingService - VerifyExistCodeUseCase: Código encontrado - Email: sebasagudelo1012@gmail.com, Código: 587660, ID: 1
2025-07-11 12:20:20 [http-nio-8082-exec-4] DEBUG c.m.u.core.logging.LoggingService - VerifyCodeUseCase: Código encontrado - Email: sebasagudelo1012@gmail.com, Código: 587660, ID: 1
2025-07-11 12:20:20 [http-nio-8082-exec-4] DEBUG c.m.u.core.logging.LoggingService - VerifyCodeUseCase: Validando código - Email: sebasagudelo1012@gmail.com, Código: 587660
2025-07-11 12:20:20 [http-nio-8082-exec-4] DEBUG c.m.u.core.logging.LoggingService - VerifyCodeIsValidUseCase: Validando código - ID: 1, Email: sebasagudelo1012@gmail.com, Código: 587660
2025-07-11 12:20:20 [http-nio-8082-exec-4] DEBUG c.m.u.core.logging.LoggingService - VerifyCodeIsValidUseCase: Código validado como válido - ID: 1, Email: sebasagudelo1012@gmail.com, Código: 587660
2025-07-11 12:20:20 [http-nio-8082-exec-4] DEBUG c.m.u.core.logging.LoggingService - VerifyCodeUseCase: Código validado como válido - Email: sebasagudelo1012@gmail.com, Código: 587660
2025-07-11 12:20:20 [http-nio-8082-exec-4] DEBUG c.m.u.core.logging.LoggingService - VerifyCodeUseCase: Marcando código como usado - Email: sebasagudelo1012@gmail.com, Código: 587660
2025-07-11 12:20:20 [http-nio-8082-exec-4] DEBUG c.m.u.core.logging.LoggingService - AdapterVerificationCode: Guardando código de verificación - Email: sebasagudelo1012@gmail.com, Código: 587660
2025-07-11 12:20:20 [http-nio-8082-exec-4] DEBUG c.m.u.core.logging.LoggingService - AdapterVerificationCode: Código convertido a entidad - Email: sebasagudelo1012@gmail.com, Código: 587660
2025-07-11 12:20:20 [http-nio-8082-exec-4] DEBUG c.m.u.core.logging.LoggingService - AdapterVerificationCode: Código guardado en base de datos - ID: 1, Email: sebasagudelo1012@gmail.com, Código: 587660
2025-07-11 12:20:20 [http-nio-8082-exec-4] DEBUG c.m.u.core.logging.LoggingService - AdapterVerificationCode: Entidad convertida a dominio - ID: 1, Email: sebasagudelo1012@gmail.com, Código: 587660
2025-07-11 12:20:20 [http-nio-8082-exec-4] DEBUG c.m.u.core.logging.LoggingService - VerifyCodeUseCase: Código marcado como usado y guardado - Email: sebasagudelo1012@gmail.com, Código: 587660
2025-07-11 12:20:20 [http-nio-8082-exec-4] DEBUG c.m.u.core.logging.LoggingService - VerifyCodeUseCase: Marcando email como verificado - Email: sebasagudelo1012@gmail.com, Código: 587660
2025-07-11 12:20:20 [http-nio-8082-exec-4] DEBUG c.m.u.core.logging.LoggingService - AdapterVerificationCode: Marcando código como verificado - Email: sebasagudelo1012@gmail.com, Código: 587660
2025-07-11 12:20:20 [http-nio-8082-exec-4] DEBUG c.m.u.core.logging.LoggingService - AdapterVerificationCode: Código marcado como verificado exitosamente - Email: sebasagudelo1012@gmail.com, Código: 587660
2025-07-11 12:20:20 [http-nio-8082-exec-4] INFO  c.m.u.core.logging.LoggingService - CachedCheckEmailVerificationUseCase: Invalidando cache para verificación de email - Email: sebasagudelo1012@gmail.com
2025-07-11 12:20:20 [http-nio-8082-exec-4] DEBUG c.m.u.core.logging.LoggingService - CacheService: evict - Cache: emailVerified, Key: emailVerified:sebasagudelo1012@gmail.com
2025-07-11 12:20:20 [http-nio-8082-exec-4] DEBUG c.m.u.core.logging.LoggingService - CacheService: Entrada removida del cache - Cache: emailVerified, Key: emailVerified:sebasagudelo1012@gmail.com
2025-07-11 12:20:20 [http-nio-8082-exec-4] DEBUG c.m.u.core.logging.LoggingService - CachedCheckEmailVerificationUseCase: Cache de verificación de email invalidado - Email: sebasagudelo1012@gmail.com
2025-07-11 12:20:20 [http-nio-8082-exec-4] INFO  c.m.u.core.logging.LoggingService - VerifyCodeUseCase: Verificación de código completada exitosamente - Email: sebasagudelo1012@gmail.com, Código: 587660
2025-07-11 12:20:20 [http-nio-8082-exec-4] INFO  c.m.u.core.logging.LoggingService - VerificationService: Verificación de código completada - Email: sebasagudelo1012@gmail.com, Válido: true
2025-07-11 12:20:20 [http-nio-8082-exec-4] DEBUG o.s.w.s.m.m.a.HttpEntityMethodProcessor - Using 'application/json', given [*/*] and supported [application/json, application/*+json]
2025-07-11 12:20:20 [http-nio-8082-exec-4] DEBUG o.s.w.s.m.m.a.HttpEntityMethodProcessor - Writing [ApiResponse(success=true, message=Code verified successfully, data=true, errorCode=null, timestamp=2 (truncated)...]
2025-07-11 12:20:20 [http-nio-8082-exec-4] DEBUG o.s.web.servlet.DispatcherServlet - Completed 200 OK
2025-07-11 12:20:21 [AsyncReporter{org.springframework.boot.actuate.autoconfigure.tracing.zipkin.ZipkinWebClientSender@57dd717a}] DEBUG o.s.w.r.f.client.ExchangeFunctions - [38d99bb] HTTP POST http://localhost:9411/api/v2/spans%20
2025-07-11 12:20:22 [DiscoveryClient-CacheRefreshExecutor-0] DEBUG o.s.web.client.RestTemplate - HTTP GET http://localhost:8081/eureka/apps/delta
2025-07-11 12:20:22 [DiscoveryClient-CacheRefreshExecutor-0] DEBUG o.s.web.client.RestTemplate - Accept=[application/json, application/*+json]
2025-07-11 12:20:22 [DiscoveryClient-CacheRefreshExecutor-0] DEBUG o.s.web.client.RestTemplate - Response 200 OK
2025-07-11 12:20:22 [DiscoveryClient-CacheRefreshExecutor-0] DEBUG o.s.web.client.RestTemplate - Reading to [org.springframework.cloud.netflix.eureka.http.EurekaApplications]
2025-07-11 12:20:22 [DiscoveryClient-HeartbeatExecutor-0] DEBUG o.s.web.client.RestTemplate - HTTP PUT http://localhost:8081/eureka/apps/USERS-SERVICE/192.168.41.141:users-service:8082?status=UP&lastDirtyTimestamp=1752254332443
2025-07-11 12:20:22 [DiscoveryClient-HeartbeatExecutor-0] DEBUG o.s.web.client.RestTemplate - Accept=[application/json, application/*+json]
2025-07-11 12:20:22 [DiscoveryClient-HeartbeatExecutor-0] DEBUG o.s.web.client.RestTemplate - Response 200 OK
2025-07-11 12:20:24 [http-nio-8082-exec-5] DEBUG c.m.u.core.logging.LoggingService - InternalJwtFilter: Procesando solicitud: /register/customer
2025-07-11 12:20:24 [http-nio-8082-exec-5] DEBUG c.m.u.core.logging.LoggingService - InternalJwtFilter: Path '/register/customer' requiere JWT: false
2025-07-11 12:20:24 [http-nio-8082-exec-5] DEBUG c.m.u.core.logging.LoggingService - InternalJwtFilter: Path no protegido, continuando sin validación JWT
2025-07-11 12:20:24 [http-nio-8082-exec-5] DEBUG o.s.web.servlet.DispatcherServlet - POST "/register/customer", parameters={}
2025-07-11 12:20:24 [http-nio-8082-exec-5] DEBUG o.s.w.s.m.m.a.RequestMappingHandlerMapping - Mapped to com.microserviceone.users.registrationApi.web.controller.RegisterController#registerCustomer(CustomerRequest)
2025-07-11 12:20:24 [http-nio-8082-exec-5] DEBUG o.s.w.s.m.m.a.RequestResponseBodyMethodProcessor - Read "application/json;charset=UTF-8" to [CustomerRequest(name=Seebastian, lastName=Agudelo, email=sebasagudelo1012@gmail.com, password=Agudel (truncated)...]
2025-07-11 12:20:24 [http-nio-8082-exec-5] INFO  c.m.u.core.logging.LoggingService - Iniciando registro de cliente - Email: sebasagudelo1012@gmail.com, Nombre: Seebastian Agudelo
2025-07-11 12:20:24 [http-nio-8082-exec-5] DEBUG c.m.u.core.logging.LoggingService - Validando verificación de email para: sebasagudelo1012@gmail.com
2025-07-11 12:20:24 [http-nio-8082-exec-5] INFO  c.m.u.core.logging.LoggingService - Iniciando validación de email previa al registro para email: sebasagudelo1012@gmail.com
2025-07-11 12:20:24 [http-nio-8082-exec-5] INFO  c.m.u.core.logging.LoggingService - Validando verificación de email: sebasagudelo1012@gmail.com
2025-07-11 12:20:24 [http-nio-8082-exec-5] DEBUG c.m.u.core.logging.LoggingService - InternalJwtService: Generando token JWT interno para servicio: user-service
2025-07-11 12:20:24 [http-nio-8082-exec-5] INFO  c.m.u.core.logging.LoggingService - InternalJwtService: Token JWT interno generado exitosamente - Servicio: user-service, Longitud: 169
2025-07-11 12:20:24 [http-nio-8082-exec-5] DEBUG o.s.web.client.RestTemplate - HTTP POST http://localhost:8082/verification/status
2025-07-11 12:20:24 [http-nio-8082-exec-5] DEBUG o.s.web.client.RestTemplate - Accept=[application/json, application/*+json]
2025-07-11 12:20:24 [http-nio-8082-exec-5] DEBUG o.s.web.client.RestTemplate - Writing [com.microserviceone.users.registrationApi.application.service.UserValidationService$SendCodeRequest@7711a957] as "application/json"
2025-07-11 12:20:24 [http-nio-8082-exec-6] DEBUG c.m.u.core.logging.LoggingService - InternalJwtFilter: Procesando solicitud: /verification/status
2025-07-11 12:20:24 [http-nio-8082-exec-6] DEBUG c.m.u.core.logging.LoggingService - InternalJwtFilter: Path '/verification/status' requiere JWT: true
2025-07-11 12:20:24 [http-nio-8082-exec-6] DEBUG c.m.u.core.logging.LoggingService - InternalJwtFilter: Path protegido detectado, validando JWT interno
2025-07-11 12:20:24 [http-nio-8082-exec-6] DEBUG c.m.u.core.logging.LoggingService - InternalJwtFilter: Header Authorization: Presente
2025-07-11 12:20:24 [http-nio-8082-exec-6] DEBUG c.m.u.core.logging.LoggingService - InternalJwtFilter: Token recibido: eyJhbGciOiJIUzI1NiJ9...
2025-07-11 12:20:25 [http-nio-8082-exec-6] DEBUG c.m.u.core.logging.LoggingService - InternalJwtFilter: Token issuer: user-service
2025-07-11 12:20:25 [http-nio-8082-exec-6] INFO  c.m.u.core.logging.LoggingService - InternalJwtFilter: Validación JWT interna exitosa - Issuer: user-service
2025-07-11 12:20:25 [http-nio-8082-exec-6] DEBUG c.m.u.core.logging.LoggingService - InternalJwtFilter: Continuando con la solicitud
2025-07-11 12:20:25 [http-nio-8082-exec-6] DEBUG o.s.web.servlet.DispatcherServlet - POST "/verification/status", parameters={}
2025-07-11 12:20:25 [http-nio-8082-exec-6] DEBUG o.s.w.s.m.m.a.RequestMappingHandlerMapping - Mapped to com.microserviceone.users.verificationCodeApi.web.controller.VerificationCodeController#checkEmailVerification(SendCodeRequest)
2025-07-11 12:20:25 [http-nio-8082-exec-6] DEBUG o.s.w.s.m.m.a.RequestResponseBodyMethodProcessor - Read "application/json;charset=UTF-8" to [com.microserviceone.users.verificationCodeApi.web.dto.SendCodeRequest@2efb7b0]
2025-07-11 12:20:25 [http-nio-8082-exec-6] INFO  c.m.u.core.logging.LoggingService - VerificationService: Verificando estado de verificación de email - Email: sebasagudelo1012@gmail.com
2025-07-11 12:20:25 [http-nio-8082-exec-6] DEBUG c.m.u.core.logging.LoggingService - CachedCheckEmailVerificationUseCase: Verificando con cache si email está verificado - Email: sebasagudelo1012@gmail.com
2025-07-11 12:20:25 [http-nio-8082-exec-6] DEBUG c.m.u.core.logging.LoggingService - CacheService: getOrCompute - Cache: emailVerified, Key: emailVerified:sebasagudelo1012@gmail.com
2025-07-11 12:20:25 [http-nio-8082-exec-6] DEBUG c.m.u.core.logging.LoggingService - CacheService: Cache MISS - Cache: emailVerified, Key: emailVerified:sebasagudelo1012@gmail.com
2025-07-11 12:20:25 [http-nio-8082-exec-6] DEBUG c.m.u.core.logging.LoggingService - CachedCheckEmailVerificationUseCase: Cache miss, ejecutando verificación - Email: sebasagudelo1012@gmail.com
2025-07-11 12:20:25 [http-nio-8082-exec-6] INFO  c.m.u.core.logging.LoggingService - CheckEmailVerificationUseCase: Verificando estado de verificación de email - Email: sebasagudelo1012@gmail.com
2025-07-11 12:20:25 [http-nio-8082-exec-6] DEBUG c.m.u.core.logging.LoggingService - AdapterVerificationCode: Verificando si email está verificado - Email: sebasagudelo1012@gmail.com
2025-07-11 12:20:25 [http-nio-8082-exec-6] DEBUG c.m.u.core.logging.LoggingService - AdapterVerificationCode: Estado de verificación - Email: sebasagudelo1012@gmail.com, Verificado: true
2025-07-11 12:20:25 [http-nio-8082-exec-6] INFO  c.m.u.core.logging.LoggingService - CheckEmailVerificationUseCase: Email verificado correctamente - Email: sebasagudelo1012@gmail.com
2025-07-11 12:20:25 [AsyncReporter{org.springframework.boot.actuate.autoconfigure.tracing.zipkin.ZipkinWebClientSender@57dd717a}] DEBUG o.s.w.r.f.client.ExchangeFunctions - [5759c3b4] HTTP POST http://localhost:9411/api/v2/spans%20
2025-07-11 12:20:25 [http-nio-8082-exec-6] DEBUG c.m.u.core.logging.LoggingService - CacheService: Valor almacenado en cache - Cache: emailVerified, Key: emailVerified:sebasagudelo1012@gmail.com
2025-07-11 12:20:25 [http-nio-8082-exec-6] DEBUG c.m.u.core.logging.LoggingService - CachedCheckEmailVerificationUseCase: Email verificado (cache) - Email: sebasagudelo1012@gmail.com
2025-07-11 12:20:25 [http-nio-8082-exec-6] INFO  c.m.u.core.logging.LoggingService - VerificationService: Verificación de email completada - Email: sebasagudelo1012@gmail.com
2025-07-11 12:20:25 [http-nio-8082-exec-6] DEBUG o.s.w.s.m.m.a.HttpEntityMethodProcessor - Using 'application/json', given [application/json, application/*+json] and supported [application/json, application/*+json]
2025-07-11 12:20:25 [http-nio-8082-exec-6] DEBUG o.s.w.s.m.m.a.HttpEntityMethodProcessor - Writing [ApiResponse(success=true, message=Email has been verified, data=null, errorCode=null, timestamp=2025 (truncated)...]
2025-07-11 12:20:25 [http-nio-8082-exec-6] DEBUG o.s.web.servlet.DispatcherServlet - Completed 200 OK
2025-07-11 12:20:25 [http-nio-8082-exec-5] DEBUG o.s.web.client.RestTemplate - Response 200 OK
2025-07-11 12:20:25 [http-nio-8082-exec-5] DEBUG o.s.web.client.RestTemplate - Reading to [com.microserviceone.users.registrationApi.web.dto.ApiResponse<?>]
2025-07-11 12:20:25 [http-nio-8082-exec-5] INFO  c.m.u.core.logging.LoggingService - Email verificado exitosamente: sebasagudelo1012@gmail.com
2025-07-11 12:20:25 [http-nio-8082-exec-5] INFO  c.m.u.core.logging.LoggingService - Validación de email completada exitosamente para email: sebasagudelo1012@gmail.com
2025-07-11 12:20:25 [http-nio-8082-exec-5] DEBUG c.m.u.core.logging.LoggingService - Mapeando CustomerRequest a dominio para email: sebasagudelo1012@gmail.com
2025-07-11 12:20:25 [http-nio-8082-exec-5] DEBUG c.m.u.core.logging.LoggingService - Mapeando CustomerRequest a Customer - Email: sebasagudelo1012@gmail.com, Nombre: Seebastian Agudelo
2025-07-11 12:20:25 [http-nio-8082-exec-5] DEBUG c.m.u.core.logging.LoggingService - Customer mapeado exitosamente - Email: sebasagudelo1012@gmail.com, Edad: 19 años
2025-07-11 12:20:25 [http-nio-8082-exec-5] DEBUG c.m.u.core.logging.LoggingService - Procesando registro de cliente con email: sebasagudelo1012@gmail.com
2025-07-11 12:20:25 [http-nio-8082-exec-5] INFO  c.m.u.core.logging.LoggingService - RegistrationService: Procesando registro de cliente - Email: sebasagudelo1012@gmail.com
2025-07-11 12:20:25 [http-nio-8082-exec-5] INFO  c.m.u.core.logging.LoggingService - Iniciando registro de cliente con email: sebasagudelo1012@gmail.com y edad: 19
2025-07-11 12:20:25 [http-nio-8082-exec-5] DEBUG c.m.u.core.logging.LoggingService - Validando unicidad de email: sebasagudelo1012@gmail.com
2025-07-11 12:20:25 [http-nio-8082-exec-5] DEBUG c.m.u.core.logging.LoggingService - Validando unicidad de email: sebasagudelo1012@gmail.com
2025-07-11 12:20:25 [http-nio-8082-exec-5] DEBUG c.m.u.core.logging.LoggingService - AdapterRegister: Verificando existencia de usuario por email: sebasagudelo1012@gmail.com
2025-07-11 12:20:25 [http-nio-8082-exec-5] DEBUG c.m.u.core.logging.LoggingService - AdapterRegister: Usuario NO existe - Email: sebasagudelo1012@gmail.com
2025-07-11 12:20:25 [http-nio-8082-exec-5] DEBUG c.m.u.core.logging.LoggingService - Email validado como único: sebasagudelo1012@gmail.com
2025-07-11 12:20:25 [http-nio-8082-exec-5] DEBUG c.m.u.core.logging.LoggingService - Email validado como único: sebasagudelo1012@gmail.com
2025-07-11 12:20:25 [http-nio-8082-exec-5] DEBUG c.m.u.core.logging.LoggingService - Validando edad del cliente: 19 años
2025-07-11 12:20:25 [http-nio-8082-exec-5] DEBUG c.m.u.core.logging.LoggingService - Validando edad del cliente: 19 años (email: sebasagudelo1012@gmail.com)
2025-07-11 12:20:25 [http-nio-8082-exec-5] DEBUG c.m.u.core.logging.LoggingService - Edad validada correctamente: 19 años (email: sebasagudelo1012@gmail.com)
2025-07-11 12:20:25 [http-nio-8082-exec-5] DEBUG c.m.u.core.logging.LoggingService - Edad validada correctamente: 19 años
2025-07-11 12:20:25 [http-nio-8082-exec-5] DEBUG c.m.u.core.logging.LoggingService - Encriptando contraseña para cliente: sebasagudelo1012@gmail.com
2025-07-11 12:20:25 [http-nio-8082-exec-5] INFO  c.m.u.core.logging.LoggingService - Iniciando encriptación de contraseña para email: sebasagudelo1012@gmail.com
2025-07-11 12:20:25 [http-nio-8082-exec-5] INFO  c.m.u.core.logging.LoggingService - Contraseña encriptada exitosamente para email: sebasagudelo1012@gmail.com
2025-07-11 12:20:25 [http-nio-8082-exec-5] DEBUG c.m.u.core.logging.LoggingService - Longitud de contraseña encriptada: 60 caracteres
2025-07-11 12:20:25 [http-nio-8082-exec-5] DEBUG c.m.u.core.logging.LoggingService - Guardando cliente en base de datos: sebasagudelo1012@gmail.com
2025-07-11 12:20:25 [http-nio-8082-exec-5] DEBUG c.m.u.core.logging.LoggingService - AdapterRegister: Guardando usuario en base de datos - Email: sebasagudelo1012@gmail.com, Tipo: Customer
2025-07-11 12:20:25 [http-nio-8082-exec-5] DEBUG c.m.u.core.logging.LoggingService - UserMapper: Convirtiendo dominio a entidad - Email: sebasagudelo1012@gmail.com, Tipo: Customer
2025-07-11 12:20:25 [http-nio-8082-exec-5] DEBUG c.m.u.core.logging.LoggingService - UserMapper: Mapeando campos comunes - Email: sebasagudelo1012@gmail.com
2025-07-11 12:20:25 [http-nio-8082-exec-5] DEBUG c.m.u.core.logging.LoggingService - UserMapper: Campos comunes mapeados exitosamente - Email: sebasagudelo1012@gmail.com, Rol: CUSTOMER
2025-07-11 12:20:25 [http-nio-8082-exec-5] DEBUG c.m.u.core.logging.LoggingService - UserMapper: Customer convertido a CustomerEntity - Email: sebasagudelo1012@gmail.com, Fecha nacimiento: 2006-04-02
2025-07-11 12:20:25 [http-nio-8082-exec-5] DEBUG c.m.u.core.logging.LoggingService - AdapterRegister: Usuario convertido a entidad - Email: sebasagudelo1012@gmail.com
2025-07-11 12:20:25 [http-nio-8082-exec-5] DEBUG c.m.u.core.logging.LoggingService - AdapterRegister: Usuario guardado en base de datos - ID: 1, Email: sebasagudelo1012@gmail.com
2025-07-11 12:20:25 [http-nio-8082-exec-5] DEBUG c.m.u.core.logging.LoggingService - UserMapper: Convirtiendo entidad a dominio - ID: 1, Tipo: CustomerEntity
2025-07-11 12:20:25 [http-nio-8082-exec-5] DEBUG c.m.u.core.logging.LoggingService - UserMapper: CustomerEntity convertido a Customer - ID: 1, Email: sebasagudelo1012@gmail.com, Fecha nacimiento: 2006-04-02
2025-07-11 12:20:25 [http-nio-8082-exec-5] DEBUG c.m.u.core.logging.LoggingService - AdapterRegister: Usuario convertido de entidad a dominio - ID: 1, Email: sebasagudelo1012@gmail.com
2025-07-11 12:20:25 [http-nio-8082-exec-5] INFO  c.m.u.core.logging.LoggingService - Cliente registrado exitosamente con ID: 1, email: sebasagudelo1012@gmail.com y edad: 19
2025-07-11 12:20:25 [http-nio-8082-exec-5] INFO  c.m.u.core.logging.LoggingService - RegistrationService: Cliente registrado exitosamente - ID: 1, Email: sebasagudelo1012@gmail.com
2025-07-11 12:20:25 [http-nio-8082-exec-5] DEBUG c.m.u.core.logging.LoggingService - Aceptando términos y condiciones para usuario ID: 1
2025-07-11 12:20:25 [http-nio-8082-exec-5] INFO  c.m.u.core.logging.LoggingService - Aceptando términos y condiciones para usuario ID: 1, Email: sebasagudelo1012@gmail.com
2025-07-11 12:20:25 [http-nio-8082-exec-5] DEBUG c.m.u.core.logging.LoggingService - Obteniendo términos activos
2025-07-11 12:20:25 [http-nio-8082-exec-5] DEBUG c.m.u.core.logging.LoggingService - URL llamada: http://localhost:8082/terms
2025-07-11 12:20:25 [http-nio-8082-exec-5] DEBUG o.s.web.client.RestTemplate - HTTP GET http://localhost:8082/terms
2025-07-11 12:20:25 [http-nio-8082-exec-5] DEBUG o.s.web.client.RestTemplate - Accept=[text/plain, application/json, application/*+json, */*]
2025-07-11 12:20:25 [http-nio-8082-exec-7] DEBUG c.m.u.core.logging.LoggingService - InternalJwtFilter: Procesando solicitud: /terms
2025-07-11 12:20:25 [http-nio-8082-exec-7] DEBUG c.m.u.core.logging.LoggingService - InternalJwtFilter: Path '/terms' requiere JWT: false
2025-07-11 12:20:25 [http-nio-8082-exec-7] DEBUG c.m.u.core.logging.LoggingService - InternalJwtFilter: Path no protegido, continuando sin validación JWT
2025-07-11 12:20:25 [http-nio-8082-exec-7] DEBUG o.s.web.servlet.DispatcherServlet - GET "/terms", parameters={}
2025-07-11 12:20:25 [http-nio-8082-exec-7] DEBUG o.s.w.s.m.m.a.RequestMappingHandlerMapping - Mapped to com.microserviceone.users.termsAndConditionsApi.web.controller.TermController#getAllActiveTerms()
2025-07-11 12:20:25 [http-nio-8082-exec-7] INFO  c.m.u.core.logging.LoggingService - TermsService: Obteniendo todos los términos activos
2025-07-11 12:20:25 [http-nio-8082-exec-7] INFO  c.m.u.core.logging.LoggingService - CachedGetAllActiveTermsUseCase: Obteniendo términos activos con cache
2025-07-11 12:20:25 [http-nio-8082-exec-7] DEBUG c.m.u.core.logging.LoggingService - CacheService: getOrCompute - Cache: termsActive, Key: active_terms
2025-07-11 12:20:25 [http-nio-8082-exec-7] DEBUG c.m.u.core.logging.LoggingService - CacheService: Cache MISS - Cache: termsActive, Key: active_terms
2025-07-11 12:20:25 [http-nio-8082-exec-7] DEBUG c.m.u.core.logging.LoggingService - CachedGetAllActiveTermsUseCase: Cache miss, ejecutando consulta de términos activos
2025-07-11 12:20:25 [http-nio-8082-exec-7] INFO  c.m.u.core.logging.LoggingService - GetAllActiveTermsUseCase: Obteniendo todos los términos activos
2025-07-11 12:20:25 [http-nio-8082-exec-7] INFO  c.m.u.core.logging.LoggingService - AdapterTerm: Obteniendo todos los términos activos
2025-07-11 12:20:25 [http-nio-8082-exec-7] INFO  c.m.u.core.logging.LoggingService - AdapterTerm: Términos activos obtenidos exitosamente - Cantidad: 0
2025-07-11 12:20:25 [http-nio-8082-exec-7] INFO  c.m.u.core.logging.LoggingService - GetAllActiveTermsUseCase: Términos activos obtenidos exitosamente - Cantidad: 0
2025-07-11 12:20:25 [http-nio-8082-exec-7] DEBUG c.m.u.core.logging.LoggingService - CacheService: Valor almacenado en cache - Cache: termsActive, Key: active_terms
2025-07-11 12:20:25 [http-nio-8082-exec-7] INFO  c.m.u.core.logging.LoggingService - CachedGetAllActiveTermsUseCase: Términos activos obtenidos - Cantidad: 0
2025-07-11 12:20:25 [http-nio-8082-exec-7] INFO  c.m.u.core.logging.LoggingService - TermsService: Términos activos obtenidos exitosamente - Cantidad: 0
2025-07-11 12:20:25 [http-nio-8082-exec-7] DEBUG o.s.w.s.m.m.a.HttpEntityMethodProcessor - Using 'application/json', given [text/plain, application/json, application/*+json, */*] and supported [application/json, application/*+json]
2025-07-11 12:20:25 [http-nio-8082-exec-7] DEBUG o.s.w.s.m.m.a.HttpEntityMethodProcessor - Nothing to write: null body
2025-07-11 12:20:25 [http-nio-8082-exec-7] DEBUG o.s.web.servlet.DispatcherServlet - Completed 204 NO_CONTENT
2025-07-11 12:20:25 [http-nio-8082-exec-5] DEBUG o.s.web.client.RestTemplate - Response 204 NO_CONTENT
2025-07-11 12:20:25 [http-nio-8082-exec-5] DEBUG c.m.u.core.logging.LoggingService - Status Code: 204 NO_CONTENT
2025-07-11 12:20:25 [http-nio-8082-exec-5] DEBUG c.m.u.core.logging.LoggingService - Response Body: null
2025-07-11 12:20:25 [http-nio-8082-exec-5] WARN  c.m.u.core.logging.LoggingService - No se encontraron términos activos, usando término por defecto
2025-07-11 12:20:26 [AsyncReporter{org.springframework.boot.actuate.autoconfigure.tracing.zipkin.ZipkinWebClientSender@57dd717a}] DEBUG o.s.w.r.f.client.ExchangeFunctions - [4b0a63e3] HTTP POST http://localhost:9411/api/v2/spans%20
2025-07-11 12:20:52 [DiscoveryClient-CacheRefreshExecutor-0] DEBUG o.s.web.client.RestTemplate - HTTP GET http://localhost:8081/eureka/apps/delta
2025-07-11 12:20:52 [DiscoveryClient-CacheRefreshExecutor-0] DEBUG o.s.web.client.RestTemplate - Accept=[application/json, application/*+json]
2025-07-11 12:20:52 [DiscoveryClient-CacheRefreshExecutor-0] DEBUG o.s.web.client.RestTemplate - Response 200 OK
2025-07-11 12:20:52 [DiscoveryClient-CacheRefreshExecutor-0] DEBUG o.s.web.client.RestTemplate - Reading to [org.springframework.cloud.netflix.eureka.http.EurekaApplications]
2025-07-11 12:20:52 [DiscoveryClient-HeartbeatExecutor-0] DEBUG o.s.web.client.RestTemplate - HTTP PUT http://localhost:8081/eureka/apps/USERS-SERVICE/192.168.41.141:users-service:8082?status=UP&lastDirtyTimestamp=1752254332443
2025-07-11 12:20:52 [DiscoveryClient-HeartbeatExecutor-0] DEBUG o.s.web.client.RestTemplate - Accept=[application/json, application/*+json]
2025-07-11 12:20:52 [DiscoveryClient-HeartbeatExecutor-0] DEBUG o.s.web.client.RestTemplate - Response 200 OK
2025-07-11 12:21:22 [DiscoveryClient-CacheRefreshExecutor-0] DEBUG o.s.web.client.RestTemplate - HTTP GET http://localhost:8081/eureka/apps/delta
2025-07-11 12:21:22 [DiscoveryClient-CacheRefreshExecutor-0] DEBUG o.s.web.client.RestTemplate - Accept=[application/json, application/*+json]
2025-07-11 12:21:22 [DiscoveryClient-CacheRefreshExecutor-0] DEBUG o.s.web.client.RestTemplate - Response 200 OK
2025-07-11 12:21:22 [DiscoveryClient-CacheRefreshExecutor-0] DEBUG o.s.web.client.RestTemplate - Reading to [org.springframework.cloud.netflix.eureka.http.EurekaApplications]
2025-07-11 12:21:22 [DiscoveryClient-HeartbeatExecutor-0] DEBUG o.s.web.client.RestTemplate - HTTP PUT http://localhost:8081/eureka/apps/USERS-SERVICE/192.168.41.141:users-service:8082?status=UP&lastDirtyTimestamp=1752254332443
2025-07-11 12:21:22 [DiscoveryClient-HeartbeatExecutor-0] DEBUG o.s.web.client.RestTemplate - Accept=[application/json, application/*+json]
2025-07-11 12:21:22 [DiscoveryClient-HeartbeatExecutor-0] DEBUG o.s.web.client.RestTemplate - Response 200 OK
2025-07-11 12:21:52 [DiscoveryClient-CacheRefreshExecutor-0] DEBUG o.s.web.client.RestTemplate - HTTP GET http://localhost:8081/eureka/apps/delta
2025-07-11 12:21:52 [DiscoveryClient-CacheRefreshExecutor-0] DEBUG o.s.web.client.RestTemplate - Accept=[application/json, application/*+json]
2025-07-11 12:21:52 [DiscoveryClient-CacheRefreshExecutor-0] DEBUG o.s.web.client.RestTemplate - Response 200 OK
2025-07-11 12:21:52 [DiscoveryClient-CacheRefreshExecutor-0] DEBUG o.s.web.client.RestTemplate - Reading to [org.springframework.cloud.netflix.eureka.http.EurekaApplications]
2025-07-11 12:21:52 [DiscoveryClient-HeartbeatExecutor-0] DEBUG o.s.web.client.RestTemplate - HTTP PUT http://localhost:8081/eureka/apps/USERS-SERVICE/192.168.41.141:users-service:8082?status=UP&lastDirtyTimestamp=1752254332443
2025-07-11 12:21:52 [DiscoveryClient-HeartbeatExecutor-0] DEBUG o.s.web.client.RestTemplate - Accept=[application/json, application/*+json]
2025-07-11 12:21:52 [DiscoveryClient-HeartbeatExecutor-0] DEBUG o.s.web.client.RestTemplate - Response 200 OK
2025-07-11 12:22:22 [DiscoveryClient-CacheRefreshExecutor-0] DEBUG o.s.web.client.RestTemplate - HTTP GET http://localhost:8081/eureka/apps/delta
2025-07-11 12:22:22 [DiscoveryClient-CacheRefreshExecutor-0] DEBUG o.s.web.client.RestTemplate - Accept=[application/json, application/*+json]
2025-07-11 12:22:22 [DiscoveryClient-CacheRefreshExecutor-0] DEBUG o.s.web.client.RestTemplate - Response 200 OK
2025-07-11 12:22:22 [DiscoveryClient-CacheRefreshExecutor-0] DEBUG o.s.web.client.RestTemplate - Reading to [org.springframework.cloud.netflix.eureka.http.EurekaApplications]
2025-07-11 12:22:22 [DiscoveryClient-HeartbeatExecutor-0] DEBUG o.s.web.client.RestTemplate - HTTP PUT http://localhost:8081/eureka/apps/USERS-SERVICE/192.168.41.141:users-service:8082?status=UP&lastDirtyTimestamp=1752254332443
2025-07-11 12:22:22 [DiscoveryClient-HeartbeatExecutor-0] DEBUG o.s.web.client.RestTemplate - Accept=[application/json, application/*+json]
2025-07-11 12:22:22 [DiscoveryClient-HeartbeatExecutor-0] DEBUG o.s.web.client.RestTemplate - Response 200 OK
2025-07-11 12:22:52 [DiscoveryClient-CacheRefreshExecutor-0] DEBUG o.s.web.client.RestTemplate - HTTP GET http://localhost:8081/eureka/apps/delta
2025-07-11 12:22:52 [DiscoveryClient-CacheRefreshExecutor-0] DEBUG o.s.web.client.RestTemplate - Accept=[application/json, application/*+json]
2025-07-11 12:22:52 [DiscoveryClient-CacheRefreshExecutor-0] DEBUG o.s.web.client.RestTemplate - Response 200 OK
2025-07-11 12:22:52 [DiscoveryClient-CacheRefreshExecutor-0] DEBUG o.s.web.client.RestTemplate - Reading to [org.springframework.cloud.netflix.eureka.http.EurekaApplications]
2025-07-11 12:22:52 [DiscoveryClient-HeartbeatExecutor-0] DEBUG o.s.web.client.RestTemplate - HTTP PUT http://localhost:8081/eureka/apps/USERS-SERVICE/192.168.41.141:users-service:8082?status=UP&lastDirtyTimestamp=1752254332443
2025-07-11 12:22:52 [DiscoveryClient-HeartbeatExecutor-0] DEBUG o.s.web.client.RestTemplate - Accept=[application/json, application/*+json]
2025-07-11 12:22:52 [DiscoveryClient-HeartbeatExecutor-0] DEBUG o.s.web.client.RestTemplate - Response 200 OK
2025-07-11 12:23:22 [DiscoveryClient-CacheRefreshExecutor-0] DEBUG o.s.web.client.RestTemplate - HTTP GET http://localhost:8081/eureka/apps/delta
2025-07-11 12:23:22 [DiscoveryClient-CacheRefreshExecutor-0] DEBUG o.s.web.client.RestTemplate - Accept=[application/json, application/*+json]
2025-07-11 12:23:22 [DiscoveryClient-CacheRefreshExecutor-0] DEBUG o.s.web.client.RestTemplate - Response 200 OK
2025-07-11 12:23:22 [DiscoveryClient-CacheRefreshExecutor-0] DEBUG o.s.web.client.RestTemplate - Reading to [org.springframework.cloud.netflix.eureka.http.EurekaApplications]
2025-07-11 12:23:22 [DiscoveryClient-HeartbeatExecutor-0] DEBUG o.s.web.client.RestTemplate - HTTP PUT http://localhost:8081/eureka/apps/USERS-SERVICE/192.168.41.141:users-service:8082?status=UP&lastDirtyTimestamp=1752254332443
2025-07-11 12:23:22 [DiscoveryClient-HeartbeatExecutor-0] DEBUG o.s.web.client.RestTemplate - Accept=[application/json, application/*+json]
2025-07-11 12:23:22 [DiscoveryClient-HeartbeatExecutor-0] DEBUG o.s.web.client.RestTemplate - Response 200 OK
2025-07-11 12:23:37 [http-nio-8082-exec-5] DEBUG c.m.u.core.logging.LoggingService - InternalJwtService: Generando token JWT interno para servicio: user-service
2025-07-11 12:23:37 [http-nio-8082-exec-5] INFO  c.m.u.core.logging.LoggingService - InternalJwtService: Token JWT interno generado exitosamente - Servicio: user-service, Longitud: 169
2025-07-11 12:23:37 [http-nio-8082-exec-5] DEBUG o.s.web.client.RestTemplate - HTTP POST http://localhost:8082/terms/accept/multiple
2025-07-11 12:23:37 [http-nio-8082-exec-5] DEBUG o.s.web.client.RestTemplate - Accept=[application/json, application/*+json]
2025-07-11 12:23:37 [http-nio-8082-exec-5] DEBUG o.s.web.client.RestTemplate - Writing [com.microserviceone.users.termsAndConditionsApi.web.dto.AcceptedMultipleRequest@9a8d4d0] as "application/json"
2025-07-11 12:23:37 [http-nio-8082-exec-10] DEBUG c.m.u.core.logging.LoggingService - InternalJwtFilter: Procesando solicitud: /terms/accept/multiple
2025-07-11 12:23:37 [http-nio-8082-exec-10] DEBUG c.m.u.core.logging.LoggingService - InternalJwtFilter: Path '/terms/accept/multiple' requiere JWT: true
2025-07-11 12:23:37 [http-nio-8082-exec-10] DEBUG c.m.u.core.logging.LoggingService - InternalJwtFilter: Path protegido detectado, validando JWT interno
2025-07-11 12:23:37 [http-nio-8082-exec-10] DEBUG c.m.u.core.logging.LoggingService - InternalJwtFilter: Header Authorization: Presente
2025-07-11 12:23:37 [http-nio-8082-exec-10] DEBUG c.m.u.core.logging.LoggingService - InternalJwtFilter: Token recibido: eyJhbGciOiJIUzI1NiJ9...
2025-07-11 12:23:37 [http-nio-8082-exec-10] DEBUG c.m.u.core.logging.LoggingService - InternalJwtFilter: Token issuer: user-service
2025-07-11 12:23:37 [http-nio-8082-exec-10] INFO  c.m.u.core.logging.LoggingService - InternalJwtFilter: Validación JWT interna exitosa - Issuer: user-service
2025-07-11 12:23:37 [http-nio-8082-exec-10] DEBUG c.m.u.core.logging.LoggingService - InternalJwtFilter: Continuando con la solicitud
2025-07-11 12:23:37 [http-nio-8082-exec-10] DEBUG o.s.web.servlet.DispatcherServlet - POST "/terms/accept/multiple", parameters={}
2025-07-11 12:23:37 [http-nio-8082-exec-10] DEBUG o.s.w.s.m.m.a.RequestMappingHandlerMapping - Mapped to com.microserviceone.users.termsAndConditionsApi.web.controller.TermController#acceptMultipleTerms(AcceptedMultipleRequest, HttpServletRequest)
2025-07-11 12:23:37 [http-nio-8082-exec-10] DEBUG o.s.w.s.m.m.a.RequestResponseBodyMethodProcessor - Read "application/json;charset=UTF-8" to [com.microserviceone.users.termsAndConditionsApi.web.dto.AcceptedMultipleRequest@7b1b7b55]
2025-07-11 12:23:37 [http-nio-8082-exec-10] INFO  c.m.u.core.logging.LoggingService - TermsService: Procesando aceptación múltiple de términos - UserID: 1, Email: sebasagudelo1012@gmail.com, Cantidad: 1, IP: 127.0.0.1
2025-07-11 12:23:37 [http-nio-8082-exec-10] INFO  c.m.u.core.logging.LoggingService - AcceptTermUseCase: Iniciando aceptación de término - UserID: 1, Email: sebasagudelo1012@gmail.com, TermID: 1, IP: 127.0.0.1
2025-07-11 12:23:37 [http-nio-8082-exec-10] DEBUG c.m.u.core.logging.LoggingService - AcceptTermUseCase: Validando existencia y estado del término - TermID: 1
2025-07-11 12:23:37 [http-nio-8082-exec-10] DEBUG c.m.u.core.logging.LoggingService - ValidateExistTermUseCase: Validando existencia y estado del término - TermID: 1
2025-07-11 12:23:37 [http-nio-8082-exec-10] DEBUG c.m.u.core.logging.LoggingService - AdapterTerm: Buscando término por ID: 1
2025-07-11 12:23:37 [http-nio-8082-exec-10] DEBUG c.m.u.core.logging.LoggingService - AdapterTerm: No se encontró término con ID: 1
2025-07-11 12:23:37 [http-nio-8082-exec-10] DEBUG c.m.u.core.logging.LoggingService - Termino no encontrado o no activo
2025-07-11 12:23:37 [http-nio-8082-exec-10] WARN  c.m.u.core.logging.LoggingService - ValidateExistTermUseCase: Término no encontrado o inactivo - TermID: 1
2025-07-11 12:23:37 [http-nio-8082-exec-10] ERROR c.m.u.core.logging.LoggingService - AcceptTermUseCase: Error al aceptar término - UserID: 1, Email: sebasagudelo1012@gmail.com, TermID: 1
com.microserviceone.users.termsAndConditionsApi.application.exception.TermNotActiveOrNotFoundException: Term not found or not active
	at com.microserviceone.users.termsAndConditionsApi.application.usecase.ValidateExistTermUseCase.lambda$1(ValidateExistTermUseCase.java:23)
	at java.base/java.util.Optional.orElseThrow(Optional.java:403)
	at com.microserviceone.users.termsAndConditionsApi.application.usecase.ValidateExistTermUseCase.validateTerm(ValidateExistTermUseCase.java:23)
	at java.base/jdk.internal.reflect.NativeMethodAccessorImpl.invoke0(Native Method)
	at java.base/jdk.internal.reflect.NativeMethodAccessorImpl.invoke(NativeMethodAccessorImpl.java:77)
	at java.base/jdk.internal.reflect.DelegatingMethodAccessorImpl.invoke(DelegatingMethodAccessorImpl.java:43)
	at java.base/java.lang.reflect.Method.invoke(Method.java:569)
	at org.springframework.aop.support.AopUtils.invokeJoinpointUsingReflection(AopUtils.java:351)
	at org.springframework.aop.framework.ReflectiveMethodInvocation.invokeJoinpoint(ReflectiveMethodInvocation.java:196)
	at org.springframework.aop.framework.ReflectiveMethodInvocation.proceed(ReflectiveMethodInvocation.java:163)
	at org.springframework.aop.framework.CglibAopProxy$CglibMethodInvocation.proceed(CglibAopProxy.java:765)
	at org.springframework.transaction.interceptor.TransactionInterceptor$1.proceedWithInvocation(TransactionInterceptor.java:123)
	at org.springframework.transaction.interceptor.TransactionAspectSupport.invokeWithinTransaction(TransactionAspectSupport.java:385)
	at org.springframework.transaction.interceptor.TransactionInterceptor.invoke(TransactionInterceptor.java:119)
	at org.springframework.aop.framework.ReflectiveMethodInvocation.proceed(ReflectiveMethodInvocation.java:184)
	at org.springframework.aop.framework.CglibAopProxy$CglibMethodInvocation.proceed(CglibAopProxy.java:765)
	at org.springframework.aop.framework.CglibAopProxy$DynamicAdvisedInterceptor.intercept(CglibAopProxy.java:717)
	at com.microserviceone.users.termsAndConditionsApi.application.usecase.ValidateExistTermUseCase$$SpringCGLIB$$0.validateTerm(<generated>)
	at com.microserviceone.users.termsAndConditionsApi.application.usecase.AcceptTermUseCase.acceptTerm(AcceptTermUseCase.java:32)
	at java.base/jdk.internal.reflect.NativeMethodAccessorImpl.invoke0(Native Method)
	at java.base/jdk.internal.reflect.NativeMethodAccessorImpl.invoke(NativeMethodAccessorImpl.java:77)
	at java.base/jdk.internal.reflect.DelegatingMethodAccessorImpl.invoke(DelegatingMethodAccessorImpl.java:43)
	at java.base/java.lang.reflect.Method.invoke(Method.java:569)
	at org.springframework.aop.support.AopUtils.invokeJoinpointUsingReflection(AopUtils.java:351)
	at org.springframework.aop.framework.ReflectiveMethodInvocation.invokeJoinpoint(ReflectiveMethodInvocation.java:196)
	at org.springframework.aop.framework.ReflectiveMethodInvocation.proceed(ReflectiveMethodInvocation.java:163)
	at org.springframework.aop.framework.CglibAopProxy$CglibMethodInvocation.proceed(CglibAopProxy.java:765)
	at org.springframework.transaction.interceptor.TransactionInterceptor$1.proceedWithInvocation(TransactionInterceptor.java:123)
	at org.springframework.transaction.interceptor.TransactionAspectSupport.invokeWithinTransaction(TransactionAspectSupport.java:385)
	at org.springframework.transaction.interceptor.TransactionInterceptor.invoke(TransactionInterceptor.java:119)
	at org.springframework.aop.framework.ReflectiveMethodInvocation.proceed(ReflectiveMethodInvocation.java:184)
	at org.springframework.aop.framework.CglibAopProxy$CglibMethodInvocation.proceed(CglibAopProxy.java:765)
	at org.springframework.aop.framework.CglibAopProxy$DynamicAdvisedInterceptor.intercept(CglibAopProxy.java:717)
	at com.microserviceone.users.termsAndConditionsApi.application.usecase.AcceptTermUseCase$$SpringCGLIB$$0.acceptTerm(<generated>)
	at com.microserviceone.users.termsAndConditionsApi.application.usecase.AcceptAllTermsUseCase.acceptAll(AcceptAllTermsUseCase.java:29)
	at com.microserviceone.users.termsAndConditionsApi.application.service.TermsService.acceptAll(TermsService.java:169)
	at com.microserviceone.users.termsAndConditionsApi.web.controller.TermController.acceptMultipleTerms(TermController.java:97)
	at java.base/jdk.internal.reflect.NativeMethodAccessorImpl.invoke0(Native Method)
	at java.base/jdk.internal.reflect.NativeMethodAccessorImpl.invoke(NativeMethodAccessorImpl.java:77)
	at java.base/jdk.internal.reflect.DelegatingMethodAccessorImpl.invoke(DelegatingMethodAccessorImpl.java:43)
	at java.base/java.lang.reflect.Method.invoke(Method.java:569)
	at org.springframework.web.method.support.InvocableHandlerMethod.doInvoke(InvocableHandlerMethod.java:259)
	at org.springframework.web.method.support.InvocableHandlerMethod.invokeForRequest(InvocableHandlerMethod.java:192)
	at org.springframework.web.servlet.mvc.method.annotation.ServletInvocableHandlerMethod.invokeAndHandle(ServletInvocableHandlerMethod.java:118)
	at org.springframework.web.servlet.mvc.method.annotation.RequestMappingHandlerAdapter.invokeHandlerMethod(RequestMappingHandlerAdapter.java:920)
	at org.springframework.web.servlet.mvc.method.annotation.RequestMappingHandlerAdapter.handleInternal(RequestMappingHandlerAdapter.java:830)
	at org.springframework.web.servlet.mvc.method.AbstractHandlerMethodAdapter.handle(AbstractHandlerMethodAdapter.java:87)
	at org.springframework.web.servlet.DispatcherServlet.doDispatch(DispatcherServlet.java:1089)
	at org.springframework.web.servlet.DispatcherServlet.doService(DispatcherServlet.java:979)
	at org.springframework.web.servlet.FrameworkServlet.processRequest(FrameworkServlet.java:1014)
	at org.springframework.web.servlet.FrameworkServlet.doPost(FrameworkServlet.java:914)
	at jakarta.servlet.http.HttpServlet.service(HttpServlet.java:590)
	at org.springframework.web.servlet.FrameworkServlet.service(FrameworkServlet.java:885)
	at jakarta.servlet.http.HttpServlet.service(HttpServlet.java:658)
	at org.apache.catalina.core.ApplicationFilterChain.internalDoFilter(ApplicationFilterChain.java:205)
	at org.apache.catalina.core.ApplicationFilterChain.doFilter(ApplicationFilterChain.java:149)
	at org.apache.tomcat.websocket.server.WsFilter.doFilter(WsFilter.java:51)
	at org.apache.catalina.core.ApplicationFilterChain.internalDoFilter(ApplicationFilterChain.java:174)
	at org.apache.catalina.core.ApplicationFilterChain.doFilter(ApplicationFilterChain.java:149)
	at org.springframework.web.filter.OncePerRequestFilter.doFilter(OncePerRequestFilter.java:110)
	at org.apache.catalina.core.ApplicationFilterChain.internalDoFilter(ApplicationFilterChain.java:174)
	at org.apache.catalina.core.ApplicationFilterChain.doFilter(ApplicationFilterChain.java:149)
	at org.springframework.web.filter.CompositeFilter$VirtualFilterChain.doFilter(CompositeFilter.java:108)
	at org.springframework.security.web.FilterChainProxy.lambda$doFilterInternal$3(FilterChainProxy.java:231)
	at org.springframework.security.web.ObservationFilterChainDecorator$FilterObservation$SimpleFilterObservation.lambda$wrap$1(ObservationFilterChainDecorator.java:479)
	at org.springframework.security.web.ObservationFilterChainDecorator$AroundFilterObservation$SimpleAroundFilterObservation.lambda$wrap$1(ObservationFilterChainDecorator.java:340)
	at org.springframework.security.web.ObservationFilterChainDecorator.lambda$wrapSecured$0(ObservationFilterChainDecorator.java:82)
	at org.springframework.security.web.ObservationFilterChainDecorator$VirtualFilterChain.doFilter(ObservationFilterChainDecorator.java:128)
	at org.springframework.security.web.access.intercept.AuthorizationFilter.doFilter(AuthorizationFilter.java:100)
	at org.springframework.security.web.ObservationFilterChainDecorator$ObservationFilter.wrapFilter(ObservationFilterChainDecorator.java:240)
	at org.springframework.security.web.ObservationFilterChainDecorator$ObservationFilter.doFilter(ObservationFilterChainDecorator.java:227)
	at org.springframework.security.web.ObservationFilterChainDecorator$VirtualFilterChain.doFilter(ObservationFilterChainDecorator.java:137)
	at org.springframework.security.web.access.ExceptionTranslationFilter.doFilter(ExceptionTranslationFilter.java:126)
	at org.springframework.security.web.access.ExceptionTranslationFilter.doFilter(ExceptionTranslationFilter.java:120)
	at org.springframework.security.web.ObservationFilterChainDecorator$ObservationFilter.wrapFilter(ObservationFilterChainDecorator.java:240)
	at org.springframework.security.web.ObservationFilterChainDecorator$ObservationFilter.doFilter(ObservationFilterChainDecorator.java:227)
	at org.springframework.security.web.ObservationFilterChainDecorator$VirtualFilterChain.doFilter(ObservationFilterChainDecorator.java:137)
	at org.springframework.security.web.authentication.AnonymousAuthenticationFilter.doFilter(AnonymousAuthenticationFilter.java:100)
	at org.springframework.security.web.ObservationFilterChainDecorator$ObservationFilter.wrapFilter(ObservationFilterChainDecorator.java:240)
	at org.springframework.security.web.ObservationFilterChainDecorator$ObservationFilter.doFilter(ObservationFilterChainDecorator.java:227)
	at org.springframework.security.web.ObservationFilterChainDecorator$VirtualFilterChain.doFilter(ObservationFilterChainDecorator.java:137)
	at org.springframework.security.web.servletapi.SecurityContextHolderAwareRequestFilter.doFilter(SecurityContextHolderAwareRequestFilter.java:179)
	at org.springframework.security.web.ObservationFilterChainDecorator$ObservationFilter.wrapFilter(ObservationFilterChainDecorator.java:240)
	at org.springframework.security.web.ObservationFilterChainDecorator$ObservationFilter.doFilter(ObservationFilterChainDecorator.java:227)
	at org.springframework.security.web.ObservationFilterChainDecorator$VirtualFilterChain.doFilter(ObservationFilterChainDecorator.java:137)
	at org.springframework.security.web.savedrequest.RequestCacheAwareFilter.doFilter(RequestCacheAwareFilter.java:63)
	at org.springframework.security.web.ObservationFilterChainDecorator$ObservationFilter.wrapFilter(ObservationFilterChainDecorator.java:240)
	at org.springframework.security.web.ObservationFilterChainDecorator$ObservationFilter.doFilter(ObservationFilterChainDecorator.java:227)
	at org.springframework.security.web.ObservationFilterChainDecorator$VirtualFilterChain.doFilter(ObservationFilterChainDecorator.java:137)
	at com.microserviceone.users.core.config.internalSecurity.InternalJwtFilter.doFilterInternal(InternalJwtFilter.java:96)
	at org.springframework.web.filter.OncePerRequestFilter.doFilter(OncePerRequestFilter.java:116)
	at org.springframework.security.web.ObservationFilterChainDecorator$ObservationFilter.wrapFilter(ObservationFilterChainDecorator.java:240)
	at org.springframework.security.web.ObservationFilterChainDecorator$ObservationFilter.doFilter(ObservationFilterChainDecorator.java:227)
	at org.springframework.security.web.ObservationFilterChainDecorator$VirtualFilterChain.doFilter(ObservationFilterChainDecorator.java:137)
	at org.springframework.security.web.authentication.logout.LogoutFilter.doFilter(LogoutFilter.java:107)
	at org.springframework.security.web.authentication.logout.LogoutFilter.doFilter(LogoutFilter.java:93)
	at org.springframework.security.web.ObservationFilterChainDecorator$ObservationFilter.wrapFilter(ObservationFilterChainDecorator.java:240)
	at org.springframework.security.web.ObservationFilterChainDecorator$ObservationFilter.doFilter(ObservationFilterChainDecorator.java:227)
	at org.springframework.security.web.ObservationFilterChainDecorator$VirtualFilterChain.doFilter(ObservationFilterChainDecorator.java:137)
	at org.springframework.web.filter.CorsFilter.doFilterInternal(CorsFilter.java:91)
	at org.springframework.web.filter.OncePerRequestFilter.doFilter(OncePerRequestFilter.java:116)
	at org.springframework.security.web.ObservationFilterChainDecorator$ObservationFilter.wrapFilter(ObservationFilterChainDecorator.java:240)
	at org.springframework.security.web.ObservationFilterChainDecorator$ObservationFilter.doFilter(ObservationFilterChainDecorator.java:227)
	at org.springframework.security.web.ObservationFilterChainDecorator$VirtualFilterChain.doFilter(ObservationFilterChainDecorator.java:137)
	at org.springframework.security.web.header.HeaderWriterFilter.doHeadersAfter(HeaderWriterFilter.java:90)
	at org.springframework.security.web.header.HeaderWriterFilter.doFilterInternal(HeaderWriterFilter.java:75)
	at org.springframework.web.filter.OncePerRequestFilter.doFilter(OncePerRequestFilter.java:116)
	at org.springframework.security.web.ObservationFilterChainDecorator$ObservationFilter.wrapFilter(ObservationFilterChainDecorator.java:240)
	at org.springframework.security.web.ObservationFilterChainDecorator$ObservationFilter.doFilter(ObservationFilterChainDecorator.java:227)
	at org.springframework.security.web.ObservationFilterChainDecorator$VirtualFilterChain.doFilter(ObservationFilterChainDecorator.java:137)
	at org.springframework.security.web.context.SecurityContextHolderFilter.doFilter(SecurityContextHolderFilter.java:82)
	at org.springframework.security.web.context.SecurityContextHolderFilter.doFilter(SecurityContextHolderFilter.java:69)
	at org.springframework.security.web.ObservationFilterChainDecorator$ObservationFilter.wrapFilter(ObservationFilterChainDecorator.java:240)
	at org.springframework.security.web.ObservationFilterChainDecorator$ObservationFilter.doFilter(ObservationFilterChainDecorator.java:227)
	at org.springframework.security.web.ObservationFilterChainDecorator$VirtualFilterChain.doFilter(ObservationFilterChainDecorator.java:137)
	at org.springframework.security.web.context.request.async.WebAsyncManagerIntegrationFilter.doFilterInternal(WebAsyncManagerIntegrationFilter.java:62)
	at org.springframework.web.filter.OncePerRequestFilter.doFilter(OncePerRequestFilter.java:116)
	at org.springframework.security.web.ObservationFilterChainDecorator$ObservationFilter.wrapFilter(ObservationFilterChainDecorator.java:240)
	at org.springframework.security.web.ObservationFilterChainDecorator$ObservationFilter.doFilter(ObservationFilterChainDecorator.java:227)
	at org.springframework.security.web.ObservationFilterChainDecorator$VirtualFilterChain.doFilter(ObservationFilterChainDecorator.java:137)
	at org.springframework.security.web.session.DisableEncodeUrlFilter.doFilterInternal(DisableEncodeUrlFilter.java:42)
	at org.springframework.web.filter.OncePerRequestFilter.doFilter(OncePerRequestFilter.java:116)
	at org.springframework.security.web.ObservationFilterChainDecorator$ObservationFilter.wrapFilter(ObservationFilterChainDecorator.java:240)
	at org.springframework.security.web.ObservationFilterChainDecorator$AroundFilterObservation$SimpleAroundFilterObservation.lambda$wrap$0(ObservationFilterChainDecorator.java:323)
	at org.springframework.security.web.ObservationFilterChainDecorator$ObservationFilter.doFilter(ObservationFilterChainDecorator.java:224)
	at org.springframework.security.web.ObservationFilterChainDecorator$VirtualFilterChain.doFilter(ObservationFilterChainDecorator.java:137)
	at org.springframework.security.web.FilterChainProxy.doFilterInternal(FilterChainProxy.java:233)
	at org.springframework.security.web.FilterChainProxy.doFilter(FilterChainProxy.java:191)
	at org.springframework.web.filter.CompositeFilter$VirtualFilterChain.doFilter(CompositeFilter.java:113)
	at org.springframework.web.servlet.handler.HandlerMappingIntrospector.lambda$createCacheFilter$3(HandlerMappingIntrospector.java:195)
	at org.springframework.web.filter.CompositeFilter$VirtualFilterChain.doFilter(CompositeFilter.java:113)
	at org.springframework.web.filter.CompositeFilter.doFilter(CompositeFilter.java:74)
	at org.springframework.security.config.annotation.web.configuration.WebMvcSecurityConfiguration$CompositeFilterChainProxy.doFilter(WebMvcSecurityConfiguration.java:230)
	at org.springframework.web.filter.DelegatingFilterProxy.invokeDelegate(DelegatingFilterProxy.java:352)
	at org.springframework.web.filter.DelegatingFilterProxy.doFilter(DelegatingFilterProxy.java:268)
	at org.apache.catalina.core.ApplicationFilterChain.internalDoFilter(ApplicationFilterChain.java:174)
	at org.apache.catalina.core.ApplicationFilterChain.doFilter(ApplicationFilterChain.java:149)
	at org.springframework.web.filter.RequestContextFilter.doFilterInternal(RequestContextFilter.java:100)
	at org.springframework.web.filter.OncePerRequestFilter.doFilter(OncePerRequestFilter.java:116)
	at org.apache.catalina.core.ApplicationFilterChain.internalDoFilter(ApplicationFilterChain.java:174)
	at org.apache.catalina.core.ApplicationFilterChain.doFilter(ApplicationFilterChain.java:149)
	at org.springframework.web.filter.FormContentFilter.doFilterInternal(FormContentFilter.java:93)
	at org.springframework.web.filter.OncePerRequestFilter.doFilter(OncePerRequestFilter.java:116)
	at org.apache.catalina.core.ApplicationFilterChain.internalDoFilter(ApplicationFilterChain.java:174)
	at org.apache.catalina.core.ApplicationFilterChain.doFilter(ApplicationFilterChain.java:149)
	at org.springframework.web.filter.ServerHttpObservationFilter.doFilterInternal(ServerHttpObservationFilter.java:109)
	at org.springframework.web.filter.OncePerRequestFilter.doFilter(OncePerRequestFilter.java:116)
	at org.apache.catalina.core.ApplicationFilterChain.internalDoFilter(ApplicationFilterChain.java:174)
	at org.apache.catalina.core.ApplicationFilterChain.doFilter(ApplicationFilterChain.java:149)
	at org.springframework.web.filter.CharacterEncodingFilter.doFilterInternal(CharacterEncodingFilter.java:201)
	at org.springframework.web.filter.OncePerRequestFilter.doFilter(OncePerRequestFilter.java:116)
	at org.apache.catalina.core.ApplicationFilterChain.internalDoFilter(ApplicationFilterChain.java:174)
	at org.apache.catalina.core.ApplicationFilterChain.doFilter(ApplicationFilterChain.java:149)
	at org.apache.catalina.core.StandardWrapperValve.invoke(StandardWrapperValve.java:167)
	at org.apache.catalina.core.StandardContextValve.invoke(StandardContextValve.java:90)
	at org.apache.catalina.authenticator.AuthenticatorBase.invoke(AuthenticatorBase.java:482)
	at org.apache.catalina.core.StandardHostValve.invoke(StandardHostValve.java:115)
	at org.apache.catalina.valves.ErrorReportValve.invoke(ErrorReportValve.java:93)
	at org.apache.catalina.core.StandardEngineValve.invoke(StandardEngineValve.java:74)
	at org.apache.catalina.connector.CoyoteAdapter.service(CoyoteAdapter.java:344)
	at org.apache.coyote.http11.Http11Processor.service(Http11Processor.java:391)
	at org.apache.coyote.AbstractProcessorLight.process(AbstractProcessorLight.java:63)
	at org.apache.coyote.AbstractProtocol$ConnectionHandler.process(AbstractProtocol.java:896)
	at org.apache.tomcat.util.net.NioEndpoint$SocketProcessor.doRun(NioEndpoint.java:1744)
	at org.apache.tomcat.util.net.SocketProcessorBase.run(SocketProcessorBase.java:52)
	at org.apache.tomcat.util.threads.ThreadPoolExecutor.runWorker(ThreadPoolExecutor.java:1191)
	at org.apache.tomcat.util.threads.ThreadPoolExecutor$Worker.run(ThreadPoolExecutor.java:659)
	at org.apache.tomcat.util.threads.TaskThread$WrappingRunnable.run(TaskThread.java:63)
	at java.base/java.lang.Thread.run(Thread.java:840)
2025-07-11 12:23:37 [http-nio-8082-exec-10] INFO  c.m.u.core.logging.LoggingService - TermsService: Aceptación múltiple completada - UserID: 1, Términos aceptados: 0, Cantidad: 0
2025-07-11 12:23:37 [http-nio-8082-exec-10] DEBUG o.s.w.s.m.m.a.HttpEntityMethodProcessor - Using 'application/json', given [application/json, application/*+json] and supported [application/json, application/*+json]
2025-07-11 12:23:37 [http-nio-8082-exec-10] DEBUG o.s.w.s.m.m.a.HttpEntityMethodProcessor - Writing [com.microserviceone.users.termsAndConditionsApi.web.dto.ApiResponse@7b21cba]
2025-07-11 12:23:37 [http-nio-8082-exec-5] DEBUG o.s.web.client.RestTemplate - Response 200 OK
2025-07-11 12:23:37 [http-nio-8082-exec-10] DEBUG o.s.web.servlet.DispatcherServlet - Completed 200 OK
2025-07-11 12:23:37 [http-nio-8082-exec-5] DEBUG o.s.web.client.RestTemplate - Reading to [com.microserviceone.users.registrationApi.web.dto.ApiResponse<?>]
2025-07-11 12:23:37 [http-nio-8082-exec-5] INFO  c.m.u.core.logging.LoggingService - Términos y condiciones aceptados exitosamente para usuario ID: 1
2025-07-11 12:23:37 [http-nio-8082-exec-5] DEBUG c.m.u.core.logging.LoggingService - Mapeando respuesta para cliente ID: 1
2025-07-11 12:23:37 [http-nio-8082-exec-5] DEBUG c.m.u.core.logging.LoggingService - Mapeando User a UserResponse - ID: 1, Email: sebasagudelo1012@gmail.com, Tipo: Customer
2025-07-11 12:23:37 [http-nio-8082-exec-5] DEBUG c.m.u.core.logging.LoggingService - Campos específicos de Customer agregados - Fecha de nacimiento: 2006-04-02
2025-07-11 12:23:37 [http-nio-8082-exec-5] DEBUG c.m.u.core.logging.LoggingService - UserResponse mapeado exitosamente - ID: 1, Email: sebasagudelo1012@gmail.com, Rol: CUSTOMER
2025-07-11 12:23:37 [http-nio-8082-exec-5] INFO  c.m.u.core.logging.LoggingService - Cliente registrado exitosamente - ID: 1, Email: sebasagudelo1012@gmail.com, Rol: CUSTOMER
2025-07-11 12:23:37 [http-nio-8082-exec-5] DEBUG o.s.w.s.m.m.a.HttpEntityMethodProcessor - Using 'application/json', given [*/*] and supported [application/json, application/*+json]
2025-07-11 12:23:37 [http-nio-8082-exec-5] DEBUG o.s.w.s.m.m.a.HttpEntityMethodProcessor - Writing [ApiResponse(success=true, message=Customer registered successfully, data=UserResponse(id=1, name=See (truncated)...]
2025-07-11 12:23:37 [http-nio-8082-exec-5] DEBUG o.s.web.servlet.DispatcherServlet - Completed 201 CREATED
2025-07-11 12:23:38 [AsyncReporter{org.springframework.boot.actuate.autoconfigure.tracing.zipkin.ZipkinWebClientSender@57dd717a}] DEBUG o.s.w.r.f.client.ExchangeFunctions - [755ecf53] HTTP POST http://localhost:9411/api/v2/spans%20
2025-07-11 12:23:51 [AsyncResolver-bootstrap-executor-0] INFO  c.n.d.s.r.aws.ConfigClusterResolver - Resolving eureka endpoints via configuration
2025-07-11 12:23:52 [DiscoveryClient-CacheRefreshExecutor-0] DEBUG o.s.web.client.RestTemplate - HTTP GET http://localhost:8081/eureka/apps/delta
2025-07-11 12:23:52 [DiscoveryClient-CacheRefreshExecutor-0] DEBUG o.s.web.client.RestTemplate - Accept=[application/json, application/*+json]
2025-07-11 12:23:52 [DiscoveryClient-CacheRefreshExecutor-0] DEBUG o.s.web.client.RestTemplate - Response 200 OK
2025-07-11 12:23:52 [DiscoveryClient-CacheRefreshExecutor-0] DEBUG o.s.web.client.RestTemplate - Reading to [org.springframework.cloud.netflix.eureka.http.EurekaApplications]
2025-07-11 12:23:52 [DiscoveryClient-HeartbeatExecutor-0] DEBUG o.s.web.client.RestTemplate - HTTP PUT http://localhost:8081/eureka/apps/USERS-SERVICE/192.168.41.141:users-service:8082?status=UP&lastDirtyTimestamp=1752254332443
2025-07-11 12:23:52 [DiscoveryClient-HeartbeatExecutor-0] DEBUG o.s.web.client.RestTemplate - Accept=[application/json, application/*+json]
2025-07-11 12:23:52 [DiscoveryClient-HeartbeatExecutor-0] DEBUG o.s.web.client.RestTemplate - Response 200 OK
2025-07-11 12:24:22 [DiscoveryClient-CacheRefreshExecutor-0] DEBUG o.s.web.client.RestTemplate - HTTP GET http://localhost:8081/eureka/apps/delta
2025-07-11 12:24:22 [DiscoveryClient-CacheRefreshExecutor-0] DEBUG o.s.web.client.RestTemplate - Accept=[application/json, application/*+json]
2025-07-11 12:24:22 [DiscoveryClient-CacheRefreshExecutor-0] DEBUG o.s.web.client.RestTemplate - Response 200 OK
2025-07-11 12:24:22 [DiscoveryClient-CacheRefreshExecutor-0] DEBUG o.s.web.client.RestTemplate - Reading to [org.springframework.cloud.netflix.eureka.http.EurekaApplications]
2025-07-11 12:24:22 [DiscoveryClient-HeartbeatExecutor-0] DEBUG o.s.web.client.RestTemplate - HTTP PUT http://localhost:8081/eureka/apps/USERS-SERVICE/192.168.41.141:users-service:8082?status=UP&lastDirtyTimestamp=1752254332443
2025-07-11 12:24:22 [DiscoveryClient-HeartbeatExecutor-0] DEBUG o.s.web.client.RestTemplate - Accept=[application/json, application/*+json]
2025-07-11 12:24:22 [DiscoveryClient-HeartbeatExecutor-0] DEBUG o.s.web.client.RestTemplate - Response 200 OK
2025-07-11 12:24:52 [DiscoveryClient-CacheRefreshExecutor-0] DEBUG o.s.web.client.RestTemplate - HTTP GET http://localhost:8081/eureka/apps/delta
2025-07-11 12:24:52 [DiscoveryClient-CacheRefreshExecutor-0] DEBUG o.s.web.client.RestTemplate - Accept=[application/json, application/*+json]
2025-07-11 12:24:52 [DiscoveryClient-CacheRefreshExecutor-0] DEBUG o.s.web.client.RestTemplate - Response 200 OK
2025-07-11 12:24:52 [DiscoveryClient-CacheRefreshExecutor-0] DEBUG o.s.web.client.RestTemplate - Reading to [org.springframework.cloud.netflix.eureka.http.EurekaApplications]
2025-07-11 12:24:52 [DiscoveryClient-HeartbeatExecutor-0] DEBUG o.s.web.client.RestTemplate - HTTP PUT http://localhost:8081/eureka/apps/USERS-SERVICE/192.168.41.141:users-service:8082?status=UP&lastDirtyTimestamp=1752254332443
2025-07-11 12:24:52 [DiscoveryClient-HeartbeatExecutor-0] DEBUG o.s.web.client.RestTemplate - Accept=[application/json, application/*+json]
2025-07-11 12:24:52 [DiscoveryClient-HeartbeatExecutor-0] DEBUG o.s.web.client.RestTemplate - Response 200 OK
2025-07-11 12:25:22 [DiscoveryClient-CacheRefreshExecutor-0] DEBUG o.s.web.client.RestTemplate - HTTP GET http://localhost:8081/eureka/apps/delta
2025-07-11 12:25:22 [DiscoveryClient-CacheRefreshExecutor-0] DEBUG o.s.web.client.RestTemplate - Accept=[application/json, application/*+json]
2025-07-11 12:25:22 [DiscoveryClient-CacheRefreshExecutor-0] DEBUG o.s.web.client.RestTemplate - Response 200 OK
2025-07-11 12:25:22 [DiscoveryClient-CacheRefreshExecutor-0] DEBUG o.s.web.client.RestTemplate - Reading to [org.springframework.cloud.netflix.eureka.http.EurekaApplications]
2025-07-11 12:25:22 [DiscoveryClient-HeartbeatExecutor-0] DEBUG o.s.web.client.RestTemplate - HTTP PUT http://localhost:8081/eureka/apps/USERS-SERVICE/192.168.41.141:users-service:8082?status=UP&lastDirtyTimestamp=1752254332443
2025-07-11 12:25:22 [DiscoveryClient-HeartbeatExecutor-0] DEBUG o.s.web.client.RestTemplate - Accept=[application/json, application/*+json]
2025-07-11 12:25:22 [DiscoveryClient-HeartbeatExecutor-0] DEBUG o.s.web.client.RestTemplate - Response 200 OK
2025-07-11 12:25:52 [DiscoveryClient-CacheRefreshExecutor-0] DEBUG o.s.web.client.RestTemplate - HTTP GET http://localhost:8081/eureka/apps/delta
2025-07-11 12:25:52 [DiscoveryClient-CacheRefreshExecutor-0] DEBUG o.s.web.client.RestTemplate - Accept=[application/json, application/*+json]
2025-07-11 12:25:52 [DiscoveryClient-CacheRefreshExecutor-0] DEBUG o.s.web.client.RestTemplate - Response 200 OK
2025-07-11 12:25:52 [DiscoveryClient-CacheRefreshExecutor-0] DEBUG o.s.web.client.RestTemplate - Reading to [org.springframework.cloud.netflix.eureka.http.EurekaApplications]
2025-07-11 12:25:52 [DiscoveryClient-HeartbeatExecutor-0] DEBUG o.s.web.client.RestTemplate - HTTP PUT http://localhost:8081/eureka/apps/USERS-SERVICE/192.168.41.141:users-service:8082?status=UP&lastDirtyTimestamp=1752254332443
2025-07-11 12:25:52 [DiscoveryClient-HeartbeatExecutor-0] DEBUG o.s.web.client.RestTemplate - Accept=[application/json, application/*+json]
2025-07-11 12:25:52 [DiscoveryClient-HeartbeatExecutor-0] DEBUG o.s.web.client.RestTemplate - Response 200 OK
2025-07-11 12:26:14 [Thread-1] INFO  c.netflix.discovery.DiscoveryClient - Saw local status change event StatusChangeEvent [timestamp=1752254774950, current=DOWN, previous=UP]
2025-07-11 12:26:14 [DiscoveryClient-InstanceInfoReplicator-0] INFO  c.netflix.discovery.DiscoveryClient - DiscoveryClient_USERS-SERVICE/192.168.41.141:users-service:8082: registering service...
2025-07-11 12:26:14 [DiscoveryClient-InstanceInfoReplicator-0] DEBUG o.s.web.client.RestTemplate - HTTP POST http://localhost:8081/eureka/apps/USERS-SERVICE
2025-07-11 12:26:14 [DiscoveryClient-InstanceInfoReplicator-0] DEBUG o.s.web.client.RestTemplate - Accept=[application/json, application/*+json]
2025-07-11 12:26:14 [DiscoveryClient-InstanceInfoReplicator-0] DEBUG o.s.web.client.RestTemplate - Writing [InstanceInfo [instanceId = 192.168.41.141:users-service:8082, appName = USERS-SERVICE, hostName = 192.168.41.141, status = DOWN, ipAddr = 192.168.41.141, port = 8082, securePort = 443, dataCenterInfo = com.netflix.appinfo.MyDataCenterInfo@4ebaf329] as "application/json"
2025-07-11 12:26:14 [DiscoveryClient-InstanceInfoReplicator-0] DEBUG o.s.web.client.RestTemplate - Response 204 NO_CONTENT
2025-07-11 12:26:14 [DiscoveryClient-InstanceInfoReplicator-0] INFO  c.netflix.discovery.DiscoveryClient - DiscoveryClient_USERS-SERVICE/192.168.41.141:users-service:8082 - registration status: 204
2025-07-11 12:26:16 [AsyncReporter{org.springframework.boot.actuate.autoconfigure.tracing.zipkin.ZipkinWebClientSender@57dd717a}] DEBUG o.s.w.r.f.client.ExchangeFunctions - [62cdbfab] HTTP POST http://localhost:9411/api/v2/spans%20
2025-07-11 12:26:16 [Thread-1] INFO  c.netflix.discovery.DiscoveryClient - Shutting down DiscoveryClient ...
2025-07-11 12:26:19 [Thread-1] INFO  c.netflix.discovery.DiscoveryClient - Unregistering ...
2025-07-11 12:26:19 [Thread-1] DEBUG o.s.web.client.RestTemplate - HTTP DELETE http://localhost:8081/eureka/apps/USERS-SERVICE/192.168.41.141:users-service:8082
2025-07-11 12:26:19 [Thread-1] DEBUG o.s.web.client.RestTemplate - Accept=[application/json, application/*+json]
2025-07-11 12:26:19 [Thread-1] DEBUG o.s.web.client.RestTemplate - Response 200 OK
2025-07-11 12:26:19 [Thread-1] INFO  c.netflix.discovery.DiscoveryClient - DiscoveryClient_USERS-SERVICE/192.168.41.141:users-service:8082 - deregister  status: 200
2025-07-11 12:26:19 [Thread-1] INFO  c.netflix.discovery.DiscoveryClient - Completed shut down of DiscoveryClient
2025-07-11 12:26:19 [restartedMain] INFO  c.m.users.UsersApplication - Starting UsersApplication using Java 17.0.15 with PID 40684 (/home/sebastian/Documentos/stranger-drug/users/target/classes started by sebastian in /home/sebastian/Documentos/stranger-drug)
2025-07-11 12:26:19 [restartedMain] DEBUG c.m.users.UsersApplication - Running with Spring Boot v3.2.3, Spring v6.1.4
2025-07-11 12:26:19 [restartedMain] INFO  c.m.users.UsersApplication - The following 6 profiles are active: "common", "database", "email", "logging", "security", "local"
2025-07-11 12:26:20 [restartedMain] WARN  o.s.c.s.PostProcessorRegistrationDelegate$BeanPostProcessorChecker - Bean 'org.springframework.cloud.client.loadbalancer.LoadBalancerAutoConfiguration$LoadBalancerInterceptorConfig' of type [org.springframework.cloud.client.loadbalancer.LoadBalancerAutoConfiguration$LoadBalancerInterceptorConfig] is not eligible for getting processed by all BeanPostProcessors (for example: not eligible for auto-proxying). The currently created BeanPostProcessor [lbRestClientPostProcessor] is declared through a non-static factory method on that class; consider declaring it as static instead.
2025-07-11 12:26:20 [restartedMain] WARN  o.s.c.s.PostProcessorRegistrationDelegate$BeanPostProcessorChecker - Bean 'org.springframework.cloud.loadbalancer.config.BlockingLoadBalancerClientAutoConfiguration' of type [org.springframework.cloud.loadbalancer.config.BlockingLoadBalancerClientAutoConfiguration] is not eligible for getting processed by all BeanPostProcessors (for example: not eligible for auto-proxying). Is this bean getting eagerly injected into a currently created BeanPostProcessor [lbRestClientPostProcessor]? Check the corresponding BeanPostProcessor declaration and its dependencies.
2025-07-11 12:26:20 [restartedMain] WARN  o.s.c.s.PostProcessorRegistrationDelegate$BeanPostProcessorChecker - Bean 'org.springframework.cloud.loadbalancer.config.LoadBalancerAutoConfiguration' of type [org.springframework.cloud.loadbalancer.config.LoadBalancerAutoConfiguration] is not eligible for getting processed by all BeanPostProcessors (for example: not eligible for auto-proxying). Is this bean getting eagerly injected into a currently created BeanPostProcessor [lbRestClientPostProcessor]? Check the corresponding BeanPostProcessor declaration and its dependencies.
2025-07-11 12:26:20 [restartedMain] WARN  o.s.c.s.PostProcessorRegistrationDelegate$BeanPostProcessorChecker - Bean 'org.springframework.cloud.commons.config.CommonsConfigAutoConfiguration' of type [org.springframework.cloud.commons.config.CommonsConfigAutoConfiguration] is not eligible for getting processed by all BeanPostProcessors (for example: not eligible for auto-proxying). Is this bean getting eagerly injected into a currently created BeanPostProcessor [lbRestClientPostProcessor]? Check the corresponding BeanPostProcessor declaration and its dependencies.
2025-07-11 12:26:20 [restartedMain] WARN  o.s.c.s.PostProcessorRegistrationDelegate$BeanPostProcessorChecker - Bean 'org.springframework.cloud.client.loadbalancer.LoadBalancerDefaultMappingsProviderAutoConfiguration' of type [org.springframework.cloud.client.loadbalancer.LoadBalancerDefaultMappingsProviderAutoConfiguration] is not eligible for getting processed by all BeanPostProcessors (for example: not eligible for auto-proxying). Is this bean getting eagerly injected into a currently created BeanPostProcessor [lbRestClientPostProcessor]? Check the corresponding BeanPostProcessor declaration and its dependencies.
2025-07-11 12:26:20 [restartedMain] WARN  o.s.c.s.PostProcessorRegistrationDelegate$BeanPostProcessorChecker - Bean 'loadBalancerClientsDefaultsMappingsProvider' of type [org.springframework.cloud.client.loadbalancer.LoadBalancerDefaultMappingsProviderAutoConfiguration$$Lambda$762/0x00007f8cb8561398] is not eligible for getting processed by all BeanPostProcessors (for example: not eligible for auto-proxying). Is this bean getting eagerly injected into a currently created BeanPostProcessor [lbRestClientPostProcessor]? Check the corresponding BeanPostProcessor declaration and its dependencies.
2025-07-11 12:26:20 [restartedMain] WARN  o.s.c.s.PostProcessorRegistrationDelegate$BeanPostProcessorChecker - Bean 'defaultsBindHandlerAdvisor' of type [org.springframework.cloud.commons.config.DefaultsBindHandlerAdvisor] is not eligible for getting processed by all BeanPostProcessors (for example: not eligible for auto-proxying). Is this bean getting eagerly injected into a currently created BeanPostProcessor [lbRestClientPostProcessor]? Check the corresponding BeanPostProcessor declaration and its dependencies.
2025-07-11 12:26:20 [restartedMain] WARN  o.s.c.s.PostProcessorRegistrationDelegate$BeanPostProcessorChecker - Bean 'spring.cloud.loadbalancer-org.springframework.cloud.client.loadbalancer.LoadBalancerClientsProperties' of type [org.springframework.cloud.client.loadbalancer.LoadBalancerClientsProperties] is not eligible for getting processed by all BeanPostProcessors (for example: not eligible for auto-proxying). Is this bean getting eagerly injected into a currently created BeanPostProcessor [lbRestClientPostProcessor]? Check the corresponding BeanPostProcessor declaration and its dependencies.
2025-07-11 12:26:20 [restartedMain] WARN  o.s.c.s.PostProcessorRegistrationDelegate$BeanPostProcessorChecker - Bean 'default.org.springframework.cloud.loadbalancer.config.LoadBalancerAutoConfiguration.LoadBalancerClientSpecification' of type [org.springframework.cloud.loadbalancer.annotation.LoadBalancerClientSpecification] is not eligible for getting processed by all BeanPostProcessors (for example: not eligible for auto-proxying). Is this bean getting eagerly injected into a currently created BeanPostProcessor [lbRestClientPostProcessor]? Check the corresponding BeanPostProcessor declaration and its dependencies.
2025-07-11 12:26:20 [restartedMain] WARN  o.s.c.s.PostProcessorRegistrationDelegate$BeanPostProcessorChecker - Bean 'default.org.springframework.cloud.loadbalancer.config.BlockingLoadBalancerClientAutoConfiguration.LoadBalancerClientSpecification' of type [org.springframework.cloud.loadbalancer.annotation.LoadBalancerClientSpecification] is not eligible for getting processed by all BeanPostProcessors (for example: not eligible for auto-proxying). Is this bean getting eagerly injected into a currently created BeanPostProcessor [lbRestClientPostProcessor]? Check the corresponding BeanPostProcessor declaration and its dependencies.
2025-07-11 12:26:20 [restartedMain] WARN  o.s.c.s.PostProcessorRegistrationDelegate$BeanPostProcessorChecker - Bean 'default.org.springframework.cloud.netflix.eureka.loadbalancer.LoadBalancerEurekaAutoConfiguration.LoadBalancerClientSpecification' of type [org.springframework.cloud.loadbalancer.annotation.LoadBalancerClientSpecification] is not eligible for getting processed by all BeanPostProcessors (for example: not eligible for auto-proxying). Is this bean getting eagerly injected into a currently created BeanPostProcessor [lbRestClientPostProcessor]? Check the corresponding BeanPostProcessor declaration and its dependencies.
2025-07-11 12:26:20 [restartedMain] WARN  o.s.c.s.PostProcessorRegistrationDelegate$BeanPostProcessorChecker - Bean 'loadBalancerClientFactory' of type [org.springframework.cloud.loadbalancer.support.LoadBalancerClientFactory] is not eligible for getting processed by all BeanPostProcessors (for example: not eligible for auto-proxying). Is this bean getting eagerly injected into a currently created BeanPostProcessor [lbRestClientPostProcessor]? Check the corresponding BeanPostProcessor declaration and its dependencies.
2025-07-11 12:26:20 [restartedMain] WARN  o.s.c.s.PostProcessorRegistrationDelegate$BeanPostProcessorChecker - Bean 'blockingLoadBalancerClient' of type [org.springframework.cloud.loadbalancer.blocking.client.BlockingLoadBalancerClient] is not eligible for getting processed by all BeanPostProcessors (for example: not eligible for auto-proxying). Is this bean getting eagerly injected into a currently created BeanPostProcessor [lbRestClientPostProcessor]? Check the corresponding BeanPostProcessor declaration and its dependencies.
2025-07-11 12:26:20 [restartedMain] WARN  o.s.c.s.PostProcessorRegistrationDelegate$BeanPostProcessorChecker - Bean 'loadBalancerServiceInstanceCookieTransformer' of type [org.springframework.cloud.loadbalancer.core.LoadBalancerServiceInstanceCookieTransformer] is not eligible for getting processed by all BeanPostProcessors (for example: not eligible for auto-proxying). Is this bean getting eagerly injected into a currently created BeanPostProcessor [lbRestClientPostProcessor]? Check the corresponding BeanPostProcessor declaration and its dependencies.
2025-07-11 12:26:20 [restartedMain] WARN  o.s.c.s.PostProcessorRegistrationDelegate$BeanPostProcessorChecker - Bean 'xForwarderHeadersTransformer' of type [org.springframework.cloud.loadbalancer.blocking.XForwardedHeadersTransformer] is not eligible for getting processed by all BeanPostProcessors (for example: not eligible for auto-proxying). Is this bean getting eagerly injected into a currently created BeanPostProcessor [lbRestClientPostProcessor]? Check the corresponding BeanPostProcessor declaration and its dependencies.
2025-07-11 12:26:20 [restartedMain] WARN  o.s.c.s.PostProcessorRegistrationDelegate$BeanPostProcessorChecker - Bean 'org.springframework.cloud.client.loadbalancer.LoadBalancerAutoConfiguration' of type [org.springframework.cloud.client.loadbalancer.LoadBalancerAutoConfiguration] is not eligible for getting processed by all BeanPostProcessors (for example: not eligible for auto-proxying). Is this bean getting eagerly injected into a currently created BeanPostProcessor [lbRestClientPostProcessor]? Check the corresponding BeanPostProcessor declaration and its dependencies.
2025-07-11 12:26:20 [restartedMain] WARN  o.s.c.s.PostProcessorRegistrationDelegate$BeanPostProcessorChecker - Bean 'loadBalancerRequestFactory' of type [org.springframework.cloud.client.loadbalancer.LoadBalancerRequestFactory] is not eligible for getting processed by all BeanPostProcessors (for example: not eligible for auto-proxying). Is this bean getting eagerly injected into a currently created BeanPostProcessor [lbRestClientPostProcessor]? Check the corresponding BeanPostProcessor declaration and its dependencies.
2025-07-11 12:26:20 [restartedMain] WARN  o.s.c.s.PostProcessorRegistrationDelegate$BeanPostProcessorChecker - Bean 'loadBalancerInterceptor' of type [org.springframework.cloud.client.loadbalancer.LoadBalancerInterceptor] is not eligible for getting processed by all BeanPostProcessors (for example: not eligible for auto-proxying). Is this bean getting eagerly injected into a currently created BeanPostProcessor [lbRestClientPostProcessor]? Check the corresponding BeanPostProcessor declaration and its dependencies.
2025-07-11 12:26:20 [restartedMain] WARN  o.s.c.s.PostProcessorRegistrationDelegate$BeanPostProcessorChecker - Bean 'org.springframework.cloud.client.loadbalancer.reactive.LoadBalancerBeanPostProcessorAutoConfiguration' of type [org.springframework.cloud.client.loadbalancer.reactive.LoadBalancerBeanPostProcessorAutoConfiguration] is not eligible for getting processed by all BeanPostProcessors (for example: not eligible for auto-proxying). The currently created BeanPostProcessor [loadBalancerWebClientBuilderBeanPostProcessor] is declared through a non-static factory method on that class; consider declaring it as static instead.
2025-07-11 12:26:20 [restartedMain] WARN  o.s.c.s.PostProcessorRegistrationDelegate$BeanPostProcessorChecker - Bean 'org.springframework.cloud.client.loadbalancer.reactive.LoadBalancerBeanPostProcessorAutoConfiguration$ReactorDeferringLoadBalancerFilterConfig' of type [org.springframework.cloud.client.loadbalancer.reactive.LoadBalancerBeanPostProcessorAutoConfiguration$ReactorDeferringLoadBalancerFilterConfig] is not eligible for getting processed by all BeanPostProcessors (for example: not eligible for auto-proxying). Is this bean getting eagerly injected into a currently created BeanPostProcessor [loadBalancerWebClientBuilderBeanPostProcessor]? Check the corresponding BeanPostProcessor declaration and its dependencies.
2025-07-11 12:26:20 [restartedMain] WARN  o.s.c.s.PostProcessorRegistrationDelegate$BeanPostProcessorChecker - Bean 'reactorDeferringLoadBalancerExchangeFilterFunction' of type [org.springframework.cloud.client.loadbalancer.reactive.DeferringLoadBalancerExchangeFilterFunction] is not eligible for getting processed by all BeanPostProcessors (for example: not eligible for auto-proxying). Is this bean getting eagerly injected into a currently created BeanPostProcessor [loadBalancerWebClientBuilderBeanPostProcessor]? Check the corresponding BeanPostProcessor declaration and its dependencies.
2025-07-11 12:26:20 [restartedMain] DEBUG o.s.w.f.ServerHttpObservationFilter - Filter 'webMvcObservationFilter' configured for use
2025-07-11 12:26:20 [restartedMain] DEBUG c.m.u.c.c.i.InternalJwtFilter - Filter 'internalJwtFilter' configured for use
2025-07-11 12:26:21 [restartedMain] WARN  org.hibernate.orm.deprecation - HHH90000025: MariaDBDialect does not need to be specified explicitly using 'hibernate.dialect' (remove the property setting and it will be selected by default)
2025-07-11 12:26:21 [restartedMain] INFO  c.m.u.core.logging.LoggingService - CacheConfiguration: Cache manager configurado con 8 caches
2025-07-11 12:26:22 [restartedMain] WARN  o.s.b.a.o.j.JpaBaseConfiguration$JpaWebConfiguration - spring.jpa.open-in-view is enabled by default. Therefore, database queries may be performed during view rendering. Explicitly configure spring.jpa.open-in-view to disable this warning
2025-07-11 12:26:22 [restartedMain] WARN  o.s.b.a.s.s.UserDetailsServiceAutoConfiguration - 

Using generated security password: ac76714e-d1ff-47da-b2d8-83134a83bf0f

This generated password is for development use only. Your security configuration must be updated before running your application in production.

2025-07-11 12:26:22 [restartedMain] INFO  c.m.u.core.logging.LoggingService - SecurityConfig: Iniciando configuración de seguridad del microservicio users
2025-07-11 12:26:22 [restartedMain] DEBUG o.s.w.s.m.m.a.RequestMappingHandlerMapping - 26 mappings in 'requestMappingHandlerMapping'
2025-07-11 12:26:22 [restartedMain] DEBUG o.s.w.s.h.SimpleUrlHandlerMapping - Patterns [/webjars/**, /**, /swagger-ui*/*swagger-initializer.js, /swagger-ui*/**] in 'resourceHandlerMapping'
2025-07-11 12:26:22 [restartedMain] INFO  c.m.u.core.logging.LoggingService - SecurityConfig: Configuración de seguridad completada - Todos los endpoints permitidos, filtro JWT interno configurado
2025-07-11 12:26:23 [restartedMain] DEBUG o.s.w.s.m.m.a.RequestMappingHandlerAdapter - ControllerAdvice beans: 0 @ModelAttribute, 0 @InitBinder, 1 RequestBodyAdvice, 1 ResponseBodyAdvice
2025-07-11 12:26:23 [restartedMain] DEBUG o.s.w.s.m.m.a.ExceptionHandlerExceptionResolver - ControllerAdvice beans: 2 @ExceptionHandler, 1 ResponseBodyAdvice
2025-07-11 12:26:23 [restartedMain] WARN  o.s.b.d.a.OptionalLiveReloadServer - Unable to start LiveReload server
2025-07-11 12:26:23 [restartedMain] INFO  c.netflix.discovery.DiscoveryClient - Initializing Eureka in region us-east-1
2025-07-11 12:26:23 [restartedMain] INFO  c.n.d.s.r.aws.ConfigClusterResolver - Resolving eureka endpoints via configuration
2025-07-11 12:26:23 [restartedMain] INFO  c.netflix.discovery.DiscoveryClient - Disable delta property : false
2025-07-11 12:26:23 [restartedMain] INFO  c.netflix.discovery.DiscoveryClient - Single vip registry refresh property : null
2025-07-11 12:26:23 [restartedMain] INFO  c.netflix.discovery.DiscoveryClient - Force full registry fetch : false
2025-07-11 12:26:23 [restartedMain] INFO  c.netflix.discovery.DiscoveryClient - Application is null : false
2025-07-11 12:26:23 [restartedMain] INFO  c.netflix.discovery.DiscoveryClient - Registered Applications size is zero : true
2025-07-11 12:26:23 [restartedMain] INFO  c.netflix.discovery.DiscoveryClient - Application version is -1: true
2025-07-11 12:26:23 [restartedMain] INFO  c.netflix.discovery.DiscoveryClient - Getting all instance registry info from the eureka server
2025-07-11 12:26:23 [restartedMain] DEBUG o.s.web.client.RestTemplate - HTTP GET http://localhost:8081/eureka/apps/
2025-07-11 12:26:23 [restartedMain] DEBUG o.s.web.client.RestTemplate - Accept=[application/json, application/*+json]
2025-07-11 12:26:23 [restartedMain] DEBUG o.s.web.client.RestTemplate - Response 200 OK
2025-07-11 12:26:23 [restartedMain] DEBUG o.s.web.client.RestTemplate - Reading to [org.springframework.cloud.netflix.eureka.http.EurekaApplications]
2025-07-11 12:26:23 [restartedMain] INFO  c.netflix.discovery.DiscoveryClient - The response status is 200
2025-07-11 12:26:23 [restartedMain] INFO  c.netflix.discovery.DiscoveryClient - Starting heartbeat executor: renew interval is: 30
2025-07-11 12:26:23 [restartedMain] INFO  c.n.discovery.InstanceInfoReplicator - InstanceInfoReplicator onDemand update allowed rate per min is 4
2025-07-11 12:26:23 [restartedMain] INFO  c.netflix.discovery.DiscoveryClient - Discovery Client initialized at timestamp 1752254783555 with initial instances count: 2
2025-07-11 12:26:23 [restartedMain] INFO  c.netflix.discovery.DiscoveryClient - Saw local status change event StatusChangeEvent [timestamp=1752254783566, current=UP, previous=STARTING]
2025-07-11 12:26:23 [DiscoveryClient-InstanceInfoReplicator-0] INFO  c.netflix.discovery.DiscoveryClient - DiscoveryClient_USERS-SERVICE/192.168.41.141:users-service:8082: registering service...
2025-07-11 12:26:23 [DiscoveryClient-InstanceInfoReplicator-0] DEBUG o.s.web.client.RestTemplate - HTTP POST http://localhost:8081/eureka/apps/USERS-SERVICE
2025-07-11 12:26:23 [DiscoveryClient-InstanceInfoReplicator-0] DEBUG o.s.web.client.RestTemplate - Accept=[application/json, application/*+json]
2025-07-11 12:26:23 [DiscoveryClient-InstanceInfoReplicator-0] DEBUG o.s.web.client.RestTemplate - Writing [InstanceInfo [instanceId = 192.168.41.141:users-service:8082, appName = USERS-SERVICE, hostName = 192.168.41.141, status = UP, ipAddr = 192.168.41.141, port = 8082, securePort = 443, dataCenterInfo = com.netflix.appinfo.MyDataCenterInfo@2fe03c2a] as "application/json"
2025-07-11 12:26:23 [DiscoveryClient-InstanceInfoReplicator-0] DEBUG o.s.web.client.RestTemplate - Response 204 NO_CONTENT
2025-07-11 12:26:23 [DiscoveryClient-InstanceInfoReplicator-0] INFO  c.netflix.discovery.DiscoveryClient - DiscoveryClient_USERS-SERVICE/192.168.41.141:users-service:8082 - registration status: 204
2025-07-11 12:26:23 [restartedMain] INFO  c.m.users.UsersApplication - Started UsersApplication in 4.321 seconds (process running for 464.162)
2025-07-11 12:26:34 [Thread-15] INFO  c.netflix.discovery.DiscoveryClient - Saw local status change event StatusChangeEvent [timestamp=1752254794848, current=DOWN, previous=UP]
2025-07-11 12:26:34 [DiscoveryClient-InstanceInfoReplicator-0] INFO  c.netflix.discovery.DiscoveryClient - DiscoveryClient_USERS-SERVICE/192.168.41.141:users-service:8082: registering service...
2025-07-11 12:26:34 [DiscoveryClient-InstanceInfoReplicator-0] DEBUG o.s.web.client.RestTemplate - HTTP POST http://localhost:8081/eureka/apps/USERS-SERVICE
2025-07-11 12:26:34 [DiscoveryClient-InstanceInfoReplicator-0] DEBUG o.s.web.client.RestTemplate - Accept=[application/json, application/*+json]
2025-07-11 12:26:34 [DiscoveryClient-InstanceInfoReplicator-0] DEBUG o.s.web.client.RestTemplate - Writing [InstanceInfo [instanceId = 192.168.41.141:users-service:8082, appName = USERS-SERVICE, hostName = 192.168.41.141, status = DOWN, ipAddr = 192.168.41.141, port = 8082, securePort = 443, dataCenterInfo = com.netflix.appinfo.MyDataCenterInfo@2fe03c2a] as "application/json"
2025-07-11 12:26:34 [DiscoveryClient-InstanceInfoReplicator-0] DEBUG o.s.web.client.RestTemplate - Response 204 NO_CONTENT
2025-07-11 12:26:34 [DiscoveryClient-InstanceInfoReplicator-0] INFO  c.netflix.discovery.DiscoveryClient - DiscoveryClient_USERS-SERVICE/192.168.41.141:users-service:8082 - registration status: 204
2025-07-11 12:26:36 [Thread-15] INFO  c.netflix.discovery.DiscoveryClient - Shutting down DiscoveryClient ...
2025-07-11 12:26:42 [restartedMain] INFO  c.m.users.UsersApplication - Starting UsersApplication using Java 17.0.15 with PID 45338 (/home/sebastian/Documentos/stranger-drug/users/target/classes started by sebastian in /home/sebastian/Documentos/stranger-drug)
2025-07-11 12:26:42 [restartedMain] DEBUG c.m.users.UsersApplication - Running with Spring Boot v3.2.3, Spring v6.1.4
2025-07-11 12:26:42 [restartedMain] INFO  c.m.users.UsersApplication - The following 6 profiles are active: "common", "database", "email", "logging", "security", "local"
2025-07-11 12:26:45 [restartedMain] WARN  o.s.c.s.PostProcessorRegistrationDelegate$BeanPostProcessorChecker - Bean 'org.springframework.cloud.client.loadbalancer.LoadBalancerAutoConfiguration$LoadBalancerInterceptorConfig' of type [org.springframework.cloud.client.loadbalancer.LoadBalancerAutoConfiguration$LoadBalancerInterceptorConfig] is not eligible for getting processed by all BeanPostProcessors (for example: not eligible for auto-proxying). The currently created BeanPostProcessor [lbRestClientPostProcessor] is declared through a non-static factory method on that class; consider declaring it as static instead.
2025-07-11 12:26:45 [restartedMain] WARN  o.s.c.s.PostProcessorRegistrationDelegate$BeanPostProcessorChecker - Bean 'org.springframework.cloud.loadbalancer.config.BlockingLoadBalancerClientAutoConfiguration' of type [org.springframework.cloud.loadbalancer.config.BlockingLoadBalancerClientAutoConfiguration] is not eligible for getting processed by all BeanPostProcessors (for example: not eligible for auto-proxying). Is this bean getting eagerly injected into a currently created BeanPostProcessor [lbRestClientPostProcessor]? Check the corresponding BeanPostProcessor declaration and its dependencies.
2025-07-11 12:26:45 [restartedMain] WARN  o.s.c.s.PostProcessorRegistrationDelegate$BeanPostProcessorChecker - Bean 'org.springframework.cloud.loadbalancer.config.LoadBalancerAutoConfiguration' of type [org.springframework.cloud.loadbalancer.config.LoadBalancerAutoConfiguration] is not eligible for getting processed by all BeanPostProcessors (for example: not eligible for auto-proxying). Is this bean getting eagerly injected into a currently created BeanPostProcessor [lbRestClientPostProcessor]? Check the corresponding BeanPostProcessor declaration and its dependencies.
2025-07-11 12:26:45 [restartedMain] WARN  o.s.c.s.PostProcessorRegistrationDelegate$BeanPostProcessorChecker - Bean 'org.springframework.cloud.commons.config.CommonsConfigAutoConfiguration' of type [org.springframework.cloud.commons.config.CommonsConfigAutoConfiguration] is not eligible for getting processed by all BeanPostProcessors (for example: not eligible for auto-proxying). Is this bean getting eagerly injected into a currently created BeanPostProcessor [lbRestClientPostProcessor]? Check the corresponding BeanPostProcessor declaration and its dependencies.
2025-07-11 12:26:45 [restartedMain] WARN  o.s.c.s.PostProcessorRegistrationDelegate$BeanPostProcessorChecker - Bean 'org.springframework.cloud.client.loadbalancer.LoadBalancerDefaultMappingsProviderAutoConfiguration' of type [org.springframework.cloud.client.loadbalancer.LoadBalancerDefaultMappingsProviderAutoConfiguration] is not eligible for getting processed by all BeanPostProcessors (for example: not eligible for auto-proxying). Is this bean getting eagerly injected into a currently created BeanPostProcessor [lbRestClientPostProcessor]? Check the corresponding BeanPostProcessor declaration and its dependencies.
2025-07-11 12:26:45 [restartedMain] WARN  o.s.c.s.PostProcessorRegistrationDelegate$BeanPostProcessorChecker - Bean 'loadBalancerClientsDefaultsMappingsProvider' of type [org.springframework.cloud.client.loadbalancer.LoadBalancerDefaultMappingsProviderAutoConfiguration$$Lambda$762/0x00007f11d8561398] is not eligible for getting processed by all BeanPostProcessors (for example: not eligible for auto-proxying). Is this bean getting eagerly injected into a currently created BeanPostProcessor [lbRestClientPostProcessor]? Check the corresponding BeanPostProcessor declaration and its dependencies.
2025-07-11 12:26:45 [restartedMain] WARN  o.s.c.s.PostProcessorRegistrationDelegate$BeanPostProcessorChecker - Bean 'defaultsBindHandlerAdvisor' of type [org.springframework.cloud.commons.config.DefaultsBindHandlerAdvisor] is not eligible for getting processed by all BeanPostProcessors (for example: not eligible for auto-proxying). Is this bean getting eagerly injected into a currently created BeanPostProcessor [lbRestClientPostProcessor]? Check the corresponding BeanPostProcessor declaration and its dependencies.
2025-07-11 12:26:45 [restartedMain] WARN  o.s.c.s.PostProcessorRegistrationDelegate$BeanPostProcessorChecker - Bean 'spring.cloud.loadbalancer-org.springframework.cloud.client.loadbalancer.LoadBalancerClientsProperties' of type [org.springframework.cloud.client.loadbalancer.LoadBalancerClientsProperties] is not eligible for getting processed by all BeanPostProcessors (for example: not eligible for auto-proxying). Is this bean getting eagerly injected into a currently created BeanPostProcessor [lbRestClientPostProcessor]? Check the corresponding BeanPostProcessor declaration and its dependencies.
2025-07-11 12:26:45 [restartedMain] WARN  o.s.c.s.PostProcessorRegistrationDelegate$BeanPostProcessorChecker - Bean 'default.org.springframework.cloud.loadbalancer.config.LoadBalancerAutoConfiguration.LoadBalancerClientSpecification' of type [org.springframework.cloud.loadbalancer.annotation.LoadBalancerClientSpecification] is not eligible for getting processed by all BeanPostProcessors (for example: not eligible for auto-proxying). Is this bean getting eagerly injected into a currently created BeanPostProcessor [lbRestClientPostProcessor]? Check the corresponding BeanPostProcessor declaration and its dependencies.
2025-07-11 12:26:45 [restartedMain] WARN  o.s.c.s.PostProcessorRegistrationDelegate$BeanPostProcessorChecker - Bean 'default.org.springframework.cloud.loadbalancer.config.BlockingLoadBalancerClientAutoConfiguration.LoadBalancerClientSpecification' of type [org.springframework.cloud.loadbalancer.annotation.LoadBalancerClientSpecification] is not eligible for getting processed by all BeanPostProcessors (for example: not eligible for auto-proxying). Is this bean getting eagerly injected into a currently created BeanPostProcessor [lbRestClientPostProcessor]? Check the corresponding BeanPostProcessor declaration and its dependencies.
2025-07-11 12:26:45 [restartedMain] WARN  o.s.c.s.PostProcessorRegistrationDelegate$BeanPostProcessorChecker - Bean 'default.org.springframework.cloud.netflix.eureka.loadbalancer.LoadBalancerEurekaAutoConfiguration.LoadBalancerClientSpecification' of type [org.springframework.cloud.loadbalancer.annotation.LoadBalancerClientSpecification] is not eligible for getting processed by all BeanPostProcessors (for example: not eligible for auto-proxying). Is this bean getting eagerly injected into a currently created BeanPostProcessor [lbRestClientPostProcessor]? Check the corresponding BeanPostProcessor declaration and its dependencies.
2025-07-11 12:26:45 [restartedMain] WARN  o.s.c.s.PostProcessorRegistrationDelegate$BeanPostProcessorChecker - Bean 'loadBalancerClientFactory' of type [org.springframework.cloud.loadbalancer.support.LoadBalancerClientFactory] is not eligible for getting processed by all BeanPostProcessors (for example: not eligible for auto-proxying). Is this bean getting eagerly injected into a currently created BeanPostProcessor [lbRestClientPostProcessor]? Check the corresponding BeanPostProcessor declaration and its dependencies.
2025-07-11 12:26:45 [restartedMain] WARN  o.s.c.s.PostProcessorRegistrationDelegate$BeanPostProcessorChecker - Bean 'blockingLoadBalancerClient' of type [org.springframework.cloud.loadbalancer.blocking.client.BlockingLoadBalancerClient] is not eligible for getting processed by all BeanPostProcessors (for example: not eligible for auto-proxying). Is this bean getting eagerly injected into a currently created BeanPostProcessor [lbRestClientPostProcessor]? Check the corresponding BeanPostProcessor declaration and its dependencies.
2025-07-11 12:26:45 [restartedMain] WARN  o.s.c.s.PostProcessorRegistrationDelegate$BeanPostProcessorChecker - Bean 'loadBalancerServiceInstanceCookieTransformer' of type [org.springframework.cloud.loadbalancer.core.LoadBalancerServiceInstanceCookieTransformer] is not eligible for getting processed by all BeanPostProcessors (for example: not eligible for auto-proxying). Is this bean getting eagerly injected into a currently created BeanPostProcessor [lbRestClientPostProcessor]? Check the corresponding BeanPostProcessor declaration and its dependencies.
2025-07-11 12:26:45 [restartedMain] WARN  o.s.c.s.PostProcessorRegistrationDelegate$BeanPostProcessorChecker - Bean 'xForwarderHeadersTransformer' of type [org.springframework.cloud.loadbalancer.blocking.XForwardedHeadersTransformer] is not eligible for getting processed by all BeanPostProcessors (for example: not eligible for auto-proxying). Is this bean getting eagerly injected into a currently created BeanPostProcessor [lbRestClientPostProcessor]? Check the corresponding BeanPostProcessor declaration and its dependencies.
2025-07-11 12:26:45 [restartedMain] WARN  o.s.c.s.PostProcessorRegistrationDelegate$BeanPostProcessorChecker - Bean 'org.springframework.cloud.client.loadbalancer.LoadBalancerAutoConfiguration' of type [org.springframework.cloud.client.loadbalancer.LoadBalancerAutoConfiguration] is not eligible for getting processed by all BeanPostProcessors (for example: not eligible for auto-proxying). Is this bean getting eagerly injected into a currently created BeanPostProcessor [lbRestClientPostProcessor]? Check the corresponding BeanPostProcessor declaration and its dependencies.
2025-07-11 12:26:45 [restartedMain] WARN  o.s.c.s.PostProcessorRegistrationDelegate$BeanPostProcessorChecker - Bean 'loadBalancerRequestFactory' of type [org.springframework.cloud.client.loadbalancer.LoadBalancerRequestFactory] is not eligible for getting processed by all BeanPostProcessors (for example: not eligible for auto-proxying). Is this bean getting eagerly injected into a currently created BeanPostProcessor [lbRestClientPostProcessor]? Check the corresponding BeanPostProcessor declaration and its dependencies.
2025-07-11 12:26:45 [restartedMain] WARN  o.s.c.s.PostProcessorRegistrationDelegate$BeanPostProcessorChecker - Bean 'loadBalancerInterceptor' of type [org.springframework.cloud.client.loadbalancer.LoadBalancerInterceptor] is not eligible for getting processed by all BeanPostProcessors (for example: not eligible for auto-proxying). Is this bean getting eagerly injected into a currently created BeanPostProcessor [lbRestClientPostProcessor]? Check the corresponding BeanPostProcessor declaration and its dependencies.
2025-07-11 12:26:45 [restartedMain] WARN  o.s.c.s.PostProcessorRegistrationDelegate$BeanPostProcessorChecker - Bean 'org.springframework.cloud.client.loadbalancer.reactive.LoadBalancerBeanPostProcessorAutoConfiguration' of type [org.springframework.cloud.client.loadbalancer.reactive.LoadBalancerBeanPostProcessorAutoConfiguration] is not eligible for getting processed by all BeanPostProcessors (for example: not eligible for auto-proxying). The currently created BeanPostProcessor [loadBalancerWebClientBuilderBeanPostProcessor] is declared through a non-static factory method on that class; consider declaring it as static instead.
2025-07-11 12:26:45 [restartedMain] WARN  o.s.c.s.PostProcessorRegistrationDelegate$BeanPostProcessorChecker - Bean 'org.springframework.cloud.client.loadbalancer.reactive.LoadBalancerBeanPostProcessorAutoConfiguration$ReactorDeferringLoadBalancerFilterConfig' of type [org.springframework.cloud.client.loadbalancer.reactive.LoadBalancerBeanPostProcessorAutoConfiguration$ReactorDeferringLoadBalancerFilterConfig] is not eligible for getting processed by all BeanPostProcessors (for example: not eligible for auto-proxying). Is this bean getting eagerly injected into a currently created BeanPostProcessor [loadBalancerWebClientBuilderBeanPostProcessor]? Check the corresponding BeanPostProcessor declaration and its dependencies.
2025-07-11 12:26:45 [restartedMain] WARN  o.s.c.s.PostProcessorRegistrationDelegate$BeanPostProcessorChecker - Bean 'reactorDeferringLoadBalancerExchangeFilterFunction' of type [org.springframework.cloud.client.loadbalancer.reactive.DeferringLoadBalancerExchangeFilterFunction] is not eligible for getting processed by all BeanPostProcessors (for example: not eligible for auto-proxying). Is this bean getting eagerly injected into a currently created BeanPostProcessor [loadBalancerWebClientBuilderBeanPostProcessor]? Check the corresponding BeanPostProcessor declaration and its dependencies.
2025-07-11 12:26:47 [restartedMain] DEBUG o.s.w.f.ServerHttpObservationFilter - Filter 'webMvcObservationFilter' configured for use
2025-07-11 12:26:47 [restartedMain] DEBUG c.m.u.c.c.i.InternalJwtFilter - Filter 'internalJwtFilter' configured for use
2025-07-11 12:26:48 [restartedMain] WARN  org.hibernate.orm.deprecation - HHH90000025: MariaDBDialect does not need to be specified explicitly using 'hibernate.dialect' (remove the property setting and it will be selected by default)
2025-07-11 12:26:49 [restartedMain] INFO  c.m.u.core.logging.LoggingService - CacheConfiguration: Cache manager configurado con 8 caches
2025-07-11 12:26:51 [restartedMain] WARN  o.s.b.a.o.j.JpaBaseConfiguration$JpaWebConfiguration - spring.jpa.open-in-view is enabled by default. Therefore, database queries may be performed during view rendering. Explicitly configure spring.jpa.open-in-view to disable this warning
2025-07-11 12:26:52 [restartedMain] WARN  o.s.b.a.s.s.UserDetailsServiceAutoConfiguration - 

Using generated security password: b38b8767-967c-428c-a44a-c0e57a4544da

This generated password is for development use only. Your security configuration must be updated before running your application in production.

2025-07-11 12:26:52 [restartedMain] INFO  c.m.u.core.logging.LoggingService - SecurityConfig: Iniciando configuración de seguridad del microservicio users
2025-07-11 12:26:52 [restartedMain] DEBUG o.s.w.s.m.m.a.RequestMappingHandlerMapping - 26 mappings in 'requestMappingHandlerMapping'
2025-07-11 12:26:52 [restartedMain] DEBUG o.s.w.s.h.SimpleUrlHandlerMapping - Patterns [/webjars/**, /**, /swagger-ui*/*swagger-initializer.js, /swagger-ui*/**] in 'resourceHandlerMapping'
2025-07-11 12:26:52 [restartedMain] INFO  c.m.u.core.logging.LoggingService - SecurityConfig: Configuración de seguridad completada - Todos los endpoints permitidos, filtro JWT interno configurado
2025-07-11 12:26:53 [restartedMain] DEBUG o.s.w.s.m.m.a.RequestMappingHandlerAdapter - ControllerAdvice beans: 0 @ModelAttribute, 0 @InitBinder, 1 RequestBodyAdvice, 1 ResponseBodyAdvice
2025-07-11 12:26:53 [restartedMain] DEBUG o.s.w.s.m.m.a.ExceptionHandlerExceptionResolver - ControllerAdvice beans: 2 @ExceptionHandler, 1 ResponseBodyAdvice
2025-07-11 12:26:53 [restartedMain] WARN  o.s.b.d.a.OptionalLiveReloadServer - Unable to start LiveReload server
2025-07-11 12:26:54 [restartedMain] INFO  c.netflix.discovery.DiscoveryClient - Initializing Eureka in region us-east-1
2025-07-11 12:26:54 [restartedMain] INFO  c.n.d.s.r.aws.ConfigClusterResolver - Resolving eureka endpoints via configuration
2025-07-11 12:26:54 [restartedMain] INFO  c.netflix.discovery.DiscoveryClient - Disable delta property : false
2025-07-11 12:26:54 [restartedMain] INFO  c.netflix.discovery.DiscoveryClient - Single vip registry refresh property : null
2025-07-11 12:26:54 [restartedMain] INFO  c.netflix.discovery.DiscoveryClient - Force full registry fetch : false
2025-07-11 12:26:54 [restartedMain] INFO  c.netflix.discovery.DiscoveryClient - Application is null : false
2025-07-11 12:26:54 [restartedMain] INFO  c.netflix.discovery.DiscoveryClient - Registered Applications size is zero : true
2025-07-11 12:26:54 [restartedMain] INFO  c.netflix.discovery.DiscoveryClient - Application version is -1: true
2025-07-11 12:26:54 [restartedMain] INFO  c.netflix.discovery.DiscoveryClient - Getting all instance registry info from the eureka server
2025-07-11 12:26:54 [restartedMain] DEBUG o.s.web.client.RestTemplate - HTTP GET http://localhost:8081/eureka/apps/
2025-07-11 12:26:54 [restartedMain] DEBUG o.s.web.client.RestTemplate - Accept=[application/json, application/*+json]
2025-07-11 12:26:54 [restartedMain] DEBUG o.s.web.client.RestTemplate - Response 200 OK
2025-07-11 12:26:54 [restartedMain] DEBUG o.s.web.client.RestTemplate - Reading to [org.springframework.cloud.netflix.eureka.http.EurekaApplications]
2025-07-11 12:26:54 [restartedMain] INFO  c.netflix.discovery.DiscoveryClient - The response status is 200
2025-07-11 12:26:54 [restartedMain] INFO  c.netflix.discovery.DiscoveryClient - Starting heartbeat executor: renew interval is: 30
2025-07-11 12:26:54 [restartedMain] INFO  c.n.discovery.InstanceInfoReplicator - InstanceInfoReplicator onDemand update allowed rate per min is 4
2025-07-11 12:26:54 [restartedMain] INFO  c.netflix.discovery.DiscoveryClient - Discovery Client initialized at timestamp 1752254814745 with initial instances count: 2
2025-07-11 12:26:54 [restartedMain] INFO  c.netflix.discovery.DiscoveryClient - Saw local status change event StatusChangeEvent [timestamp=1752254814766, current=UP, previous=STARTING]
2025-07-11 12:26:54 [DiscoveryClient-InstanceInfoReplicator-0] INFO  c.netflix.discovery.DiscoveryClient - DiscoveryClient_USERS-SERVICE/192.168.41.141:users-service:8082: registering service...
2025-07-11 12:26:54 [DiscoveryClient-InstanceInfoReplicator-0] DEBUG o.s.web.client.RestTemplate - HTTP POST http://localhost:8081/eureka/apps/USERS-SERVICE
2025-07-11 12:26:54 [DiscoveryClient-InstanceInfoReplicator-0] DEBUG o.s.web.client.RestTemplate - Accept=[application/json, application/*+json]
2025-07-11 12:26:54 [DiscoveryClient-InstanceInfoReplicator-0] DEBUG o.s.web.client.RestTemplate - Writing [InstanceInfo [instanceId = 192.168.41.141:users-service:8082, appName = USERS-SERVICE, hostName = 192.168.41.141, status = UP, ipAddr = 192.168.41.141, port = 8082, securePort = 443, dataCenterInfo = com.netflix.appinfo.MyDataCenterInfo@750a50e1] as "application/json"
2025-07-11 12:26:54 [DiscoveryClient-InstanceInfoReplicator-0] DEBUG o.s.web.client.RestTemplate - Response 204 NO_CONTENT
2025-07-11 12:26:54 [DiscoveryClient-InstanceInfoReplicator-0] INFO  c.netflix.discovery.DiscoveryClient - DiscoveryClient_USERS-SERVICE/192.168.41.141:users-service:8082 - registration status: 204
2025-07-11 12:26:54 [restartedMain] INFO  c.m.users.UsersApplication - Started UsersApplication in 12.918 seconds (process running for 13.739)
2025-07-11 12:27:09 [http-nio-8082-exec-1] INFO  o.s.web.servlet.DispatcherServlet - Initializing Servlet 'dispatcherServlet'
2025-07-11 12:27:09 [http-nio-8082-exec-1] DEBUG o.s.web.servlet.DispatcherServlet - Detected StandardServletMultipartResolver
2025-07-11 12:27:09 [http-nio-8082-exec-1] DEBUG o.s.web.servlet.DispatcherServlet - Detected AcceptHeaderLocaleResolver
2025-07-11 12:27:09 [http-nio-8082-exec-1] DEBUG o.s.web.servlet.DispatcherServlet - Detected FixedThemeResolver
2025-07-11 12:27:09 [http-nio-8082-exec-1] DEBUG o.s.web.servlet.DispatcherServlet - Detected org.springframework.web.servlet.view.DefaultRequestToViewNameTranslator@6a945608
2025-07-11 12:27:09 [http-nio-8082-exec-1] DEBUG o.s.web.servlet.DispatcherServlet - Detected org.springframework.web.servlet.support.SessionFlashMapManager@1ef1ea1b
2025-07-11 12:27:09 [http-nio-8082-exec-1] DEBUG o.s.web.servlet.DispatcherServlet - enableLoggingRequestDetails='false': request parameters and headers will be masked to prevent unsafe logging of potentially sensitive data
2025-07-11 12:27:09 [http-nio-8082-exec-1] INFO  o.s.web.servlet.DispatcherServlet - Completed initialization in 5 ms
2025-07-11 12:27:10 [http-nio-8082-exec-1] DEBUG c.m.u.core.logging.LoggingService - InternalJwtFilter: Procesando solicitud: /verification/send
2025-07-11 12:27:10 [http-nio-8082-exec-1] DEBUG c.m.u.core.logging.LoggingService - InternalJwtFilter: Path '/verification/send' requiere JWT: false
2025-07-11 12:27:10 [http-nio-8082-exec-1] DEBUG c.m.u.core.logging.LoggingService - InternalJwtFilter: Path no protegido, continuando sin validación JWT
2025-07-11 12:27:10 [http-nio-8082-exec-1] DEBUG o.s.web.servlet.DispatcherServlet - POST "/verification/send", parameters={}
2025-07-11 12:27:10 [http-nio-8082-exec-1] DEBUG o.s.w.s.m.m.a.RequestMappingHandlerMapping - Mapped to com.microserviceone.users.verificationCodeApi.web.controller.VerificationCodeController#sendVerificationCode(SendCodeRequest)
2025-07-11 12:27:10 [http-nio-8082-exec-1] DEBUG o.s.w.s.m.m.a.RequestResponseBodyMethodProcessor - Read "application/json;charset=UTF-8" to [com.microserviceone.users.verificationCodeApi.web.dto.SendCodeRequest@55de0ed]
2025-07-11 12:27:10 [http-nio-8082-exec-1] INFO  c.m.u.core.logging.LoggingService - VerificationService: Enviando código de verificación - Email: sebasagudelo1012@gmail.com
2025-07-11 12:27:10 [http-nio-8082-exec-1] INFO  c.m.u.core.logging.LoggingService - SendVerificationCodeUseCase: Iniciando envío de código de verificación - Email: sebasagudelo1012@gmail.com
2025-07-11 12:27:10 [http-nio-8082-exec-1] DEBUG c.m.u.core.logging.LoggingService - SendVerificationCodeUseCase: Invalidando códigos anteriores - Email: sebasagudelo1012@gmail.com
2025-07-11 12:27:10 [http-nio-8082-exec-1] DEBUG c.m.u.core.logging.LoggingService - AdapterVerificationCode: Invalidando códigos anteriores - Email: sebasagudelo1012@gmail.com
2025-07-11 12:27:10 [http-nio-8082-exec-1] DEBUG c.m.u.core.logging.LoggingService - AdapterVerificationCode: Códigos anteriores invalidados exitosamente - Email: sebasagudelo1012@gmail.com
2025-07-11 12:27:10 [http-nio-8082-exec-1] DEBUG c.m.u.core.logging.LoggingService - SendVerificationCodeUseCase: Códigos anteriores invalidados - Email: sebasagudelo1012@gmail.com
2025-07-11 12:27:10 [http-nio-8082-exec-1] DEBUG c.m.u.core.logging.LoggingService - SendVerificationCodeUseCase: Generando nuevo código - Email: sebasagudelo1012@gmail.com
2025-07-11 12:27:10 [http-nio-8082-exec-1] DEBUG c.m.u.core.logging.LoggingService - ImplCodeGeneratorService: Generando código de verificación
2025-07-11 12:27:10 [http-nio-8082-exec-1] DEBUG c.m.u.core.logging.LoggingService - ImplCodeGeneratorService: Código generado exitosamente: 941809
2025-07-11 12:27:10 [http-nio-8082-exec-1] DEBUG c.m.u.core.logging.LoggingService - SendVerificationCodeUseCase: Código generado: 941809 para email: sebasagudelo1012@gmail.com
2025-07-11 12:27:10 [http-nio-8082-exec-1] DEBUG c.m.u.core.logging.LoggingService - SendVerificationCodeUseCase: Objeto VerificationCode creado - Email: sebasagudelo1012@gmail.com, Código: 941809
2025-07-11 12:27:10 [http-nio-8082-exec-1] DEBUG c.m.u.core.logging.LoggingService - AdapterVerificationCode: Guardando código de verificación - Email: sebasagudelo1012@gmail.com, Código: 941809
2025-07-11 12:27:10 [http-nio-8082-exec-1] DEBUG c.m.u.core.logging.LoggingService - AdapterVerificationCode: Código convertido a entidad - Email: sebasagudelo1012@gmail.com, Código: 941809
2025-07-11 12:27:10 [http-nio-8082-exec-1] DEBUG c.m.u.core.logging.LoggingService - AdapterVerificationCode: Código guardado en base de datos - ID: 1, Email: sebasagudelo1012@gmail.com, Código: 941809
2025-07-11 12:27:10 [http-nio-8082-exec-1] DEBUG c.m.u.core.logging.LoggingService - AdapterVerificationCode: Entidad convertida a dominio - ID: 1, Email: sebasagudelo1012@gmail.com, Código: 941809
2025-07-11 12:27:10 [http-nio-8082-exec-1] DEBUG c.m.u.core.logging.LoggingService - SendVerificationCodeUseCase: Código guardado en base de datos - Email: sebasagudelo1012@gmail.com, Código: 941809
2025-07-11 12:27:10 [http-nio-8082-exec-1] DEBUG c.m.u.core.logging.LoggingService - SendVerificationCodeUseCase: Enviando código por email - Email: sebasagudelo1012@gmail.com, Código: 941809
2025-07-11 12:27:11 [AsyncReporter{org.springframework.boot.actuate.autoconfigure.tracing.zipkin.ZipkinWebClientSender@1d9adb16}] DEBUG o.s.w.r.f.client.ExchangeFunctions - [32ebee4e] HTTP POST http://localhost:9411/api/v2/spans%20
2025-07-11 12:27:11 [AsyncReporter{org.springframework.boot.actuate.autoconfigure.tracing.zipkin.ZipkinWebClientSender@1d9adb16}] WARN  z.r.AsyncReporter$BoundedAsyncReporter - Spans were dropped due to exceptions. All subsequent errors will be logged at FINE level.
2025-07-11 12:27:11 [AsyncReporter{org.springframework.boot.actuate.autoconfigure.tracing.zipkin.ZipkinWebClientSender@1d9adb16}] WARN  z.r.AsyncReporter$BoundedAsyncReporter - Dropped 2 spans due to WebClientRequestException(finishConnect(..) failed: Conexión rehusada: localhost/127.0.0.1:9411)
org.springframework.web.reactive.function.client.WebClientRequestException: finishConnect(..) failed: Conexión rehusada: localhost/127.0.0.1:9411
	at org.springframework.web.reactive.function.client.ExchangeFunctions$DefaultExchangeFunction.lambda$wrapException$9(ExchangeFunctions.java:136)
	Suppressed: reactor.core.publisher.FluxOnAssembly$OnAssemblyException: 
Error has been observed at the following site(s):
	*__checkpoint ⇢ Request to POST http://localhost:9411/api/v2/spans%20 [DefaultWebClient]
Original Stack Trace:
		at org.springframework.web.reactive.function.client.ExchangeFunctions$DefaultExchangeFunction.lambda$wrapException$9(ExchangeFunctions.java:136)
		at reactor.core.publisher.MonoErrorSupplied.subscribe(MonoErrorSupplied.java:55)
		at reactor.core.publisher.Mono.subscribe(Mono.java:4563)
		at reactor.core.publisher.FluxOnErrorResume$ResumeSubscriber.onError(FluxOnErrorResume.java:103)
		at reactor.core.publisher.FluxPeek$PeekSubscriber.onError(FluxPeek.java:222)
		at reactor.core.publisher.FluxPeek$PeekSubscriber.onError(FluxPeek.java:222)
		at reactor.core.publisher.FluxPeek$PeekSubscriber.onError(FluxPeek.java:222)
		at reactor.core.publisher.MonoNext$NextSubscriber.onError(MonoNext.java:93)
		at reactor.core.publisher.MonoFlatMapMany$FlatMapManyMain.onError(MonoFlatMapMany.java:205)
		at reactor.core.publisher.SerializedSubscriber.onError(SerializedSubscriber.java:124)
		at reactor.core.publisher.FluxRetryWhen$RetryWhenMainSubscriber.whenError(FluxRetryWhen.java:229)
		at reactor.core.publisher.FluxRetryWhen$RetryWhenOtherSubscriber.onError(FluxRetryWhen.java:279)
		at reactor.core.publisher.FluxContextWrite$ContextWriteSubscriber.onError(FluxContextWrite.java:121)
		at reactor.core.publisher.FluxConcatMapNoPrefetch$FluxConcatMapNoPrefetchSubscriber.maybeOnError(FluxConcatMapNoPrefetch.java:327)
		at reactor.core.publisher.FluxConcatMapNoPrefetch$FluxConcatMapNoPrefetchSubscriber.onNext(FluxConcatMapNoPrefetch.java:212)
		at reactor.core.publisher.FluxContextWrite$ContextWriteSubscriber.onNext(FluxContextWrite.java:107)
		at reactor.core.publisher.SinkManyEmitterProcessor.drain(SinkManyEmitterProcessor.java:476)
		at reactor.core.publisher.SinkManyEmitterProcessor$EmitterInner.drainParent(SinkManyEmitterProcessor.java:620)
		at reactor.core.publisher.FluxPublish$PubSubInner.request(FluxPublish.java:874)
		at reactor.core.publisher.FluxContextWrite$ContextWriteSubscriber.request(FluxContextWrite.java:136)
		at reactor.core.publisher.FluxConcatMapNoPrefetch$FluxConcatMapNoPrefetchSubscriber.request(FluxConcatMapNoPrefetch.java:337)
		at reactor.core.publisher.FluxContextWrite$ContextWriteSubscriber.request(FluxContextWrite.java:136)
		at reactor.core.publisher.Operators$DeferredSubscription.request(Operators.java:1743)
		at reactor.core.publisher.FluxRetryWhen$RetryWhenMainSubscriber.onError(FluxRetryWhen.java:196)
		at reactor.core.publisher.MonoCreate$DefaultMonoSink.error(MonoCreate.java:205)
		at reactor.netty.http.client.HttpClientConnect$MonoHttpConnect$ClientTransportSubscriber.onError(HttpClientConnect.java:311)
		at reactor.core.publisher.MonoCreate$DefaultMonoSink.error(MonoCreate.java:205)
		at reactor.netty.resources.DefaultPooledConnectionProvider$DisposableAcquire.onError(DefaultPooledConnectionProvider.java:172)
		at reactor.netty.internal.shaded.reactor.pool.AbstractPool$Borrower.fail(AbstractPool.java:488)
		at reactor.netty.internal.shaded.reactor.pool.SimpleDequePool.lambda$drainLoop$9(SimpleDequePool.java:436)
		at reactor.core.publisher.FluxDoOnEach$DoOnEachSubscriber.onError(FluxDoOnEach.java:186)
		at reactor.core.publisher.MonoCreate$DefaultMonoSink.error(MonoCreate.java:205)
		at reactor.netty.resources.DefaultPooledConnectionProvider$PooledConnectionAllocator$PooledConnectionInitializer.onError(DefaultPooledConnectionProvider.java:583)
		at reactor.core.publisher.MonoFlatMap$FlatMapMain.secondError(MonoFlatMap.java:241)
		at reactor.core.publisher.MonoFlatMap$FlatMapInner.onError(MonoFlatMap.java:315)
		at reactor.core.publisher.FluxOnErrorResume$ResumeSubscriber.onError(FluxOnErrorResume.java:106)
		at reactor.core.publisher.Operators.error(Operators.java:198)
		at reactor.core.publisher.MonoError.subscribe(MonoError.java:53)
		at reactor.core.publisher.Mono.subscribe(Mono.java:4563)
		at reactor.core.publisher.FluxOnErrorResume$ResumeSubscriber.onError(FluxOnErrorResume.java:103)
		at reactor.netty.transport.TransportConnector$MonoChannelPromise.tryFailure(TransportConnector.java:576)
		at reactor.netty.transport.TransportConnector$MonoChannelPromise.setFailure(TransportConnector.java:522)
		at reactor.netty.transport.TransportConnector.lambda$doConnect$7(TransportConnector.java:261)
		at io.netty.util.concurrent.DefaultPromise.notifyListener0(DefaultPromise.java:590)
		at io.netty.util.concurrent.DefaultPromise.notifyListeners0(DefaultPromise.java:583)
		at io.netty.util.concurrent.DefaultPromise.notifyListenersNow(DefaultPromise.java:559)
		at io.netty.util.concurrent.DefaultPromise.notifyListeners(DefaultPromise.java:492)
		at io.netty.util.concurrent.DefaultPromise.setValue0(DefaultPromise.java:636)
		at io.netty.util.concurrent.DefaultPromise.setFailure0(DefaultPromise.java:629)
		at io.netty.util.concurrent.DefaultPromise.tryFailure(DefaultPromise.java:118)
		at io.netty.channel.epoll.AbstractEpollChannel$AbstractEpollUnsafe.fulfillConnectPromise(AbstractEpollChannel.java:675)
		at io.netty.channel.epoll.AbstractEpollChannel$AbstractEpollUnsafe.finishConnect(AbstractEpollChannel.java:694)
		at io.netty.channel.epoll.AbstractEpollChannel$AbstractEpollUnsafe.epollOutReady(AbstractEpollChannel.java:567)
		at io.netty.channel.epoll.EpollEventLoop.processReady(EpollEventLoop.java:499)
		at io.netty.channel.epoll.EpollEventLoop.run(EpollEventLoop.java:407)
		at io.netty.util.concurrent.SingleThreadEventExecutor$4.run(SingleThreadEventExecutor.java:997)
		at io.netty.util.internal.ThreadExecutorMap$2.run(ThreadExecutorMap.java:74)
		at io.netty.util.concurrent.FastThreadLocalRunnable.run(FastThreadLocalRunnable.java:30)
		at java.base/java.lang.Thread.run(Thread.java:840)
	Suppressed: java.lang.Exception: #block terminated with an error
		at reactor.core.publisher.BlockingSingleSubscriber.blockingGet(BlockingSingleSubscriber.java:103)
		at reactor.core.publisher.Mono.block(Mono.java:1779)
		at org.springframework.boot.actuate.autoconfigure.tracing.zipkin.ZipkinWebClientSender$WebClientHttpPostCall.doExecute(ZipkinWebClientSender.java:76)
		at org.springframework.boot.actuate.autoconfigure.tracing.zipkin.ZipkinWebClientSender$WebClientHttpPostCall.doExecute(ZipkinWebClientSender.java:54)
		at zipkin2.Call$Base.execute(Call.java:391)
		at zipkin2.reporter.AsyncReporter$BoundedAsyncReporter.flush(AsyncReporter.java:299)
		at zipkin2.reporter.AsyncReporter$Flusher.run(AsyncReporter.java:378)
		at java.base/java.lang.Thread.run(Thread.java:840)
Caused by: io.netty.channel.AbstractChannel$AnnotatedConnectException: finishConnect(..) failed: Conexión rehusada: localhost/127.0.0.1:9411
Caused by: java.net.ConnectException: finishConnect(..) failed: Conexión rehusada
	at io.netty.channel.unix.Errors.newConnectException0(Errors.java:166)
	at io.netty.channel.unix.Errors.handleConnectErrno(Errors.java:131)
	at io.netty.channel.unix.Socket.finishConnect(Socket.java:359)
	at io.netty.channel.epoll.AbstractEpollChannel$AbstractEpollUnsafe.doFinishConnect(AbstractEpollChannel.java:711)
	at io.netty.channel.epoll.AbstractEpollChannel$AbstractEpollUnsafe.finishConnect(AbstractEpollChannel.java:688)
	at io.netty.channel.epoll.AbstractEpollChannel$AbstractEpollUnsafe.epollOutReady(AbstractEpollChannel.java:567)
	at io.netty.channel.epoll.EpollEventLoop.processReady(EpollEventLoop.java:499)
	at io.netty.channel.epoll.EpollEventLoop.run(EpollEventLoop.java:407)
	at io.netty.util.concurrent.SingleThreadEventExecutor$4.run(SingleThreadEventExecutor.java:997)
	at io.netty.util.internal.ThreadExecutorMap$2.run(ThreadExecutorMap.java:74)
	at io.netty.util.concurrent.FastThreadLocalRunnable.run(FastThreadLocalRunnable.java:30)
	at java.base/java.lang.Thread.run(Thread.java:840)
2025-07-11 12:27:13 [http-nio-8082-exec-1] INFO  c.m.u.v.i.email.EmailServiceUseCase - Código de verificación enviado exitosamente a: sebasagudelo1012@gmail.com
2025-07-11 12:27:13 [http-nio-8082-exec-1] INFO  c.m.u.core.logging.LoggingService - SendVerificationCodeUseCase: Código de verificación enviado exitosamente - Email: sebasagudelo1012@gmail.com, Código: 941809
2025-07-11 12:27:13 [http-nio-8082-exec-1] INFO  c.m.u.core.logging.LoggingService - VerificationService: Código de verificación enviado exitosamente - Email: sebasagudelo1012@gmail.com
2025-07-11 12:27:13 [http-nio-8082-exec-1] DEBUG o.s.w.s.m.m.a.HttpEntityMethodProcessor - Using 'application/json', given [*/*] and supported [application/json, application/*+json]
2025-07-11 12:27:13 [http-nio-8082-exec-1] DEBUG o.s.w.s.m.m.a.HttpEntityMethodProcessor - Writing [ApiResponse(success=true, message=Verification code sent successfully, data=null, errorCode=null, ti (truncated)...]
2025-07-11 12:27:13 [http-nio-8082-exec-1] DEBUG o.s.web.servlet.DispatcherServlet - Completed 200 OK
2025-07-11 12:27:13 [AsyncReporter{org.springframework.boot.actuate.autoconfigure.tracing.zipkin.ZipkinWebClientSender@1d9adb16}] DEBUG o.s.w.r.f.client.ExchangeFunctions - [332d390a] HTTP POST http://localhost:9411/api/v2/spans%20
2025-07-11 12:27:24 [DiscoveryClient-CacheRefreshExecutor-0] DEBUG o.s.web.client.RestTemplate - HTTP GET http://localhost:8081/eureka/apps/delta
2025-07-11 12:27:24 [DiscoveryClient-CacheRefreshExecutor-0] DEBUG o.s.web.client.RestTemplate - Accept=[application/json, application/*+json]
2025-07-11 12:27:24 [DiscoveryClient-HeartbeatExecutor-0] DEBUG o.s.web.client.RestTemplate - HTTP PUT http://localhost:8081/eureka/apps/USERS-SERVICE/192.168.41.141:users-service:8082?status=UP&lastDirtyTimestamp=1752254814766
2025-07-11 12:27:24 [DiscoveryClient-CacheRefreshExecutor-0] DEBUG o.s.web.client.RestTemplate - Response 200 OK
2025-07-11 12:27:24 [DiscoveryClient-CacheRefreshExecutor-0] DEBUG o.s.web.client.RestTemplate - Reading to [org.springframework.cloud.netflix.eureka.http.EurekaApplications]
2025-07-11 12:27:24 [DiscoveryClient-HeartbeatExecutor-0] DEBUG o.s.web.client.RestTemplate - Accept=[application/json, application/*+json]
2025-07-11 12:27:24 [DiscoveryClient-HeartbeatExecutor-0] DEBUG o.s.web.client.RestTemplate - Response 200 OK
2025-07-11 12:27:47 [http-nio-8082-exec-4] DEBUG c.m.u.core.logging.LoggingService - InternalJwtFilter: Procesando solicitud: /verification/check
2025-07-11 12:27:47 [http-nio-8082-exec-4] DEBUG c.m.u.core.logging.LoggingService - InternalJwtFilter: Path '/verification/check' requiere JWT: false
2025-07-11 12:27:47 [http-nio-8082-exec-4] DEBUG c.m.u.core.logging.LoggingService - InternalJwtFilter: Path no protegido, continuando sin validación JWT
2025-07-11 12:27:47 [http-nio-8082-exec-4] DEBUG o.s.web.servlet.DispatcherServlet - POST "/verification/check", parameters={}
2025-07-11 12:27:47 [http-nio-8082-exec-4] DEBUG o.s.w.s.m.m.a.RequestMappingHandlerMapping - Mapped to com.microserviceone.users.verificationCodeApi.web.controller.VerificationCodeController#verifyCode(VerifyCodeRequest)
2025-07-11 12:27:47 [http-nio-8082-exec-4] DEBUG o.s.w.s.m.m.a.RequestResponseBodyMethodProcessor - Read "application/json;charset=UTF-8" to [com.microserviceone.users.verificationCodeApi.web.dto.VerifyCodeRequest@7b048b83]
2025-07-11 12:27:47 [http-nio-8082-exec-4] INFO  c.m.u.core.logging.LoggingService - VerificationService: Verificando código - Email: sebasagudelo1012@gmail.com
2025-07-11 12:27:47 [http-nio-8082-exec-4] INFO  c.m.u.core.logging.LoggingService - VerifyCodeUseCase: Iniciando verificación de código - Email: sebasagudelo1012@gmail.com, Código: 941809
2025-07-11 12:27:47 [http-nio-8082-exec-4] DEBUG c.m.u.core.logging.LoggingService - VerifyCodeUseCase: Verificando existencia del código - Email: sebasagudelo1012@gmail.com, Código: 941809
2025-07-11 12:27:47 [http-nio-8082-exec-4] DEBUG c.m.u.core.logging.LoggingService - VerifyExistCodeUseCase: Verificando existencia de código - Email: sebasagudelo1012@gmail.com, Código: 941809
2025-07-11 12:27:47 [http-nio-8082-exec-4] DEBUG c.m.u.core.logging.LoggingService - AdapterVerificationCode: Buscando código por email y código - Email: sebasagudelo1012@gmail.com, Código: 941809
2025-07-11 12:27:47 [http-nio-8082-exec-4] DEBUG c.m.u.core.logging.LoggingService - AdapterVerificationCode: Código encontrado - ID: 1, Email: sebasagudelo1012@gmail.com, Código: 941809
2025-07-11 12:27:47 [http-nio-8082-exec-4] DEBUG c.m.u.core.logging.LoggingService - VerifyExistCodeUseCase: Código encontrado - Email: sebasagudelo1012@gmail.com, Código: 941809, ID: 1
2025-07-11 12:27:47 [http-nio-8082-exec-4] DEBUG c.m.u.core.logging.LoggingService - VerifyCodeUseCase: Código encontrado - Email: sebasagudelo1012@gmail.com, Código: 941809, ID: 1
2025-07-11 12:27:47 [http-nio-8082-exec-4] DEBUG c.m.u.core.logging.LoggingService - VerifyCodeUseCase: Validando código - Email: sebasagudelo1012@gmail.com, Código: 941809
2025-07-11 12:27:47 [http-nio-8082-exec-4] DEBUG c.m.u.core.logging.LoggingService - VerifyCodeIsValidUseCase: Validando código - ID: 1, Email: sebasagudelo1012@gmail.com, Código: 941809
2025-07-11 12:27:47 [http-nio-8082-exec-4] DEBUG c.m.u.core.logging.LoggingService - VerifyCodeIsValidUseCase: Código validado como válido - ID: 1, Email: sebasagudelo1012@gmail.com, Código: 941809
2025-07-11 12:27:47 [http-nio-8082-exec-4] DEBUG c.m.u.core.logging.LoggingService - VerifyCodeUseCase: Código validado como válido - Email: sebasagudelo1012@gmail.com, Código: 941809
2025-07-11 12:27:47 [http-nio-8082-exec-4] DEBUG c.m.u.core.logging.LoggingService - VerifyCodeUseCase: Marcando código como usado - Email: sebasagudelo1012@gmail.com, Código: 941809
2025-07-11 12:27:47 [http-nio-8082-exec-4] DEBUG c.m.u.core.logging.LoggingService - AdapterVerificationCode: Guardando código de verificación - Email: sebasagudelo1012@gmail.com, Código: 941809
2025-07-11 12:27:47 [http-nio-8082-exec-4] DEBUG c.m.u.core.logging.LoggingService - AdapterVerificationCode: Código convertido a entidad - Email: sebasagudelo1012@gmail.com, Código: 941809
2025-07-11 12:27:47 [http-nio-8082-exec-4] DEBUG c.m.u.core.logging.LoggingService - AdapterVerificationCode: Código guardado en base de datos - ID: 1, Email: sebasagudelo1012@gmail.com, Código: 941809
2025-07-11 12:27:47 [http-nio-8082-exec-4] DEBUG c.m.u.core.logging.LoggingService - AdapterVerificationCode: Entidad convertida a dominio - ID: 1, Email: sebasagudelo1012@gmail.com, Código: 941809
2025-07-11 12:27:47 [http-nio-8082-exec-4] DEBUG c.m.u.core.logging.LoggingService - VerifyCodeUseCase: Código marcado como usado y guardado - Email: sebasagudelo1012@gmail.com, Código: 941809
2025-07-11 12:27:47 [http-nio-8082-exec-4] DEBUG c.m.u.core.logging.LoggingService - VerifyCodeUseCase: Marcando email como verificado - Email: sebasagudelo1012@gmail.com, Código: 941809
2025-07-11 12:27:47 [http-nio-8082-exec-4] DEBUG c.m.u.core.logging.LoggingService - AdapterVerificationCode: Marcando código como verificado - Email: sebasagudelo1012@gmail.com, Código: 941809
2025-07-11 12:27:47 [http-nio-8082-exec-4] DEBUG c.m.u.core.logging.LoggingService - AdapterVerificationCode: Código marcado como verificado exitosamente - Email: sebasagudelo1012@gmail.com, Código: 941809
2025-07-11 12:27:47 [http-nio-8082-exec-4] INFO  c.m.u.core.logging.LoggingService - CachedCheckEmailVerificationUseCase: Invalidando cache para verificación de email - Email: sebasagudelo1012@gmail.com
2025-07-11 12:27:47 [http-nio-8082-exec-4] DEBUG c.m.u.core.logging.LoggingService - CacheService: evict - Cache: emailVerified, Key: emailVerified:sebasagudelo1012@gmail.com
2025-07-11 12:27:47 [http-nio-8082-exec-4] DEBUG c.m.u.core.logging.LoggingService - CacheService: Entrada removida del cache - Cache: emailVerified, Key: emailVerified:sebasagudelo1012@gmail.com
2025-07-11 12:27:47 [http-nio-8082-exec-4] DEBUG c.m.u.core.logging.LoggingService - CachedCheckEmailVerificationUseCase: Cache de verificación de email invalidado - Email: sebasagudelo1012@gmail.com
2025-07-11 12:27:47 [http-nio-8082-exec-4] INFO  c.m.u.core.logging.LoggingService - VerifyCodeUseCase: Verificación de código completada exitosamente - Email: sebasagudelo1012@gmail.com, Código: 941809
2025-07-11 12:27:47 [http-nio-8082-exec-4] INFO  c.m.u.core.logging.LoggingService - VerificationService: Verificación de código completada - Email: sebasagudelo1012@gmail.com, Válido: true
2025-07-11 12:27:47 [http-nio-8082-exec-4] DEBUG o.s.w.s.m.m.a.HttpEntityMethodProcessor - Using 'application/json', given [*/*] and supported [application/json, application/*+json]
2025-07-11 12:27:47 [http-nio-8082-exec-4] DEBUG o.s.w.s.m.m.a.HttpEntityMethodProcessor - Writing [ApiResponse(success=true, message=Code verified successfully, data=true, errorCode=null, timestamp=2 (truncated)...]
2025-07-11 12:27:47 [http-nio-8082-exec-4] DEBUG o.s.web.servlet.DispatcherServlet - Completed 200 OK
2025-07-11 12:27:47 [AsyncReporter{org.springframework.boot.actuate.autoconfigure.tracing.zipkin.ZipkinWebClientSender@1d9adb16}] DEBUG o.s.w.r.f.client.ExchangeFunctions - [374b2a7c] HTTP POST http://localhost:9411/api/v2/spans%20
2025-07-11 12:27:52 [http-nio-8082-exec-3] DEBUG c.m.u.core.logging.LoggingService - InternalJwtFilter: Procesando solicitud: /register/customer
2025-07-11 12:27:52 [http-nio-8082-exec-3] DEBUG c.m.u.core.logging.LoggingService - InternalJwtFilter: Path '/register/customer' requiere JWT: false
2025-07-11 12:27:52 [http-nio-8082-exec-3] DEBUG c.m.u.core.logging.LoggingService - InternalJwtFilter: Path no protegido, continuando sin validación JWT
2025-07-11 12:27:52 [http-nio-8082-exec-3] DEBUG o.s.web.servlet.DispatcherServlet - POST "/register/customer", parameters={}
2025-07-11 12:27:52 [http-nio-8082-exec-3] DEBUG o.s.w.s.m.m.a.RequestMappingHandlerMapping - Mapped to com.microserviceone.users.registrationApi.web.controller.RegisterController#registerCustomer(CustomerRequest)
2025-07-11 12:27:52 [http-nio-8082-exec-3] DEBUG o.s.w.s.m.m.a.RequestResponseBodyMethodProcessor - Read "application/json;charset=UTF-8" to [CustomerRequest(name=Seebastian, lastName=Agudelo, email=sebasagudelo1012@gmail.com, password=Agudel (truncated)...]
2025-07-11 12:27:52 [http-nio-8082-exec-3] INFO  c.m.u.core.logging.LoggingService - Iniciando registro de cliente - Email: sebasagudelo1012@gmail.com, Nombre: Seebastian Agudelo
2025-07-11 12:27:52 [http-nio-8082-exec-3] DEBUG c.m.u.core.logging.LoggingService - Validando verificación de email para: sebasagudelo1012@gmail.com
2025-07-11 12:27:52 [http-nio-8082-exec-3] INFO  c.m.u.core.logging.LoggingService - Iniciando validación de email previa al registro para email: sebasagudelo1012@gmail.com
2025-07-11 12:27:52 [http-nio-8082-exec-3] INFO  c.m.u.core.logging.LoggingService - Validando verificación de email: sebasagudelo1012@gmail.com
2025-07-11 12:27:52 [http-nio-8082-exec-3] DEBUG c.m.u.core.logging.LoggingService - InternalJwtService: Generando token JWT interno para servicio: user-service
2025-07-11 12:27:52 [http-nio-8082-exec-3] INFO  c.m.u.core.logging.LoggingService - InternalJwtService: Token JWT interno generado exitosamente - Servicio: user-service, Longitud: 169
2025-07-11 12:27:52 [http-nio-8082-exec-3] DEBUG o.s.web.client.RestTemplate - HTTP POST http://localhost:8082/verification/status
2025-07-11 12:27:52 [http-nio-8082-exec-3] DEBUG o.s.web.client.RestTemplate - Accept=[application/json, application/*+json]
2025-07-11 12:27:52 [http-nio-8082-exec-3] DEBUG o.s.web.client.RestTemplate - Writing [com.microserviceone.users.registrationApi.application.service.UserValidationService$SendCodeRequest@726bfde3] as "application/json"
2025-07-11 12:27:52 [http-nio-8082-exec-5] DEBUG c.m.u.core.logging.LoggingService - InternalJwtFilter: Procesando solicitud: /verification/status
2025-07-11 12:27:52 [http-nio-8082-exec-5] DEBUG c.m.u.core.logging.LoggingService - InternalJwtFilter: Path '/verification/status' requiere JWT: true
2025-07-11 12:27:52 [http-nio-8082-exec-5] DEBUG c.m.u.core.logging.LoggingService - InternalJwtFilter: Path protegido detectado, validando JWT interno
2025-07-11 12:27:52 [http-nio-8082-exec-5] DEBUG c.m.u.core.logging.LoggingService - InternalJwtFilter: Header Authorization: Presente
2025-07-11 12:27:52 [http-nio-8082-exec-5] DEBUG c.m.u.core.logging.LoggingService - InternalJwtFilter: Token recibido: eyJhbGciOiJIUzI1NiJ9...
2025-07-11 12:27:52 [http-nio-8082-exec-5] DEBUG c.m.u.core.logging.LoggingService - InternalJwtFilter: Token issuer: user-service
2025-07-11 12:27:52 [http-nio-8082-exec-5] INFO  c.m.u.core.logging.LoggingService - InternalJwtFilter: Validación JWT interna exitosa - Issuer: user-service
2025-07-11 12:27:52 [http-nio-8082-exec-5] DEBUG c.m.u.core.logging.LoggingService - InternalJwtFilter: Continuando con la solicitud
2025-07-11 12:27:52 [http-nio-8082-exec-5] DEBUG o.s.web.servlet.DispatcherServlet - POST "/verification/status", parameters={}
2025-07-11 12:27:52 [http-nio-8082-exec-5] DEBUG o.s.w.s.m.m.a.RequestMappingHandlerMapping - Mapped to com.microserviceone.users.verificationCodeApi.web.controller.VerificationCodeController#checkEmailVerification(SendCodeRequest)
2025-07-11 12:27:52 [http-nio-8082-exec-5] DEBUG o.s.w.s.m.m.a.RequestResponseBodyMethodProcessor - Read "application/json;charset=UTF-8" to [com.microserviceone.users.verificationCodeApi.web.dto.SendCodeRequest@1acfe0b1]
2025-07-11 12:27:52 [http-nio-8082-exec-5] INFO  c.m.u.core.logging.LoggingService - VerificationService: Verificando estado de verificación de email - Email: sebasagudelo1012@gmail.com
2025-07-11 12:27:52 [http-nio-8082-exec-5] DEBUG c.m.u.core.logging.LoggingService - CachedCheckEmailVerificationUseCase: Verificando con cache si email está verificado - Email: sebasagudelo1012@gmail.com
2025-07-11 12:27:52 [http-nio-8082-exec-5] DEBUG c.m.u.core.logging.LoggingService - CacheService: getOrCompute - Cache: emailVerified, Key: emailVerified:sebasagudelo1012@gmail.com
2025-07-11 12:27:52 [http-nio-8082-exec-5] DEBUG c.m.u.core.logging.LoggingService - CacheService: Cache MISS - Cache: emailVerified, Key: emailVerified:sebasagudelo1012@gmail.com
2025-07-11 12:27:52 [http-nio-8082-exec-5] DEBUG c.m.u.core.logging.LoggingService - CachedCheckEmailVerificationUseCase: Cache miss, ejecutando verificación - Email: sebasagudelo1012@gmail.com
2025-07-11 12:27:52 [http-nio-8082-exec-5] INFO  c.m.u.core.logging.LoggingService - CheckEmailVerificationUseCase: Verificando estado de verificación de email - Email: sebasagudelo1012@gmail.com
2025-07-11 12:27:52 [http-nio-8082-exec-5] DEBUG c.m.u.core.logging.LoggingService - AdapterVerificationCode: Verificando si email está verificado - Email: sebasagudelo1012@gmail.com
2025-07-11 12:27:52 [http-nio-8082-exec-5] DEBUG c.m.u.core.logging.LoggingService - AdapterVerificationCode: Estado de verificación - Email: sebasagudelo1012@gmail.com, Verificado: true
2025-07-11 12:27:52 [http-nio-8082-exec-5] INFO  c.m.u.core.logging.LoggingService - CheckEmailVerificationUseCase: Email verificado correctamente - Email: sebasagudelo1012@gmail.com
2025-07-11 12:27:52 [http-nio-8082-exec-5] DEBUG c.m.u.core.logging.LoggingService - CacheService: Valor almacenado en cache - Cache: emailVerified, Key: emailVerified:sebasagudelo1012@gmail.com
2025-07-11 12:27:52 [http-nio-8082-exec-5] DEBUG c.m.u.core.logging.LoggingService - CachedCheckEmailVerificationUseCase: Email verificado (cache) - Email: sebasagudelo1012@gmail.com
2025-07-11 12:27:52 [http-nio-8082-exec-5] INFO  c.m.u.core.logging.LoggingService - VerificationService: Verificación de email completada - Email: sebasagudelo1012@gmail.com
2025-07-11 12:27:52 [http-nio-8082-exec-5] DEBUG o.s.w.s.m.m.a.HttpEntityMethodProcessor - Using 'application/json', given [application/json, application/*+json] and supported [application/json, application/*+json]
2025-07-11 12:27:52 [http-nio-8082-exec-5] DEBUG o.s.w.s.m.m.a.HttpEntityMethodProcessor - Writing [ApiResponse(success=true, message=Email has been verified, data=null, errorCode=null, timestamp=2025 (truncated)...]
2025-07-11 12:27:52 [http-nio-8082-exec-5] DEBUG o.s.web.servlet.DispatcherServlet - Completed 200 OK
2025-07-11 12:27:52 [http-nio-8082-exec-3] DEBUG o.s.web.client.RestTemplate - Response 200 OK
2025-07-11 12:27:52 [http-nio-8082-exec-3] DEBUG o.s.web.client.RestTemplate - Reading to [com.microserviceone.users.registrationApi.web.dto.ApiResponse<?>]
2025-07-11 12:27:52 [http-nio-8082-exec-3] INFO  c.m.u.core.logging.LoggingService - Email verificado exitosamente: sebasagudelo1012@gmail.com
2025-07-11 12:27:52 [http-nio-8082-exec-3] INFO  c.m.u.core.logging.LoggingService - Validación de email completada exitosamente para email: sebasagudelo1012@gmail.com
2025-07-11 12:27:52 [http-nio-8082-exec-3] DEBUG c.m.u.core.logging.LoggingService - Mapeando CustomerRequest a dominio para email: sebasagudelo1012@gmail.com
2025-07-11 12:27:52 [http-nio-8082-exec-3] DEBUG c.m.u.core.logging.LoggingService - Mapeando CustomerRequest a Customer - Email: sebasagudelo1012@gmail.com, Nombre: Seebastian Agudelo
2025-07-11 12:27:52 [http-nio-8082-exec-3] DEBUG c.m.u.core.logging.LoggingService - Customer mapeado exitosamente - Email: sebasagudelo1012@gmail.com, Edad: 19 años
2025-07-11 12:27:52 [http-nio-8082-exec-3] DEBUG c.m.u.core.logging.LoggingService - Procesando registro de cliente con email: sebasagudelo1012@gmail.com
2025-07-11 12:27:52 [http-nio-8082-exec-3] INFO  c.m.u.core.logging.LoggingService - RegistrationService: Procesando registro de cliente - Email: sebasagudelo1012@gmail.com
2025-07-11 12:27:52 [http-nio-8082-exec-3] INFO  c.m.u.core.logging.LoggingService - Iniciando registro de cliente con email: sebasagudelo1012@gmail.com y edad: 19
2025-07-11 12:27:52 [http-nio-8082-exec-3] DEBUG c.m.u.core.logging.LoggingService - Validando unicidad de email: sebasagudelo1012@gmail.com
2025-07-11 12:27:52 [http-nio-8082-exec-3] DEBUG c.m.u.core.logging.LoggingService - Validando unicidad de email: sebasagudelo1012@gmail.com
2025-07-11 12:27:52 [http-nio-8082-exec-3] DEBUG c.m.u.core.logging.LoggingService - AdapterRegister: Verificando existencia de usuario por email: sebasagudelo1012@gmail.com
2025-07-11 12:27:52 [http-nio-8082-exec-3] DEBUG c.m.u.core.logging.LoggingService - AdapterRegister: Usuario NO existe - Email: sebasagudelo1012@gmail.com
2025-07-11 12:27:52 [http-nio-8082-exec-3] DEBUG c.m.u.core.logging.LoggingService - Email validado como único: sebasagudelo1012@gmail.com
2025-07-11 12:27:52 [http-nio-8082-exec-3] DEBUG c.m.u.core.logging.LoggingService - Email validado como único: sebasagudelo1012@gmail.com
2025-07-11 12:27:52 [http-nio-8082-exec-3] DEBUG c.m.u.core.logging.LoggingService - Validando edad del cliente: 19 años
2025-07-11 12:27:52 [http-nio-8082-exec-3] DEBUG c.m.u.core.logging.LoggingService - Validando edad del cliente: 19 años (email: sebasagudelo1012@gmail.com)
2025-07-11 12:27:52 [http-nio-8082-exec-3] DEBUG c.m.u.core.logging.LoggingService - Edad validada correctamente: 19 años (email: sebasagudelo1012@gmail.com)
2025-07-11 12:27:52 [http-nio-8082-exec-3] DEBUG c.m.u.core.logging.LoggingService - Edad validada correctamente: 19 años
2025-07-11 12:27:52 [http-nio-8082-exec-3] DEBUG c.m.u.core.logging.LoggingService - Encriptando contraseña para cliente: sebasagudelo1012@gmail.com
2025-07-11 12:27:52 [http-nio-8082-exec-3] INFO  c.m.u.core.logging.LoggingService - Iniciando encriptación de contraseña para email: sebasagudelo1012@gmail.com
2025-07-11 12:27:52 [AsyncReporter{org.springframework.boot.actuate.autoconfigure.tracing.zipkin.ZipkinWebClientSender@1d9adb16}] DEBUG o.s.w.r.f.client.ExchangeFunctions - [1bd37f8d] HTTP POST http://localhost:9411/api/v2/spans%20
2025-07-11 12:27:52 [http-nio-8082-exec-3] INFO  c.m.u.core.logging.LoggingService - Contraseña encriptada exitosamente para email: sebasagudelo1012@gmail.com
2025-07-11 12:27:52 [http-nio-8082-exec-3] DEBUG c.m.u.core.logging.LoggingService - Longitud de contraseña encriptada: 60 caracteres
2025-07-11 12:27:52 [http-nio-8082-exec-3] DEBUG c.m.u.core.logging.LoggingService - Guardando cliente en base de datos: sebasagudelo1012@gmail.com
2025-07-11 12:27:52 [http-nio-8082-exec-3] DEBUG c.m.u.core.logging.LoggingService - AdapterRegister: Guardando usuario en base de datos - Email: sebasagudelo1012@gmail.com, Tipo: Customer
2025-07-11 12:27:52 [http-nio-8082-exec-3] DEBUG c.m.u.core.logging.LoggingService - UserMapper: Convirtiendo dominio a entidad - Email: sebasagudelo1012@gmail.com, Tipo: Customer
2025-07-11 12:27:52 [http-nio-8082-exec-3] DEBUG c.m.u.core.logging.LoggingService - UserMapper: Mapeando campos comunes - Email: sebasagudelo1012@gmail.com
2025-07-11 12:27:52 [http-nio-8082-exec-3] DEBUG c.m.u.core.logging.LoggingService - UserMapper: Campos comunes mapeados exitosamente - Email: sebasagudelo1012@gmail.com, Rol: CUSTOMER
2025-07-11 12:27:52 [http-nio-8082-exec-3] DEBUG c.m.u.core.logging.LoggingService - UserMapper: Customer convertido a CustomerEntity - Email: sebasagudelo1012@gmail.com, Fecha nacimiento: 2006-04-02
2025-07-11 12:27:52 [http-nio-8082-exec-3] DEBUG c.m.u.core.logging.LoggingService - AdapterRegister: Usuario convertido a entidad - Email: sebasagudelo1012@gmail.com
2025-07-11 12:27:52 [http-nio-8082-exec-3] DEBUG c.m.u.core.logging.LoggingService - AdapterRegister: Usuario guardado en base de datos - ID: 1, Email: sebasagudelo1012@gmail.com
2025-07-11 12:27:52 [http-nio-8082-exec-3] DEBUG c.m.u.core.logging.LoggingService - UserMapper: Convirtiendo entidad a dominio - ID: 1, Tipo: CustomerEntity
2025-07-11 12:27:52 [http-nio-8082-exec-3] DEBUG c.m.u.core.logging.LoggingService - UserMapper: CustomerEntity convertido a Customer - ID: 1, Email: sebasagudelo1012@gmail.com, Fecha nacimiento: 2006-04-02
2025-07-11 12:27:52 [http-nio-8082-exec-3] DEBUG c.m.u.core.logging.LoggingService - AdapterRegister: Usuario convertido de entidad a dominio - ID: 1, Email: sebasagudelo1012@gmail.com
2025-07-11 12:27:52 [http-nio-8082-exec-3] INFO  c.m.u.core.logging.LoggingService - Cliente registrado exitosamente con ID: 1, email: sebasagudelo1012@gmail.com y edad: 19
2025-07-11 12:27:52 [http-nio-8082-exec-3] INFO  c.m.u.core.logging.LoggingService - RegistrationService: Cliente registrado exitosamente - ID: 1, Email: sebasagudelo1012@gmail.com
2025-07-11 12:27:52 [http-nio-8082-exec-3] DEBUG c.m.u.core.logging.LoggingService - Aceptando términos y condiciones para usuario ID: 1
2025-07-11 12:27:52 [http-nio-8082-exec-3] INFO  c.m.u.core.logging.LoggingService - Aceptando términos y condiciones para usuario ID: 1, Email: sebasagudelo1012@gmail.com
2025-07-11 12:27:52 [http-nio-8082-exec-3] DEBUG c.m.u.core.logging.LoggingService - Obteniendo términos activos
2025-07-11 12:27:52 [http-nio-8082-exec-3] DEBUG c.m.u.core.logging.LoggingService - URL llamada: http://localhost:8082/terms
2025-07-11 12:27:52 [http-nio-8082-exec-3] DEBUG o.s.web.client.RestTemplate - HTTP GET http://localhost:8082/terms
2025-07-11 12:27:52 [http-nio-8082-exec-3] DEBUG o.s.web.client.RestTemplate - Accept=[text/plain, application/json, application/*+json, */*]
2025-07-11 12:27:52 [http-nio-8082-exec-6] DEBUG c.m.u.core.logging.LoggingService - InternalJwtFilter: Procesando solicitud: /terms
2025-07-11 12:27:52 [http-nio-8082-exec-6] DEBUG c.m.u.core.logging.LoggingService - InternalJwtFilter: Path '/terms' requiere JWT: false
2025-07-11 12:27:52 [http-nio-8082-exec-6] DEBUG c.m.u.core.logging.LoggingService - InternalJwtFilter: Path no protegido, continuando sin validación JWT
2025-07-11 12:27:52 [http-nio-8082-exec-6] DEBUG o.s.web.servlet.DispatcherServlet - GET "/terms", parameters={}
2025-07-11 12:27:52 [http-nio-8082-exec-6] DEBUG o.s.w.s.m.m.a.RequestMappingHandlerMapping - Mapped to com.microserviceone.users.termsAndConditionsApi.web.controller.TermController#getAllActiveTerms()
2025-07-11 12:27:52 [http-nio-8082-exec-6] INFO  c.m.u.core.logging.LoggingService - TermsService: Obteniendo todos los términos activos
2025-07-11 12:27:52 [http-nio-8082-exec-6] INFO  c.m.u.core.logging.LoggingService - CachedGetAllActiveTermsUseCase: Obteniendo términos activos con cache
2025-07-11 12:27:52 [http-nio-8082-exec-6] DEBUG c.m.u.core.logging.LoggingService - CacheService: getOrCompute - Cache: termsActive, Key: active_terms
2025-07-11 12:27:52 [http-nio-8082-exec-6] DEBUG c.m.u.core.logging.LoggingService - CacheService: Cache MISS - Cache: termsActive, Key: active_terms
2025-07-11 12:27:52 [http-nio-8082-exec-6] DEBUG c.m.u.core.logging.LoggingService - CachedGetAllActiveTermsUseCase: Cache miss, ejecutando consulta de términos activos
2025-07-11 12:27:52 [http-nio-8082-exec-6] INFO  c.m.u.core.logging.LoggingService - GetAllActiveTermsUseCase: Obteniendo todos los términos activos
2025-07-11 12:27:52 [http-nio-8082-exec-6] INFO  c.m.u.core.logging.LoggingService - AdapterTerm: Obteniendo todos los términos activos
2025-07-11 12:27:52 [http-nio-8082-exec-6] INFO  c.m.u.core.logging.LoggingService - AdapterTerm: Términos activos obtenidos exitosamente - Cantidad: 0
2025-07-11 12:27:52 [http-nio-8082-exec-6] INFO  c.m.u.core.logging.LoggingService - GetAllActiveTermsUseCase: Términos activos obtenidos exitosamente - Cantidad: 0
2025-07-11 12:27:52 [http-nio-8082-exec-6] DEBUG c.m.u.core.logging.LoggingService - CacheService: Valor almacenado en cache - Cache: termsActive, Key: active_terms
2025-07-11 12:27:52 [http-nio-8082-exec-6] INFO  c.m.u.core.logging.LoggingService - CachedGetAllActiveTermsUseCase: Términos activos obtenidos - Cantidad: 0
2025-07-11 12:27:52 [http-nio-8082-exec-6] INFO  c.m.u.core.logging.LoggingService - TermsService: Términos activos obtenidos exitosamente - Cantidad: 0
2025-07-11 12:27:52 [http-nio-8082-exec-6] DEBUG o.s.w.s.m.m.a.HttpEntityMethodProcessor - Using 'application/json', given [text/plain, application/json, application/*+json, */*] and supported [application/json, application/*+json]
2025-07-11 12:27:52 [http-nio-8082-exec-6] DEBUG o.s.w.s.m.m.a.HttpEntityMethodProcessor - Nothing to write: null body
2025-07-11 12:27:52 [http-nio-8082-exec-6] DEBUG o.s.web.servlet.DispatcherServlet - Completed 204 NO_CONTENT
2025-07-11 12:27:52 [http-nio-8082-exec-3] DEBUG o.s.web.client.RestTemplate - Response 204 NO_CONTENT
2025-07-11 12:27:52 [http-nio-8082-exec-3] DEBUG c.m.u.core.logging.LoggingService - Status Code: 204 NO_CONTENT
2025-07-11 12:27:52 [http-nio-8082-exec-3] DEBUG c.m.u.core.logging.LoggingService - Response Body: null
2025-07-11 12:27:52 [http-nio-8082-exec-3] WARN  c.m.u.core.logging.LoggingService - No se encontraron términos activos, usando término por defecto
2025-07-11 12:27:53 [AsyncReporter{org.springframework.boot.actuate.autoconfigure.tracing.zipkin.ZipkinWebClientSender@1d9adb16}] DEBUG o.s.w.r.f.client.ExchangeFunctions - [7b051df8] HTTP POST http://localhost:9411/api/v2/spans%20
2025-07-11 12:27:54 [DiscoveryClient-CacheRefreshExecutor-0] DEBUG o.s.web.client.RestTemplate - HTTP GET http://localhost:8081/eureka/apps/delta
2025-07-11 12:27:54 [DiscoveryClient-CacheRefreshExecutor-0] DEBUG o.s.web.client.RestTemplate - Accept=[application/json, application/*+json]
2025-07-11 12:27:54 [DiscoveryClient-CacheRefreshExecutor-0] DEBUG o.s.web.client.RestTemplate - Response 200 OK
2025-07-11 12:27:54 [DiscoveryClient-CacheRefreshExecutor-0] DEBUG o.s.web.client.RestTemplate - Reading to [org.springframework.cloud.netflix.eureka.http.EurekaApplications]
2025-07-11 12:27:54 [DiscoveryClient-HeartbeatExecutor-0] DEBUG o.s.web.client.RestTemplate - HTTP PUT http://localhost:8081/eureka/apps/USERS-SERVICE/192.168.41.141:users-service:8082?status=UP&lastDirtyTimestamp=1752254814766
2025-07-11 12:27:54 [DiscoveryClient-HeartbeatExecutor-0] DEBUG o.s.web.client.RestTemplate - Accept=[application/json, application/*+json]
2025-07-11 12:27:54 [DiscoveryClient-HeartbeatExecutor-0] DEBUG o.s.web.client.RestTemplate - Response 200 OK
2025-07-11 12:28:16 [http-nio-8082-exec-3] DEBUG c.m.u.core.logging.LoggingService - InternalJwtService: Generando token JWT interno para servicio: user-service
2025-07-11 12:28:16 [http-nio-8082-exec-3] INFO  c.m.u.core.logging.LoggingService - InternalJwtService: Token JWT interno generado exitosamente - Servicio: user-service, Longitud: 169
2025-07-11 12:28:16 [http-nio-8082-exec-3] DEBUG o.s.web.client.RestTemplate - HTTP POST http://localhost:8082/terms/accept/multiple
2025-07-11 12:28:16 [http-nio-8082-exec-3] DEBUG o.s.web.client.RestTemplate - Accept=[application/json, application/*+json]
2025-07-11 12:28:16 [http-nio-8082-exec-3] DEBUG o.s.web.client.RestTemplate - Writing [com.microserviceone.users.termsAndConditionsApi.web.dto.AcceptedMultipleRequest@49214b27] as "application/json"
2025-07-11 12:28:16 [http-nio-8082-exec-9] DEBUG c.m.u.core.logging.LoggingService - InternalJwtFilter: Procesando solicitud: /terms/accept/multiple
2025-07-11 12:28:16 [http-nio-8082-exec-9] DEBUG c.m.u.core.logging.LoggingService - InternalJwtFilter: Path '/terms/accept/multiple' requiere JWT: true
2025-07-11 12:28:16 [http-nio-8082-exec-9] DEBUG c.m.u.core.logging.LoggingService - InternalJwtFilter: Path protegido detectado, validando JWT interno
2025-07-11 12:28:16 [http-nio-8082-exec-9] DEBUG c.m.u.core.logging.LoggingService - InternalJwtFilter: Header Authorization: Presente
2025-07-11 12:28:16 [http-nio-8082-exec-9] DEBUG c.m.u.core.logging.LoggingService - InternalJwtFilter: Token recibido: eyJhbGciOiJIUzI1NiJ9...
2025-07-11 12:28:16 [http-nio-8082-exec-9] DEBUG c.m.u.core.logging.LoggingService - InternalJwtFilter: Token issuer: user-service
2025-07-11 12:28:16 [http-nio-8082-exec-9] INFO  c.m.u.core.logging.LoggingService - InternalJwtFilter: Validación JWT interna exitosa - Issuer: user-service
2025-07-11 12:28:16 [http-nio-8082-exec-9] DEBUG c.m.u.core.logging.LoggingService - InternalJwtFilter: Continuando con la solicitud
2025-07-11 12:28:16 [http-nio-8082-exec-9] DEBUG o.s.web.servlet.DispatcherServlet - POST "/terms/accept/multiple", parameters={}
2025-07-11 12:28:16 [http-nio-8082-exec-9] DEBUG o.s.w.s.m.m.a.RequestMappingHandlerMapping - Mapped to com.microserviceone.users.termsAndConditionsApi.web.controller.TermController#acceptMultipleTerms(AcceptedMultipleRequest, HttpServletRequest)
2025-07-11 12:28:16 [http-nio-8082-exec-9] DEBUG o.s.w.s.m.m.a.RequestResponseBodyMethodProcessor - Read "application/json;charset=UTF-8" to [com.microserviceone.users.termsAndConditionsApi.web.dto.AcceptedMultipleRequest@46e7756d]
2025-07-11 12:28:16 [http-nio-8082-exec-9] INFO  c.m.u.core.logging.LoggingService - TermsService: Procesando aceptación múltiple de términos - UserID: 1, Email: sebasagudelo1012@gmail.com, Cantidad: 1, IP: 127.0.0.1
2025-07-11 12:28:16 [http-nio-8082-exec-9] INFO  c.m.u.core.logging.LoggingService - AcceptTermUseCase: Iniciando aceptación de término - UserID: 1, Email: sebasagudelo1012@gmail.com, TermID: 1, IP: 127.0.0.1
2025-07-11 12:28:16 [http-nio-8082-exec-9] DEBUG c.m.u.core.logging.LoggingService - AcceptTermUseCase: Validando existencia y estado del término - TermID: 1
2025-07-11 12:28:16 [http-nio-8082-exec-9] DEBUG c.m.u.core.logging.LoggingService - ValidateExistTermUseCase: Validando existencia y estado del término - TermID: 1
2025-07-11 12:28:16 [http-nio-8082-exec-9] DEBUG c.m.u.core.logging.LoggingService - AdapterTerm: Buscando término por ID: 1
2025-07-11 12:28:16 [http-nio-8082-exec-9] DEBUG c.m.u.core.logging.LoggingService - AdapterTerm: No se encontró término con ID: 1
2025-07-11 12:28:16 [http-nio-8082-exec-9] DEBUG c.m.u.core.logging.LoggingService - Termino no encontrado o no activo
2025-07-11 12:28:16 [http-nio-8082-exec-9] WARN  c.m.u.core.logging.LoggingService - ValidateExistTermUseCase: Término no encontrado o inactivo - TermID: 1
2025-07-11 12:28:16 [http-nio-8082-exec-9] ERROR c.m.u.core.logging.LoggingService - AcceptTermUseCase: Error al aceptar término - UserID: 1, Email: sebasagudelo1012@gmail.com, TermID: 1
com.microserviceone.users.termsAndConditionsApi.application.exception.TermNotActiveOrNotFoundException: Term not found or not active
	at com.microserviceone.users.termsAndConditionsApi.application.usecase.ValidateExistTermUseCase.lambda$1(ValidateExistTermUseCase.java:23)
	at java.base/java.util.Optional.orElseThrow(Optional.java:403)
	at com.microserviceone.users.termsAndConditionsApi.application.usecase.ValidateExistTermUseCase.validateTerm(ValidateExistTermUseCase.java:23)
	at java.base/jdk.internal.reflect.NativeMethodAccessorImpl.invoke0(Native Method)
	at java.base/jdk.internal.reflect.NativeMethodAccessorImpl.invoke(NativeMethodAccessorImpl.java:77)
	at java.base/jdk.internal.reflect.DelegatingMethodAccessorImpl.invoke(DelegatingMethodAccessorImpl.java:43)
	at java.base/java.lang.reflect.Method.invoke(Method.java:569)
	at org.springframework.aop.support.AopUtils.invokeJoinpointUsingReflection(AopUtils.java:351)
	at org.springframework.aop.framework.ReflectiveMethodInvocation.invokeJoinpoint(ReflectiveMethodInvocation.java:196)
	at org.springframework.aop.framework.ReflectiveMethodInvocation.proceed(ReflectiveMethodInvocation.java:163)
	at org.springframework.aop.framework.CglibAopProxy$CglibMethodInvocation.proceed(CglibAopProxy.java:765)
	at org.springframework.transaction.interceptor.TransactionInterceptor$1.proceedWithInvocation(TransactionInterceptor.java:123)
	at org.springframework.transaction.interceptor.TransactionAspectSupport.invokeWithinTransaction(TransactionAspectSupport.java:385)
	at org.springframework.transaction.interceptor.TransactionInterceptor.invoke(TransactionInterceptor.java:119)
	at org.springframework.aop.framework.ReflectiveMethodInvocation.proceed(ReflectiveMethodInvocation.java:184)
	at org.springframework.aop.framework.CglibAopProxy$CglibMethodInvocation.proceed(CglibAopProxy.java:765)
	at org.springframework.aop.framework.CglibAopProxy$DynamicAdvisedInterceptor.intercept(CglibAopProxy.java:717)
	at com.microserviceone.users.termsAndConditionsApi.application.usecase.ValidateExistTermUseCase$$SpringCGLIB$$0.validateTerm(<generated>)
	at com.microserviceone.users.termsAndConditionsApi.application.usecase.AcceptTermUseCase.acceptTerm(AcceptTermUseCase.java:32)
	at java.base/jdk.internal.reflect.NativeMethodAccessorImpl.invoke0(Native Method)
	at java.base/jdk.internal.reflect.NativeMethodAccessorImpl.invoke(NativeMethodAccessorImpl.java:77)
	at java.base/jdk.internal.reflect.DelegatingMethodAccessorImpl.invoke(DelegatingMethodAccessorImpl.java:43)
	at java.base/java.lang.reflect.Method.invoke(Method.java:569)
	at org.springframework.aop.support.AopUtils.invokeJoinpointUsingReflection(AopUtils.java:351)
	at org.springframework.aop.framework.ReflectiveMethodInvocation.invokeJoinpoint(ReflectiveMethodInvocation.java:196)
	at org.springframework.aop.framework.ReflectiveMethodInvocation.proceed(ReflectiveMethodInvocation.java:163)
	at org.springframework.aop.framework.CglibAopProxy$CglibMethodInvocation.proceed(CglibAopProxy.java:765)
	at org.springframework.transaction.interceptor.TransactionInterceptor$1.proceedWithInvocation(TransactionInterceptor.java:123)
	at org.springframework.transaction.interceptor.TransactionAspectSupport.invokeWithinTransaction(TransactionAspectSupport.java:385)
	at org.springframework.transaction.interceptor.TransactionInterceptor.invoke(TransactionInterceptor.java:119)
	at org.springframework.aop.framework.ReflectiveMethodInvocation.proceed(ReflectiveMethodInvocation.java:184)
	at org.springframework.aop.framework.CglibAopProxy$CglibMethodInvocation.proceed(CglibAopProxy.java:765)
	at org.springframework.aop.framework.CglibAopProxy$DynamicAdvisedInterceptor.intercept(CglibAopProxy.java:717)
	at com.microserviceone.users.termsAndConditionsApi.application.usecase.AcceptTermUseCase$$SpringCGLIB$$0.acceptTerm(<generated>)
	at com.microserviceone.users.termsAndConditionsApi.application.usecase.AcceptAllTermsUseCase.acceptAll(AcceptAllTermsUseCase.java:29)
	at com.microserviceone.users.termsAndConditionsApi.application.service.TermsService.acceptAll(TermsService.java:169)
	at com.microserviceone.users.termsAndConditionsApi.web.controller.TermController.acceptMultipleTerms(TermController.java:97)
	at java.base/jdk.internal.reflect.NativeMethodAccessorImpl.invoke0(Native Method)
	at java.base/jdk.internal.reflect.NativeMethodAccessorImpl.invoke(NativeMethodAccessorImpl.java:77)
	at java.base/jdk.internal.reflect.DelegatingMethodAccessorImpl.invoke(DelegatingMethodAccessorImpl.java:43)
	at java.base/java.lang.reflect.Method.invoke(Method.java:569)
	at org.springframework.web.method.support.InvocableHandlerMethod.doInvoke(InvocableHandlerMethod.java:259)
	at org.springframework.web.method.support.InvocableHandlerMethod.invokeForRequest(InvocableHandlerMethod.java:192)
	at org.springframework.web.servlet.mvc.method.annotation.ServletInvocableHandlerMethod.invokeAndHandle(ServletInvocableHandlerMethod.java:118)
	at org.springframework.web.servlet.mvc.method.annotation.RequestMappingHandlerAdapter.invokeHandlerMethod(RequestMappingHandlerAdapter.java:920)
	at org.springframework.web.servlet.mvc.method.annotation.RequestMappingHandlerAdapter.handleInternal(RequestMappingHandlerAdapter.java:830)
	at org.springframework.web.servlet.mvc.method.AbstractHandlerMethodAdapter.handle(AbstractHandlerMethodAdapter.java:87)
	at org.springframework.web.servlet.DispatcherServlet.doDispatch(DispatcherServlet.java:1089)
	at org.springframework.web.servlet.DispatcherServlet.doService(DispatcherServlet.java:979)
	at org.springframework.web.servlet.FrameworkServlet.processRequest(FrameworkServlet.java:1014)
	at org.springframework.web.servlet.FrameworkServlet.doPost(FrameworkServlet.java:914)
	at jakarta.servlet.http.HttpServlet.service(HttpServlet.java:590)
	at org.springframework.web.servlet.FrameworkServlet.service(FrameworkServlet.java:885)
	at jakarta.servlet.http.HttpServlet.service(HttpServlet.java:658)
	at org.apache.catalina.core.ApplicationFilterChain.internalDoFilter(ApplicationFilterChain.java:205)
	at org.apache.catalina.core.ApplicationFilterChain.doFilter(ApplicationFilterChain.java:149)
	at org.apache.tomcat.websocket.server.WsFilter.doFilter(WsFilter.java:51)
	at org.apache.catalina.core.ApplicationFilterChain.internalDoFilter(ApplicationFilterChain.java:174)
	at org.apache.catalina.core.ApplicationFilterChain.doFilter(ApplicationFilterChain.java:149)
	at org.springframework.web.filter.OncePerRequestFilter.doFilter(OncePerRequestFilter.java:110)
	at org.apache.catalina.core.ApplicationFilterChain.internalDoFilter(ApplicationFilterChain.java:174)
	at org.apache.catalina.core.ApplicationFilterChain.doFilter(ApplicationFilterChain.java:149)
	at org.springframework.web.filter.CompositeFilter$VirtualFilterChain.doFilter(CompositeFilter.java:108)
	at org.springframework.security.web.FilterChainProxy.lambda$doFilterInternal$3(FilterChainProxy.java:231)
	at org.springframework.security.web.ObservationFilterChainDecorator$FilterObservation$SimpleFilterObservation.lambda$wrap$1(ObservationFilterChainDecorator.java:479)
	at org.springframework.security.web.ObservationFilterChainDecorator$AroundFilterObservation$SimpleAroundFilterObservation.lambda$wrap$1(ObservationFilterChainDecorator.java:340)
	at org.springframework.security.web.ObservationFilterChainDecorator.lambda$wrapSecured$0(ObservationFilterChainDecorator.java:82)
	at org.springframework.security.web.ObservationFilterChainDecorator$VirtualFilterChain.doFilter(ObservationFilterChainDecorator.java:128)
	at org.springframework.security.web.access.intercept.AuthorizationFilter.doFilter(AuthorizationFilter.java:100)
	at org.springframework.security.web.ObservationFilterChainDecorator$ObservationFilter.wrapFilter(ObservationFilterChainDecorator.java:240)
	at org.springframework.security.web.ObservationFilterChainDecorator$ObservationFilter.doFilter(ObservationFilterChainDecorator.java:227)
	at org.springframework.security.web.ObservationFilterChainDecorator$VirtualFilterChain.doFilter(ObservationFilterChainDecorator.java:137)
	at org.springframework.security.web.access.ExceptionTranslationFilter.doFilter(ExceptionTranslationFilter.java:126)
	at org.springframework.security.web.access.ExceptionTranslationFilter.doFilter(ExceptionTranslationFilter.java:120)
	at org.springframework.security.web.ObservationFilterChainDecorator$ObservationFilter.wrapFilter(ObservationFilterChainDecorator.java:240)
	at org.springframework.security.web.ObservationFilterChainDecorator$ObservationFilter.doFilter(ObservationFilterChainDecorator.java:227)
	at org.springframework.security.web.ObservationFilterChainDecorator$VirtualFilterChain.doFilter(ObservationFilterChainDecorator.java:137)
	at org.springframework.security.web.authentication.AnonymousAuthenticationFilter.doFilter(AnonymousAuthenticationFilter.java:100)
	at org.springframework.security.web.ObservationFilterChainDecorator$ObservationFilter.wrapFilter(ObservationFilterChainDecorator.java:240)
	at org.springframework.security.web.ObservationFilterChainDecorator$ObservationFilter.doFilter(ObservationFilterChainDecorator.java:227)
	at org.springframework.security.web.ObservationFilterChainDecorator$VirtualFilterChain.doFilter(ObservationFilterChainDecorator.java:137)
	at org.springframework.security.web.servletapi.SecurityContextHolderAwareRequestFilter.doFilter(SecurityContextHolderAwareRequestFilter.java:179)
	at org.springframework.security.web.ObservationFilterChainDecorator$ObservationFilter.wrapFilter(ObservationFilterChainDecorator.java:240)
	at org.springframework.security.web.ObservationFilterChainDecorator$ObservationFilter.doFilter(ObservationFilterChainDecorator.java:227)
	at org.springframework.security.web.ObservationFilterChainDecorator$VirtualFilterChain.doFilter(ObservationFilterChainDecorator.java:137)
	at org.springframework.security.web.savedrequest.RequestCacheAwareFilter.doFilter(RequestCacheAwareFilter.java:63)
	at org.springframework.security.web.ObservationFilterChainDecorator$ObservationFilter.wrapFilter(ObservationFilterChainDecorator.java:240)
	at org.springframework.security.web.ObservationFilterChainDecorator$ObservationFilter.doFilter(ObservationFilterChainDecorator.java:227)
	at org.springframework.security.web.ObservationFilterChainDecorator$VirtualFilterChain.doFilter(ObservationFilterChainDecorator.java:137)
	at com.microserviceone.users.core.config.internalSecurity.InternalJwtFilter.doFilterInternal(InternalJwtFilter.java:96)
	at org.springframework.web.filter.OncePerRequestFilter.doFilter(OncePerRequestFilter.java:116)
	at org.springframework.security.web.ObservationFilterChainDecorator$ObservationFilter.wrapFilter(ObservationFilterChainDecorator.java:240)
	at org.springframework.security.web.ObservationFilterChainDecorator$ObservationFilter.doFilter(ObservationFilterChainDecorator.java:227)
	at org.springframework.security.web.ObservationFilterChainDecorator$VirtualFilterChain.doFilter(ObservationFilterChainDecorator.java:137)
	at org.springframework.security.web.authentication.logout.LogoutFilter.doFilter(LogoutFilter.java:107)
	at org.springframework.security.web.authentication.logout.LogoutFilter.doFilter(LogoutFilter.java:93)
	at org.springframework.security.web.ObservationFilterChainDecorator$ObservationFilter.wrapFilter(ObservationFilterChainDecorator.java:240)
	at org.springframework.security.web.ObservationFilterChainDecorator$ObservationFilter.doFilter(ObservationFilterChainDecorator.java:227)
	at org.springframework.security.web.ObservationFilterChainDecorator$VirtualFilterChain.doFilter(ObservationFilterChainDecorator.java:137)
	at org.springframework.web.filter.CorsFilter.doFilterInternal(CorsFilter.java:91)
	at org.springframework.web.filter.OncePerRequestFilter.doFilter(OncePerRequestFilter.java:116)
	at org.springframework.security.web.ObservationFilterChainDecorator$ObservationFilter.wrapFilter(ObservationFilterChainDecorator.java:240)
	at org.springframework.security.web.ObservationFilterChainDecorator$ObservationFilter.doFilter(ObservationFilterChainDecorator.java:227)
	at org.springframework.security.web.ObservationFilterChainDecorator$VirtualFilterChain.doFilter(ObservationFilterChainDecorator.java:137)
	at org.springframework.security.web.header.HeaderWriterFilter.doHeadersAfter(HeaderWriterFilter.java:90)
	at org.springframework.security.web.header.HeaderWriterFilter.doFilterInternal(HeaderWriterFilter.java:75)
	at org.springframework.web.filter.OncePerRequestFilter.doFilter(OncePerRequestFilter.java:116)
	at org.springframework.security.web.ObservationFilterChainDecorator$ObservationFilter.wrapFilter(ObservationFilterChainDecorator.java:240)
	at org.springframework.security.web.ObservationFilterChainDecorator$ObservationFilter.doFilter(ObservationFilterChainDecorator.java:227)
	at org.springframework.security.web.ObservationFilterChainDecorator$VirtualFilterChain.doFilter(ObservationFilterChainDecorator.java:137)
	at org.springframework.security.web.context.SecurityContextHolderFilter.doFilter(SecurityContextHolderFilter.java:82)
	at org.springframework.security.web.context.SecurityContextHolderFilter.doFilter(SecurityContextHolderFilter.java:69)
	at org.springframework.security.web.ObservationFilterChainDecorator$ObservationFilter.wrapFilter(ObservationFilterChainDecorator.java:240)
	at org.springframework.security.web.ObservationFilterChainDecorator$ObservationFilter.doFilter(ObservationFilterChainDecorator.java:227)
	at org.springframework.security.web.ObservationFilterChainDecorator$VirtualFilterChain.doFilter(ObservationFilterChainDecorator.java:137)
	at org.springframework.security.web.context.request.async.WebAsyncManagerIntegrationFilter.doFilterInternal(WebAsyncManagerIntegrationFilter.java:62)
	at org.springframework.web.filter.OncePerRequestFilter.doFilter(OncePerRequestFilter.java:116)
	at org.springframework.security.web.ObservationFilterChainDecorator$ObservationFilter.wrapFilter(ObservationFilterChainDecorator.java:240)
	at org.springframework.security.web.ObservationFilterChainDecorator$ObservationFilter.doFilter(ObservationFilterChainDecorator.java:227)
	at org.springframework.security.web.ObservationFilterChainDecorator$VirtualFilterChain.doFilter(ObservationFilterChainDecorator.java:137)
	at org.springframework.security.web.session.DisableEncodeUrlFilter.doFilterInternal(DisableEncodeUrlFilter.java:42)
	at org.springframework.web.filter.OncePerRequestFilter.doFilter(OncePerRequestFilter.java:116)
	at org.springframework.security.web.ObservationFilterChainDecorator$ObservationFilter.wrapFilter(ObservationFilterChainDecorator.java:240)
	at org.springframework.security.web.ObservationFilterChainDecorator$AroundFilterObservation$SimpleAroundFilterObservation.lambda$wrap$0(ObservationFilterChainDecorator.java:323)
	at org.springframework.security.web.ObservationFilterChainDecorator$ObservationFilter.doFilter(ObservationFilterChainDecorator.java:224)
	at org.springframework.security.web.ObservationFilterChainDecorator$VirtualFilterChain.doFilter(ObservationFilterChainDecorator.java:137)
	at org.springframework.security.web.FilterChainProxy.doFilterInternal(FilterChainProxy.java:233)
	at org.springframework.security.web.FilterChainProxy.doFilter(FilterChainProxy.java:191)
	at org.springframework.web.filter.CompositeFilter$VirtualFilterChain.doFilter(CompositeFilter.java:113)
	at org.springframework.web.servlet.handler.HandlerMappingIntrospector.lambda$createCacheFilter$3(HandlerMappingIntrospector.java:195)
	at org.springframework.web.filter.CompositeFilter$VirtualFilterChain.doFilter(CompositeFilter.java:113)
	at org.springframework.web.filter.CompositeFilter.doFilter(CompositeFilter.java:74)
	at org.springframework.security.config.annotation.web.configuration.WebMvcSecurityConfiguration$CompositeFilterChainProxy.doFilter(WebMvcSecurityConfiguration.java:230)
	at org.springframework.web.filter.DelegatingFilterProxy.invokeDelegate(DelegatingFilterProxy.java:352)
	at org.springframework.web.filter.DelegatingFilterProxy.doFilter(DelegatingFilterProxy.java:268)
	at org.apache.catalina.core.ApplicationFilterChain.internalDoFilter(ApplicationFilterChain.java:174)
	at org.apache.catalina.core.ApplicationFilterChain.doFilter(ApplicationFilterChain.java:149)
	at org.springframework.web.filter.RequestContextFilter.doFilterInternal(RequestContextFilter.java:100)
	at org.springframework.web.filter.OncePerRequestFilter.doFilter(OncePerRequestFilter.java:116)
	at org.apache.catalina.core.ApplicationFilterChain.internalDoFilter(ApplicationFilterChain.java:174)
	at org.apache.catalina.core.ApplicationFilterChain.doFilter(ApplicationFilterChain.java:149)
	at org.springframework.web.filter.FormContentFilter.doFilterInternal(FormContentFilter.java:93)
	at org.springframework.web.filter.OncePerRequestFilter.doFilter(OncePerRequestFilter.java:116)
	at org.apache.catalina.core.ApplicationFilterChain.internalDoFilter(ApplicationFilterChain.java:174)
	at org.apache.catalina.core.ApplicationFilterChain.doFilter(ApplicationFilterChain.java:149)
	at org.springframework.web.filter.ServerHttpObservationFilter.doFilterInternal(ServerHttpObservationFilter.java:109)
	at org.springframework.web.filter.OncePerRequestFilter.doFilter(OncePerRequestFilter.java:116)
	at org.apache.catalina.core.ApplicationFilterChain.internalDoFilter(ApplicationFilterChain.java:174)
	at org.apache.catalina.core.ApplicationFilterChain.doFilter(ApplicationFilterChain.java:149)
	at org.springframework.web.filter.CharacterEncodingFilter.doFilterInternal(CharacterEncodingFilter.java:201)
	at org.springframework.web.filter.OncePerRequestFilter.doFilter(OncePerRequestFilter.java:116)
	at org.apache.catalina.core.ApplicationFilterChain.internalDoFilter(ApplicationFilterChain.java:174)
	at org.apache.catalina.core.ApplicationFilterChain.doFilter(ApplicationFilterChain.java:149)
	at org.apache.catalina.core.StandardWrapperValve.invoke(StandardWrapperValve.java:167)
	at org.apache.catalina.core.StandardContextValve.invoke(StandardContextValve.java:90)
	at org.apache.catalina.authenticator.AuthenticatorBase.invoke(AuthenticatorBase.java:482)
	at org.apache.catalina.core.StandardHostValve.invoke(StandardHostValve.java:115)
	at org.apache.catalina.valves.ErrorReportValve.invoke(ErrorReportValve.java:93)
	at org.apache.catalina.core.StandardEngineValve.invoke(StandardEngineValve.java:74)
	at org.apache.catalina.connector.CoyoteAdapter.service(CoyoteAdapter.java:344)
	at org.apache.coyote.http11.Http11Processor.service(Http11Processor.java:391)
	at org.apache.coyote.AbstractProcessorLight.process(AbstractProcessorLight.java:63)
	at org.apache.coyote.AbstractProtocol$ConnectionHandler.process(AbstractProtocol.java:896)
	at org.apache.tomcat.util.net.NioEndpoint$SocketProcessor.doRun(NioEndpoint.java:1744)
	at org.apache.tomcat.util.net.SocketProcessorBase.run(SocketProcessorBase.java:52)
	at org.apache.tomcat.util.threads.ThreadPoolExecutor.runWorker(ThreadPoolExecutor.java:1191)
	at org.apache.tomcat.util.threads.ThreadPoolExecutor$Worker.run(ThreadPoolExecutor.java:659)
	at org.apache.tomcat.util.threads.TaskThread$WrappingRunnable.run(TaskThread.java:63)
	at java.base/java.lang.Thread.run(Thread.java:840)
2025-07-11 12:28:16 [http-nio-8082-exec-9] INFO  c.m.u.core.logging.LoggingService - TermsService: Aceptación múltiple completada - UserID: 1, Términos aceptados: 0, Cantidad: 0
2025-07-11 12:28:16 [http-nio-8082-exec-9] DEBUG o.s.w.s.m.m.a.HttpEntityMethodProcessor - Using 'application/json', given [application/json, application/*+json] and supported [application/json, application/*+json]
2025-07-11 12:28:16 [http-nio-8082-exec-9] DEBUG o.s.w.s.m.m.a.HttpEntityMethodProcessor - Writing [com.microserviceone.users.termsAndConditionsApi.web.dto.ApiResponse@59652dcc]
2025-07-11 12:28:16 [http-nio-8082-exec-9] DEBUG o.s.web.servlet.DispatcherServlet - Completed 200 OK
2025-07-11 12:28:16 [http-nio-8082-exec-3] DEBUG o.s.web.client.RestTemplate - Response 200 OK
2025-07-11 12:28:16 [http-nio-8082-exec-3] DEBUG o.s.web.client.RestTemplate - Reading to [com.microserviceone.users.registrationApi.web.dto.ApiResponse<?>]
2025-07-11 12:28:16 [http-nio-8082-exec-3] INFO  c.m.u.core.logging.LoggingService - Términos y condiciones aceptados exitosamente para usuario ID: 1
2025-07-11 12:28:16 [http-nio-8082-exec-3] DEBUG c.m.u.core.logging.LoggingService - Mapeando respuesta para cliente ID: 1
2025-07-11 12:28:16 [http-nio-8082-exec-3] DEBUG c.m.u.core.logging.LoggingService - Mapeando User a UserResponse - ID: 1, Email: sebasagudelo1012@gmail.com, Tipo: Customer
2025-07-11 12:28:16 [http-nio-8082-exec-3] DEBUG c.m.u.core.logging.LoggingService - Campos específicos de Customer agregados - Fecha de nacimiento: 2006-04-02
2025-07-11 12:28:16 [http-nio-8082-exec-3] DEBUG c.m.u.core.logging.LoggingService - UserResponse mapeado exitosamente - ID: 1, Email: sebasagudelo1012@gmail.com, Rol: CUSTOMER
2025-07-11 12:28:16 [http-nio-8082-exec-3] INFO  c.m.u.core.logging.LoggingService - Cliente registrado exitosamente - ID: 1, Email: sebasagudelo1012@gmail.com, Rol: CUSTOMER
2025-07-11 12:28:16 [http-nio-8082-exec-3] DEBUG o.s.w.s.m.m.a.HttpEntityMethodProcessor - Using 'application/json', given [*/*] and supported [application/json, application/*+json]
2025-07-11 12:28:16 [http-nio-8082-exec-3] DEBUG o.s.w.s.m.m.a.HttpEntityMethodProcessor - Writing [ApiResponse(success=true, message=Customer registered successfully, data=UserResponse(id=1, name=See (truncated)...]
2025-07-11 12:28:16 [http-nio-8082-exec-3] DEBUG o.s.web.servlet.DispatcherServlet - Completed 201 CREATED
2025-07-11 12:28:16 [AsyncReporter{org.springframework.boot.actuate.autoconfigure.tracing.zipkin.ZipkinWebClientSender@1d9adb16}] DEBUG o.s.w.r.f.client.ExchangeFunctions - [5d3e7010] HTTP POST http://localhost:9411/api/v2/spans%20
2025-07-11 12:28:24 [DiscoveryClient-CacheRefreshExecutor-0] DEBUG o.s.web.client.RestTemplate - HTTP GET http://localhost:8081/eureka/apps/delta
2025-07-11 12:28:24 [DiscoveryClient-CacheRefreshExecutor-0] DEBUG o.s.web.client.RestTemplate - Accept=[application/json, application/*+json]
2025-07-11 12:28:24 [DiscoveryClient-CacheRefreshExecutor-0] DEBUG o.s.web.client.RestTemplate - Response 200 OK
2025-07-11 12:28:24 [DiscoveryClient-CacheRefreshExecutor-0] DEBUG o.s.web.client.RestTemplate - Reading to [org.springframework.cloud.netflix.eureka.http.EurekaApplications]
2025-07-11 12:28:24 [DiscoveryClient-HeartbeatExecutor-0] DEBUG o.s.web.client.RestTemplate - HTTP PUT http://localhost:8081/eureka/apps/USERS-SERVICE/192.168.41.141:users-service:8082?status=UP&lastDirtyTimestamp=1752254814766
2025-07-11 12:28:24 [DiscoveryClient-HeartbeatExecutor-0] DEBUG o.s.web.client.RestTemplate - Accept=[application/json, application/*+json]
2025-07-11 12:28:24 [DiscoveryClient-HeartbeatExecutor-0] DEBUG o.s.web.client.RestTemplate - Response 200 OK
2025-07-11 12:28:54 [DiscoveryClient-CacheRefreshExecutor-0] DEBUG o.s.web.client.RestTemplate - HTTP GET http://localhost:8081/eureka/apps/delta
2025-07-11 12:28:54 [DiscoveryClient-CacheRefreshExecutor-0] DEBUG o.s.web.client.RestTemplate - Accept=[application/json, application/*+json]
2025-07-11 12:28:54 [DiscoveryClient-CacheRefreshExecutor-0] DEBUG o.s.web.client.RestTemplate - Response 200 OK
2025-07-11 12:28:54 [DiscoveryClient-CacheRefreshExecutor-0] DEBUG o.s.web.client.RestTemplate - Reading to [org.springframework.cloud.netflix.eureka.http.EurekaApplications]
2025-07-11 12:28:54 [DiscoveryClient-HeartbeatExecutor-0] DEBUG o.s.web.client.RestTemplate - HTTP PUT http://localhost:8081/eureka/apps/USERS-SERVICE/192.168.41.141:users-service:8082?status=UP&lastDirtyTimestamp=1752254814766
2025-07-11 12:28:54 [DiscoveryClient-HeartbeatExecutor-0] DEBUG o.s.web.client.RestTemplate - Accept=[application/json, application/*+json]
2025-07-11 12:28:54 [DiscoveryClient-HeartbeatExecutor-0] DEBUG o.s.web.client.RestTemplate - Response 200 OK
2025-07-11 12:29:24 [DiscoveryClient-CacheRefreshExecutor-0] DEBUG o.s.web.client.RestTemplate - HTTP GET http://localhost:8081/eureka/apps/delta
2025-07-11 12:29:24 [DiscoveryClient-CacheRefreshExecutor-0] DEBUG o.s.web.client.RestTemplate - Accept=[application/json, application/*+json]
2025-07-11 12:29:24 [DiscoveryClient-CacheRefreshExecutor-0] DEBUG o.s.web.client.RestTemplate - Response 200 OK
2025-07-11 12:29:24 [DiscoveryClient-CacheRefreshExecutor-0] DEBUG o.s.web.client.RestTemplate - Reading to [org.springframework.cloud.netflix.eureka.http.EurekaApplications]
2025-07-11 12:29:24 [DiscoveryClient-HeartbeatExecutor-0] DEBUG o.s.web.client.RestTemplate - HTTP PUT http://localhost:8081/eureka/apps/USERS-SERVICE/192.168.41.141:users-service:8082?status=UP&lastDirtyTimestamp=1752254814766
2025-07-11 12:29:24 [DiscoveryClient-HeartbeatExecutor-0] DEBUG o.s.web.client.RestTemplate - Accept=[application/json, application/*+json]
2025-07-11 12:29:24 [DiscoveryClient-HeartbeatExecutor-0] DEBUG o.s.web.client.RestTemplate - Response 200 OK
2025-07-11 12:29:54 [DiscoveryClient-CacheRefreshExecutor-0] DEBUG o.s.web.client.RestTemplate - HTTP GET http://localhost:8081/eureka/apps/delta
2025-07-11 12:29:54 [DiscoveryClient-CacheRefreshExecutor-0] DEBUG o.s.web.client.RestTemplate - Accept=[application/json, application/*+json]
2025-07-11 12:29:54 [DiscoveryClient-CacheRefreshExecutor-0] DEBUG o.s.web.client.RestTemplate - Response 200 OK
2025-07-11 12:29:54 [DiscoveryClient-CacheRefreshExecutor-0] DEBUG o.s.web.client.RestTemplate - Reading to [org.springframework.cloud.netflix.eureka.http.EurekaApplications]
2025-07-11 12:29:54 [DiscoveryClient-HeartbeatExecutor-0] DEBUG o.s.web.client.RestTemplate - HTTP PUT http://localhost:8081/eureka/apps/USERS-SERVICE/192.168.41.141:users-service:8082?status=UP&lastDirtyTimestamp=1752254814766
2025-07-11 12:29:54 [DiscoveryClient-HeartbeatExecutor-0] DEBUG o.s.web.client.RestTemplate - Accept=[application/json, application/*+json]
2025-07-11 12:29:54 [DiscoveryClient-HeartbeatExecutor-0] DEBUG o.s.web.client.RestTemplate - Response 200 OK
2025-07-11 12:30:24 [DiscoveryClient-CacheRefreshExecutor-0] DEBUG o.s.web.client.RestTemplate - HTTP GET http://localhost:8081/eureka/apps/delta
2025-07-11 12:30:24 [DiscoveryClient-CacheRefreshExecutor-0] DEBUG o.s.web.client.RestTemplate - Accept=[application/json, application/*+json]
2025-07-11 12:30:24 [DiscoveryClient-CacheRefreshExecutor-0] DEBUG o.s.web.client.RestTemplate - Response 200 OK
2025-07-11 12:30:24 [DiscoveryClient-CacheRefreshExecutor-0] DEBUG o.s.web.client.RestTemplate - Reading to [org.springframework.cloud.netflix.eureka.http.EurekaApplications]
2025-07-11 12:30:24 [DiscoveryClient-HeartbeatExecutor-0] DEBUG o.s.web.client.RestTemplate - HTTP PUT http://localhost:8081/eureka/apps/USERS-SERVICE/192.168.41.141:users-service:8082?status=UP&lastDirtyTimestamp=1752254814766
2025-07-11 12:30:24 [DiscoveryClient-HeartbeatExecutor-0] DEBUG o.s.web.client.RestTemplate - Accept=[application/json, application/*+json]
2025-07-11 12:30:24 [DiscoveryClient-HeartbeatExecutor-0] DEBUG o.s.web.client.RestTemplate - Response 200 OK
2025-07-11 12:30:27 [Thread-1] INFO  c.netflix.discovery.DiscoveryClient - Saw local status change event StatusChangeEvent [timestamp=1752255027111, current=DOWN, previous=UP]
2025-07-11 12:30:27 [DiscoveryClient-InstanceInfoReplicator-0] INFO  c.netflix.discovery.DiscoveryClient - DiscoveryClient_USERS-SERVICE/192.168.41.141:users-service:8082: registering service...
2025-07-11 12:30:27 [DiscoveryClient-InstanceInfoReplicator-0] DEBUG o.s.web.client.RestTemplate - HTTP POST http://localhost:8081/eureka/apps/USERS-SERVICE
2025-07-11 12:30:27 [DiscoveryClient-InstanceInfoReplicator-0] DEBUG o.s.web.client.RestTemplate - Accept=[application/json, application/*+json]
2025-07-11 12:30:27 [DiscoveryClient-InstanceInfoReplicator-0] DEBUG o.s.web.client.RestTemplate - Writing [InstanceInfo [instanceId = 192.168.41.141:users-service:8082, appName = USERS-SERVICE, hostName = 192.168.41.141, status = DOWN, ipAddr = 192.168.41.141, port = 8082, securePort = 443, dataCenterInfo = com.netflix.appinfo.MyDataCenterInfo@750a50e1] as "application/json"
2025-07-11 12:30:27 [DiscoveryClient-InstanceInfoReplicator-0] DEBUG o.s.web.client.RestTemplate - Response 204 NO_CONTENT
2025-07-11 12:30:27 [DiscoveryClient-InstanceInfoReplicator-0] INFO  c.netflix.discovery.DiscoveryClient - DiscoveryClient_USERS-SERVICE/192.168.41.141:users-service:8082 - registration status: 204
2025-07-11 12:30:27 [AsyncReporter{org.springframework.boot.actuate.autoconfigure.tracing.zipkin.ZipkinWebClientSender@1d9adb16}] DEBUG o.s.w.r.f.client.ExchangeFunctions - [51087ea] HTTP POST http://localhost:9411/api/v2/spans%20
2025-07-11 12:30:27 [Thread-1] INFO  c.netflix.discovery.DiscoveryClient - Shutting down DiscoveryClient ...
2025-07-11 12:30:30 [Thread-1] INFO  c.netflix.discovery.DiscoveryClient - Unregistering ...
2025-07-11 12:30:30 [Thread-1] DEBUG o.s.web.client.RestTemplate - HTTP DELETE http://localhost:8081/eureka/apps/USERS-SERVICE/192.168.41.141:users-service:8082
2025-07-11 12:30:30 [Thread-1] DEBUG o.s.web.client.RestTemplate - Accept=[application/json, application/*+json]
2025-07-11 12:30:30 [Thread-1] DEBUG o.s.web.client.RestTemplate - Response 200 OK
2025-07-11 12:30:30 [Thread-1] INFO  c.netflix.discovery.DiscoveryClient - DiscoveryClient_USERS-SERVICE/192.168.41.141:users-service:8082 - deregister  status: 200
2025-07-11 12:30:30 [Thread-1] INFO  c.netflix.discovery.DiscoveryClient - Completed shut down of DiscoveryClient
2025-07-11 12:30:30 [restartedMain] INFO  c.m.users.UsersApplication - Starting UsersApplication using Java 17.0.15 with PID 45338 (/home/sebastian/Documentos/stranger-drug/users/target/classes started by sebastian in /home/sebastian/Documentos/stranger-drug)
2025-07-11 12:30:30 [restartedMain] DEBUG c.m.users.UsersApplication - Running with Spring Boot v3.2.3, Spring v6.1.4
2025-07-11 12:30:30 [restartedMain] INFO  c.m.users.UsersApplication - The following 6 profiles are active: "common", "database", "email", "logging", "security", "local"
