2025-07-10 22:26:23 [restartedMain] INFO  c.m.users.UsersApplication - Starting UsersApplication using Java 17.0.15 with PID 327557 (/home/sebastian/Documentos/stranger-drug/users/target/classes started by sebastian in /home/sebastian/Documentos/stranger-drug)
2025-07-10 22:26:23 [restartedMain] DEBUG c.m.users.UsersApplication - Running with Spring Boot v3.2.3, Spring v6.1.4
2025-07-10 22:26:23 [restartedMain] INFO  c.m.users.UsersApplication - The following 6 profiles are active: "common", "database", "email", "logging", "security", "dev"
2025-07-10 22:26:27 [restartedMain] WARN  o.s.c.s.PostProcessorRegistrationDelegate$BeanPostProcessorChecker - Bean 'org.springframework.cloud.client.loadbalancer.LoadBalancerAutoConfiguration$LoadBalancerInterceptorConfig' of type [org.springframework.cloud.client.loadbalancer.LoadBalancerAutoConfiguration$LoadBalancerInterceptorConfig] is not eligible for getting processed by all BeanPostProcessors (for example: not eligible for auto-proxying). The currently created BeanPostProcessor [lbRestClientPostProcessor] is declared through a non-static factory method on that class; consider declaring it as static instead.
2025-07-10 22:26:27 [restartedMain] WARN  o.s.c.s.PostProcessorRegistrationDelegate$BeanPostProcessorChecker - Bean 'org.springframework.cloud.loadbalancer.config.BlockingLoadBalancerClientAutoConfiguration' of type [org.springframework.cloud.loadbalancer.config.BlockingLoadBalancerClientAutoConfiguration] is not eligible for getting processed by all BeanPostProcessors (for example: not eligible for auto-proxying). Is this bean getting eagerly injected into a currently created BeanPostProcessor [lbRestClientPostProcessor]? Check the corresponding BeanPostProcessor declaration and its dependencies.
2025-07-10 22:26:27 [restartedMain] WARN  o.s.c.s.PostProcessorRegistrationDelegate$BeanPostProcessorChecker - Bean 'org.springframework.cloud.loadbalancer.config.LoadBalancerAutoConfiguration' of type [org.springframework.cloud.loadbalancer.config.LoadBalancerAutoConfiguration] is not eligible for getting processed by all BeanPostProcessors (for example: not eligible for auto-proxying). Is this bean getting eagerly injected into a currently created BeanPostProcessor [lbRestClientPostProcessor]? Check the corresponding BeanPostProcessor declaration and its dependencies.
2025-07-10 22:26:27 [restartedMain] WARN  o.s.c.s.PostProcessorRegistrationDelegate$BeanPostProcessorChecker - Bean 'org.springframework.cloud.commons.config.CommonsConfigAutoConfiguration' of type [org.springframework.cloud.commons.config.CommonsConfigAutoConfiguration] is not eligible for getting processed by all BeanPostProcessors (for example: not eligible for auto-proxying). Is this bean getting eagerly injected into a currently created BeanPostProcessor [lbRestClientPostProcessor]? Check the corresponding BeanPostProcessor declaration and its dependencies.
2025-07-10 22:26:27 [restartedMain] WARN  o.s.c.s.PostProcessorRegistrationDelegate$BeanPostProcessorChecker - Bean 'org.springframework.cloud.client.loadbalancer.LoadBalancerDefaultMappingsProviderAutoConfiguration' of type [org.springframework.cloud.client.loadbalancer.LoadBalancerDefaultMappingsProviderAutoConfiguration] is not eligible for getting processed by all BeanPostProcessors (for example: not eligible for auto-proxying). Is this bean getting eagerly injected into a currently created BeanPostProcessor [lbRestClientPostProcessor]? Check the corresponding BeanPostProcessor declaration and its dependencies.
2025-07-10 22:26:27 [restartedMain] WARN  o.s.c.s.PostProcessorRegistrationDelegate$BeanPostProcessorChecker - Bean 'loadBalancerClientsDefaultsMappingsProvider' of type [org.springframework.cloud.client.loadbalancer.LoadBalancerDefaultMappingsProviderAutoConfiguration$$Lambda$761/0x00007f9f04567bb0] is not eligible for getting processed by all BeanPostProcessors (for example: not eligible for auto-proxying). Is this bean getting eagerly injected into a currently created BeanPostProcessor [lbRestClientPostProcessor]? Check the corresponding BeanPostProcessor declaration and its dependencies.
2025-07-10 22:26:27 [restartedMain] WARN  o.s.c.s.PostProcessorRegistrationDelegate$BeanPostProcessorChecker - Bean 'defaultsBindHandlerAdvisor' of type [org.springframework.cloud.commons.config.DefaultsBindHandlerAdvisor] is not eligible for getting processed by all BeanPostProcessors (for example: not eligible for auto-proxying). Is this bean getting eagerly injected into a currently created BeanPostProcessor [lbRestClientPostProcessor]? Check the corresponding BeanPostProcessor declaration and its dependencies.
2025-07-10 22:26:27 [restartedMain] WARN  o.s.c.s.PostProcessorRegistrationDelegate$BeanPostProcessorChecker - Bean 'spring.cloud.loadbalancer-org.springframework.cloud.client.loadbalancer.LoadBalancerClientsProperties' of type [org.springframework.cloud.client.loadbalancer.LoadBalancerClientsProperties] is not eligible for getting processed by all BeanPostProcessors (for example: not eligible for auto-proxying). Is this bean getting eagerly injected into a currently created BeanPostProcessor [lbRestClientPostProcessor]? Check the corresponding BeanPostProcessor declaration and its dependencies.
2025-07-10 22:26:27 [restartedMain] WARN  o.s.c.s.PostProcessorRegistrationDelegate$BeanPostProcessorChecker - Bean 'default.org.springframework.cloud.loadbalancer.config.LoadBalancerAutoConfiguration.LoadBalancerClientSpecification' of type [org.springframework.cloud.loadbalancer.annotation.LoadBalancerClientSpecification] is not eligible for getting processed by all BeanPostProcessors (for example: not eligible for auto-proxying). Is this bean getting eagerly injected into a currently created BeanPostProcessor [lbRestClientPostProcessor]? Check the corresponding BeanPostProcessor declaration and its dependencies.
2025-07-10 22:26:27 [restartedMain] WARN  o.s.c.s.PostProcessorRegistrationDelegate$BeanPostProcessorChecker - Bean 'default.org.springframework.cloud.loadbalancer.config.BlockingLoadBalancerClientAutoConfiguration.LoadBalancerClientSpecification' of type [org.springframework.cloud.loadbalancer.annotation.LoadBalancerClientSpecification] is not eligible for getting processed by all BeanPostProcessors (for example: not eligible for auto-proxying). Is this bean getting eagerly injected into a currently created BeanPostProcessor [lbRestClientPostProcessor]? Check the corresponding BeanPostProcessor declaration and its dependencies.
2025-07-10 22:26:27 [restartedMain] WARN  o.s.c.s.PostProcessorRegistrationDelegate$BeanPostProcessorChecker - Bean 'default.org.springframework.cloud.netflix.eureka.loadbalancer.LoadBalancerEurekaAutoConfiguration.LoadBalancerClientSpecification' of type [org.springframework.cloud.loadbalancer.annotation.LoadBalancerClientSpecification] is not eligible for getting processed by all BeanPostProcessors (for example: not eligible for auto-proxying). Is this bean getting eagerly injected into a currently created BeanPostProcessor [lbRestClientPostProcessor]? Check the corresponding BeanPostProcessor declaration and its dependencies.
2025-07-10 22:26:27 [restartedMain] WARN  o.s.c.s.PostProcessorRegistrationDelegate$BeanPostProcessorChecker - Bean 'loadBalancerClientFactory' of type [org.springframework.cloud.loadbalancer.support.LoadBalancerClientFactory] is not eligible for getting processed by all BeanPostProcessors (for example: not eligible for auto-proxying). Is this bean getting eagerly injected into a currently created BeanPostProcessor [lbRestClientPostProcessor]? Check the corresponding BeanPostProcessor declaration and its dependencies.
2025-07-10 22:26:27 [restartedMain] WARN  o.s.c.s.PostProcessorRegistrationDelegate$BeanPostProcessorChecker - Bean 'blockingLoadBalancerClient' of type [org.springframework.cloud.loadbalancer.blocking.client.BlockingLoadBalancerClient] is not eligible for getting processed by all BeanPostProcessors (for example: not eligible for auto-proxying). Is this bean getting eagerly injected into a currently created BeanPostProcessor [lbRestClientPostProcessor]? Check the corresponding BeanPostProcessor declaration and its dependencies.
2025-07-10 22:26:27 [restartedMain] WARN  o.s.c.s.PostProcessorRegistrationDelegate$BeanPostProcessorChecker - Bean 'loadBalancerServiceInstanceCookieTransformer' of type [org.springframework.cloud.loadbalancer.core.LoadBalancerServiceInstanceCookieTransformer] is not eligible for getting processed by all BeanPostProcessors (for example: not eligible for auto-proxying). Is this bean getting eagerly injected into a currently created BeanPostProcessor [lbRestClientPostProcessor]? Check the corresponding BeanPostProcessor declaration and its dependencies.
2025-07-10 22:26:27 [restartedMain] WARN  o.s.c.s.PostProcessorRegistrationDelegate$BeanPostProcessorChecker - Bean 'xForwarderHeadersTransformer' of type [org.springframework.cloud.loadbalancer.blocking.XForwardedHeadersTransformer] is not eligible for getting processed by all BeanPostProcessors (for example: not eligible for auto-proxying). Is this bean getting eagerly injected into a currently created BeanPostProcessor [lbRestClientPostProcessor]? Check the corresponding BeanPostProcessor declaration and its dependencies.
2025-07-10 22:26:27 [restartedMain] WARN  o.s.c.s.PostProcessorRegistrationDelegate$BeanPostProcessorChecker - Bean 'org.springframework.cloud.client.loadbalancer.LoadBalancerAutoConfiguration' of type [org.springframework.cloud.client.loadbalancer.LoadBalancerAutoConfiguration] is not eligible for getting processed by all BeanPostProcessors (for example: not eligible for auto-proxying). Is this bean getting eagerly injected into a currently created BeanPostProcessor [lbRestClientPostProcessor]? Check the corresponding BeanPostProcessor declaration and its dependencies.
2025-07-10 22:26:27 [restartedMain] WARN  o.s.c.s.PostProcessorRegistrationDelegate$BeanPostProcessorChecker - Bean 'loadBalancerRequestFactory' of type [org.springframework.cloud.client.loadbalancer.LoadBalancerRequestFactory] is not eligible for getting processed by all BeanPostProcessors (for example: not eligible for auto-proxying). Is this bean getting eagerly injected into a currently created BeanPostProcessor [lbRestClientPostProcessor]? Check the corresponding BeanPostProcessor declaration and its dependencies.
2025-07-10 22:26:27 [restartedMain] WARN  o.s.c.s.PostProcessorRegistrationDelegate$BeanPostProcessorChecker - Bean 'loadBalancerInterceptor' of type [org.springframework.cloud.client.loadbalancer.LoadBalancerInterceptor] is not eligible for getting processed by all BeanPostProcessors (for example: not eligible for auto-proxying). Is this bean getting eagerly injected into a currently created BeanPostProcessor [lbRestClientPostProcessor]? Check the corresponding BeanPostProcessor declaration and its dependencies.
2025-07-10 22:26:27 [restartedMain] WARN  o.s.c.s.PostProcessorRegistrationDelegate$BeanPostProcessorChecker - Bean 'org.springframework.cloud.client.loadbalancer.reactive.LoadBalancerBeanPostProcessorAutoConfiguration' of type [org.springframework.cloud.client.loadbalancer.reactive.LoadBalancerBeanPostProcessorAutoConfiguration] is not eligible for getting processed by all BeanPostProcessors (for example: not eligible for auto-proxying). The currently created BeanPostProcessor [loadBalancerWebClientBuilderBeanPostProcessor] is declared through a non-static factory method on that class; consider declaring it as static instead.
2025-07-10 22:26:27 [restartedMain] WARN  o.s.c.s.PostProcessorRegistrationDelegate$BeanPostProcessorChecker - Bean 'org.springframework.cloud.client.loadbalancer.reactive.LoadBalancerBeanPostProcessorAutoConfiguration$ReactorDeferringLoadBalancerFilterConfig' of type [org.springframework.cloud.client.loadbalancer.reactive.LoadBalancerBeanPostProcessorAutoConfiguration$ReactorDeferringLoadBalancerFilterConfig] is not eligible for getting processed by all BeanPostProcessors (for example: not eligible for auto-proxying). Is this bean getting eagerly injected into a currently created BeanPostProcessor [loadBalancerWebClientBuilderBeanPostProcessor]? Check the corresponding BeanPostProcessor declaration and its dependencies.
2025-07-10 22:26:27 [restartedMain] WARN  o.s.c.s.PostProcessorRegistrationDelegate$BeanPostProcessorChecker - Bean 'reactorDeferringLoadBalancerExchangeFilterFunction' of type [org.springframework.cloud.client.loadbalancer.reactive.DeferringLoadBalancerExchangeFilterFunction] is not eligible for getting processed by all BeanPostProcessors (for example: not eligible for auto-proxying). Is this bean getting eagerly injected into a currently created BeanPostProcessor [loadBalancerWebClientBuilderBeanPostProcessor]? Check the corresponding BeanPostProcessor declaration and its dependencies.
2025-07-10 22:26:28 [restartedMain] ERROR o.s.b.w.e.tomcat.TomcatStarter - Error starting Tomcat context. Exception: org.springframework.beans.factory.BeanCreationException. Message: Error creating bean with name 'internalJwtFilter': Injection of autowired dependencies failed
2025-07-10 22:26:28 [restartedMain] WARN  o.a.c.loader.WebappClassLoaderBase - The web application [ROOT] appears to have started a thread named [boundedElastic-evictor-1] but has failed to stop it. This is very likely to create a memory leak. Stack trace of thread:
 java.base@17.0.15/jdk.internal.misc.Unsafe.park(Native Method)
 java.base@17.0.15/java.util.concurrent.locks.LockSupport.parkNanos(LockSupport.java:252)
 java.base@17.0.15/java.util.concurrent.locks.AbstractQueuedSynchronizer$ConditionObject.awaitNanos(AbstractQueuedSynchronizer.java:1679)
 java.base@17.0.15/java.util.concurrent.ScheduledThreadPoolExecutor$DelayedWorkQueue.take(ScheduledThreadPoolExecutor.java:1182)
 java.base@17.0.15/java.util.concurrent.ScheduledThreadPoolExecutor$DelayedWorkQueue.take(ScheduledThreadPoolExecutor.java:899)
 java.base@17.0.15/java.util.concurrent.ThreadPoolExecutor.getTask(ThreadPoolExecutor.java:1062)
 java.base@17.0.15/java.util.concurrent.ThreadPoolExecutor.runWorker(ThreadPoolExecutor.java:1122)
 java.base@17.0.15/java.util.concurrent.ThreadPoolExecutor$Worker.run(ThreadPoolExecutor.java:635)
 java.base@17.0.15/java.lang.Thread.run(Thread.java:840)
2025-07-10 22:26:28 [restartedMain] WARN  o.s.b.w.s.c.AnnotationConfigServletWebServerApplicationContext - Exception encountered during context initialization - cancelling refresh attempt: org.springframework.context.ApplicationContextException: Unable to start web server
2025-07-10 22:26:29 [restartedMain] WARN  z.r.AsyncReporter$BoundedAsyncReporter - Timed out waiting for in-flight spans to send
2025-07-10 22:26:29 [restartedMain] ERROR o.s.boot.SpringApplication - Application run failed
org.springframework.context.ApplicationContextException: Unable to start web server
	at org.springframework.boot.web.servlet.context.ServletWebServerApplicationContext.onRefresh(ServletWebServerApplicationContext.java:165)
	at org.springframework.context.support.AbstractApplicationContext.refresh(AbstractApplicationContext.java:618)
	at org.springframework.boot.web.servlet.context.ServletWebServerApplicationContext.refresh(ServletWebServerApplicationContext.java:146)
	at org.springframework.boot.SpringApplication.refresh(SpringApplication.java:754)
	at org.springframework.boot.SpringApplication.refreshContext(SpringApplication.java:456)
	at org.springframework.boot.SpringApplication.run(SpringApplication.java:334)
	at org.springframework.boot.SpringApplication.run(SpringApplication.java:1354)
	at org.springframework.boot.SpringApplication.run(SpringApplication.java:1343)
	at com.microserviceone.users.UsersApplication.main(UsersApplication.java:25)
	at java.base/jdk.internal.reflect.NativeMethodAccessorImpl.invoke0(Native Method)
	at java.base/jdk.internal.reflect.NativeMethodAccessorImpl.invoke(NativeMethodAccessorImpl.java:77)
	at java.base/jdk.internal.reflect.DelegatingMethodAccessorImpl.invoke(DelegatingMethodAccessorImpl.java:43)
	at java.base/java.lang.reflect.Method.invoke(Method.java:569)
	at org.springframework.boot.devtools.restart.RestartLauncher.run(RestartLauncher.java:50)
Caused by: org.springframework.boot.web.server.WebServerException: Unable to start embedded Tomcat
	at org.springframework.boot.web.embedded.tomcat.TomcatWebServer.initialize(TomcatWebServer.java:145)
	at org.springframework.boot.web.embedded.tomcat.TomcatWebServer.<init>(TomcatWebServer.java:105)
	at org.springframework.boot.web.embedded.tomcat.TomcatServletWebServerFactory.getTomcatWebServer(TomcatServletWebServerFactory.java:499)
	at org.springframework.boot.web.embedded.tomcat.TomcatServletWebServerFactory.getWebServer(TomcatServletWebServerFactory.java:218)
	at org.springframework.boot.web.servlet.context.ServletWebServerApplicationContext.createWebServer(ServletWebServerApplicationContext.java:188)
	at org.springframework.boot.web.servlet.context.ServletWebServerApplicationContext.onRefresh(ServletWebServerApplicationContext.java:162)
	... 13 common frames omitted
Caused by: org.springframework.beans.factory.BeanCreationException: Error creating bean with name 'internalJwtFilter': Injection of autowired dependencies failed
	at org.springframework.beans.factory.annotation.AutowiredAnnotationBeanPostProcessor.postProcessProperties(AutowiredAnnotationBeanPostProcessor.java:514)
	at org.springframework.beans.factory.support.AbstractAutowireCapableBeanFactory.populateBean(AbstractAutowireCapableBeanFactory.java:1419)
	at org.springframework.beans.factory.support.AbstractAutowireCapableBeanFactory.doCreateBean(AbstractAutowireCapableBeanFactory.java:599)
	at org.springframework.beans.factory.support.AbstractAutowireCapableBeanFactory.createBean(AbstractAutowireCapableBeanFactory.java:522)
	at org.springframework.beans.factory.support.AbstractBeanFactory.lambda$doGetBean$0(AbstractBeanFactory.java:325)
	at org.springframework.beans.factory.support.DefaultSingletonBeanRegistry.getSingleton(DefaultSingletonBeanRegistry.java:234)
	at org.springframework.beans.factory.support.AbstractBeanFactory.doGetBean(AbstractBeanFactory.java:323)
	at org.springframework.beans.factory.support.AbstractBeanFactory.getBean(AbstractBeanFactory.java:204)
	at org.springframework.boot.web.servlet.ServletContextInitializerBeans.getOrderedBeansOfType(ServletContextInitializerBeans.java:210)
	at org.springframework.boot.web.servlet.ServletContextInitializerBeans.addAsRegistrationBean(ServletContextInitializerBeans.java:173)
	at org.springframework.boot.web.servlet.ServletContextInitializerBeans.addAsRegistrationBean(ServletContextInitializerBeans.java:168)
	at org.springframework.boot.web.servlet.ServletContextInitializerBeans.addAdaptableBeans(ServletContextInitializerBeans.java:153)
	at org.springframework.boot.web.servlet.ServletContextInitializerBeans.<init>(ServletContextInitializerBeans.java:86)
	at org.springframework.boot.web.servlet.context.ServletWebServerApplicationContext.getServletContextInitializerBeans(ServletWebServerApplicationContext.java:266)
	at org.springframework.boot.web.servlet.context.ServletWebServerApplicationContext.selfInitialize(ServletWebServerApplicationContext.java:240)
	at org.springframework.boot.web.embedded.tomcat.TomcatStarter.onStartup(TomcatStarter.java:52)
	at org.apache.catalina.core.StandardContext.startInternal(StandardContext.java:4866)
	at org.apache.catalina.util.LifecycleBase.start(LifecycleBase.java:171)
	at org.apache.catalina.core.ContainerBase$StartChild.call(ContainerBase.java:1332)
	at org.apache.catalina.core.ContainerBase$StartChild.call(ContainerBase.java:1322)
	at java.base/java.util.concurrent.FutureTask.run(FutureTask.java:264)
	at org.apache.tomcat.util.threads.InlineExecutorService.execute(InlineExecutorService.java:75)
	at java.base/java.util.concurrent.AbstractExecutorService.submit(AbstractExecutorService.java:145)
	at org.apache.catalina.core.ContainerBase.startInternal(ContainerBase.java:866)
	at org.apache.catalina.core.StandardHost.startInternal(StandardHost.java:845)
	at org.apache.catalina.util.LifecycleBase.start(LifecycleBase.java:171)
	at org.apache.catalina.core.ContainerBase$StartChild.call(ContainerBase.java:1332)
	at org.apache.catalina.core.ContainerBase$StartChild.call(ContainerBase.java:1322)
	at java.base/java.util.concurrent.FutureTask.run(FutureTask.java:264)
	at org.apache.tomcat.util.threads.InlineExecutorService.execute(InlineExecutorService.java:75)
	at java.base/java.util.concurrent.AbstractExecutorService.submit(AbstractExecutorService.java:145)
	at org.apache.catalina.core.ContainerBase.startInternal(ContainerBase.java:866)
	at org.apache.catalina.core.StandardEngine.startInternal(StandardEngine.java:240)
	at org.apache.catalina.util.LifecycleBase.start(LifecycleBase.java:171)
	at org.apache.catalina.core.StandardService.startInternal(StandardService.java:433)
	at org.apache.catalina.util.LifecycleBase.start(LifecycleBase.java:171)
	at org.apache.catalina.core.StandardServer.startInternal(StandardServer.java:921)
	at org.apache.catalina.util.LifecycleBase.start(LifecycleBase.java:171)
	at org.apache.catalina.startup.Tomcat.start(Tomcat.java:437)
	at org.springframework.boot.web.embedded.tomcat.TomcatWebServer.initialize(TomcatWebServer.java:126)
	... 18 common frames omitted
Caused by: java.lang.IllegalArgumentException: Could not resolve placeholder 'JWT_INTERNAL_SECRET' in value "${JWT_INTERNAL_SECRET}"
	at org.springframework.util.PropertyPlaceholderHelper.parseStringValue(PropertyPlaceholderHelper.java:180)
	at org.springframework.util.PropertyPlaceholderHelper.replacePlaceholders(PropertyPlaceholderHelper.java:126)
	at org.springframework.core.env.AbstractPropertyResolver.doResolvePlaceholders(AbstractPropertyResolver.java:239)
	at org.springframework.core.env.AbstractPropertyResolver.resolveRequiredPlaceholders(AbstractPropertyResolver.java:210)
	at org.springframework.core.env.AbstractPropertyResolver.resolveNestedPlaceholders(AbstractPropertyResolver.java:230)
	at org.springframework.boot.context.properties.source.ConfigurationPropertySourcesPropertyResolver.getProperty(ConfigurationPropertySourcesPropertyResolver.java:80)
	at org.springframework.boot.context.properties.source.ConfigurationPropertySourcesPropertyResolver.getProperty(ConfigurationPropertySourcesPropertyResolver.java:61)
	at org.springframework.core.env.AbstractEnvironment.getProperty(AbstractEnvironment.java:552)
	at org.springframework.context.support.PropertySourcesPlaceholderConfigurer$1.getProperty(PropertySourcesPlaceholderConfigurer.java:153)
	at org.springframework.context.support.PropertySourcesPlaceholderConfigurer$1.getProperty(PropertySourcesPlaceholderConfigurer.java:149)
	at org.springframework.core.env.PropertySourcesPropertyResolver.getProperty(PropertySourcesPropertyResolver.java:85)
	at org.springframework.core.env.PropertySourcesPropertyResolver.getPropertyAsRawString(PropertySourcesPropertyResolver.java:74)
	at org.springframework.util.PropertyPlaceholderHelper.parseStringValue(PropertyPlaceholderHelper.java:153)
	at org.springframework.util.PropertyPlaceholderHelper.replacePlaceholders(PropertyPlaceholderHelper.java:126)
	at org.springframework.core.env.AbstractPropertyResolver.doResolvePlaceholders(AbstractPropertyResolver.java:239)
	at org.springframework.core.env.AbstractPropertyResolver.resolveRequiredPlaceholders(AbstractPropertyResolver.java:210)
	at org.springframework.context.support.PropertySourcesPlaceholderConfigurer.lambda$processProperties$0(PropertySourcesPlaceholderConfigurer.java:200)
	at org.springframework.beans.factory.support.AbstractBeanFactory.resolveEmbeddedValue(AbstractBeanFactory.java:921)
	at org.springframework.beans.factory.support.DefaultListableBeanFactory.doResolveDependency(DefaultListableBeanFactory.java:1374)
	at org.springframework.beans.factory.support.DefaultListableBeanFactory.resolveDependency(DefaultListableBeanFactory.java:1353)
	at org.springframework.beans.factory.annotation.AutowiredAnnotationBeanPostProcessor$AutowiredFieldElement.resolveFieldValue(AutowiredAnnotationBeanPostProcessor.java:784)
	at org.springframework.beans.factory.annotation.AutowiredAnnotationBeanPostProcessor$AutowiredFieldElement.inject(AutowiredAnnotationBeanPostProcessor.java:767)
	at org.springframework.beans.factory.annotation.InjectionMetadata.inject(InjectionMetadata.java:145)
	at org.springframework.beans.factory.annotation.AutowiredAnnotationBeanPostProcessor.postProcessProperties(AutowiredAnnotationBeanPostProcessor.java:508)
	... 57 common frames omitted
2025-07-10 22:30:22 [restartedMain] INFO  c.m.users.UsersApplication - Starting UsersApplication using Java 17.0.15 with PID 331925 (/home/sebastian/Documentos/stranger-drug/users/target/classes started by sebastian in /home/sebastian/Documentos/stranger-drug)
2025-07-10 22:30:22 [restartedMain] INFO  c.m.users.UsersApplication - The following 5 profiles are active: "common", "database", "email", "logging", "security"
2025-07-10 22:30:25 [restartedMain] WARN  o.s.c.s.PostProcessorRegistrationDelegate$BeanPostProcessorChecker - Bean 'org.springframework.cloud.client.loadbalancer.LoadBalancerAutoConfiguration$LoadBalancerInterceptorConfig' of type [org.springframework.cloud.client.loadbalancer.LoadBalancerAutoConfiguration$LoadBalancerInterceptorConfig] is not eligible for getting processed by all BeanPostProcessors (for example: not eligible for auto-proxying). The currently created BeanPostProcessor [lbRestClientPostProcessor] is declared through a non-static factory method on that class; consider declaring it as static instead.
2025-07-10 22:30:25 [restartedMain] WARN  o.s.c.s.PostProcessorRegistrationDelegate$BeanPostProcessorChecker - Bean 'org.springframework.cloud.loadbalancer.config.BlockingLoadBalancerClientAutoConfiguration' of type [org.springframework.cloud.loadbalancer.config.BlockingLoadBalancerClientAutoConfiguration] is not eligible for getting processed by all BeanPostProcessors (for example: not eligible for auto-proxying). Is this bean getting eagerly injected into a currently created BeanPostProcessor [lbRestClientPostProcessor]? Check the corresponding BeanPostProcessor declaration and its dependencies.
2025-07-10 22:30:25 [restartedMain] WARN  o.s.c.s.PostProcessorRegistrationDelegate$BeanPostProcessorChecker - Bean 'org.springframework.cloud.loadbalancer.config.LoadBalancerAutoConfiguration' of type [org.springframework.cloud.loadbalancer.config.LoadBalancerAutoConfiguration] is not eligible for getting processed by all BeanPostProcessors (for example: not eligible for auto-proxying). Is this bean getting eagerly injected into a currently created BeanPostProcessor [lbRestClientPostProcessor]? Check the corresponding BeanPostProcessor declaration and its dependencies.
2025-07-10 22:30:25 [restartedMain] WARN  o.s.c.s.PostProcessorRegistrationDelegate$BeanPostProcessorChecker - Bean 'org.springframework.cloud.commons.config.CommonsConfigAutoConfiguration' of type [org.springframework.cloud.commons.config.CommonsConfigAutoConfiguration] is not eligible for getting processed by all BeanPostProcessors (for example: not eligible for auto-proxying). Is this bean getting eagerly injected into a currently created BeanPostProcessor [lbRestClientPostProcessor]? Check the corresponding BeanPostProcessor declaration and its dependencies.
2025-07-10 22:30:25 [restartedMain] WARN  o.s.c.s.PostProcessorRegistrationDelegate$BeanPostProcessorChecker - Bean 'org.springframework.cloud.client.loadbalancer.LoadBalancerDefaultMappingsProviderAutoConfiguration' of type [org.springframework.cloud.client.loadbalancer.LoadBalancerDefaultMappingsProviderAutoConfiguration] is not eligible for getting processed by all BeanPostProcessors (for example: not eligible for auto-proxying). Is this bean getting eagerly injected into a currently created BeanPostProcessor [lbRestClientPostProcessor]? Check the corresponding BeanPostProcessor declaration and its dependencies.
2025-07-10 22:30:25 [restartedMain] WARN  o.s.c.s.PostProcessorRegistrationDelegate$BeanPostProcessorChecker - Bean 'loadBalancerClientsDefaultsMappingsProvider' of type [org.springframework.cloud.client.loadbalancer.LoadBalancerDefaultMappingsProviderAutoConfiguration$$Lambda$761/0x00007f1198566e78] is not eligible for getting processed by all BeanPostProcessors (for example: not eligible for auto-proxying). Is this bean getting eagerly injected into a currently created BeanPostProcessor [lbRestClientPostProcessor]? Check the corresponding BeanPostProcessor declaration and its dependencies.
2025-07-10 22:30:25 [restartedMain] WARN  o.s.c.s.PostProcessorRegistrationDelegate$BeanPostProcessorChecker - Bean 'defaultsBindHandlerAdvisor' of type [org.springframework.cloud.commons.config.DefaultsBindHandlerAdvisor] is not eligible for getting processed by all BeanPostProcessors (for example: not eligible for auto-proxying). Is this bean getting eagerly injected into a currently created BeanPostProcessor [lbRestClientPostProcessor]? Check the corresponding BeanPostProcessor declaration and its dependencies.
2025-07-10 22:30:25 [restartedMain] WARN  o.s.c.s.PostProcessorRegistrationDelegate$BeanPostProcessorChecker - Bean 'spring.cloud.loadbalancer-org.springframework.cloud.client.loadbalancer.LoadBalancerClientsProperties' of type [org.springframework.cloud.client.loadbalancer.LoadBalancerClientsProperties] is not eligible for getting processed by all BeanPostProcessors (for example: not eligible for auto-proxying). Is this bean getting eagerly injected into a currently created BeanPostProcessor [lbRestClientPostProcessor]? Check the corresponding BeanPostProcessor declaration and its dependencies.
2025-07-10 22:30:25 [restartedMain] WARN  o.s.c.s.PostProcessorRegistrationDelegate$BeanPostProcessorChecker - Bean 'default.org.springframework.cloud.loadbalancer.config.LoadBalancerAutoConfiguration.LoadBalancerClientSpecification' of type [org.springframework.cloud.loadbalancer.annotation.LoadBalancerClientSpecification] is not eligible for getting processed by all BeanPostProcessors (for example: not eligible for auto-proxying). Is this bean getting eagerly injected into a currently created BeanPostProcessor [lbRestClientPostProcessor]? Check the corresponding BeanPostProcessor declaration and its dependencies.
2025-07-10 22:30:25 [restartedMain] WARN  o.s.c.s.PostProcessorRegistrationDelegate$BeanPostProcessorChecker - Bean 'default.org.springframework.cloud.loadbalancer.config.BlockingLoadBalancerClientAutoConfiguration.LoadBalancerClientSpecification' of type [org.springframework.cloud.loadbalancer.annotation.LoadBalancerClientSpecification] is not eligible for getting processed by all BeanPostProcessors (for example: not eligible for auto-proxying). Is this bean getting eagerly injected into a currently created BeanPostProcessor [lbRestClientPostProcessor]? Check the corresponding BeanPostProcessor declaration and its dependencies.
2025-07-10 22:30:25 [restartedMain] WARN  o.s.c.s.PostProcessorRegistrationDelegate$BeanPostProcessorChecker - Bean 'default.org.springframework.cloud.netflix.eureka.loadbalancer.LoadBalancerEurekaAutoConfiguration.LoadBalancerClientSpecification' of type [org.springframework.cloud.loadbalancer.annotation.LoadBalancerClientSpecification] is not eligible for getting processed by all BeanPostProcessors (for example: not eligible for auto-proxying). Is this bean getting eagerly injected into a currently created BeanPostProcessor [lbRestClientPostProcessor]? Check the corresponding BeanPostProcessor declaration and its dependencies.
2025-07-10 22:30:25 [restartedMain] WARN  o.s.c.s.PostProcessorRegistrationDelegate$BeanPostProcessorChecker - Bean 'loadBalancerClientFactory' of type [org.springframework.cloud.loadbalancer.support.LoadBalancerClientFactory] is not eligible for getting processed by all BeanPostProcessors (for example: not eligible for auto-proxying). Is this bean getting eagerly injected into a currently created BeanPostProcessor [lbRestClientPostProcessor]? Check the corresponding BeanPostProcessor declaration and its dependencies.
2025-07-10 22:30:25 [restartedMain] WARN  o.s.c.s.PostProcessorRegistrationDelegate$BeanPostProcessorChecker - Bean 'blockingLoadBalancerClient' of type [org.springframework.cloud.loadbalancer.blocking.client.BlockingLoadBalancerClient] is not eligible for getting processed by all BeanPostProcessors (for example: not eligible for auto-proxying). Is this bean getting eagerly injected into a currently created BeanPostProcessor [lbRestClientPostProcessor]? Check the corresponding BeanPostProcessor declaration and its dependencies.
2025-07-10 22:30:25 [restartedMain] WARN  o.s.c.s.PostProcessorRegistrationDelegate$BeanPostProcessorChecker - Bean 'loadBalancerServiceInstanceCookieTransformer' of type [org.springframework.cloud.loadbalancer.core.LoadBalancerServiceInstanceCookieTransformer] is not eligible for getting processed by all BeanPostProcessors (for example: not eligible for auto-proxying). Is this bean getting eagerly injected into a currently created BeanPostProcessor [lbRestClientPostProcessor]? Check the corresponding BeanPostProcessor declaration and its dependencies.
2025-07-10 22:30:25 [restartedMain] WARN  o.s.c.s.PostProcessorRegistrationDelegate$BeanPostProcessorChecker - Bean 'xForwarderHeadersTransformer' of type [org.springframework.cloud.loadbalancer.blocking.XForwardedHeadersTransformer] is not eligible for getting processed by all BeanPostProcessors (for example: not eligible for auto-proxying). Is this bean getting eagerly injected into a currently created BeanPostProcessor [lbRestClientPostProcessor]? Check the corresponding BeanPostProcessor declaration and its dependencies.
2025-07-10 22:30:25 [restartedMain] WARN  o.s.c.s.PostProcessorRegistrationDelegate$BeanPostProcessorChecker - Bean 'org.springframework.cloud.client.loadbalancer.LoadBalancerAutoConfiguration' of type [org.springframework.cloud.client.loadbalancer.LoadBalancerAutoConfiguration] is not eligible for getting processed by all BeanPostProcessors (for example: not eligible for auto-proxying). Is this bean getting eagerly injected into a currently created BeanPostProcessor [lbRestClientPostProcessor]? Check the corresponding BeanPostProcessor declaration and its dependencies.
2025-07-10 22:30:25 [restartedMain] WARN  o.s.c.s.PostProcessorRegistrationDelegate$BeanPostProcessorChecker - Bean 'loadBalancerRequestFactory' of type [org.springframework.cloud.client.loadbalancer.LoadBalancerRequestFactory] is not eligible for getting processed by all BeanPostProcessors (for example: not eligible for auto-proxying). Is this bean getting eagerly injected into a currently created BeanPostProcessor [lbRestClientPostProcessor]? Check the corresponding BeanPostProcessor declaration and its dependencies.
2025-07-10 22:30:25 [restartedMain] WARN  o.s.c.s.PostProcessorRegistrationDelegate$BeanPostProcessorChecker - Bean 'loadBalancerInterceptor' of type [org.springframework.cloud.client.loadbalancer.LoadBalancerInterceptor] is not eligible for getting processed by all BeanPostProcessors (for example: not eligible for auto-proxying). Is this bean getting eagerly injected into a currently created BeanPostProcessor [lbRestClientPostProcessor]? Check the corresponding BeanPostProcessor declaration and its dependencies.
2025-07-10 22:30:25 [restartedMain] WARN  o.s.c.s.PostProcessorRegistrationDelegate$BeanPostProcessorChecker - Bean 'org.springframework.cloud.client.loadbalancer.reactive.LoadBalancerBeanPostProcessorAutoConfiguration' of type [org.springframework.cloud.client.loadbalancer.reactive.LoadBalancerBeanPostProcessorAutoConfiguration] is not eligible for getting processed by all BeanPostProcessors (for example: not eligible for auto-proxying). The currently created BeanPostProcessor [loadBalancerWebClientBuilderBeanPostProcessor] is declared through a non-static factory method on that class; consider declaring it as static instead.
2025-07-10 22:30:25 [restartedMain] WARN  o.s.c.s.PostProcessorRegistrationDelegate$BeanPostProcessorChecker - Bean 'org.springframework.cloud.client.loadbalancer.reactive.LoadBalancerBeanPostProcessorAutoConfiguration$ReactorDeferringLoadBalancerFilterConfig' of type [org.springframework.cloud.client.loadbalancer.reactive.LoadBalancerBeanPostProcessorAutoConfiguration$ReactorDeferringLoadBalancerFilterConfig] is not eligible for getting processed by all BeanPostProcessors (for example: not eligible for auto-proxying). Is this bean getting eagerly injected into a currently created BeanPostProcessor [loadBalancerWebClientBuilderBeanPostProcessor]? Check the corresponding BeanPostProcessor declaration and its dependencies.
2025-07-10 22:30:25 [restartedMain] WARN  o.s.c.s.PostProcessorRegistrationDelegate$BeanPostProcessorChecker - Bean 'reactorDeferringLoadBalancerExchangeFilterFunction' of type [org.springframework.cloud.client.loadbalancer.reactive.DeferringLoadBalancerExchangeFilterFunction] is not eligible for getting processed by all BeanPostProcessors (for example: not eligible for auto-proxying). Is this bean getting eagerly injected into a currently created BeanPostProcessor [loadBalancerWebClientBuilderBeanPostProcessor]? Check the corresponding BeanPostProcessor declaration and its dependencies.
2025-07-10 22:30:27 [restartedMain] WARN  org.hibernate.orm.deprecation - HHH90000025: MariaDBDialect does not need to be specified explicitly using 'hibernate.dialect' (remove the property setting and it will be selected by default)
2025-07-10 22:30:29 [restartedMain] INFO  c.m.u.core.logging.LoggingService - CacheConfiguration: Cache manager configurado con 8 caches
2025-07-10 22:30:31 [restartedMain] WARN  o.s.b.a.o.j.JpaBaseConfiguration$JpaWebConfiguration - spring.jpa.open-in-view is enabled by default. Therefore, database queries may be performed during view rendering. Explicitly configure spring.jpa.open-in-view to disable this warning
2025-07-10 22:30:31 [restartedMain] WARN  o.s.b.a.s.s.UserDetailsServiceAutoConfiguration - 

Using generated security password: fde2f9b0-0030-4559-aff8-39d7dd3b6a4a

This generated password is for development use only. Your security configuration must be updated before running your application in production.

2025-07-10 22:30:31 [restartedMain] INFO  c.m.u.core.logging.LoggingService - SecurityConfig: Iniciando configuración de seguridad del microservicio users
2025-07-10 22:30:32 [restartedMain] INFO  c.m.u.core.logging.LoggingService - SecurityConfig: Configuración de seguridad completada - Todos los endpoints permitidos, filtro JWT interno configurado
2025-07-10 22:30:34 [restartedMain] INFO  c.netflix.discovery.DiscoveryClient - Initializing Eureka in region us-east-1
2025-07-10 22:30:34 [restartedMain] INFO  c.n.d.s.r.aws.ConfigClusterResolver - Resolving eureka endpoints via configuration
2025-07-10 22:30:34 [restartedMain] INFO  c.netflix.discovery.DiscoveryClient - Disable delta property : false
2025-07-10 22:30:34 [restartedMain] INFO  c.netflix.discovery.DiscoveryClient - Single vip registry refresh property : null
2025-07-10 22:30:34 [restartedMain] INFO  c.netflix.discovery.DiscoveryClient - Force full registry fetch : false
2025-07-10 22:30:34 [restartedMain] INFO  c.netflix.discovery.DiscoveryClient - Application is null : false
2025-07-10 22:30:34 [restartedMain] INFO  c.netflix.discovery.DiscoveryClient - Registered Applications size is zero : true
2025-07-10 22:30:34 [restartedMain] INFO  c.netflix.discovery.DiscoveryClient - Application version is -1: true
2025-07-10 22:30:34 [restartedMain] INFO  c.netflix.discovery.DiscoveryClient - Getting all instance registry info from the eureka server
2025-07-10 22:30:34 [restartedMain] INFO  c.netflix.discovery.DiscoveryClient - The response status is 200
2025-07-10 22:30:34 [restartedMain] INFO  c.netflix.discovery.DiscoveryClient - Starting heartbeat executor: renew interval is: 30
2025-07-10 22:30:34 [restartedMain] INFO  c.n.discovery.InstanceInfoReplicator - InstanceInfoReplicator onDemand update allowed rate per min is 4
2025-07-10 22:30:34 [restartedMain] INFO  c.netflix.discovery.DiscoveryClient - Discovery Client initialized at timestamp 1752204634589 with initial instances count: 1
2025-07-10 22:30:34 [restartedMain] INFO  c.netflix.discovery.DiscoveryClient - Saw local status change event StatusChangeEvent [timestamp=1752204634609, current=UP, previous=STARTING]
2025-07-10 22:30:34 [DiscoveryClient-InstanceInfoReplicator-0] INFO  c.netflix.discovery.DiscoveryClient - DiscoveryClient_USERS-SERVICE/debian:users-service:8082: registering service...
2025-07-10 22:30:34 [DiscoveryClient-InstanceInfoReplicator-0] INFO  c.netflix.discovery.DiscoveryClient - DiscoveryClient_USERS-SERVICE/debian:users-service:8082 - registration status: 204
2025-07-10 22:30:34 [restartedMain] INFO  c.m.users.UsersApplication - Started UsersApplication in 13.27 seconds (process running for 14.125)
2025-07-10 22:30:40 [SpringApplicationShutdownHook] INFO  c.netflix.discovery.DiscoveryClient - Saw local status change event StatusChangeEvent [timestamp=1752204640406, current=DOWN, previous=UP]
2025-07-10 22:30:40 [DiscoveryClient-InstanceInfoReplicator-0] INFO  c.netflix.discovery.DiscoveryClient - DiscoveryClient_USERS-SERVICE/debian:users-service:8082: registering service...
2025-07-10 22:30:40 [DiscoveryClient-InstanceInfoReplicator-0] INFO  c.netflix.discovery.DiscoveryClient - DiscoveryClient_USERS-SERVICE/debian:users-service:8082 - registration status: 204
2025-07-10 22:30:41 [SpringApplicationShutdownHook] INFO  c.netflix.discovery.DiscoveryClient - Shutting down DiscoveryClient ...
2025-07-10 22:30:44 [SpringApplicationShutdownHook] INFO  c.netflix.discovery.DiscoveryClient - Unregistering ...
2025-07-10 22:30:44 [SpringApplicationShutdownHook] INFO  c.netflix.discovery.DiscoveryClient - DiscoveryClient_USERS-SERVICE/debian:users-service:8082 - deregister  status: 200
2025-07-10 22:30:44 [SpringApplicationShutdownHook] INFO  c.netflix.discovery.DiscoveryClient - Completed shut down of DiscoveryClient
2025-07-10 22:31:08 [restartedMain] INFO  c.m.users.UsersApplication - Starting UsersApplication using Java 17.0.15 with PID 332911 (/home/sebastian/Documentos/stranger-drug/users/target/classes started by sebastian in /home/sebastian/Documentos/stranger-drug)
2025-07-10 22:31:08 [restartedMain] INFO  c.m.users.UsersApplication - The following 5 profiles are active: "common", "database", "email", "logging", "security"
2025-07-10 22:31:11 [restartedMain] WARN  o.s.c.s.PostProcessorRegistrationDelegate$BeanPostProcessorChecker - Bean 'org.springframework.cloud.client.loadbalancer.LoadBalancerAutoConfiguration$LoadBalancerInterceptorConfig' of type [org.springframework.cloud.client.loadbalancer.LoadBalancerAutoConfiguration$LoadBalancerInterceptorConfig] is not eligible for getting processed by all BeanPostProcessors (for example: not eligible for auto-proxying). The currently created BeanPostProcessor [lbRestClientPostProcessor] is declared through a non-static factory method on that class; consider declaring it as static instead.
2025-07-10 22:31:11 [restartedMain] WARN  o.s.c.s.PostProcessorRegistrationDelegate$BeanPostProcessorChecker - Bean 'org.springframework.cloud.loadbalancer.config.BlockingLoadBalancerClientAutoConfiguration' of type [org.springframework.cloud.loadbalancer.config.BlockingLoadBalancerClientAutoConfiguration] is not eligible for getting processed by all BeanPostProcessors (for example: not eligible for auto-proxying). Is this bean getting eagerly injected into a currently created BeanPostProcessor [lbRestClientPostProcessor]? Check the corresponding BeanPostProcessor declaration and its dependencies.
2025-07-10 22:31:11 [restartedMain] WARN  o.s.c.s.PostProcessorRegistrationDelegate$BeanPostProcessorChecker - Bean 'org.springframework.cloud.loadbalancer.config.LoadBalancerAutoConfiguration' of type [org.springframework.cloud.loadbalancer.config.LoadBalancerAutoConfiguration] is not eligible for getting processed by all BeanPostProcessors (for example: not eligible for auto-proxying). Is this bean getting eagerly injected into a currently created BeanPostProcessor [lbRestClientPostProcessor]? Check the corresponding BeanPostProcessor declaration and its dependencies.
2025-07-10 22:31:11 [restartedMain] WARN  o.s.c.s.PostProcessorRegistrationDelegate$BeanPostProcessorChecker - Bean 'org.springframework.cloud.commons.config.CommonsConfigAutoConfiguration' of type [org.springframework.cloud.commons.config.CommonsConfigAutoConfiguration] is not eligible for getting processed by all BeanPostProcessors (for example: not eligible for auto-proxying). Is this bean getting eagerly injected into a currently created BeanPostProcessor [lbRestClientPostProcessor]? Check the corresponding BeanPostProcessor declaration and its dependencies.
2025-07-10 22:31:11 [restartedMain] WARN  o.s.c.s.PostProcessorRegistrationDelegate$BeanPostProcessorChecker - Bean 'org.springframework.cloud.client.loadbalancer.LoadBalancerDefaultMappingsProviderAutoConfiguration' of type [org.springframework.cloud.client.loadbalancer.LoadBalancerDefaultMappingsProviderAutoConfiguration] is not eligible for getting processed by all BeanPostProcessors (for example: not eligible for auto-proxying). Is this bean getting eagerly injected into a currently created BeanPostProcessor [lbRestClientPostProcessor]? Check the corresponding BeanPostProcessor declaration and its dependencies.
2025-07-10 22:31:11 [restartedMain] WARN  o.s.c.s.PostProcessorRegistrationDelegate$BeanPostProcessorChecker - Bean 'loadBalancerClientsDefaultsMappingsProvider' of type [org.springframework.cloud.client.loadbalancer.LoadBalancerDefaultMappingsProviderAutoConfiguration$$Lambda$761/0x00007f151c5687c8] is not eligible for getting processed by all BeanPostProcessors (for example: not eligible for auto-proxying). Is this bean getting eagerly injected into a currently created BeanPostProcessor [lbRestClientPostProcessor]? Check the corresponding BeanPostProcessor declaration and its dependencies.
2025-07-10 22:31:11 [restartedMain] WARN  o.s.c.s.PostProcessorRegistrationDelegate$BeanPostProcessorChecker - Bean 'defaultsBindHandlerAdvisor' of type [org.springframework.cloud.commons.config.DefaultsBindHandlerAdvisor] is not eligible for getting processed by all BeanPostProcessors (for example: not eligible for auto-proxying). Is this bean getting eagerly injected into a currently created BeanPostProcessor [lbRestClientPostProcessor]? Check the corresponding BeanPostProcessor declaration and its dependencies.
2025-07-10 22:31:11 [restartedMain] WARN  o.s.c.s.PostProcessorRegistrationDelegate$BeanPostProcessorChecker - Bean 'spring.cloud.loadbalancer-org.springframework.cloud.client.loadbalancer.LoadBalancerClientsProperties' of type [org.springframework.cloud.client.loadbalancer.LoadBalancerClientsProperties] is not eligible for getting processed by all BeanPostProcessors (for example: not eligible for auto-proxying). Is this bean getting eagerly injected into a currently created BeanPostProcessor [lbRestClientPostProcessor]? Check the corresponding BeanPostProcessor declaration and its dependencies.
2025-07-10 22:31:11 [restartedMain] WARN  o.s.c.s.PostProcessorRegistrationDelegate$BeanPostProcessorChecker - Bean 'default.org.springframework.cloud.loadbalancer.config.LoadBalancerAutoConfiguration.LoadBalancerClientSpecification' of type [org.springframework.cloud.loadbalancer.annotation.LoadBalancerClientSpecification] is not eligible for getting processed by all BeanPostProcessors (for example: not eligible for auto-proxying). Is this bean getting eagerly injected into a currently created BeanPostProcessor [lbRestClientPostProcessor]? Check the corresponding BeanPostProcessor declaration and its dependencies.
2025-07-10 22:31:11 [restartedMain] WARN  o.s.c.s.PostProcessorRegistrationDelegate$BeanPostProcessorChecker - Bean 'default.org.springframework.cloud.loadbalancer.config.BlockingLoadBalancerClientAutoConfiguration.LoadBalancerClientSpecification' of type [org.springframework.cloud.loadbalancer.annotation.LoadBalancerClientSpecification] is not eligible for getting processed by all BeanPostProcessors (for example: not eligible for auto-proxying). Is this bean getting eagerly injected into a currently created BeanPostProcessor [lbRestClientPostProcessor]? Check the corresponding BeanPostProcessor declaration and its dependencies.
2025-07-10 22:31:11 [restartedMain] WARN  o.s.c.s.PostProcessorRegistrationDelegate$BeanPostProcessorChecker - Bean 'default.org.springframework.cloud.netflix.eureka.loadbalancer.LoadBalancerEurekaAutoConfiguration.LoadBalancerClientSpecification' of type [org.springframework.cloud.loadbalancer.annotation.LoadBalancerClientSpecification] is not eligible for getting processed by all BeanPostProcessors (for example: not eligible for auto-proxying). Is this bean getting eagerly injected into a currently created BeanPostProcessor [lbRestClientPostProcessor]? Check the corresponding BeanPostProcessor declaration and its dependencies.
2025-07-10 22:31:11 [restartedMain] WARN  o.s.c.s.PostProcessorRegistrationDelegate$BeanPostProcessorChecker - Bean 'loadBalancerClientFactory' of type [org.springframework.cloud.loadbalancer.support.LoadBalancerClientFactory] is not eligible for getting processed by all BeanPostProcessors (for example: not eligible for auto-proxying). Is this bean getting eagerly injected into a currently created BeanPostProcessor [lbRestClientPostProcessor]? Check the corresponding BeanPostProcessor declaration and its dependencies.
2025-07-10 22:31:11 [restartedMain] WARN  o.s.c.s.PostProcessorRegistrationDelegate$BeanPostProcessorChecker - Bean 'blockingLoadBalancerClient' of type [org.springframework.cloud.loadbalancer.blocking.client.BlockingLoadBalancerClient] is not eligible for getting processed by all BeanPostProcessors (for example: not eligible for auto-proxying). Is this bean getting eagerly injected into a currently created BeanPostProcessor [lbRestClientPostProcessor]? Check the corresponding BeanPostProcessor declaration and its dependencies.
2025-07-10 22:31:11 [restartedMain] WARN  o.s.c.s.PostProcessorRegistrationDelegate$BeanPostProcessorChecker - Bean 'loadBalancerServiceInstanceCookieTransformer' of type [org.springframework.cloud.loadbalancer.core.LoadBalancerServiceInstanceCookieTransformer] is not eligible for getting processed by all BeanPostProcessors (for example: not eligible for auto-proxying). Is this bean getting eagerly injected into a currently created BeanPostProcessor [lbRestClientPostProcessor]? Check the corresponding BeanPostProcessor declaration and its dependencies.
2025-07-10 22:31:11 [restartedMain] WARN  o.s.c.s.PostProcessorRegistrationDelegate$BeanPostProcessorChecker - Bean 'xForwarderHeadersTransformer' of type [org.springframework.cloud.loadbalancer.blocking.XForwardedHeadersTransformer] is not eligible for getting processed by all BeanPostProcessors (for example: not eligible for auto-proxying). Is this bean getting eagerly injected into a currently created BeanPostProcessor [lbRestClientPostProcessor]? Check the corresponding BeanPostProcessor declaration and its dependencies.
2025-07-10 22:31:11 [restartedMain] WARN  o.s.c.s.PostProcessorRegistrationDelegate$BeanPostProcessorChecker - Bean 'org.springframework.cloud.client.loadbalancer.LoadBalancerAutoConfiguration' of type [org.springframework.cloud.client.loadbalancer.LoadBalancerAutoConfiguration] is not eligible for getting processed by all BeanPostProcessors (for example: not eligible for auto-proxying). Is this bean getting eagerly injected into a currently created BeanPostProcessor [lbRestClientPostProcessor]? Check the corresponding BeanPostProcessor declaration and its dependencies.
2025-07-10 22:31:11 [restartedMain] WARN  o.s.c.s.PostProcessorRegistrationDelegate$BeanPostProcessorChecker - Bean 'loadBalancerRequestFactory' of type [org.springframework.cloud.client.loadbalancer.LoadBalancerRequestFactory] is not eligible for getting processed by all BeanPostProcessors (for example: not eligible for auto-proxying). Is this bean getting eagerly injected into a currently created BeanPostProcessor [lbRestClientPostProcessor]? Check the corresponding BeanPostProcessor declaration and its dependencies.
2025-07-10 22:31:11 [restartedMain] WARN  o.s.c.s.PostProcessorRegistrationDelegate$BeanPostProcessorChecker - Bean 'loadBalancerInterceptor' of type [org.springframework.cloud.client.loadbalancer.LoadBalancerInterceptor] is not eligible for getting processed by all BeanPostProcessors (for example: not eligible for auto-proxying). Is this bean getting eagerly injected into a currently created BeanPostProcessor [lbRestClientPostProcessor]? Check the corresponding BeanPostProcessor declaration and its dependencies.
2025-07-10 22:31:11 [restartedMain] WARN  o.s.c.s.PostProcessorRegistrationDelegate$BeanPostProcessorChecker - Bean 'org.springframework.cloud.client.loadbalancer.reactive.LoadBalancerBeanPostProcessorAutoConfiguration' of type [org.springframework.cloud.client.loadbalancer.reactive.LoadBalancerBeanPostProcessorAutoConfiguration] is not eligible for getting processed by all BeanPostProcessors (for example: not eligible for auto-proxying). The currently created BeanPostProcessor [loadBalancerWebClientBuilderBeanPostProcessor] is declared through a non-static factory method on that class; consider declaring it as static instead.
2025-07-10 22:31:11 [restartedMain] WARN  o.s.c.s.PostProcessorRegistrationDelegate$BeanPostProcessorChecker - Bean 'org.springframework.cloud.client.loadbalancer.reactive.LoadBalancerBeanPostProcessorAutoConfiguration$ReactorDeferringLoadBalancerFilterConfig' of type [org.springframework.cloud.client.loadbalancer.reactive.LoadBalancerBeanPostProcessorAutoConfiguration$ReactorDeferringLoadBalancerFilterConfig] is not eligible for getting processed by all BeanPostProcessors (for example: not eligible for auto-proxying). Is this bean getting eagerly injected into a currently created BeanPostProcessor [loadBalancerWebClientBuilderBeanPostProcessor]? Check the corresponding BeanPostProcessor declaration and its dependencies.
2025-07-10 22:31:11 [restartedMain] WARN  o.s.c.s.PostProcessorRegistrationDelegate$BeanPostProcessorChecker - Bean 'reactorDeferringLoadBalancerExchangeFilterFunction' of type [org.springframework.cloud.client.loadbalancer.reactive.DeferringLoadBalancerExchangeFilterFunction] is not eligible for getting processed by all BeanPostProcessors (for example: not eligible for auto-proxying). Is this bean getting eagerly injected into a currently created BeanPostProcessor [loadBalancerWebClientBuilderBeanPostProcessor]? Check the corresponding BeanPostProcessor declaration and its dependencies.
2025-07-10 22:31:13 [restartedMain] WARN  org.hibernate.orm.deprecation - HHH90000025: MariaDBDialect does not need to be specified explicitly using 'hibernate.dialect' (remove the property setting and it will be selected by default)
2025-07-10 22:31:15 [restartedMain] INFO  c.m.u.core.logging.LoggingService - CacheConfiguration: Cache manager configurado con 8 caches
2025-07-10 22:31:18 [restartedMain] WARN  o.s.b.a.o.j.JpaBaseConfiguration$JpaWebConfiguration - spring.jpa.open-in-view is enabled by default. Therefore, database queries may be performed during view rendering. Explicitly configure spring.jpa.open-in-view to disable this warning
2025-07-10 22:31:18 [restartedMain] WARN  o.s.b.a.s.s.UserDetailsServiceAutoConfiguration - 

Using generated security password: cebe4109-0858-492c-90e2-a320e002cebb

This generated password is for development use only. Your security configuration must be updated before running your application in production.

2025-07-10 22:31:18 [restartedMain] INFO  c.m.u.core.logging.LoggingService - SecurityConfig: Iniciando configuración de seguridad del microservicio users
2025-07-10 22:31:19 [restartedMain] INFO  c.m.u.core.logging.LoggingService - SecurityConfig: Configuración de seguridad completada - Todos los endpoints permitidos, filtro JWT interno configurado
2025-07-10 22:31:20 [restartedMain] INFO  c.netflix.discovery.DiscoveryClient - Initializing Eureka in region us-east-1
2025-07-10 22:31:20 [restartedMain] INFO  c.n.d.s.r.aws.ConfigClusterResolver - Resolving eureka endpoints via configuration
2025-07-10 22:31:20 [restartedMain] INFO  c.netflix.discovery.DiscoveryClient - Disable delta property : false
2025-07-10 22:31:20 [restartedMain] INFO  c.netflix.discovery.DiscoveryClient - Single vip registry refresh property : null
2025-07-10 22:31:20 [restartedMain] INFO  c.netflix.discovery.DiscoveryClient - Force full registry fetch : false
2025-07-10 22:31:20 [restartedMain] INFO  c.netflix.discovery.DiscoveryClient - Application is null : false
2025-07-10 22:31:20 [restartedMain] INFO  c.netflix.discovery.DiscoveryClient - Registered Applications size is zero : true
2025-07-10 22:31:20 [restartedMain] INFO  c.netflix.discovery.DiscoveryClient - Application version is -1: true
2025-07-10 22:31:20 [restartedMain] INFO  c.netflix.discovery.DiscoveryClient - Getting all instance registry info from the eureka server
2025-07-10 22:31:21 [restartedMain] INFO  c.netflix.discovery.DiscoveryClient - The response status is 200
2025-07-10 22:31:21 [restartedMain] INFO  c.netflix.discovery.DiscoveryClient - Starting heartbeat executor: renew interval is: 30
2025-07-10 22:31:21 [restartedMain] INFO  c.n.discovery.InstanceInfoReplicator - InstanceInfoReplicator onDemand update allowed rate per min is 4
2025-07-10 22:31:21 [restartedMain] INFO  c.netflix.discovery.DiscoveryClient - Discovery Client initialized at timestamp 1752204681165 with initial instances count: 1
2025-07-10 22:31:21 [restartedMain] INFO  c.netflix.discovery.DiscoveryClient - Saw local status change event StatusChangeEvent [timestamp=1752204681183, current=UP, previous=STARTING]
2025-07-10 22:31:21 [DiscoveryClient-InstanceInfoReplicator-0] INFO  c.netflix.discovery.DiscoveryClient - DiscoveryClient_USERS-SERVICE/debian:users-service:8082: registering service...
2025-07-10 22:31:21 [DiscoveryClient-InstanceInfoReplicator-0] INFO  c.netflix.discovery.DiscoveryClient - DiscoveryClient_USERS-SERVICE/debian:users-service:8082 - registration status: 204
2025-07-10 22:31:21 [restartedMain] INFO  c.m.users.UsersApplication - Started UsersApplication in 13.286 seconds (process running for 14.089)
2025-07-10 22:31:39 [http-nio-8082-exec-1] INFO  c.m.u.core.logging.LoggingService - VerificationService: Enviando código de verificación - Email: sebasagudelo1012@gmail.com
2025-07-10 22:31:39 [http-nio-8082-exec-1] INFO  c.m.u.core.logging.LoggingService - SendVerificationCodeUseCase: Iniciando envío de código de verificación - Email: sebasagudelo1012@gmail.com
2025-07-10 22:31:39 [http-nio-8082-exec-1] ERROR c.m.u.v.i.email.EmailServiceUseCase - Error al enviar el código de verificación a: sebasagudelo1012@gmail.com. Error: Mail server connection failed. Failed messages: org.eclipse.angus.mail.util.MailConnectException: Couldn't connect to host, port: smtp.gmail.com, 587; timeout -1;
  nested exception is:
	java.net.UnknownHostException: smtp.gmail.com
2025-07-10 22:31:39 [http-nio-8082-exec-1] ERROR c.m.u.core.logging.LoggingService - SendVerificationCodeUseCase: Error al enviar código de verificación - Email: sebasagudelo1012@gmail.com
java.lang.RuntimeException: Error al enviar el código de verificación: Mail server connection failed. Failed messages: org.eclipse.angus.mail.util.MailConnectException: Couldn't connect to host, port: smtp.gmail.com, 587; timeout -1;
  nested exception is:
	java.net.UnknownHostException: smtp.gmail.com
	at com.microserviceone.users.verificationCodeApi.infraestructure.email.EmailServiceUseCase.sendVerificationCode(EmailServiceUseCase.java:47)
	at com.microserviceone.users.verificationCodeApi.application.usecase.SendVerificationCodeUseCase.sendCode(SendVerificationCodeUseCase.java:45)
	at java.base/jdk.internal.reflect.NativeMethodAccessorImpl.invoke0(Native Method)
	at java.base/jdk.internal.reflect.NativeMethodAccessorImpl.invoke(NativeMethodAccessorImpl.java:77)
	at java.base/jdk.internal.reflect.DelegatingMethodAccessorImpl.invoke(DelegatingMethodAccessorImpl.java:43)
	at java.base/java.lang.reflect.Method.invoke(Method.java:569)
	at org.springframework.aop.support.AopUtils.invokeJoinpointUsingReflection(AopUtils.java:351)
	at org.springframework.aop.framework.ReflectiveMethodInvocation.invokeJoinpoint(ReflectiveMethodInvocation.java:196)
	at org.springframework.aop.framework.ReflectiveMethodInvocation.proceed(ReflectiveMethodInvocation.java:163)
	at org.springframework.aop.framework.CglibAopProxy$CglibMethodInvocation.proceed(CglibAopProxy.java:765)
	at org.springframework.transaction.interceptor.TransactionInterceptor$1.proceedWithInvocation(TransactionInterceptor.java:123)
	at org.springframework.transaction.interceptor.TransactionAspectSupport.invokeWithinTransaction(TransactionAspectSupport.java:385)
	at org.springframework.transaction.interceptor.TransactionInterceptor.invoke(TransactionInterceptor.java:119)
	at org.springframework.aop.framework.ReflectiveMethodInvocation.proceed(ReflectiveMethodInvocation.java:184)
	at org.springframework.aop.framework.CglibAopProxy$CglibMethodInvocation.proceed(CglibAopProxy.java:765)
	at org.springframework.aop.framework.CglibAopProxy$DynamicAdvisedInterceptor.intercept(CglibAopProxy.java:717)
	at com.microserviceone.users.verificationCodeApi.application.usecase.SendVerificationCodeUseCase$$SpringCGLIB$$0.sendCode(<generated>)
	at com.microserviceone.users.verificationCodeApi.application.service.VerificationService.sendCode(VerificationService.java:40)
	at com.microserviceone.users.verificationCodeApi.web.controller.VerificationCodeController.sendVerificationCode(VerificationCodeController.java:34)
	at java.base/jdk.internal.reflect.NativeMethodAccessorImpl.invoke0(Native Method)
	at java.base/jdk.internal.reflect.NativeMethodAccessorImpl.invoke(NativeMethodAccessorImpl.java:77)
	at java.base/jdk.internal.reflect.DelegatingMethodAccessorImpl.invoke(DelegatingMethodAccessorImpl.java:43)
	at java.base/java.lang.reflect.Method.invoke(Method.java:569)
	at org.springframework.web.method.support.InvocableHandlerMethod.doInvoke(InvocableHandlerMethod.java:259)
	at org.springframework.web.method.support.InvocableHandlerMethod.invokeForRequest(InvocableHandlerMethod.java:192)
	at org.springframework.web.servlet.mvc.method.annotation.ServletInvocableHandlerMethod.invokeAndHandle(ServletInvocableHandlerMethod.java:118)
	at org.springframework.web.servlet.mvc.method.annotation.RequestMappingHandlerAdapter.invokeHandlerMethod(RequestMappingHandlerAdapter.java:920)
	at org.springframework.web.servlet.mvc.method.annotation.RequestMappingHandlerAdapter.handleInternal(RequestMappingHandlerAdapter.java:830)
	at org.springframework.web.servlet.mvc.method.AbstractHandlerMethodAdapter.handle(AbstractHandlerMethodAdapter.java:87)
	at org.springframework.web.servlet.DispatcherServlet.doDispatch(DispatcherServlet.java:1089)
	at org.springframework.web.servlet.DispatcherServlet.doService(DispatcherServlet.java:979)
	at org.springframework.web.servlet.FrameworkServlet.processRequest(FrameworkServlet.java:1014)
	at org.springframework.web.servlet.FrameworkServlet.doPost(FrameworkServlet.java:914)
	at jakarta.servlet.http.HttpServlet.service(HttpServlet.java:590)
	at org.springframework.web.servlet.FrameworkServlet.service(FrameworkServlet.java:885)
	at jakarta.servlet.http.HttpServlet.service(HttpServlet.java:658)
	at org.apache.catalina.core.ApplicationFilterChain.internalDoFilter(ApplicationFilterChain.java:205)
	at org.apache.catalina.core.ApplicationFilterChain.doFilter(ApplicationFilterChain.java:149)
	at org.apache.tomcat.websocket.server.WsFilter.doFilter(WsFilter.java:51)
	at org.apache.catalina.core.ApplicationFilterChain.internalDoFilter(ApplicationFilterChain.java:174)
	at org.apache.catalina.core.ApplicationFilterChain.doFilter(ApplicationFilterChain.java:149)
	at org.springframework.web.filter.OncePerRequestFilter.doFilter(OncePerRequestFilter.java:110)
	at org.apache.catalina.core.ApplicationFilterChain.internalDoFilter(ApplicationFilterChain.java:174)
	at org.apache.catalina.core.ApplicationFilterChain.doFilter(ApplicationFilterChain.java:149)
	at org.springframework.web.filter.CompositeFilter$VirtualFilterChain.doFilter(CompositeFilter.java:108)
	at org.springframework.security.web.FilterChainProxy.lambda$doFilterInternal$3(FilterChainProxy.java:231)
	at org.springframework.security.web.ObservationFilterChainDecorator$FilterObservation$SimpleFilterObservation.lambda$wrap$1(ObservationFilterChainDecorator.java:479)
	at org.springframework.security.web.ObservationFilterChainDecorator$AroundFilterObservation$SimpleAroundFilterObservation.lambda$wrap$1(ObservationFilterChainDecorator.java:340)
	at org.springframework.security.web.ObservationFilterChainDecorator.lambda$wrapSecured$0(ObservationFilterChainDecorator.java:82)
	at org.springframework.security.web.ObservationFilterChainDecorator$VirtualFilterChain.doFilter(ObservationFilterChainDecorator.java:128)
	at org.springframework.security.web.access.intercept.AuthorizationFilter.doFilter(AuthorizationFilter.java:100)
	at org.springframework.security.web.ObservationFilterChainDecorator$ObservationFilter.wrapFilter(ObservationFilterChainDecorator.java:240)
	at org.springframework.security.web.ObservationFilterChainDecorator$ObservationFilter.doFilter(ObservationFilterChainDecorator.java:227)
	at org.springframework.security.web.ObservationFilterChainDecorator$VirtualFilterChain.doFilter(ObservationFilterChainDecorator.java:137)
	at org.springframework.security.web.access.ExceptionTranslationFilter.doFilter(ExceptionTranslationFilter.java:126)
	at org.springframework.security.web.access.ExceptionTranslationFilter.doFilter(ExceptionTranslationFilter.java:120)
	at org.springframework.security.web.ObservationFilterChainDecorator$ObservationFilter.wrapFilter(ObservationFilterChainDecorator.java:240)
	at org.springframework.security.web.ObservationFilterChainDecorator$ObservationFilter.doFilter(ObservationFilterChainDecorator.java:227)
	at org.springframework.security.web.ObservationFilterChainDecorator$VirtualFilterChain.doFilter(ObservationFilterChainDecorator.java:137)
	at org.springframework.security.web.authentication.AnonymousAuthenticationFilter.doFilter(AnonymousAuthenticationFilter.java:100)
	at org.springframework.security.web.ObservationFilterChainDecorator$ObservationFilter.wrapFilter(ObservationFilterChainDecorator.java:240)
	at org.springframework.security.web.ObservationFilterChainDecorator$ObservationFilter.doFilter(ObservationFilterChainDecorator.java:227)
	at org.springframework.security.web.ObservationFilterChainDecorator$VirtualFilterChain.doFilter(ObservationFilterChainDecorator.java:137)
	at org.springframework.security.web.servletapi.SecurityContextHolderAwareRequestFilter.doFilter(SecurityContextHolderAwareRequestFilter.java:179)
	at org.springframework.security.web.ObservationFilterChainDecorator$ObservationFilter.wrapFilter(ObservationFilterChainDecorator.java:240)
	at org.springframework.security.web.ObservationFilterChainDecorator$ObservationFilter.doFilter(ObservationFilterChainDecorator.java:227)
	at org.springframework.security.web.ObservationFilterChainDecorator$VirtualFilterChain.doFilter(ObservationFilterChainDecorator.java:137)
	at org.springframework.security.web.savedrequest.RequestCacheAwareFilter.doFilter(RequestCacheAwareFilter.java:63)
	at org.springframework.security.web.ObservationFilterChainDecorator$ObservationFilter.wrapFilter(ObservationFilterChainDecorator.java:240)
	at org.springframework.security.web.ObservationFilterChainDecorator$ObservationFilter.doFilter(ObservationFilterChainDecorator.java:227)
	at org.springframework.security.web.ObservationFilterChainDecorator$VirtualFilterChain.doFilter(ObservationFilterChainDecorator.java:137)
	at com.microserviceone.users.core.config.internalSecurity.InternalJwtFilter.doFilterInternal(InternalJwtFilter.java:51)
	at org.springframework.web.filter.OncePerRequestFilter.doFilter(OncePerRequestFilter.java:116)
	at org.springframework.security.web.ObservationFilterChainDecorator$ObservationFilter.wrapFilter(ObservationFilterChainDecorator.java:240)
	at org.springframework.security.web.ObservationFilterChainDecorator$ObservationFilter.doFilter(ObservationFilterChainDecorator.java:227)
	at org.springframework.security.web.ObservationFilterChainDecorator$VirtualFilterChain.doFilter(ObservationFilterChainDecorator.java:137)
	at org.springframework.security.web.authentication.logout.LogoutFilter.doFilter(LogoutFilter.java:107)
	at org.springframework.security.web.authentication.logout.LogoutFilter.doFilter(LogoutFilter.java:93)
	at org.springframework.security.web.ObservationFilterChainDecorator$ObservationFilter.wrapFilter(ObservationFilterChainDecorator.java:240)
	at org.springframework.security.web.ObservationFilterChainDecorator$ObservationFilter.doFilter(ObservationFilterChainDecorator.java:227)
	at org.springframework.security.web.ObservationFilterChainDecorator$VirtualFilterChain.doFilter(ObservationFilterChainDecorator.java:137)
	at org.springframework.web.filter.CorsFilter.doFilterInternal(CorsFilter.java:91)
	at org.springframework.web.filter.OncePerRequestFilter.doFilter(OncePerRequestFilter.java:116)
	at org.springframework.security.web.ObservationFilterChainDecorator$ObservationFilter.wrapFilter(ObservationFilterChainDecorator.java:240)
	at org.springframework.security.web.ObservationFilterChainDecorator$ObservationFilter.doFilter(ObservationFilterChainDecorator.java:227)
	at org.springframework.security.web.ObservationFilterChainDecorator$VirtualFilterChain.doFilter(ObservationFilterChainDecorator.java:137)
	at org.springframework.security.web.header.HeaderWriterFilter.doHeadersAfter(HeaderWriterFilter.java:90)
	at org.springframework.security.web.header.HeaderWriterFilter.doFilterInternal(HeaderWriterFilter.java:75)
	at org.springframework.web.filter.OncePerRequestFilter.doFilter(OncePerRequestFilter.java:116)
	at org.springframework.security.web.ObservationFilterChainDecorator$ObservationFilter.wrapFilter(ObservationFilterChainDecorator.java:240)
	at org.springframework.security.web.ObservationFilterChainDecorator$ObservationFilter.doFilter(ObservationFilterChainDecorator.java:227)
	at org.springframework.security.web.ObservationFilterChainDecorator$VirtualFilterChain.doFilter(ObservationFilterChainDecorator.java:137)
	at org.springframework.security.web.context.SecurityContextHolderFilter.doFilter(SecurityContextHolderFilter.java:82)
	at org.springframework.security.web.context.SecurityContextHolderFilter.doFilter(SecurityContextHolderFilter.java:69)
	at org.springframework.security.web.ObservationFilterChainDecorator$ObservationFilter.wrapFilter(ObservationFilterChainDecorator.java:240)
	at org.springframework.security.web.ObservationFilterChainDecorator$ObservationFilter.doFilter(ObservationFilterChainDecorator.java:227)
	at org.springframework.security.web.ObservationFilterChainDecorator$VirtualFilterChain.doFilter(ObservationFilterChainDecorator.java:137)
	at org.springframework.security.web.context.request.async.WebAsyncManagerIntegrationFilter.doFilterInternal(WebAsyncManagerIntegrationFilter.java:62)
	at org.springframework.web.filter.OncePerRequestFilter.doFilter(OncePerRequestFilter.java:116)
	at org.springframework.security.web.ObservationFilterChainDecorator$ObservationFilter.wrapFilter(ObservationFilterChainDecorator.java:240)
	at org.springframework.security.web.ObservationFilterChainDecorator$ObservationFilter.doFilter(ObservationFilterChainDecorator.java:227)
	at org.springframework.security.web.ObservationFilterChainDecorator$VirtualFilterChain.doFilter(ObservationFilterChainDecorator.java:137)
	at org.springframework.security.web.session.DisableEncodeUrlFilter.doFilterInternal(DisableEncodeUrlFilter.java:42)
	at org.springframework.web.filter.OncePerRequestFilter.doFilter(OncePerRequestFilter.java:116)
	at org.springframework.security.web.ObservationFilterChainDecorator$ObservationFilter.wrapFilter(ObservationFilterChainDecorator.java:240)
	at org.springframework.security.web.ObservationFilterChainDecorator$AroundFilterObservation$SimpleAroundFilterObservation.lambda$wrap$0(ObservationFilterChainDecorator.java:323)
	at org.springframework.security.web.ObservationFilterChainDecorator$ObservationFilter.doFilter(ObservationFilterChainDecorator.java:224)
	at org.springframework.security.web.ObservationFilterChainDecorator$VirtualFilterChain.doFilter(ObservationFilterChainDecorator.java:137)
	at org.springframework.security.web.FilterChainProxy.doFilterInternal(FilterChainProxy.java:233)
	at org.springframework.security.web.FilterChainProxy.doFilter(FilterChainProxy.java:191)
	at org.springframework.web.filter.CompositeFilter$VirtualFilterChain.doFilter(CompositeFilter.java:113)
	at org.springframework.web.servlet.handler.HandlerMappingIntrospector.lambda$createCacheFilter$3(HandlerMappingIntrospector.java:195)
	at org.springframework.web.filter.CompositeFilter$VirtualFilterChain.doFilter(CompositeFilter.java:113)
	at org.springframework.web.filter.CompositeFilter.doFilter(CompositeFilter.java:74)
	at org.springframework.security.config.annotation.web.configuration.WebMvcSecurityConfiguration$CompositeFilterChainProxy.doFilter(WebMvcSecurityConfiguration.java:230)
	at org.springframework.web.filter.DelegatingFilterProxy.invokeDelegate(DelegatingFilterProxy.java:352)
	at org.springframework.web.filter.DelegatingFilterProxy.doFilter(DelegatingFilterProxy.java:268)
	at org.apache.catalina.core.ApplicationFilterChain.internalDoFilter(ApplicationFilterChain.java:174)
	at org.apache.catalina.core.ApplicationFilterChain.doFilter(ApplicationFilterChain.java:149)
	at org.springframework.web.filter.RequestContextFilter.doFilterInternal(RequestContextFilter.java:100)
	at org.springframework.web.filter.OncePerRequestFilter.doFilter(OncePerRequestFilter.java:116)
	at org.apache.catalina.core.ApplicationFilterChain.internalDoFilter(ApplicationFilterChain.java:174)
	at org.apache.catalina.core.ApplicationFilterChain.doFilter(ApplicationFilterChain.java:149)
	at org.springframework.web.filter.FormContentFilter.doFilterInternal(FormContentFilter.java:93)
	at org.springframework.web.filter.OncePerRequestFilter.doFilter(OncePerRequestFilter.java:116)
	at org.apache.catalina.core.ApplicationFilterChain.internalDoFilter(ApplicationFilterChain.java:174)
	at org.apache.catalina.core.ApplicationFilterChain.doFilter(ApplicationFilterChain.java:149)
	at org.springframework.web.filter.ServerHttpObservationFilter.doFilterInternal(ServerHttpObservationFilter.java:109)
	at org.springframework.web.filter.OncePerRequestFilter.doFilter(OncePerRequestFilter.java:116)
	at org.apache.catalina.core.ApplicationFilterChain.internalDoFilter(ApplicationFilterChain.java:174)
	at org.apache.catalina.core.ApplicationFilterChain.doFilter(ApplicationFilterChain.java:149)
	at org.springframework.web.filter.CharacterEncodingFilter.doFilterInternal(CharacterEncodingFilter.java:201)
	at org.springframework.web.filter.OncePerRequestFilter.doFilter(OncePerRequestFilter.java:116)
	at org.apache.catalina.core.ApplicationFilterChain.internalDoFilter(ApplicationFilterChain.java:174)
	at org.apache.catalina.core.ApplicationFilterChain.doFilter(ApplicationFilterChain.java:149)
	at org.apache.catalina.core.StandardWrapperValve.invoke(StandardWrapperValve.java:167)
	at org.apache.catalina.core.StandardContextValve.invoke(StandardContextValve.java:90)
	at org.apache.catalina.authenticator.AuthenticatorBase.invoke(AuthenticatorBase.java:482)
	at org.apache.catalina.core.StandardHostValve.invoke(StandardHostValve.java:115)
	at org.apache.catalina.valves.ErrorReportValve.invoke(ErrorReportValve.java:93)
	at org.apache.catalina.core.StandardEngineValve.invoke(StandardEngineValve.java:74)
	at org.apache.catalina.connector.CoyoteAdapter.service(CoyoteAdapter.java:344)
	at org.apache.coyote.http11.Http11Processor.service(Http11Processor.java:391)
	at org.apache.coyote.AbstractProcessorLight.process(AbstractProcessorLight.java:63)
	at org.apache.coyote.AbstractProtocol$ConnectionHandler.process(AbstractProtocol.java:896)
	at org.apache.tomcat.util.net.NioEndpoint$SocketProcessor.doRun(NioEndpoint.java:1744)
	at org.apache.tomcat.util.net.SocketProcessorBase.run(SocketProcessorBase.java:52)
	at org.apache.tomcat.util.threads.ThreadPoolExecutor.runWorker(ThreadPoolExecutor.java:1191)
	at org.apache.tomcat.util.threads.ThreadPoolExecutor$Worker.run(ThreadPoolExecutor.java:659)
	at org.apache.tomcat.util.threads.TaskThread$WrappingRunnable.run(TaskThread.java:63)
	at java.base/java.lang.Thread.run(Thread.java:840)
2025-07-10 22:31:39 [http-nio-8082-exec-1] ERROR c.m.u.core.logging.LoggingService - VerificationService: Error al enviar código de verificación - Email: sebasagudelo1012@gmail.com
java.lang.RuntimeException: Error al enviar el código de verificación: Mail server connection failed. Failed messages: org.eclipse.angus.mail.util.MailConnectException: Couldn't connect to host, port: smtp.gmail.com, 587; timeout -1;
  nested exception is:
	java.net.UnknownHostException: smtp.gmail.com
	at com.microserviceone.users.verificationCodeApi.infraestructure.email.EmailServiceUseCase.sendVerificationCode(EmailServiceUseCase.java:47)
	at com.microserviceone.users.verificationCodeApi.application.usecase.SendVerificationCodeUseCase.sendCode(SendVerificationCodeUseCase.java:45)
	at java.base/jdk.internal.reflect.NativeMethodAccessorImpl.invoke0(Native Method)
	at java.base/jdk.internal.reflect.NativeMethodAccessorImpl.invoke(NativeMethodAccessorImpl.java:77)
	at java.base/jdk.internal.reflect.DelegatingMethodAccessorImpl.invoke(DelegatingMethodAccessorImpl.java:43)
	at java.base/java.lang.reflect.Method.invoke(Method.java:569)
	at org.springframework.aop.support.AopUtils.invokeJoinpointUsingReflection(AopUtils.java:351)
	at org.springframework.aop.framework.ReflectiveMethodInvocation.invokeJoinpoint(ReflectiveMethodInvocation.java:196)
	at org.springframework.aop.framework.ReflectiveMethodInvocation.proceed(ReflectiveMethodInvocation.java:163)
	at org.springframework.aop.framework.CglibAopProxy$CglibMethodInvocation.proceed(CglibAopProxy.java:765)
	at org.springframework.transaction.interceptor.TransactionInterceptor$1.proceedWithInvocation(TransactionInterceptor.java:123)
	at org.springframework.transaction.interceptor.TransactionAspectSupport.invokeWithinTransaction(TransactionAspectSupport.java:385)
	at org.springframework.transaction.interceptor.TransactionInterceptor.invoke(TransactionInterceptor.java:119)
	at org.springframework.aop.framework.ReflectiveMethodInvocation.proceed(ReflectiveMethodInvocation.java:184)
	at org.springframework.aop.framework.CglibAopProxy$CglibMethodInvocation.proceed(CglibAopProxy.java:765)
	at org.springframework.aop.framework.CglibAopProxy$DynamicAdvisedInterceptor.intercept(CglibAopProxy.java:717)
	at com.microserviceone.users.verificationCodeApi.application.usecase.SendVerificationCodeUseCase$$SpringCGLIB$$0.sendCode(<generated>)
	at com.microserviceone.users.verificationCodeApi.application.service.VerificationService.sendCode(VerificationService.java:40)
	at com.microserviceone.users.verificationCodeApi.web.controller.VerificationCodeController.sendVerificationCode(VerificationCodeController.java:34)
	at java.base/jdk.internal.reflect.NativeMethodAccessorImpl.invoke0(Native Method)
	at java.base/jdk.internal.reflect.NativeMethodAccessorImpl.invoke(NativeMethodAccessorImpl.java:77)
	at java.base/jdk.internal.reflect.DelegatingMethodAccessorImpl.invoke(DelegatingMethodAccessorImpl.java:43)
	at java.base/java.lang.reflect.Method.invoke(Method.java:569)
	at org.springframework.web.method.support.InvocableHandlerMethod.doInvoke(InvocableHandlerMethod.java:259)
	at org.springframework.web.method.support.InvocableHandlerMethod.invokeForRequest(InvocableHandlerMethod.java:192)
	at org.springframework.web.servlet.mvc.method.annotation.ServletInvocableHandlerMethod.invokeAndHandle(ServletInvocableHandlerMethod.java:118)
	at org.springframework.web.servlet.mvc.method.annotation.RequestMappingHandlerAdapter.invokeHandlerMethod(RequestMappingHandlerAdapter.java:920)
	at org.springframework.web.servlet.mvc.method.annotation.RequestMappingHandlerAdapter.handleInternal(RequestMappingHandlerAdapter.java:830)
	at org.springframework.web.servlet.mvc.method.AbstractHandlerMethodAdapter.handle(AbstractHandlerMethodAdapter.java:87)
	at org.springframework.web.servlet.DispatcherServlet.doDispatch(DispatcherServlet.java:1089)
	at org.springframework.web.servlet.DispatcherServlet.doService(DispatcherServlet.java:979)
	at org.springframework.web.servlet.FrameworkServlet.processRequest(FrameworkServlet.java:1014)
	at org.springframework.web.servlet.FrameworkServlet.doPost(FrameworkServlet.java:914)
	at jakarta.servlet.http.HttpServlet.service(HttpServlet.java:590)
	at org.springframework.web.servlet.FrameworkServlet.service(FrameworkServlet.java:885)
	at jakarta.servlet.http.HttpServlet.service(HttpServlet.java:658)
	at org.apache.catalina.core.ApplicationFilterChain.internalDoFilter(ApplicationFilterChain.java:205)
	at org.apache.catalina.core.ApplicationFilterChain.doFilter(ApplicationFilterChain.java:149)
	at org.apache.tomcat.websocket.server.WsFilter.doFilter(WsFilter.java:51)
	at org.apache.catalina.core.ApplicationFilterChain.internalDoFilter(ApplicationFilterChain.java:174)
	at org.apache.catalina.core.ApplicationFilterChain.doFilter(ApplicationFilterChain.java:149)
	at org.springframework.web.filter.OncePerRequestFilter.doFilter(OncePerRequestFilter.java:110)
	at org.apache.catalina.core.ApplicationFilterChain.internalDoFilter(ApplicationFilterChain.java:174)
	at org.apache.catalina.core.ApplicationFilterChain.doFilter(ApplicationFilterChain.java:149)
	at org.springframework.web.filter.CompositeFilter$VirtualFilterChain.doFilter(CompositeFilter.java:108)
	at org.springframework.security.web.FilterChainProxy.lambda$doFilterInternal$3(FilterChainProxy.java:231)
	at org.springframework.security.web.ObservationFilterChainDecorator$FilterObservation$SimpleFilterObservation.lambda$wrap$1(ObservationFilterChainDecorator.java:479)
	at org.springframework.security.web.ObservationFilterChainDecorator$AroundFilterObservation$SimpleAroundFilterObservation.lambda$wrap$1(ObservationFilterChainDecorator.java:340)
	at org.springframework.security.web.ObservationFilterChainDecorator.lambda$wrapSecured$0(ObservationFilterChainDecorator.java:82)
	at org.springframework.security.web.ObservationFilterChainDecorator$VirtualFilterChain.doFilter(ObservationFilterChainDecorator.java:128)
	at org.springframework.security.web.access.intercept.AuthorizationFilter.doFilter(AuthorizationFilter.java:100)
	at org.springframework.security.web.ObservationFilterChainDecorator$ObservationFilter.wrapFilter(ObservationFilterChainDecorator.java:240)
	at org.springframework.security.web.ObservationFilterChainDecorator$ObservationFilter.doFilter(ObservationFilterChainDecorator.java:227)
	at org.springframework.security.web.ObservationFilterChainDecorator$VirtualFilterChain.doFilter(ObservationFilterChainDecorator.java:137)
	at org.springframework.security.web.access.ExceptionTranslationFilter.doFilter(ExceptionTranslationFilter.java:126)
	at org.springframework.security.web.access.ExceptionTranslationFilter.doFilter(ExceptionTranslationFilter.java:120)
	at org.springframework.security.web.ObservationFilterChainDecorator$ObservationFilter.wrapFilter(ObservationFilterChainDecorator.java:240)
	at org.springframework.security.web.ObservationFilterChainDecorator$ObservationFilter.doFilter(ObservationFilterChainDecorator.java:227)
	at org.springframework.security.web.ObservationFilterChainDecorator$VirtualFilterChain.doFilter(ObservationFilterChainDecorator.java:137)
	at org.springframework.security.web.authentication.AnonymousAuthenticationFilter.doFilter(AnonymousAuthenticationFilter.java:100)
	at org.springframework.security.web.ObservationFilterChainDecorator$ObservationFilter.wrapFilter(ObservationFilterChainDecorator.java:240)
	at org.springframework.security.web.ObservationFilterChainDecorator$ObservationFilter.doFilter(ObservationFilterChainDecorator.java:227)
	at org.springframework.security.web.ObservationFilterChainDecorator$VirtualFilterChain.doFilter(ObservationFilterChainDecorator.java:137)
	at org.springframework.security.web.servletapi.SecurityContextHolderAwareRequestFilter.doFilter(SecurityContextHolderAwareRequestFilter.java:179)
	at org.springframework.security.web.ObservationFilterChainDecorator$ObservationFilter.wrapFilter(ObservationFilterChainDecorator.java:240)
	at org.springframework.security.web.ObservationFilterChainDecorator$ObservationFilter.doFilter(ObservationFilterChainDecorator.java:227)
	at org.springframework.security.web.ObservationFilterChainDecorator$VirtualFilterChain.doFilter(ObservationFilterChainDecorator.java:137)
	at org.springframework.security.web.savedrequest.RequestCacheAwareFilter.doFilter(RequestCacheAwareFilter.java:63)
	at org.springframework.security.web.ObservationFilterChainDecorator$ObservationFilter.wrapFilter(ObservationFilterChainDecorator.java:240)
	at org.springframework.security.web.ObservationFilterChainDecorator$ObservationFilter.doFilter(ObservationFilterChainDecorator.java:227)
	at org.springframework.security.web.ObservationFilterChainDecorator$VirtualFilterChain.doFilter(ObservationFilterChainDecorator.java:137)
	at com.microserviceone.users.core.config.internalSecurity.InternalJwtFilter.doFilterInternal(InternalJwtFilter.java:51)
	at org.springframework.web.filter.OncePerRequestFilter.doFilter(OncePerRequestFilter.java:116)
	at org.springframework.security.web.ObservationFilterChainDecorator$ObservationFilter.wrapFilter(ObservationFilterChainDecorator.java:240)
	at org.springframework.security.web.ObservationFilterChainDecorator$ObservationFilter.doFilter(ObservationFilterChainDecorator.java:227)
	at org.springframework.security.web.ObservationFilterChainDecorator$VirtualFilterChain.doFilter(ObservationFilterChainDecorator.java:137)
	at org.springframework.security.web.authentication.logout.LogoutFilter.doFilter(LogoutFilter.java:107)
	at org.springframework.security.web.authentication.logout.LogoutFilter.doFilter(LogoutFilter.java:93)
	at org.springframework.security.web.ObservationFilterChainDecorator$ObservationFilter.wrapFilter(ObservationFilterChainDecorator.java:240)
	at org.springframework.security.web.ObservationFilterChainDecorator$ObservationFilter.doFilter(ObservationFilterChainDecorator.java:227)
	at org.springframework.security.web.ObservationFilterChainDecorator$VirtualFilterChain.doFilter(ObservationFilterChainDecorator.java:137)
	at org.springframework.web.filter.CorsFilter.doFilterInternal(CorsFilter.java:91)
	at org.springframework.web.filter.OncePerRequestFilter.doFilter(OncePerRequestFilter.java:116)
	at org.springframework.security.web.ObservationFilterChainDecorator$ObservationFilter.wrapFilter(ObservationFilterChainDecorator.java:240)
	at org.springframework.security.web.ObservationFilterChainDecorator$ObservationFilter.doFilter(ObservationFilterChainDecorator.java:227)
	at org.springframework.security.web.ObservationFilterChainDecorator$VirtualFilterChain.doFilter(ObservationFilterChainDecorator.java:137)
	at org.springframework.security.web.header.HeaderWriterFilter.doHeadersAfter(HeaderWriterFilter.java:90)
	at org.springframework.security.web.header.HeaderWriterFilter.doFilterInternal(HeaderWriterFilter.java:75)
	at org.springframework.web.filter.OncePerRequestFilter.doFilter(OncePerRequestFilter.java:116)
	at org.springframework.security.web.ObservationFilterChainDecorator$ObservationFilter.wrapFilter(ObservationFilterChainDecorator.java:240)
	at org.springframework.security.web.ObservationFilterChainDecorator$ObservationFilter.doFilter(ObservationFilterChainDecorator.java:227)
	at org.springframework.security.web.ObservationFilterChainDecorator$VirtualFilterChain.doFilter(ObservationFilterChainDecorator.java:137)
	at org.springframework.security.web.context.SecurityContextHolderFilter.doFilter(SecurityContextHolderFilter.java:82)
	at org.springframework.security.web.context.SecurityContextHolderFilter.doFilter(SecurityContextHolderFilter.java:69)
	at org.springframework.security.web.ObservationFilterChainDecorator$ObservationFilter.wrapFilter(ObservationFilterChainDecorator.java:240)
	at org.springframework.security.web.ObservationFilterChainDecorator$ObservationFilter.doFilter(ObservationFilterChainDecorator.java:227)
	at org.springframework.security.web.ObservationFilterChainDecorator$VirtualFilterChain.doFilter(ObservationFilterChainDecorator.java:137)
	at org.springframework.security.web.context.request.async.WebAsyncManagerIntegrationFilter.doFilterInternal(WebAsyncManagerIntegrationFilter.java:62)
	at org.springframework.web.filter.OncePerRequestFilter.doFilter(OncePerRequestFilter.java:116)
	at org.springframework.security.web.ObservationFilterChainDecorator$ObservationFilter.wrapFilter(ObservationFilterChainDecorator.java:240)
	at org.springframework.security.web.ObservationFilterChainDecorator$ObservationFilter.doFilter(ObservationFilterChainDecorator.java:227)
	at org.springframework.security.web.ObservationFilterChainDecorator$VirtualFilterChain.doFilter(ObservationFilterChainDecorator.java:137)
	at org.springframework.security.web.session.DisableEncodeUrlFilter.doFilterInternal(DisableEncodeUrlFilter.java:42)
	at org.springframework.web.filter.OncePerRequestFilter.doFilter(OncePerRequestFilter.java:116)
	at org.springframework.security.web.ObservationFilterChainDecorator$ObservationFilter.wrapFilter(ObservationFilterChainDecorator.java:240)
	at org.springframework.security.web.ObservationFilterChainDecorator$AroundFilterObservation$SimpleAroundFilterObservation.lambda$wrap$0(ObservationFilterChainDecorator.java:323)
	at org.springframework.security.web.ObservationFilterChainDecorator$ObservationFilter.doFilter(ObservationFilterChainDecorator.java:224)
	at org.springframework.security.web.ObservationFilterChainDecorator$VirtualFilterChain.doFilter(ObservationFilterChainDecorator.java:137)
	at org.springframework.security.web.FilterChainProxy.doFilterInternal(FilterChainProxy.java:233)
	at org.springframework.security.web.FilterChainProxy.doFilter(FilterChainProxy.java:191)
	at org.springframework.web.filter.CompositeFilter$VirtualFilterChain.doFilter(CompositeFilter.java:113)
	at org.springframework.web.servlet.handler.HandlerMappingIntrospector.lambda$createCacheFilter$3(HandlerMappingIntrospector.java:195)
	at org.springframework.web.filter.CompositeFilter$VirtualFilterChain.doFilter(CompositeFilter.java:113)
	at org.springframework.web.filter.CompositeFilter.doFilter(CompositeFilter.java:74)
	at org.springframework.security.config.annotation.web.configuration.WebMvcSecurityConfiguration$CompositeFilterChainProxy.doFilter(WebMvcSecurityConfiguration.java:230)
	at org.springframework.web.filter.DelegatingFilterProxy.invokeDelegate(DelegatingFilterProxy.java:352)
	at org.springframework.web.filter.DelegatingFilterProxy.doFilter(DelegatingFilterProxy.java:268)
	at org.apache.catalina.core.ApplicationFilterChain.internalDoFilter(ApplicationFilterChain.java:174)
	at org.apache.catalina.core.ApplicationFilterChain.doFilter(ApplicationFilterChain.java:149)
	at org.springframework.web.filter.RequestContextFilter.doFilterInternal(RequestContextFilter.java:100)
	at org.springframework.web.filter.OncePerRequestFilter.doFilter(OncePerRequestFilter.java:116)
	at org.apache.catalina.core.ApplicationFilterChain.internalDoFilter(ApplicationFilterChain.java:174)
	at org.apache.catalina.core.ApplicationFilterChain.doFilter(ApplicationFilterChain.java:149)
	at org.springframework.web.filter.FormContentFilter.doFilterInternal(FormContentFilter.java:93)
	at org.springframework.web.filter.OncePerRequestFilter.doFilter(OncePerRequestFilter.java:116)
	at org.apache.catalina.core.ApplicationFilterChain.internalDoFilter(ApplicationFilterChain.java:174)
	at org.apache.catalina.core.ApplicationFilterChain.doFilter(ApplicationFilterChain.java:149)
	at org.springframework.web.filter.ServerHttpObservationFilter.doFilterInternal(ServerHttpObservationFilter.java:109)
	at org.springframework.web.filter.OncePerRequestFilter.doFilter(OncePerRequestFilter.java:116)
	at org.apache.catalina.core.ApplicationFilterChain.internalDoFilter(ApplicationFilterChain.java:174)
	at org.apache.catalina.core.ApplicationFilterChain.doFilter(ApplicationFilterChain.java:149)
	at org.springframework.web.filter.CharacterEncodingFilter.doFilterInternal(CharacterEncodingFilter.java:201)
	at org.springframework.web.filter.OncePerRequestFilter.doFilter(OncePerRequestFilter.java:116)
	at org.apache.catalina.core.ApplicationFilterChain.internalDoFilter(ApplicationFilterChain.java:174)
	at org.apache.catalina.core.ApplicationFilterChain.doFilter(ApplicationFilterChain.java:149)
	at org.apache.catalina.core.StandardWrapperValve.invoke(StandardWrapperValve.java:167)
	at org.apache.catalina.core.StandardContextValve.invoke(StandardContextValve.java:90)
	at org.apache.catalina.authenticator.AuthenticatorBase.invoke(AuthenticatorBase.java:482)
	at org.apache.catalina.core.StandardHostValve.invoke(StandardHostValve.java:115)
	at org.apache.catalina.valves.ErrorReportValve.invoke(ErrorReportValve.java:93)
	at org.apache.catalina.core.StandardEngineValve.invoke(StandardEngineValve.java:74)
	at org.apache.catalina.connector.CoyoteAdapter.service(CoyoteAdapter.java:344)
	at org.apache.coyote.http11.Http11Processor.service(Http11Processor.java:391)
	at org.apache.coyote.AbstractProcessorLight.process(AbstractProcessorLight.java:63)
	at org.apache.coyote.AbstractProtocol$ConnectionHandler.process(AbstractProtocol.java:896)
	at org.apache.tomcat.util.net.NioEndpoint$SocketProcessor.doRun(NioEndpoint.java:1744)
	at org.apache.tomcat.util.net.SocketProcessorBase.run(SocketProcessorBase.java:52)
	at org.apache.tomcat.util.threads.ThreadPoolExecutor.runWorker(ThreadPoolExecutor.java:1191)
	at org.apache.tomcat.util.threads.ThreadPoolExecutor$Worker.run(ThreadPoolExecutor.java:659)
	at org.apache.tomcat.util.threads.TaskThread$WrappingRunnable.run(TaskThread.java:63)
	at java.base/java.lang.Thread.run(Thread.java:840)
2025-07-10 22:31:39 [http-nio-8082-exec-1] WARN  o.s.w.s.m.m.a.ExceptionHandlerExceptionResolver - Resolved [java.lang.RuntimeException: Error al enviar el código de verificación: Mail server connection failed. Failed messages: org.eclipse.angus.mail.util.MailConnectException: Couldn't connect to host, port: smtp.gmail.com, 587; timeout -1;<EOL>  nested exception is:<EOL>?java.net.UnknownHostException: smtp.gmail.com]
2025-07-10 22:31:40 [AsyncReporter{org.springframework.boot.actuate.autoconfigure.tracing.zipkin.ZipkinWebClientSender@70c7df2c}] WARN  i.n.r.d.DefaultDnsServerAddressStreamProvider - Default DNS servers: [/[2001:4860:4860:0:0:0:0:8888]:53, /[2001:4860:4860:0:0:0:0:8844]:53] (Google Public DNS as a fallback)
2025-07-10 22:31:40 [AsyncReporter{org.springframework.boot.actuate.autoconfigure.tracing.zipkin.ZipkinWebClientSender@70c7df2c}] WARN  z.r.AsyncReporter$BoundedAsyncReporter - Spans were dropped due to exceptions. All subsequent errors will be logged at FINE level.
2025-07-10 22:31:40 [AsyncReporter{org.springframework.boot.actuate.autoconfigure.tracing.zipkin.ZipkinWebClientSender@70c7df2c}] WARN  z.r.AsyncReporter$BoundedAsyncReporter - Dropped 5 spans due to WebClientRequestException(finishConnect(..) failed: Conexión rehusada: localhost/127.0.0.1:9411)
org.springframework.web.reactive.function.client.WebClientRequestException: finishConnect(..) failed: Conexión rehusada: localhost/127.0.0.1:9411
	at org.springframework.web.reactive.function.client.ExchangeFunctions$DefaultExchangeFunction.lambda$wrapException$9(ExchangeFunctions.java:136)
	Suppressed: reactor.core.publisher.FluxOnAssembly$OnAssemblyException: 
Error has been observed at the following site(s):
	*__checkpoint ⇢ Request to POST http://localhost:9411/api/v2/spans%20 [DefaultWebClient]
Original Stack Trace:
		at org.springframework.web.reactive.function.client.ExchangeFunctions$DefaultExchangeFunction.lambda$wrapException$9(ExchangeFunctions.java:136)
		at reactor.core.publisher.MonoErrorSupplied.subscribe(MonoErrorSupplied.java:55)
		at reactor.core.publisher.Mono.subscribe(Mono.java:4563)
		at reactor.core.publisher.FluxOnErrorResume$ResumeSubscriber.onError(FluxOnErrorResume.java:103)
		at reactor.core.publisher.FluxPeek$PeekSubscriber.onError(FluxPeek.java:222)
		at reactor.core.publisher.FluxPeek$PeekSubscriber.onError(FluxPeek.java:222)
		at reactor.core.publisher.FluxPeek$PeekSubscriber.onError(FluxPeek.java:222)
		at reactor.core.publisher.MonoNext$NextSubscriber.onError(MonoNext.java:93)
		at reactor.core.publisher.MonoFlatMapMany$FlatMapManyMain.onError(MonoFlatMapMany.java:205)
		at reactor.core.publisher.SerializedSubscriber.onError(SerializedSubscriber.java:124)
		at reactor.core.publisher.FluxRetryWhen$RetryWhenMainSubscriber.whenError(FluxRetryWhen.java:229)
		at reactor.core.publisher.FluxRetryWhen$RetryWhenOtherSubscriber.onError(FluxRetryWhen.java:279)
		at reactor.core.publisher.FluxContextWrite$ContextWriteSubscriber.onError(FluxContextWrite.java:121)
		at reactor.core.publisher.FluxConcatMapNoPrefetch$FluxConcatMapNoPrefetchSubscriber.maybeOnError(FluxConcatMapNoPrefetch.java:327)
		at reactor.core.publisher.FluxConcatMapNoPrefetch$FluxConcatMapNoPrefetchSubscriber.onNext(FluxConcatMapNoPrefetch.java:212)
		at reactor.core.publisher.FluxContextWrite$ContextWriteSubscriber.onNext(FluxContextWrite.java:107)
		at reactor.core.publisher.SinkManyEmitterProcessor.drain(SinkManyEmitterProcessor.java:476)
		at reactor.core.publisher.SinkManyEmitterProcessor$EmitterInner.drainParent(SinkManyEmitterProcessor.java:620)
		at reactor.core.publisher.FluxPublish$PubSubInner.request(FluxPublish.java:874)
		at reactor.core.publisher.FluxContextWrite$ContextWriteSubscriber.request(FluxContextWrite.java:136)
		at reactor.core.publisher.FluxConcatMapNoPrefetch$FluxConcatMapNoPrefetchSubscriber.request(FluxConcatMapNoPrefetch.java:337)
		at reactor.core.publisher.FluxContextWrite$ContextWriteSubscriber.request(FluxContextWrite.java:136)
		at reactor.core.publisher.Operators$DeferredSubscription.request(Operators.java:1743)
		at reactor.core.publisher.FluxRetryWhen$RetryWhenMainSubscriber.onError(FluxRetryWhen.java:196)
		at reactor.core.publisher.MonoCreate$DefaultMonoSink.error(MonoCreate.java:205)
		at reactor.netty.http.client.HttpClientConnect$MonoHttpConnect$ClientTransportSubscriber.onError(HttpClientConnect.java:311)
		at reactor.core.publisher.MonoCreate$DefaultMonoSink.error(MonoCreate.java:205)
		at reactor.netty.resources.DefaultPooledConnectionProvider$DisposableAcquire.onError(DefaultPooledConnectionProvider.java:172)
		at reactor.netty.internal.shaded.reactor.pool.AbstractPool$Borrower.fail(AbstractPool.java:488)
		at reactor.netty.internal.shaded.reactor.pool.SimpleDequePool.lambda$drainLoop$9(SimpleDequePool.java:436)
		at reactor.core.publisher.FluxDoOnEach$DoOnEachSubscriber.onError(FluxDoOnEach.java:186)
		at reactor.core.publisher.MonoCreate$DefaultMonoSink.error(MonoCreate.java:205)
		at reactor.netty.resources.DefaultPooledConnectionProvider$PooledConnectionAllocator$PooledConnectionInitializer.onError(DefaultPooledConnectionProvider.java:583)
		at reactor.core.publisher.MonoFlatMap$FlatMapMain.secondError(MonoFlatMap.java:241)
		at reactor.core.publisher.MonoFlatMap$FlatMapInner.onError(MonoFlatMap.java:315)
		at reactor.core.publisher.FluxOnErrorResume$ResumeSubscriber.onError(FluxOnErrorResume.java:106)
		at reactor.core.publisher.Operators.error(Operators.java:198)
		at reactor.core.publisher.MonoError.subscribe(MonoError.java:53)
		at reactor.core.publisher.Mono.subscribe(Mono.java:4563)
		at reactor.core.publisher.FluxOnErrorResume$ResumeSubscriber.onError(FluxOnErrorResume.java:103)
		at reactor.netty.transport.TransportConnector$MonoChannelPromise.tryFailure(TransportConnector.java:576)
		at reactor.netty.transport.TransportConnector$MonoChannelPromise.setFailure(TransportConnector.java:522)
		at reactor.netty.transport.TransportConnector.lambda$doConnect$7(TransportConnector.java:261)
		at io.netty.util.concurrent.DefaultPromise.notifyListener0(DefaultPromise.java:590)
		at io.netty.util.concurrent.DefaultPromise.notifyListeners0(DefaultPromise.java:583)
		at io.netty.util.concurrent.DefaultPromise.notifyListenersNow(DefaultPromise.java:559)
		at io.netty.util.concurrent.DefaultPromise.notifyListeners(DefaultPromise.java:492)
		at io.netty.util.concurrent.DefaultPromise.setValue0(DefaultPromise.java:636)
		at io.netty.util.concurrent.DefaultPromise.setFailure0(DefaultPromise.java:629)
		at io.netty.util.concurrent.DefaultPromise.tryFailure(DefaultPromise.java:118)
		at io.netty.channel.epoll.AbstractEpollChannel$AbstractEpollUnsafe.fulfillConnectPromise(AbstractEpollChannel.java:675)
		at io.netty.channel.epoll.AbstractEpollChannel$AbstractEpollUnsafe.finishConnect(AbstractEpollChannel.java:694)
		at io.netty.channel.epoll.AbstractEpollChannel$AbstractEpollUnsafe.epollOutReady(AbstractEpollChannel.java:567)
		at io.netty.channel.epoll.EpollEventLoop.processReady(EpollEventLoop.java:499)
		at io.netty.channel.epoll.EpollEventLoop.run(EpollEventLoop.java:407)
		at io.netty.util.concurrent.SingleThreadEventExecutor$4.run(SingleThreadEventExecutor.java:997)
		at io.netty.util.internal.ThreadExecutorMap$2.run(ThreadExecutorMap.java:74)
		at io.netty.util.concurrent.FastThreadLocalRunnable.run(FastThreadLocalRunnable.java:30)
		at java.base/java.lang.Thread.run(Thread.java:840)
	Suppressed: java.lang.Exception: #block terminated with an error
		at reactor.core.publisher.BlockingSingleSubscriber.blockingGet(BlockingSingleSubscriber.java:103)
		at reactor.core.publisher.Mono.block(Mono.java:1779)
		at org.springframework.boot.actuate.autoconfigure.tracing.zipkin.ZipkinWebClientSender$WebClientHttpPostCall.doExecute(ZipkinWebClientSender.java:76)
		at org.springframework.boot.actuate.autoconfigure.tracing.zipkin.ZipkinWebClientSender$WebClientHttpPostCall.doExecute(ZipkinWebClientSender.java:54)
		at zipkin2.Call$Base.execute(Call.java:391)
		at zipkin2.reporter.AsyncReporter$BoundedAsyncReporter.flush(AsyncReporter.java:299)
		at zipkin2.reporter.AsyncReporter$Flusher.run(AsyncReporter.java:378)
		at java.base/java.lang.Thread.run(Thread.java:840)
Caused by: io.netty.channel.AbstractChannel$AnnotatedConnectException: finishConnect(..) failed: Conexión rehusada: localhost/127.0.0.1:9411
Caused by: java.net.ConnectException: finishConnect(..) failed: Conexión rehusada
	at io.netty.channel.unix.Errors.newConnectException0(Errors.java:166)
	at io.netty.channel.unix.Errors.handleConnectErrno(Errors.java:131)
	at io.netty.channel.unix.Socket.finishConnect(Socket.java:359)
	at io.netty.channel.epoll.AbstractEpollChannel$AbstractEpollUnsafe.doFinishConnect(AbstractEpollChannel.java:711)
	at io.netty.channel.epoll.AbstractEpollChannel$AbstractEpollUnsafe.finishConnect(AbstractEpollChannel.java:688)
	at io.netty.channel.epoll.AbstractEpollChannel$AbstractEpollUnsafe.epollOutReady(AbstractEpollChannel.java:567)
	at io.netty.channel.epoll.EpollEventLoop.processReady(EpollEventLoop.java:499)
	at io.netty.channel.epoll.EpollEventLoop.run(EpollEventLoop.java:407)
	at io.netty.util.concurrent.SingleThreadEventExecutor$4.run(SingleThreadEventExecutor.java:997)
	at io.netty.util.internal.ThreadExecutorMap$2.run(ThreadExecutorMap.java:74)
	at io.netty.util.concurrent.FastThreadLocalRunnable.run(FastThreadLocalRunnable.java:30)
	at java.base/java.lang.Thread.run(Thread.java:840)
2025-07-10 22:32:26 [SpringApplicationShutdownHook] INFO  c.netflix.discovery.DiscoveryClient - Saw local status change event StatusChangeEvent [timestamp=1752204746546, current=DOWN, previous=UP]
2025-07-10 22:32:26 [DiscoveryClient-InstanceInfoReplicator-0] INFO  c.netflix.discovery.DiscoveryClient - DiscoveryClient_USERS-SERVICE/debian:users-service:8082: registering service...
2025-07-10 22:32:26 [DiscoveryClient-InstanceInfoReplicator-0] INFO  c.netflix.discovery.DiscoveryClient - DiscoveryClient_USERS-SERVICE/debian:users-service:8082 - registration status: 204
2025-07-10 22:32:26 [SpringApplicationShutdownHook] INFO  c.netflix.discovery.DiscoveryClient - Shutting down DiscoveryClient ...
2025-07-10 22:32:29 [SpringApplicationShutdownHook] INFO  c.netflix.discovery.DiscoveryClient - Unregistering ...
2025-07-10 22:32:29 [SpringApplicationShutdownHook] INFO  c.netflix.discovery.DiscoveryClient - DiscoveryClient_USERS-SERVICE/debian:users-service:8082 - deregister  status: 200
2025-07-10 22:32:29 [SpringApplicationShutdownHook] INFO  c.netflix.discovery.DiscoveryClient - Completed shut down of DiscoveryClient
2025-07-10 22:58:41 [restartedMain] INFO  c.m.users.UsersApplication - Starting UsersApplication using Java 17.0.15 with PID 364918 (/home/sebastian/Documentos/stranger-drug/users/target/classes started by sebastian in /home/sebastian/Documentos/stranger-drug)
2025-07-10 22:58:41 [restartedMain] INFO  c.m.users.UsersApplication - The following 5 profiles are active: "common", "database", "email", "logging", "security"
2025-07-10 22:58:44 [restartedMain] WARN  o.s.c.s.PostProcessorRegistrationDelegate$BeanPostProcessorChecker - Bean 'org.springframework.cloud.client.loadbalancer.LoadBalancerAutoConfiguration$LoadBalancerInterceptorConfig' of type [org.springframework.cloud.client.loadbalancer.LoadBalancerAutoConfiguration$LoadBalancerInterceptorConfig] is not eligible for getting processed by all BeanPostProcessors (for example: not eligible for auto-proxying). The currently created BeanPostProcessor [lbRestClientPostProcessor] is declared through a non-static factory method on that class; consider declaring it as static instead.
2025-07-10 22:58:44 [restartedMain] WARN  o.s.c.s.PostProcessorRegistrationDelegate$BeanPostProcessorChecker - Bean 'org.springframework.cloud.loadbalancer.config.BlockingLoadBalancerClientAutoConfiguration' of type [org.springframework.cloud.loadbalancer.config.BlockingLoadBalancerClientAutoConfiguration] is not eligible for getting processed by all BeanPostProcessors (for example: not eligible for auto-proxying). Is this bean getting eagerly injected into a currently created BeanPostProcessor [lbRestClientPostProcessor]? Check the corresponding BeanPostProcessor declaration and its dependencies.
2025-07-10 22:58:44 [restartedMain] WARN  o.s.c.s.PostProcessorRegistrationDelegate$BeanPostProcessorChecker - Bean 'org.springframework.cloud.loadbalancer.config.LoadBalancerAutoConfiguration' of type [org.springframework.cloud.loadbalancer.config.LoadBalancerAutoConfiguration] is not eligible for getting processed by all BeanPostProcessors (for example: not eligible for auto-proxying). Is this bean getting eagerly injected into a currently created BeanPostProcessor [lbRestClientPostProcessor]? Check the corresponding BeanPostProcessor declaration and its dependencies.
2025-07-10 22:58:44 [restartedMain] WARN  o.s.c.s.PostProcessorRegistrationDelegate$BeanPostProcessorChecker - Bean 'org.springframework.cloud.commons.config.CommonsConfigAutoConfiguration' of type [org.springframework.cloud.commons.config.CommonsConfigAutoConfiguration] is not eligible for getting processed by all BeanPostProcessors (for example: not eligible for auto-proxying). Is this bean getting eagerly injected into a currently created BeanPostProcessor [lbRestClientPostProcessor]? Check the corresponding BeanPostProcessor declaration and its dependencies.
2025-07-10 22:58:44 [restartedMain] WARN  o.s.c.s.PostProcessorRegistrationDelegate$BeanPostProcessorChecker - Bean 'org.springframework.cloud.client.loadbalancer.LoadBalancerDefaultMappingsProviderAutoConfiguration' of type [org.springframework.cloud.client.loadbalancer.LoadBalancerDefaultMappingsProviderAutoConfiguration] is not eligible for getting processed by all BeanPostProcessors (for example: not eligible for auto-proxying). Is this bean getting eagerly injected into a currently created BeanPostProcessor [lbRestClientPostProcessor]? Check the corresponding BeanPostProcessor declaration and its dependencies.
2025-07-10 22:58:44 [restartedMain] WARN  o.s.c.s.PostProcessorRegistrationDelegate$BeanPostProcessorChecker - Bean 'loadBalancerClientsDefaultsMappingsProvider' of type [org.springframework.cloud.client.loadbalancer.LoadBalancerDefaultMappingsProviderAutoConfiguration$$Lambda$761/0x00007fccec568eb8] is not eligible for getting processed by all BeanPostProcessors (for example: not eligible for auto-proxying). Is this bean getting eagerly injected into a currently created BeanPostProcessor [lbRestClientPostProcessor]? Check the corresponding BeanPostProcessor declaration and its dependencies.
2025-07-10 22:58:44 [restartedMain] WARN  o.s.c.s.PostProcessorRegistrationDelegate$BeanPostProcessorChecker - Bean 'defaultsBindHandlerAdvisor' of type [org.springframework.cloud.commons.config.DefaultsBindHandlerAdvisor] is not eligible for getting processed by all BeanPostProcessors (for example: not eligible for auto-proxying). Is this bean getting eagerly injected into a currently created BeanPostProcessor [lbRestClientPostProcessor]? Check the corresponding BeanPostProcessor declaration and its dependencies.
2025-07-10 22:58:44 [restartedMain] WARN  o.s.c.s.PostProcessorRegistrationDelegate$BeanPostProcessorChecker - Bean 'spring.cloud.loadbalancer-org.springframework.cloud.client.loadbalancer.LoadBalancerClientsProperties' of type [org.springframework.cloud.client.loadbalancer.LoadBalancerClientsProperties] is not eligible for getting processed by all BeanPostProcessors (for example: not eligible for auto-proxying). Is this bean getting eagerly injected into a currently created BeanPostProcessor [lbRestClientPostProcessor]? Check the corresponding BeanPostProcessor declaration and its dependencies.
2025-07-10 22:58:44 [restartedMain] WARN  o.s.c.s.PostProcessorRegistrationDelegate$BeanPostProcessorChecker - Bean 'default.org.springframework.cloud.loadbalancer.config.LoadBalancerAutoConfiguration.LoadBalancerClientSpecification' of type [org.springframework.cloud.loadbalancer.annotation.LoadBalancerClientSpecification] is not eligible for getting processed by all BeanPostProcessors (for example: not eligible for auto-proxying). Is this bean getting eagerly injected into a currently created BeanPostProcessor [lbRestClientPostProcessor]? Check the corresponding BeanPostProcessor declaration and its dependencies.
2025-07-10 22:58:44 [restartedMain] WARN  o.s.c.s.PostProcessorRegistrationDelegate$BeanPostProcessorChecker - Bean 'default.org.springframework.cloud.loadbalancer.config.BlockingLoadBalancerClientAutoConfiguration.LoadBalancerClientSpecification' of type [org.springframework.cloud.loadbalancer.annotation.LoadBalancerClientSpecification] is not eligible for getting processed by all BeanPostProcessors (for example: not eligible for auto-proxying). Is this bean getting eagerly injected into a currently created BeanPostProcessor [lbRestClientPostProcessor]? Check the corresponding BeanPostProcessor declaration and its dependencies.
2025-07-10 22:58:44 [restartedMain] WARN  o.s.c.s.PostProcessorRegistrationDelegate$BeanPostProcessorChecker - Bean 'default.org.springframework.cloud.netflix.eureka.loadbalancer.LoadBalancerEurekaAutoConfiguration.LoadBalancerClientSpecification' of type [org.springframework.cloud.loadbalancer.annotation.LoadBalancerClientSpecification] is not eligible for getting processed by all BeanPostProcessors (for example: not eligible for auto-proxying). Is this bean getting eagerly injected into a currently created BeanPostProcessor [lbRestClientPostProcessor]? Check the corresponding BeanPostProcessor declaration and its dependencies.
2025-07-10 22:58:44 [restartedMain] WARN  o.s.c.s.PostProcessorRegistrationDelegate$BeanPostProcessorChecker - Bean 'loadBalancerClientFactory' of type [org.springframework.cloud.loadbalancer.support.LoadBalancerClientFactory] is not eligible for getting processed by all BeanPostProcessors (for example: not eligible for auto-proxying). Is this bean getting eagerly injected into a currently created BeanPostProcessor [lbRestClientPostProcessor]? Check the corresponding BeanPostProcessor declaration and its dependencies.
2025-07-10 22:58:44 [restartedMain] WARN  o.s.c.s.PostProcessorRegistrationDelegate$BeanPostProcessorChecker - Bean 'blockingLoadBalancerClient' of type [org.springframework.cloud.loadbalancer.blocking.client.BlockingLoadBalancerClient] is not eligible for getting processed by all BeanPostProcessors (for example: not eligible for auto-proxying). Is this bean getting eagerly injected into a currently created BeanPostProcessor [lbRestClientPostProcessor]? Check the corresponding BeanPostProcessor declaration and its dependencies.
2025-07-10 22:58:44 [restartedMain] WARN  o.s.c.s.PostProcessorRegistrationDelegate$BeanPostProcessorChecker - Bean 'loadBalancerServiceInstanceCookieTransformer' of type [org.springframework.cloud.loadbalancer.core.LoadBalancerServiceInstanceCookieTransformer] is not eligible for getting processed by all BeanPostProcessors (for example: not eligible for auto-proxying). Is this bean getting eagerly injected into a currently created BeanPostProcessor [lbRestClientPostProcessor]? Check the corresponding BeanPostProcessor declaration and its dependencies.
2025-07-10 22:58:44 [restartedMain] WARN  o.s.c.s.PostProcessorRegistrationDelegate$BeanPostProcessorChecker - Bean 'xForwarderHeadersTransformer' of type [org.springframework.cloud.loadbalancer.blocking.XForwardedHeadersTransformer] is not eligible for getting processed by all BeanPostProcessors (for example: not eligible for auto-proxying). Is this bean getting eagerly injected into a currently created BeanPostProcessor [lbRestClientPostProcessor]? Check the corresponding BeanPostProcessor declaration and its dependencies.
2025-07-10 22:58:44 [restartedMain] WARN  o.s.c.s.PostProcessorRegistrationDelegate$BeanPostProcessorChecker - Bean 'org.springframework.cloud.client.loadbalancer.LoadBalancerAutoConfiguration' of type [org.springframework.cloud.client.loadbalancer.LoadBalancerAutoConfiguration] is not eligible for getting processed by all BeanPostProcessors (for example: not eligible for auto-proxying). Is this bean getting eagerly injected into a currently created BeanPostProcessor [lbRestClientPostProcessor]? Check the corresponding BeanPostProcessor declaration and its dependencies.
2025-07-10 22:58:44 [restartedMain] WARN  o.s.c.s.PostProcessorRegistrationDelegate$BeanPostProcessorChecker - Bean 'loadBalancerRequestFactory' of type [org.springframework.cloud.client.loadbalancer.LoadBalancerRequestFactory] is not eligible for getting processed by all BeanPostProcessors (for example: not eligible for auto-proxying). Is this bean getting eagerly injected into a currently created BeanPostProcessor [lbRestClientPostProcessor]? Check the corresponding BeanPostProcessor declaration and its dependencies.
2025-07-10 22:58:44 [restartedMain] WARN  o.s.c.s.PostProcessorRegistrationDelegate$BeanPostProcessorChecker - Bean 'loadBalancerInterceptor' of type [org.springframework.cloud.client.loadbalancer.LoadBalancerInterceptor] is not eligible for getting processed by all BeanPostProcessors (for example: not eligible for auto-proxying). Is this bean getting eagerly injected into a currently created BeanPostProcessor [lbRestClientPostProcessor]? Check the corresponding BeanPostProcessor declaration and its dependencies.
2025-07-10 22:58:44 [restartedMain] WARN  o.s.c.s.PostProcessorRegistrationDelegate$BeanPostProcessorChecker - Bean 'org.springframework.cloud.client.loadbalancer.reactive.LoadBalancerBeanPostProcessorAutoConfiguration' of type [org.springframework.cloud.client.loadbalancer.reactive.LoadBalancerBeanPostProcessorAutoConfiguration] is not eligible for getting processed by all BeanPostProcessors (for example: not eligible for auto-proxying). The currently created BeanPostProcessor [loadBalancerWebClientBuilderBeanPostProcessor] is declared through a non-static factory method on that class; consider declaring it as static instead.
2025-07-10 22:58:44 [restartedMain] WARN  o.s.c.s.PostProcessorRegistrationDelegate$BeanPostProcessorChecker - Bean 'org.springframework.cloud.client.loadbalancer.reactive.LoadBalancerBeanPostProcessorAutoConfiguration$ReactorDeferringLoadBalancerFilterConfig' of type [org.springframework.cloud.client.loadbalancer.reactive.LoadBalancerBeanPostProcessorAutoConfiguration$ReactorDeferringLoadBalancerFilterConfig] is not eligible for getting processed by all BeanPostProcessors (for example: not eligible for auto-proxying). Is this bean getting eagerly injected into a currently created BeanPostProcessor [loadBalancerWebClientBuilderBeanPostProcessor]? Check the corresponding BeanPostProcessor declaration and its dependencies.
2025-07-10 22:58:44 [restartedMain] WARN  o.s.c.s.PostProcessorRegistrationDelegate$BeanPostProcessorChecker - Bean 'reactorDeferringLoadBalancerExchangeFilterFunction' of type [org.springframework.cloud.client.loadbalancer.reactive.DeferringLoadBalancerExchangeFilterFunction] is not eligible for getting processed by all BeanPostProcessors (for example: not eligible for auto-proxying). Is this bean getting eagerly injected into a currently created BeanPostProcessor [loadBalancerWebClientBuilderBeanPostProcessor]? Check the corresponding BeanPostProcessor declaration and its dependencies.
2025-07-10 22:58:46 [restartedMain] ERROR o.s.b.w.e.tomcat.TomcatStarter - Error starting Tomcat context. Exception: org.springframework.beans.factory.BeanCreationException. Message: Error creating bean with name 'internalJwtFilter': Injection of autowired dependencies failed
2025-07-10 22:58:46 [restartedMain] WARN  o.a.c.loader.WebappClassLoaderBase - The web application [ROOT] appears to have started a thread named [boundedElastic-evictor-1] but has failed to stop it. This is very likely to create a memory leak. Stack trace of thread:
 java.base@17.0.15/jdk.internal.misc.Unsafe.park(Native Method)
 java.base@17.0.15/java.util.concurrent.locks.LockSupport.parkNanos(LockSupport.java:252)
 java.base@17.0.15/java.util.concurrent.locks.AbstractQueuedSynchronizer$ConditionObject.awaitNanos(AbstractQueuedSynchronizer.java:1679)
 java.base@17.0.15/java.util.concurrent.ScheduledThreadPoolExecutor$DelayedWorkQueue.take(ScheduledThreadPoolExecutor.java:1182)
 java.base@17.0.15/java.util.concurrent.ScheduledThreadPoolExecutor$DelayedWorkQueue.take(ScheduledThreadPoolExecutor.java:899)
 java.base@17.0.15/java.util.concurrent.ThreadPoolExecutor.getTask(ThreadPoolExecutor.java:1062)
 java.base@17.0.15/java.util.concurrent.ThreadPoolExecutor.runWorker(ThreadPoolExecutor.java:1122)
 java.base@17.0.15/java.util.concurrent.ThreadPoolExecutor$Worker.run(ThreadPoolExecutor.java:635)
 java.base@17.0.15/java.lang.Thread.run(Thread.java:840)
2025-07-10 22:58:46 [restartedMain] WARN  o.s.b.w.s.c.AnnotationConfigServletWebServerApplicationContext - Exception encountered during context initialization - cancelling refresh attempt: org.springframework.context.ApplicationContextException: Unable to start web server
2025-07-10 22:58:47 [restartedMain] WARN  z.r.AsyncReporter$BoundedAsyncReporter - Timed out waiting for in-flight spans to send
2025-07-10 22:58:47 [restartedMain] ERROR o.s.boot.SpringApplication - Application run failed
org.springframework.context.ApplicationContextException: Unable to start web server
	at org.springframework.boot.web.servlet.context.ServletWebServerApplicationContext.onRefresh(ServletWebServerApplicationContext.java:165)
	at org.springframework.context.support.AbstractApplicationContext.refresh(AbstractApplicationContext.java:618)
	at org.springframework.boot.web.servlet.context.ServletWebServerApplicationContext.refresh(ServletWebServerApplicationContext.java:146)
	at org.springframework.boot.SpringApplication.refresh(SpringApplication.java:754)
	at org.springframework.boot.SpringApplication.refreshContext(SpringApplication.java:456)
	at org.springframework.boot.SpringApplication.run(SpringApplication.java:334)
	at org.springframework.boot.SpringApplication.run(SpringApplication.java:1354)
	at org.springframework.boot.SpringApplication.run(SpringApplication.java:1343)
	at com.microserviceone.users.UsersApplication.main(UsersApplication.java:25)
	at java.base/jdk.internal.reflect.NativeMethodAccessorImpl.invoke0(Native Method)
	at java.base/jdk.internal.reflect.NativeMethodAccessorImpl.invoke(NativeMethodAccessorImpl.java:77)
	at java.base/jdk.internal.reflect.DelegatingMethodAccessorImpl.invoke(DelegatingMethodAccessorImpl.java:43)
	at java.base/java.lang.reflect.Method.invoke(Method.java:569)
	at org.springframework.boot.devtools.restart.RestartLauncher.run(RestartLauncher.java:50)
Caused by: org.springframework.boot.web.server.WebServerException: Unable to start embedded Tomcat
	at org.springframework.boot.web.embedded.tomcat.TomcatWebServer.initialize(TomcatWebServer.java:145)
	at org.springframework.boot.web.embedded.tomcat.TomcatWebServer.<init>(TomcatWebServer.java:105)
	at org.springframework.boot.web.embedded.tomcat.TomcatServletWebServerFactory.getTomcatWebServer(TomcatServletWebServerFactory.java:499)
	at org.springframework.boot.web.embedded.tomcat.TomcatServletWebServerFactory.getWebServer(TomcatServletWebServerFactory.java:218)
	at org.springframework.boot.web.servlet.context.ServletWebServerApplicationContext.createWebServer(ServletWebServerApplicationContext.java:188)
	at org.springframework.boot.web.servlet.context.ServletWebServerApplicationContext.onRefresh(ServletWebServerApplicationContext.java:162)
	... 13 common frames omitted
Caused by: org.springframework.beans.factory.BeanCreationException: Error creating bean with name 'internalJwtFilter': Injection of autowired dependencies failed
	at org.springframework.beans.factory.annotation.AutowiredAnnotationBeanPostProcessor.postProcessProperties(AutowiredAnnotationBeanPostProcessor.java:514)
	at org.springframework.beans.factory.support.AbstractAutowireCapableBeanFactory.populateBean(AbstractAutowireCapableBeanFactory.java:1419)
	at org.springframework.beans.factory.support.AbstractAutowireCapableBeanFactory.doCreateBean(AbstractAutowireCapableBeanFactory.java:599)
	at org.springframework.beans.factory.support.AbstractAutowireCapableBeanFactory.createBean(AbstractAutowireCapableBeanFactory.java:522)
	at org.springframework.beans.factory.support.AbstractBeanFactory.lambda$doGetBean$0(AbstractBeanFactory.java:325)
	at org.springframework.beans.factory.support.DefaultSingletonBeanRegistry.getSingleton(DefaultSingletonBeanRegistry.java:234)
	at org.springframework.beans.factory.support.AbstractBeanFactory.doGetBean(AbstractBeanFactory.java:323)
	at org.springframework.beans.factory.support.AbstractBeanFactory.getBean(AbstractBeanFactory.java:204)
	at org.springframework.boot.web.servlet.ServletContextInitializerBeans.getOrderedBeansOfType(ServletContextInitializerBeans.java:210)
	at org.springframework.boot.web.servlet.ServletContextInitializerBeans.addAsRegistrationBean(ServletContextInitializerBeans.java:173)
	at org.springframework.boot.web.servlet.ServletContextInitializerBeans.addAsRegistrationBean(ServletContextInitializerBeans.java:168)
	at org.springframework.boot.web.servlet.ServletContextInitializerBeans.addAdaptableBeans(ServletContextInitializerBeans.java:153)
	at org.springframework.boot.web.servlet.ServletContextInitializerBeans.<init>(ServletContextInitializerBeans.java:86)
	at org.springframework.boot.web.servlet.context.ServletWebServerApplicationContext.getServletContextInitializerBeans(ServletWebServerApplicationContext.java:266)
	at org.springframework.boot.web.servlet.context.ServletWebServerApplicationContext.selfInitialize(ServletWebServerApplicationContext.java:240)
	at org.springframework.boot.web.embedded.tomcat.TomcatStarter.onStartup(TomcatStarter.java:52)
	at org.apache.catalina.core.StandardContext.startInternal(StandardContext.java:4866)
	at org.apache.catalina.util.LifecycleBase.start(LifecycleBase.java:171)
	at org.apache.catalina.core.ContainerBase$StartChild.call(ContainerBase.java:1332)
	at org.apache.catalina.core.ContainerBase$StartChild.call(ContainerBase.java:1322)
	at java.base/java.util.concurrent.FutureTask.run(FutureTask.java:264)
	at org.apache.tomcat.util.threads.InlineExecutorService.execute(InlineExecutorService.java:75)
	at java.base/java.util.concurrent.AbstractExecutorService.submit(AbstractExecutorService.java:145)
	at org.apache.catalina.core.ContainerBase.startInternal(ContainerBase.java:866)
	at org.apache.catalina.core.StandardHost.startInternal(StandardHost.java:845)
	at org.apache.catalina.util.LifecycleBase.start(LifecycleBase.java:171)
	at org.apache.catalina.core.ContainerBase$StartChild.call(ContainerBase.java:1332)
	at org.apache.catalina.core.ContainerBase$StartChild.call(ContainerBase.java:1322)
	at java.base/java.util.concurrent.FutureTask.run(FutureTask.java:264)
	at org.apache.tomcat.util.threads.InlineExecutorService.execute(InlineExecutorService.java:75)
	at java.base/java.util.concurrent.AbstractExecutorService.submit(AbstractExecutorService.java:145)
	at org.apache.catalina.core.ContainerBase.startInternal(ContainerBase.java:866)
	at org.apache.catalina.core.StandardEngine.startInternal(StandardEngine.java:240)
	at org.apache.catalina.util.LifecycleBase.start(LifecycleBase.java:171)
	at org.apache.catalina.core.StandardService.startInternal(StandardService.java:433)
	at org.apache.catalina.util.LifecycleBase.start(LifecycleBase.java:171)
	at org.apache.catalina.core.StandardServer.startInternal(StandardServer.java:921)
	at org.apache.catalina.util.LifecycleBase.start(LifecycleBase.java:171)
	at org.apache.catalina.startup.Tomcat.start(Tomcat.java:437)
	at org.springframework.boot.web.embedded.tomcat.TomcatWebServer.initialize(TomcatWebServer.java:126)
	... 18 common frames omitted
Caused by: java.lang.IllegalArgumentException: Could not resolve placeholder 'JWT_INTERNAL_SECRET' in value "${JWT_INTERNAL_SECRET}"
	at org.springframework.util.PropertyPlaceholderHelper.parseStringValue(PropertyPlaceholderHelper.java:180)
	at org.springframework.util.PropertyPlaceholderHelper.replacePlaceholders(PropertyPlaceholderHelper.java:126)
	at org.springframework.core.env.AbstractPropertyResolver.doResolvePlaceholders(AbstractPropertyResolver.java:239)
	at org.springframework.core.env.AbstractPropertyResolver.resolveRequiredPlaceholders(AbstractPropertyResolver.java:210)
	at org.springframework.core.env.AbstractPropertyResolver.resolveNestedPlaceholders(AbstractPropertyResolver.java:230)
	at org.springframework.boot.context.properties.source.ConfigurationPropertySourcesPropertyResolver.getProperty(ConfigurationPropertySourcesPropertyResolver.java:80)
	at org.springframework.boot.context.properties.source.ConfigurationPropertySourcesPropertyResolver.getProperty(ConfigurationPropertySourcesPropertyResolver.java:61)
	at org.springframework.core.env.AbstractEnvironment.getProperty(AbstractEnvironment.java:552)
	at org.springframework.context.support.PropertySourcesPlaceholderConfigurer$1.getProperty(PropertySourcesPlaceholderConfigurer.java:153)
	at org.springframework.context.support.PropertySourcesPlaceholderConfigurer$1.getProperty(PropertySourcesPlaceholderConfigurer.java:149)
	at org.springframework.core.env.PropertySourcesPropertyResolver.getProperty(PropertySourcesPropertyResolver.java:85)
	at org.springframework.core.env.PropertySourcesPropertyResolver.getPropertyAsRawString(PropertySourcesPropertyResolver.java:74)
	at org.springframework.util.PropertyPlaceholderHelper.parseStringValue(PropertyPlaceholderHelper.java:153)
	at org.springframework.util.PropertyPlaceholderHelper.replacePlaceholders(PropertyPlaceholderHelper.java:126)
	at org.springframework.core.env.AbstractPropertyResolver.doResolvePlaceholders(AbstractPropertyResolver.java:239)
	at org.springframework.core.env.AbstractPropertyResolver.resolveRequiredPlaceholders(AbstractPropertyResolver.java:210)
	at org.springframework.context.support.PropertySourcesPlaceholderConfigurer.lambda$processProperties$0(PropertySourcesPlaceholderConfigurer.java:200)
	at org.springframework.beans.factory.support.AbstractBeanFactory.resolveEmbeddedValue(AbstractBeanFactory.java:921)
	at org.springframework.beans.factory.support.DefaultListableBeanFactory.doResolveDependency(DefaultListableBeanFactory.java:1374)
	at org.springframework.beans.factory.support.DefaultListableBeanFactory.resolveDependency(DefaultListableBeanFactory.java:1353)
	at org.springframework.beans.factory.annotation.AutowiredAnnotationBeanPostProcessor$AutowiredFieldElement.resolveFieldValue(AutowiredAnnotationBeanPostProcessor.java:784)
	at org.springframework.beans.factory.annotation.AutowiredAnnotationBeanPostProcessor$AutowiredFieldElement.inject(AutowiredAnnotationBeanPostProcessor.java:767)
	at org.springframework.beans.factory.annotation.InjectionMetadata.inject(InjectionMetadata.java:145)
	at org.springframework.beans.factory.annotation.AutowiredAnnotationBeanPostProcessor.postProcessProperties(AutowiredAnnotationBeanPostProcessor.java:508)
	... 57 common frames omitted
2025-07-10 23:07:40 [restartedMain] INFO  c.m.users.UsersApplication - Starting UsersApplication using Java 17.0.15 with PID 375180 (/home/sebastian/Documentos/stranger-drug/users/target/classes started by sebastian in /home/sebastian/Documentos/stranger-drug)
2025-07-10 23:07:40 [restartedMain] DEBUG c.m.users.UsersApplication - Running with Spring Boot v3.2.3, Spring v6.1.4
2025-07-10 23:07:40 [restartedMain] INFO  c.m.users.UsersApplication - The following 6 profiles are active: "common", "database", "email", "logging", "security", "dev"
2025-07-10 23:07:43 [restartedMain] WARN  o.s.c.s.PostProcessorRegistrationDelegate$BeanPostProcessorChecker - Bean 'org.springframework.cloud.client.loadbalancer.LoadBalancerAutoConfiguration$LoadBalancerInterceptorConfig' of type [org.springframework.cloud.client.loadbalancer.LoadBalancerAutoConfiguration$LoadBalancerInterceptorConfig] is not eligible for getting processed by all BeanPostProcessors (for example: not eligible for auto-proxying). The currently created BeanPostProcessor [lbRestClientPostProcessor] is declared through a non-static factory method on that class; consider declaring it as static instead.
2025-07-10 23:07:43 [restartedMain] WARN  o.s.c.s.PostProcessorRegistrationDelegate$BeanPostProcessorChecker - Bean 'org.springframework.cloud.loadbalancer.config.BlockingLoadBalancerClientAutoConfiguration' of type [org.springframework.cloud.loadbalancer.config.BlockingLoadBalancerClientAutoConfiguration] is not eligible for getting processed by all BeanPostProcessors (for example: not eligible for auto-proxying). Is this bean getting eagerly injected into a currently created BeanPostProcessor [lbRestClientPostProcessor]? Check the corresponding BeanPostProcessor declaration and its dependencies.
2025-07-10 23:07:43 [restartedMain] WARN  o.s.c.s.PostProcessorRegistrationDelegate$BeanPostProcessorChecker - Bean 'org.springframework.cloud.loadbalancer.config.LoadBalancerAutoConfiguration' of type [org.springframework.cloud.loadbalancer.config.LoadBalancerAutoConfiguration] is not eligible for getting processed by all BeanPostProcessors (for example: not eligible for auto-proxying). Is this bean getting eagerly injected into a currently created BeanPostProcessor [lbRestClientPostProcessor]? Check the corresponding BeanPostProcessor declaration and its dependencies.
2025-07-10 23:07:43 [restartedMain] WARN  o.s.c.s.PostProcessorRegistrationDelegate$BeanPostProcessorChecker - Bean 'org.springframework.cloud.commons.config.CommonsConfigAutoConfiguration' of type [org.springframework.cloud.commons.config.CommonsConfigAutoConfiguration] is not eligible for getting processed by all BeanPostProcessors (for example: not eligible for auto-proxying). Is this bean getting eagerly injected into a currently created BeanPostProcessor [lbRestClientPostProcessor]? Check the corresponding BeanPostProcessor declaration and its dependencies.
2025-07-10 23:07:43 [restartedMain] WARN  o.s.c.s.PostProcessorRegistrationDelegate$BeanPostProcessorChecker - Bean 'org.springframework.cloud.client.loadbalancer.LoadBalancerDefaultMappingsProviderAutoConfiguration' of type [org.springframework.cloud.client.loadbalancer.LoadBalancerDefaultMappingsProviderAutoConfiguration] is not eligible for getting processed by all BeanPostProcessors (for example: not eligible for auto-proxying). Is this bean getting eagerly injected into a currently created BeanPostProcessor [lbRestClientPostProcessor]? Check the corresponding BeanPostProcessor declaration and its dependencies.
2025-07-10 23:07:43 [restartedMain] WARN  o.s.c.s.PostProcessorRegistrationDelegate$BeanPostProcessorChecker - Bean 'loadBalancerClientsDefaultsMappingsProvider' of type [org.springframework.cloud.client.loadbalancer.LoadBalancerDefaultMappingsProviderAutoConfiguration$$Lambda$761/0x00007fbdd4567da8] is not eligible for getting processed by all BeanPostProcessors (for example: not eligible for auto-proxying). Is this bean getting eagerly injected into a currently created BeanPostProcessor [lbRestClientPostProcessor]? Check the corresponding BeanPostProcessor declaration and its dependencies.
2025-07-10 23:07:43 [restartedMain] WARN  o.s.c.s.PostProcessorRegistrationDelegate$BeanPostProcessorChecker - Bean 'defaultsBindHandlerAdvisor' of type [org.springframework.cloud.commons.config.DefaultsBindHandlerAdvisor] is not eligible for getting processed by all BeanPostProcessors (for example: not eligible for auto-proxying). Is this bean getting eagerly injected into a currently created BeanPostProcessor [lbRestClientPostProcessor]? Check the corresponding BeanPostProcessor declaration and its dependencies.
2025-07-10 23:07:43 [restartedMain] WARN  o.s.c.s.PostProcessorRegistrationDelegate$BeanPostProcessorChecker - Bean 'spring.cloud.loadbalancer-org.springframework.cloud.client.loadbalancer.LoadBalancerClientsProperties' of type [org.springframework.cloud.client.loadbalancer.LoadBalancerClientsProperties] is not eligible for getting processed by all BeanPostProcessors (for example: not eligible for auto-proxying). Is this bean getting eagerly injected into a currently created BeanPostProcessor [lbRestClientPostProcessor]? Check the corresponding BeanPostProcessor declaration and its dependencies.
2025-07-10 23:07:43 [restartedMain] WARN  o.s.c.s.PostProcessorRegistrationDelegate$BeanPostProcessorChecker - Bean 'default.org.springframework.cloud.loadbalancer.config.LoadBalancerAutoConfiguration.LoadBalancerClientSpecification' of type [org.springframework.cloud.loadbalancer.annotation.LoadBalancerClientSpecification] is not eligible for getting processed by all BeanPostProcessors (for example: not eligible for auto-proxying). Is this bean getting eagerly injected into a currently created BeanPostProcessor [lbRestClientPostProcessor]? Check the corresponding BeanPostProcessor declaration and its dependencies.
2025-07-10 23:07:43 [restartedMain] WARN  o.s.c.s.PostProcessorRegistrationDelegate$BeanPostProcessorChecker - Bean 'default.org.springframework.cloud.loadbalancer.config.BlockingLoadBalancerClientAutoConfiguration.LoadBalancerClientSpecification' of type [org.springframework.cloud.loadbalancer.annotation.LoadBalancerClientSpecification] is not eligible for getting processed by all BeanPostProcessors (for example: not eligible for auto-proxying). Is this bean getting eagerly injected into a currently created BeanPostProcessor [lbRestClientPostProcessor]? Check the corresponding BeanPostProcessor declaration and its dependencies.
2025-07-10 23:07:43 [restartedMain] WARN  o.s.c.s.PostProcessorRegistrationDelegate$BeanPostProcessorChecker - Bean 'default.org.springframework.cloud.netflix.eureka.loadbalancer.LoadBalancerEurekaAutoConfiguration.LoadBalancerClientSpecification' of type [org.springframework.cloud.loadbalancer.annotation.LoadBalancerClientSpecification] is not eligible for getting processed by all BeanPostProcessors (for example: not eligible for auto-proxying). Is this bean getting eagerly injected into a currently created BeanPostProcessor [lbRestClientPostProcessor]? Check the corresponding BeanPostProcessor declaration and its dependencies.
2025-07-10 23:07:43 [restartedMain] WARN  o.s.c.s.PostProcessorRegistrationDelegate$BeanPostProcessorChecker - Bean 'loadBalancerClientFactory' of type [org.springframework.cloud.loadbalancer.support.LoadBalancerClientFactory] is not eligible for getting processed by all BeanPostProcessors (for example: not eligible for auto-proxying). Is this bean getting eagerly injected into a currently created BeanPostProcessor [lbRestClientPostProcessor]? Check the corresponding BeanPostProcessor declaration and its dependencies.
2025-07-10 23:07:43 [restartedMain] WARN  o.s.c.s.PostProcessorRegistrationDelegate$BeanPostProcessorChecker - Bean 'blockingLoadBalancerClient' of type [org.springframework.cloud.loadbalancer.blocking.client.BlockingLoadBalancerClient] is not eligible for getting processed by all BeanPostProcessors (for example: not eligible for auto-proxying). Is this bean getting eagerly injected into a currently created BeanPostProcessor [lbRestClientPostProcessor]? Check the corresponding BeanPostProcessor declaration and its dependencies.
2025-07-10 23:07:43 [restartedMain] WARN  o.s.c.s.PostProcessorRegistrationDelegate$BeanPostProcessorChecker - Bean 'loadBalancerServiceInstanceCookieTransformer' of type [org.springframework.cloud.loadbalancer.core.LoadBalancerServiceInstanceCookieTransformer] is not eligible for getting processed by all BeanPostProcessors (for example: not eligible for auto-proxying). Is this bean getting eagerly injected into a currently created BeanPostProcessor [lbRestClientPostProcessor]? Check the corresponding BeanPostProcessor declaration and its dependencies.
2025-07-10 23:07:43 [restartedMain] WARN  o.s.c.s.PostProcessorRegistrationDelegate$BeanPostProcessorChecker - Bean 'xForwarderHeadersTransformer' of type [org.springframework.cloud.loadbalancer.blocking.XForwardedHeadersTransformer] is not eligible for getting processed by all BeanPostProcessors (for example: not eligible for auto-proxying). Is this bean getting eagerly injected into a currently created BeanPostProcessor [lbRestClientPostProcessor]? Check the corresponding BeanPostProcessor declaration and its dependencies.
2025-07-10 23:07:43 [restartedMain] WARN  o.s.c.s.PostProcessorRegistrationDelegate$BeanPostProcessorChecker - Bean 'org.springframework.cloud.client.loadbalancer.LoadBalancerAutoConfiguration' of type [org.springframework.cloud.client.loadbalancer.LoadBalancerAutoConfiguration] is not eligible for getting processed by all BeanPostProcessors (for example: not eligible for auto-proxying). Is this bean getting eagerly injected into a currently created BeanPostProcessor [lbRestClientPostProcessor]? Check the corresponding BeanPostProcessor declaration and its dependencies.
2025-07-10 23:07:43 [restartedMain] WARN  o.s.c.s.PostProcessorRegistrationDelegate$BeanPostProcessorChecker - Bean 'loadBalancerRequestFactory' of type [org.springframework.cloud.client.loadbalancer.LoadBalancerRequestFactory] is not eligible for getting processed by all BeanPostProcessors (for example: not eligible for auto-proxying). Is this bean getting eagerly injected into a currently created BeanPostProcessor [lbRestClientPostProcessor]? Check the corresponding BeanPostProcessor declaration and its dependencies.
2025-07-10 23:07:43 [restartedMain] WARN  o.s.c.s.PostProcessorRegistrationDelegate$BeanPostProcessorChecker - Bean 'loadBalancerInterceptor' of type [org.springframework.cloud.client.loadbalancer.LoadBalancerInterceptor] is not eligible for getting processed by all BeanPostProcessors (for example: not eligible for auto-proxying). Is this bean getting eagerly injected into a currently created BeanPostProcessor [lbRestClientPostProcessor]? Check the corresponding BeanPostProcessor declaration and its dependencies.
2025-07-10 23:07:43 [restartedMain] WARN  o.s.c.s.PostProcessorRegistrationDelegate$BeanPostProcessorChecker - Bean 'org.springframework.cloud.client.loadbalancer.reactive.LoadBalancerBeanPostProcessorAutoConfiguration' of type [org.springframework.cloud.client.loadbalancer.reactive.LoadBalancerBeanPostProcessorAutoConfiguration] is not eligible for getting processed by all BeanPostProcessors (for example: not eligible for auto-proxying). The currently created BeanPostProcessor [loadBalancerWebClientBuilderBeanPostProcessor] is declared through a non-static factory method on that class; consider declaring it as static instead.
2025-07-10 23:07:44 [restartedMain] WARN  o.s.c.s.PostProcessorRegistrationDelegate$BeanPostProcessorChecker - Bean 'org.springframework.cloud.client.loadbalancer.reactive.LoadBalancerBeanPostProcessorAutoConfiguration$ReactorDeferringLoadBalancerFilterConfig' of type [org.springframework.cloud.client.loadbalancer.reactive.LoadBalancerBeanPostProcessorAutoConfiguration$ReactorDeferringLoadBalancerFilterConfig] is not eligible for getting processed by all BeanPostProcessors (for example: not eligible for auto-proxying). Is this bean getting eagerly injected into a currently created BeanPostProcessor [loadBalancerWebClientBuilderBeanPostProcessor]? Check the corresponding BeanPostProcessor declaration and its dependencies.
2025-07-10 23:07:44 [restartedMain] WARN  o.s.c.s.PostProcessorRegistrationDelegate$BeanPostProcessorChecker - Bean 'reactorDeferringLoadBalancerExchangeFilterFunction' of type [org.springframework.cloud.client.loadbalancer.reactive.DeferringLoadBalancerExchangeFilterFunction] is not eligible for getting processed by all BeanPostProcessors (for example: not eligible for auto-proxying). Is this bean getting eagerly injected into a currently created BeanPostProcessor [loadBalancerWebClientBuilderBeanPostProcessor]? Check the corresponding BeanPostProcessor declaration and its dependencies.
2025-07-10 23:07:45 [restartedMain] DEBUG o.s.w.f.ServerHttpObservationFilter - Filter 'webMvcObservationFilter' configured for use
2025-07-10 23:07:45 [restartedMain] DEBUG c.m.u.c.c.i.InternalJwtFilter - Filter 'internalJwtFilter' configured for use
2025-07-10 23:07:46 [restartedMain] WARN  org.hibernate.orm.deprecation - HHH90000025: MariaDBDialect does not need to be specified explicitly using 'hibernate.dialect' (remove the property setting and it will be selected by default)
2025-07-10 23:07:48 [restartedMain] INFO  c.m.u.core.logging.LoggingService - CacheConfiguration: Cache manager configurado con 8 caches
2025-07-10 23:07:50 [restartedMain] WARN  o.s.b.a.o.j.JpaBaseConfiguration$JpaWebConfiguration - spring.jpa.open-in-view is enabled by default. Therefore, database queries may be performed during view rendering. Explicitly configure spring.jpa.open-in-view to disable this warning
2025-07-10 23:07:50 [restartedMain] WARN  o.s.b.a.s.s.UserDetailsServiceAutoConfiguration - 

Using generated security password: e8fe950b-0ebe-4a9b-991b-3c4d6c8d0fc0

This generated password is for development use only. Your security configuration must be updated before running your application in production.

2025-07-10 23:07:50 [restartedMain] INFO  c.m.u.core.logging.LoggingService - SecurityConfig: Iniciando configuración de seguridad del microservicio users
2025-07-10 23:07:50 [restartedMain] DEBUG o.s.w.s.m.m.a.RequestMappingHandlerMapping - 26 mappings in 'requestMappingHandlerMapping'
2025-07-10 23:07:50 [restartedMain] DEBUG o.s.w.s.h.SimpleUrlHandlerMapping - Patterns [/webjars/**, /**, /swagger-ui*/*swagger-initializer.js, /swagger-ui*/**] in 'resourceHandlerMapping'
2025-07-10 23:07:51 [restartedMain] INFO  c.m.u.core.logging.LoggingService - SecurityConfig: Configuración de seguridad completada - Todos los endpoints permitidos, filtro JWT interno configurado
2025-07-10 23:07:51 [restartedMain] DEBUG o.s.w.s.m.m.a.RequestMappingHandlerAdapter - ControllerAdvice beans: 0 @ModelAttribute, 0 @InitBinder, 1 RequestBodyAdvice, 1 ResponseBodyAdvice
2025-07-10 23:07:51 [restartedMain] DEBUG o.s.w.s.m.m.a.ExceptionHandlerExceptionResolver - ControllerAdvice beans: 2 @ExceptionHandler, 1 ResponseBodyAdvice
2025-07-10 23:07:52 [restartedMain] INFO  c.netflix.discovery.DiscoveryClient - Initializing Eureka in region us-east-1
2025-07-10 23:07:52 [restartedMain] INFO  c.n.d.s.r.aws.ConfigClusterResolver - Resolving eureka endpoints via configuration
2025-07-10 23:07:52 [restartedMain] INFO  c.netflix.discovery.DiscoveryClient - Disable delta property : false
2025-07-10 23:07:52 [restartedMain] INFO  c.netflix.discovery.DiscoveryClient - Single vip registry refresh property : null
2025-07-10 23:07:52 [restartedMain] INFO  c.netflix.discovery.DiscoveryClient - Force full registry fetch : false
2025-07-10 23:07:52 [restartedMain] INFO  c.netflix.discovery.DiscoveryClient - Application is null : false
2025-07-10 23:07:52 [restartedMain] INFO  c.netflix.discovery.DiscoveryClient - Registered Applications size is zero : true
2025-07-10 23:07:52 [restartedMain] INFO  c.netflix.discovery.DiscoveryClient - Application version is -1: true
2025-07-10 23:07:52 [restartedMain] INFO  c.netflix.discovery.DiscoveryClient - Getting all instance registry info from the eureka server
2025-07-10 23:07:53 [restartedMain] DEBUG o.s.web.client.RestTemplate - HTTP GET http://localhost:8081/eureka/apps/
2025-07-10 23:07:53 [restartedMain] DEBUG o.s.web.client.RestTemplate - Accept=[application/json, application/*+json]
2025-07-10 23:07:53 [restartedMain] DEBUG o.s.web.client.RestTemplate - Response 200 OK
2025-07-10 23:07:53 [restartedMain] DEBUG o.s.web.client.RestTemplate - Reading to [org.springframework.cloud.netflix.eureka.http.EurekaApplications]
2025-07-10 23:07:53 [restartedMain] INFO  c.netflix.discovery.DiscoveryClient - The response status is 200
2025-07-10 23:07:53 [restartedMain] INFO  c.netflix.discovery.DiscoveryClient - Starting heartbeat executor: renew interval is: 30
2025-07-10 23:07:53 [restartedMain] INFO  c.n.discovery.InstanceInfoReplicator - InstanceInfoReplicator onDemand update allowed rate per min is 4
2025-07-10 23:07:53 [restartedMain] INFO  c.netflix.discovery.DiscoveryClient - Discovery Client initialized at timestamp 1752206873323 with initial instances count: 1
2025-07-10 23:07:53 [restartedMain] INFO  c.netflix.discovery.DiscoveryClient - Saw local status change event StatusChangeEvent [timestamp=1752206873342, current=UP, previous=STARTING]
2025-07-10 23:07:53 [DiscoveryClient-InstanceInfoReplicator-0] INFO  c.netflix.discovery.DiscoveryClient - DiscoveryClient_USERS-SERVICE/192.168.114.78:users-service:8082: registering service...
2025-07-10 23:07:53 [DiscoveryClient-InstanceInfoReplicator-0] DEBUG o.s.web.client.RestTemplate - HTTP POST http://localhost:8081/eureka/apps/USERS-SERVICE
2025-07-10 23:07:53 [DiscoveryClient-InstanceInfoReplicator-0] DEBUG o.s.web.client.RestTemplate - Accept=[application/json, application/*+json]
2025-07-10 23:07:53 [DiscoveryClient-InstanceInfoReplicator-0] DEBUG o.s.web.client.RestTemplate - Writing [InstanceInfo [instanceId = 192.168.114.78:users-service:8082, appName = USERS-SERVICE, hostName = 192.168.114.78, status = UP, ipAddr = 192.168.114.78, port = 8082, securePort = 443, dataCenterInfo = com.netflix.appinfo.MyDataCenterInfo@365b8649] as "application/json"
2025-07-10 23:07:53 [DiscoveryClient-InstanceInfoReplicator-0] DEBUG o.s.web.client.RestTemplate - Response 204 NO_CONTENT
2025-07-10 23:07:53 [DiscoveryClient-InstanceInfoReplicator-0] INFO  c.netflix.discovery.DiscoveryClient - DiscoveryClient_USERS-SERVICE/192.168.114.78:users-service:8082 - registration status: 204
2025-07-10 23:07:53 [restartedMain] INFO  c.m.users.UsersApplication - Started UsersApplication in 13.639 seconds (process running for 14.356)
2025-07-10 23:07:59 [http-nio-8082-exec-1] INFO  o.s.web.servlet.DispatcherServlet - Initializing Servlet 'dispatcherServlet'
2025-07-10 23:07:59 [http-nio-8082-exec-1] DEBUG o.s.web.servlet.DispatcherServlet - Detected StandardServletMultipartResolver
2025-07-10 23:07:59 [http-nio-8082-exec-1] DEBUG o.s.web.servlet.DispatcherServlet - Detected AcceptHeaderLocaleResolver
2025-07-10 23:07:59 [http-nio-8082-exec-1] DEBUG o.s.web.servlet.DispatcherServlet - Detected FixedThemeResolver
2025-07-10 23:07:59 [http-nio-8082-exec-1] DEBUG o.s.web.servlet.DispatcherServlet - Detected org.springframework.web.servlet.view.DefaultRequestToViewNameTranslator@4578f32b
2025-07-10 23:07:59 [http-nio-8082-exec-1] DEBUG o.s.web.servlet.DispatcherServlet - Detected org.springframework.web.servlet.support.SessionFlashMapManager@1880bfec
2025-07-10 23:07:59 [http-nio-8082-exec-1] DEBUG o.s.web.servlet.DispatcherServlet - enableLoggingRequestDetails='false': request parameters and headers will be masked to prevent unsafe logging of potentially sensitive data
2025-07-10 23:07:59 [http-nio-8082-exec-1] INFO  o.s.web.servlet.DispatcherServlet - Completed initialization in 7 ms
2025-07-10 23:07:59 [http-nio-8082-exec-1] DEBUG c.m.u.core.logging.LoggingService - InternalJwtFilter: Procesando solicitud: /verification/send
2025-07-10 23:07:59 [http-nio-8082-exec-1] DEBUG c.m.u.core.logging.LoggingService - InternalJwtFilter: Path '/verification/send' requiere JWT: false
2025-07-10 23:07:59 [http-nio-8082-exec-1] DEBUG c.m.u.core.logging.LoggingService - InternalJwtFilter: Path no protegido, continuando sin validación JWT
2025-07-10 23:07:59 [http-nio-8082-exec-1] DEBUG o.s.web.servlet.DispatcherServlet - POST "/verification/send", parameters={}
2025-07-10 23:07:59 [http-nio-8082-exec-1] DEBUG o.s.w.s.m.m.a.RequestMappingHandlerMapping - Mapped to com.microserviceone.users.verificationCodeApi.web.controller.VerificationCodeController#sendVerificationCode(SendCodeRequest)
2025-07-10 23:07:59 [http-nio-8082-exec-1] DEBUG o.s.w.s.m.m.a.RequestResponseBodyMethodProcessor - Read "application/json;charset=UTF-8" to [com.microserviceone.users.verificationCodeApi.web.dto.SendCodeRequest@71a3f28]
2025-07-10 23:07:59 [http-nio-8082-exec-1] INFO  c.m.u.core.logging.LoggingService - VerificationService: Enviando código de verificación - Email: sebasagudelo1012@gmail.com
2025-07-10 23:07:59 [http-nio-8082-exec-1] INFO  c.m.u.core.logging.LoggingService - SendVerificationCodeUseCase: Iniciando envío de código de verificación - Email: sebasagudelo1012@gmail.com
2025-07-10 23:07:59 [http-nio-8082-exec-1] DEBUG c.m.u.core.logging.LoggingService - SendVerificationCodeUseCase: Invalidando códigos anteriores - Email: sebasagudelo1012@gmail.com
2025-07-10 23:07:59 [http-nio-8082-exec-1] DEBUG c.m.u.core.logging.LoggingService - AdapterVerificationCode: Invalidando códigos anteriores - Email: sebasagudelo1012@gmail.com
2025-07-10 23:07:59 [http-nio-8082-exec-1] DEBUG c.m.u.core.logging.LoggingService - AdapterVerificationCode: Códigos anteriores invalidados exitosamente - Email: sebasagudelo1012@gmail.com
2025-07-10 23:07:59 [http-nio-8082-exec-1] DEBUG c.m.u.core.logging.LoggingService - SendVerificationCodeUseCase: Códigos anteriores invalidados - Email: sebasagudelo1012@gmail.com
2025-07-10 23:07:59 [http-nio-8082-exec-1] DEBUG c.m.u.core.logging.LoggingService - SendVerificationCodeUseCase: Generando nuevo código - Email: sebasagudelo1012@gmail.com
2025-07-10 23:07:59 [http-nio-8082-exec-1] DEBUG c.m.u.core.logging.LoggingService - ImplCodeGeneratorService: Generando código de verificación
2025-07-10 23:07:59 [http-nio-8082-exec-1] DEBUG c.m.u.core.logging.LoggingService - ImplCodeGeneratorService: Código generado exitosamente: 178186
2025-07-10 23:07:59 [http-nio-8082-exec-1] DEBUG c.m.u.core.logging.LoggingService - SendVerificationCodeUseCase: Código generado: 178186 para email: sebasagudelo1012@gmail.com
2025-07-10 23:07:59 [http-nio-8082-exec-1] DEBUG c.m.u.core.logging.LoggingService - SendVerificationCodeUseCase: Objeto VerificationCode creado - Email: sebasagudelo1012@gmail.com, Código: 178186
2025-07-10 23:07:59 [http-nio-8082-exec-1] DEBUG c.m.u.core.logging.LoggingService - AdapterVerificationCode: Guardando código de verificación - Email: sebasagudelo1012@gmail.com, Código: 178186
2025-07-10 23:07:59 [http-nio-8082-exec-1] DEBUG c.m.u.core.logging.LoggingService - AdapterVerificationCode: Código convertido a entidad - Email: sebasagudelo1012@gmail.com, Código: 178186
2025-07-10 23:07:59 [http-nio-8082-exec-1] DEBUG c.m.u.core.logging.LoggingService - AdapterVerificationCode: Código guardado en base de datos - ID: 1, Email: sebasagudelo1012@gmail.com, Código: 178186
2025-07-10 23:07:59 [http-nio-8082-exec-1] DEBUG c.m.u.core.logging.LoggingService - AdapterVerificationCode: Entidad convertida a dominio - ID: 1, Email: sebasagudelo1012@gmail.com, Código: 178186
2025-07-10 23:07:59 [http-nio-8082-exec-1] DEBUG c.m.u.core.logging.LoggingService - SendVerificationCodeUseCase: Código guardado en base de datos - Email: sebasagudelo1012@gmail.com, Código: 178186
2025-07-10 23:07:59 [http-nio-8082-exec-1] DEBUG c.m.u.core.logging.LoggingService - SendVerificationCodeUseCase: Enviando código por email - Email: sebasagudelo1012@gmail.com, Código: 178186
2025-07-10 23:08:00 [AsyncReporter{org.springframework.boot.actuate.autoconfigure.tracing.zipkin.ZipkinWebClientSender@4ea20849}] DEBUG o.s.w.r.f.client.ExchangeFunctions - [f60bafd] HTTP POST http://localhost:9411/api/v2/spans%20
2025-07-10 23:08:00 [AsyncReporter{org.springframework.boot.actuate.autoconfigure.tracing.zipkin.ZipkinWebClientSender@4ea20849}] WARN  z.r.AsyncReporter$BoundedAsyncReporter - Spans were dropped due to exceptions. All subsequent errors will be logged at FINE level.
2025-07-10 23:08:00 [AsyncReporter{org.springframework.boot.actuate.autoconfigure.tracing.zipkin.ZipkinWebClientSender@4ea20849}] WARN  z.r.AsyncReporter$BoundedAsyncReporter - Dropped 2 spans due to WebClientRequestException(finishConnect(..) failed: Conexión rehusada: localhost/[0:0:0:0:0:0:0:1]:9411)
org.springframework.web.reactive.function.client.WebClientRequestException: finishConnect(..) failed: Conexión rehusada: localhost/[0:0:0:0:0:0:0:1]:9411
	at org.springframework.web.reactive.function.client.ExchangeFunctions$DefaultExchangeFunction.lambda$wrapException$9(ExchangeFunctions.java:136)
	Suppressed: reactor.core.publisher.FluxOnAssembly$OnAssemblyException: 
Error has been observed at the following site(s):
	*__checkpoint ⇢ Request to POST http://localhost:9411/api/v2/spans%20 [DefaultWebClient]
Original Stack Trace:
		at org.springframework.web.reactive.function.client.ExchangeFunctions$DefaultExchangeFunction.lambda$wrapException$9(ExchangeFunctions.java:136)
		at reactor.core.publisher.MonoErrorSupplied.subscribe(MonoErrorSupplied.java:55)
		at reactor.core.publisher.Mono.subscribe(Mono.java:4563)
		at reactor.core.publisher.FluxOnErrorResume$ResumeSubscriber.onError(FluxOnErrorResume.java:103)
		at reactor.core.publisher.FluxPeek$PeekSubscriber.onError(FluxPeek.java:222)
		at reactor.core.publisher.FluxPeek$PeekSubscriber.onError(FluxPeek.java:222)
		at reactor.core.publisher.FluxPeek$PeekSubscriber.onError(FluxPeek.java:222)
		at reactor.core.publisher.MonoNext$NextSubscriber.onError(MonoNext.java:93)
		at reactor.core.publisher.MonoFlatMapMany$FlatMapManyMain.onError(MonoFlatMapMany.java:205)
		at reactor.core.publisher.SerializedSubscriber.onError(SerializedSubscriber.java:124)
		at reactor.core.publisher.FluxRetryWhen$RetryWhenMainSubscriber.whenError(FluxRetryWhen.java:229)
		at reactor.core.publisher.FluxRetryWhen$RetryWhenOtherSubscriber.onError(FluxRetryWhen.java:279)
		at reactor.core.publisher.FluxContextWrite$ContextWriteSubscriber.onError(FluxContextWrite.java:121)
		at reactor.core.publisher.FluxConcatMapNoPrefetch$FluxConcatMapNoPrefetchSubscriber.maybeOnError(FluxConcatMapNoPrefetch.java:327)
		at reactor.core.publisher.FluxConcatMapNoPrefetch$FluxConcatMapNoPrefetchSubscriber.onNext(FluxConcatMapNoPrefetch.java:212)
		at reactor.core.publisher.FluxContextWrite$ContextWriteSubscriber.onNext(FluxContextWrite.java:107)
		at reactor.core.publisher.SinkManyEmitterProcessor.drain(SinkManyEmitterProcessor.java:476)
		at reactor.core.publisher.SinkManyEmitterProcessor$EmitterInner.drainParent(SinkManyEmitterProcessor.java:620)
		at reactor.core.publisher.FluxPublish$PubSubInner.request(FluxPublish.java:874)
		at reactor.core.publisher.FluxContextWrite$ContextWriteSubscriber.request(FluxContextWrite.java:136)
		at reactor.core.publisher.FluxConcatMapNoPrefetch$FluxConcatMapNoPrefetchSubscriber.request(FluxConcatMapNoPrefetch.java:337)
		at reactor.core.publisher.FluxContextWrite$ContextWriteSubscriber.request(FluxContextWrite.java:136)
		at reactor.core.publisher.Operators$DeferredSubscription.request(Operators.java:1743)
		at reactor.core.publisher.FluxRetryWhen$RetryWhenMainSubscriber.onError(FluxRetryWhen.java:196)
		at reactor.core.publisher.MonoCreate$DefaultMonoSink.error(MonoCreate.java:205)
		at reactor.netty.http.client.HttpClientConnect$MonoHttpConnect$ClientTransportSubscriber.onError(HttpClientConnect.java:311)
		at reactor.core.publisher.MonoCreate$DefaultMonoSink.error(MonoCreate.java:205)
		at reactor.netty.resources.DefaultPooledConnectionProvider$DisposableAcquire.onError(DefaultPooledConnectionProvider.java:172)
		at reactor.netty.internal.shaded.reactor.pool.AbstractPool$Borrower.fail(AbstractPool.java:488)
		at reactor.netty.internal.shaded.reactor.pool.SimpleDequePool.lambda$drainLoop$9(SimpleDequePool.java:436)
		at reactor.core.publisher.FluxDoOnEach$DoOnEachSubscriber.onError(FluxDoOnEach.java:186)
		at reactor.core.publisher.MonoCreate$DefaultMonoSink.error(MonoCreate.java:205)
		at reactor.netty.resources.DefaultPooledConnectionProvider$PooledConnectionAllocator$PooledConnectionInitializer.onError(DefaultPooledConnectionProvider.java:583)
		at reactor.core.publisher.MonoFlatMap$FlatMapMain.secondError(MonoFlatMap.java:241)
		at reactor.core.publisher.MonoFlatMap$FlatMapInner.onError(MonoFlatMap.java:315)
		at reactor.core.publisher.FluxOnErrorResume$ResumeSubscriber.onError(FluxOnErrorResume.java:106)
		at reactor.core.publisher.SerializedSubscriber.onError(SerializedSubscriber.java:124)
		at reactor.core.publisher.FluxRetryWhen$RetryWhenMainSubscriber.whenError(FluxRetryWhen.java:229)
		at reactor.core.publisher.FluxRetryWhen$RetryWhenOtherSubscriber.onError(FluxRetryWhen.java:279)
		at reactor.core.publisher.FluxContextWrite$ContextWriteSubscriber.onError(FluxContextWrite.java:121)
		at reactor.core.publisher.FluxConcatMapNoPrefetch$FluxConcatMapNoPrefetchSubscriber.maybeOnError(FluxConcatMapNoPrefetch.java:327)
		at reactor.core.publisher.FluxConcatMapNoPrefetch$FluxConcatMapNoPrefetchSubscriber.onNext(FluxConcatMapNoPrefetch.java:212)
		at reactor.core.publisher.FluxContextWrite$ContextWriteSubscriber.onNext(FluxContextWrite.java:107)
		at reactor.core.publisher.SinkManyEmitterProcessor.drain(SinkManyEmitterProcessor.java:476)
		at reactor.core.publisher.SinkManyEmitterProcessor$EmitterInner.drainParent(SinkManyEmitterProcessor.java:620)
		at reactor.core.publisher.FluxPublish$PubSubInner.request(FluxPublish.java:874)
		at reactor.core.publisher.FluxContextWrite$ContextWriteSubscriber.request(FluxContextWrite.java:136)
		at reactor.core.publisher.FluxConcatMapNoPrefetch$FluxConcatMapNoPrefetchSubscriber.request(FluxConcatMapNoPrefetch.java:337)
		at reactor.core.publisher.FluxContextWrite$ContextWriteSubscriber.request(FluxContextWrite.java:136)
		at reactor.core.publisher.Operators$DeferredSubscription.request(Operators.java:1743)
		at reactor.core.publisher.FluxRetryWhen$RetryWhenMainSubscriber.onError(FluxRetryWhen.java:196)
		at reactor.core.publisher.MonoFlatMap$FlatMapMain.secondError(MonoFlatMap.java:241)
		at reactor.core.publisher.MonoFlatMap$FlatMapInner.onError(MonoFlatMap.java:315)
		at reactor.netty.transport.TransportConnector$MonoChannelPromise.tryFailure(TransportConnector.java:576)
		at reactor.netty.transport.TransportConnector$MonoChannelPromise.setFailure(TransportConnector.java:522)
		at reactor.netty.transport.TransportConnector.lambda$doConnect$7(TransportConnector.java:261)
		at io.netty.util.concurrent.DefaultPromise.notifyListener0(DefaultPromise.java:590)
		at io.netty.util.concurrent.DefaultPromise.notifyListeners0(DefaultPromise.java:583)
		at io.netty.util.concurrent.DefaultPromise.notifyListenersNow(DefaultPromise.java:559)
		at io.netty.util.concurrent.DefaultPromise.notifyListeners(DefaultPromise.java:492)
		at io.netty.util.concurrent.DefaultPromise.setValue0(DefaultPromise.java:636)
		at io.netty.util.concurrent.DefaultPromise.setFailure0(DefaultPromise.java:629)
		at io.netty.util.concurrent.DefaultPromise.tryFailure(DefaultPromise.java:118)
		at io.netty.channel.epoll.AbstractEpollChannel$AbstractEpollUnsafe.fulfillConnectPromise(AbstractEpollChannel.java:675)
		at io.netty.channel.epoll.AbstractEpollChannel$AbstractEpollUnsafe.finishConnect(AbstractEpollChannel.java:694)
		at io.netty.channel.epoll.AbstractEpollChannel$AbstractEpollUnsafe.epollOutReady(AbstractEpollChannel.java:567)
		at io.netty.channel.epoll.EpollEventLoop.processReady(EpollEventLoop.java:499)
		at io.netty.channel.epoll.EpollEventLoop.run(EpollEventLoop.java:407)
		at io.netty.util.concurrent.SingleThreadEventExecutor$4.run(SingleThreadEventExecutor.java:997)
		at io.netty.util.internal.ThreadExecutorMap$2.run(ThreadExecutorMap.java:74)
		at io.netty.util.concurrent.FastThreadLocalRunnable.run(FastThreadLocalRunnable.java:30)
		at java.base/java.lang.Thread.run(Thread.java:840)
	Suppressed: java.lang.Exception: #block terminated with an error
		at reactor.core.publisher.BlockingSingleSubscriber.blockingGet(BlockingSingleSubscriber.java:103)
		at reactor.core.publisher.Mono.block(Mono.java:1779)
		at org.springframework.boot.actuate.autoconfigure.tracing.zipkin.ZipkinWebClientSender$WebClientHttpPostCall.doExecute(ZipkinWebClientSender.java:76)
		at org.springframework.boot.actuate.autoconfigure.tracing.zipkin.ZipkinWebClientSender$WebClientHttpPostCall.doExecute(ZipkinWebClientSender.java:54)
		at zipkin2.Call$Base.execute(Call.java:391)
		at zipkin2.reporter.AsyncReporter$BoundedAsyncReporter.flush(AsyncReporter.java:299)
		at zipkin2.reporter.AsyncReporter$Flusher.run(AsyncReporter.java:378)
		at java.base/java.lang.Thread.run(Thread.java:840)
Caused by: io.netty.channel.AbstractChannel$AnnotatedConnectException: finishConnect(..) failed: Conexión rehusada: localhost/[0:0:0:0:0:0:0:1]:9411
Caused by: java.net.ConnectException: finishConnect(..) failed: Conexión rehusada
	at io.netty.channel.unix.Errors.newConnectException0(Errors.java:166)
	at io.netty.channel.unix.Errors.handleConnectErrno(Errors.java:131)
	at io.netty.channel.unix.Socket.finishConnect(Socket.java:359)
	at io.netty.channel.epoll.AbstractEpollChannel$AbstractEpollUnsafe.doFinishConnect(AbstractEpollChannel.java:711)
	at io.netty.channel.epoll.AbstractEpollChannel$AbstractEpollUnsafe.finishConnect(AbstractEpollChannel.java:688)
	at io.netty.channel.epoll.AbstractEpollChannel$AbstractEpollUnsafe.epollOutReady(AbstractEpollChannel.java:567)
	at io.netty.channel.epoll.EpollEventLoop.processReady(EpollEventLoop.java:499)
	at io.netty.channel.epoll.EpollEventLoop.run(EpollEventLoop.java:407)
	at io.netty.util.concurrent.SingleThreadEventExecutor$4.run(SingleThreadEventExecutor.java:997)
	at io.netty.util.internal.ThreadExecutorMap$2.run(ThreadExecutorMap.java:74)
	at io.netty.util.concurrent.FastThreadLocalRunnable.run(FastThreadLocalRunnable.java:30)
	at java.base/java.lang.Thread.run(Thread.java:840)
2025-07-10 23:08:05 [http-nio-8082-exec-1] INFO  c.m.u.v.i.email.EmailServiceUseCase - Código de verificación enviado exitosamente a: sebasagudelo1012@gmail.com
2025-07-10 23:08:05 [http-nio-8082-exec-1] INFO  c.m.u.core.logging.LoggingService - SendVerificationCodeUseCase: Código de verificación enviado exitosamente - Email: sebasagudelo1012@gmail.com, Código: 178186
2025-07-10 23:08:05 [http-nio-8082-exec-1] INFO  c.m.u.core.logging.LoggingService - VerificationService: Código de verificación enviado exitosamente - Email: sebasagudelo1012@gmail.com
2025-07-10 23:08:05 [http-nio-8082-exec-1] DEBUG o.s.w.s.m.m.a.HttpEntityMethodProcessor - Using 'application/json', given [*/*] and supported [application/json, application/*+json]
2025-07-10 23:08:05 [http-nio-8082-exec-1] DEBUG o.s.w.s.m.m.a.HttpEntityMethodProcessor - Writing [ApiResponse(success=true, message=Verification code sent successfully, data=null, errorCode=null, ti (truncated)...]
2025-07-10 23:08:05 [http-nio-8082-exec-1] DEBUG o.s.web.servlet.DispatcherServlet - Completed 200 OK
2025-07-10 23:08:06 [AsyncReporter{org.springframework.boot.actuate.autoconfigure.tracing.zipkin.ZipkinWebClientSender@4ea20849}] DEBUG o.s.w.r.f.client.ExchangeFunctions - [6e55d972] HTTP POST http://localhost:9411/api/v2/spans%20
2025-07-10 23:08:23 [DiscoveryClient-CacheRefreshExecutor-0] DEBUG o.s.web.client.RestTemplate - HTTP GET http://localhost:8081/eureka/apps/delta
2025-07-10 23:08:23 [DiscoveryClient-CacheRefreshExecutor-0] DEBUG o.s.web.client.RestTemplate - Accept=[application/json, application/*+json]
2025-07-10 23:08:23 [DiscoveryClient-HeartbeatExecutor-0] DEBUG o.s.web.client.RestTemplate - HTTP PUT http://localhost:8081/eureka/apps/USERS-SERVICE/192.168.114.78:users-service:8082?status=UP&lastDirtyTimestamp=1752206873342
2025-07-10 23:08:23 [DiscoveryClient-CacheRefreshExecutor-0] DEBUG o.s.web.client.RestTemplate - Response 200 OK
2025-07-10 23:08:23 [DiscoveryClient-CacheRefreshExecutor-0] DEBUG o.s.web.client.RestTemplate - Reading to [org.springframework.cloud.netflix.eureka.http.EurekaApplications]
2025-07-10 23:08:23 [DiscoveryClient-HeartbeatExecutor-0] DEBUG o.s.web.client.RestTemplate - Accept=[application/json, application/*+json]
2025-07-10 23:08:23 [DiscoveryClient-HeartbeatExecutor-0] DEBUG o.s.web.client.RestTemplate - Response 200 OK
2025-07-10 23:08:25 [http-nio-8082-exec-3] DEBUG c.m.u.core.logging.LoggingService - InternalJwtFilter: Procesando solicitud: /verification/check
2025-07-10 23:08:25 [http-nio-8082-exec-3] DEBUG c.m.u.core.logging.LoggingService - InternalJwtFilter: Path '/verification/check' requiere JWT: false
2025-07-10 23:08:25 [http-nio-8082-exec-3] DEBUG c.m.u.core.logging.LoggingService - InternalJwtFilter: Path no protegido, continuando sin validación JWT
2025-07-10 23:08:25 [http-nio-8082-exec-3] DEBUG o.s.web.servlet.DispatcherServlet - POST "/verification/check", parameters={}
2025-07-10 23:08:25 [http-nio-8082-exec-3] DEBUG o.s.w.s.m.m.a.RequestMappingHandlerMapping - Mapped to com.microserviceone.users.verificationCodeApi.web.controller.VerificationCodeController#verifyCode(VerifyCodeRequest)
2025-07-10 23:08:25 [http-nio-8082-exec-3] DEBUG o.s.w.s.m.m.a.RequestResponseBodyMethodProcessor - Read "application/json;charset=UTF-8" to [com.microserviceone.users.verificationCodeApi.web.dto.VerifyCodeRequest@4b4776e9]
2025-07-10 23:08:25 [http-nio-8082-exec-3] INFO  c.m.u.core.logging.LoggingService - VerificationService: Verificando código - Email: sebasagudelo1012@gmail.com
2025-07-10 23:08:25 [http-nio-8082-exec-3] INFO  c.m.u.core.logging.LoggingService - VerifyCodeUseCase: Iniciando verificación de código - Email: sebasagudelo1012@gmail.com, Código: 178186
2025-07-10 23:08:25 [http-nio-8082-exec-3] DEBUG c.m.u.core.logging.LoggingService - VerifyCodeUseCase: Verificando existencia del código - Email: sebasagudelo1012@gmail.com, Código: 178186
2025-07-10 23:08:25 [http-nio-8082-exec-3] DEBUG c.m.u.core.logging.LoggingService - VerifyExistCodeUseCase: Verificando existencia de código - Email: sebasagudelo1012@gmail.com, Código: 178186
2025-07-10 23:08:25 [http-nio-8082-exec-3] DEBUG c.m.u.core.logging.LoggingService - AdapterVerificationCode: Buscando código por email y código - Email: sebasagudelo1012@gmail.com, Código: 178186
2025-07-10 23:08:25 [http-nio-8082-exec-3] DEBUG c.m.u.core.logging.LoggingService - AdapterVerificationCode: Código encontrado - ID: 1, Email: sebasagudelo1012@gmail.com, Código: 178186
2025-07-10 23:08:25 [http-nio-8082-exec-3] DEBUG c.m.u.core.logging.LoggingService - VerifyExistCodeUseCase: Código encontrado - Email: sebasagudelo1012@gmail.com, Código: 178186, ID: 1
2025-07-10 23:08:25 [http-nio-8082-exec-3] DEBUG c.m.u.core.logging.LoggingService - VerifyCodeUseCase: Código encontrado - Email: sebasagudelo1012@gmail.com, Código: 178186, ID: 1
2025-07-10 23:08:25 [http-nio-8082-exec-3] DEBUG c.m.u.core.logging.LoggingService - VerifyCodeUseCase: Validando código - Email: sebasagudelo1012@gmail.com, Código: 178186
2025-07-10 23:08:25 [http-nio-8082-exec-3] DEBUG c.m.u.core.logging.LoggingService - VerifyCodeIsValidUseCase: Validando código - ID: 1, Email: sebasagudelo1012@gmail.com, Código: 178186
2025-07-10 23:08:25 [http-nio-8082-exec-3] DEBUG c.m.u.core.logging.LoggingService - VerifyCodeIsValidUseCase: Código validado como válido - ID: 1, Email: sebasagudelo1012@gmail.com, Código: 178186
2025-07-10 23:08:25 [http-nio-8082-exec-3] DEBUG c.m.u.core.logging.LoggingService - VerifyCodeUseCase: Código validado como válido - Email: sebasagudelo1012@gmail.com, Código: 178186
2025-07-10 23:08:25 [http-nio-8082-exec-3] DEBUG c.m.u.core.logging.LoggingService - VerifyCodeUseCase: Marcando código como usado - Email: sebasagudelo1012@gmail.com, Código: 178186
2025-07-10 23:08:25 [http-nio-8082-exec-3] DEBUG c.m.u.core.logging.LoggingService - AdapterVerificationCode: Guardando código de verificación - Email: sebasagudelo1012@gmail.com, Código: 178186
2025-07-10 23:08:25 [http-nio-8082-exec-3] DEBUG c.m.u.core.logging.LoggingService - AdapterVerificationCode: Código convertido a entidad - Email: sebasagudelo1012@gmail.com, Código: 178186
2025-07-10 23:08:25 [http-nio-8082-exec-3] DEBUG c.m.u.core.logging.LoggingService - AdapterVerificationCode: Código guardado en base de datos - ID: 1, Email: sebasagudelo1012@gmail.com, Código: 178186
2025-07-10 23:08:25 [http-nio-8082-exec-3] DEBUG c.m.u.core.logging.LoggingService - AdapterVerificationCode: Entidad convertida a dominio - ID: 1, Email: sebasagudelo1012@gmail.com, Código: 178186
2025-07-10 23:08:25 [http-nio-8082-exec-3] DEBUG c.m.u.core.logging.LoggingService - VerifyCodeUseCase: Código marcado como usado y guardado - Email: sebasagudelo1012@gmail.com, Código: 178186
2025-07-10 23:08:25 [http-nio-8082-exec-3] DEBUG c.m.u.core.logging.LoggingService - VerifyCodeUseCase: Marcando email como verificado - Email: sebasagudelo1012@gmail.com, Código: 178186
2025-07-10 23:08:25 [http-nio-8082-exec-3] DEBUG c.m.u.core.logging.LoggingService - AdapterVerificationCode: Marcando código como verificado - Email: sebasagudelo1012@gmail.com, Código: 178186
2025-07-10 23:08:25 [http-nio-8082-exec-3] DEBUG c.m.u.core.logging.LoggingService - AdapterVerificationCode: Código marcado como verificado exitosamente - Email: sebasagudelo1012@gmail.com, Código: 178186
2025-07-10 23:08:25 [http-nio-8082-exec-3] INFO  c.m.u.core.logging.LoggingService - CachedCheckEmailVerificationUseCase: Invalidando cache para verificación de email - Email: sebasagudelo1012@gmail.com
2025-07-10 23:08:25 [http-nio-8082-exec-3] DEBUG c.m.u.core.logging.LoggingService - CacheService: evict - Cache: emailVerified, Key: emailVerified:sebasagudelo1012@gmail.com
2025-07-10 23:08:25 [http-nio-8082-exec-3] DEBUG c.m.u.core.logging.LoggingService - CacheService: Entrada removida del cache - Cache: emailVerified, Key: emailVerified:sebasagudelo1012@gmail.com
2025-07-10 23:08:25 [http-nio-8082-exec-3] DEBUG c.m.u.core.logging.LoggingService - CachedCheckEmailVerificationUseCase: Cache de verificación de email invalidado - Email: sebasagudelo1012@gmail.com
2025-07-10 23:08:25 [http-nio-8082-exec-3] INFO  c.m.u.core.logging.LoggingService - VerifyCodeUseCase: Verificación de código completada exitosamente - Email: sebasagudelo1012@gmail.com, Código: 178186
2025-07-10 23:08:25 [http-nio-8082-exec-3] INFO  c.m.u.core.logging.LoggingService - VerificationService: Verificación de código completada - Email: sebasagudelo1012@gmail.com, Válido: true
2025-07-10 23:08:25 [http-nio-8082-exec-3] DEBUG o.s.w.s.m.m.a.HttpEntityMethodProcessor - Using 'application/json', given [*/*] and supported [application/json, application/*+json]
2025-07-10 23:08:25 [http-nio-8082-exec-3] DEBUG o.s.w.s.m.m.a.HttpEntityMethodProcessor - Writing [ApiResponse(success=true, message=Code verified successfully, data=true, errorCode=null, timestamp=2 (truncated)...]
2025-07-10 23:08:25 [http-nio-8082-exec-3] DEBUG o.s.web.servlet.DispatcherServlet - Completed 200 OK
2025-07-10 23:08:26 [AsyncReporter{org.springframework.boot.actuate.autoconfigure.tracing.zipkin.ZipkinWebClientSender@4ea20849}] DEBUG o.s.w.r.f.client.ExchangeFunctions - [4a5be2e7] HTTP POST http://localhost:9411/api/v2/spans%20
2025-07-10 23:08:30 [http-nio-8082-exec-4] DEBUG c.m.u.core.logging.LoggingService - InternalJwtFilter: Procesando solicitud: /register/customer
2025-07-10 23:08:30 [http-nio-8082-exec-4] DEBUG c.m.u.core.logging.LoggingService - InternalJwtFilter: Path '/register/customer' requiere JWT: false
2025-07-10 23:08:30 [http-nio-8082-exec-4] DEBUG c.m.u.core.logging.LoggingService - InternalJwtFilter: Path no protegido, continuando sin validación JWT
2025-07-10 23:08:30 [http-nio-8082-exec-4] DEBUG o.s.web.servlet.DispatcherServlet - POST "/register/customer", parameters={}
2025-07-10 23:08:30 [http-nio-8082-exec-4] DEBUG o.s.w.s.m.m.a.RequestMappingHandlerMapping - Mapped to com.microserviceone.users.registrationApi.web.controller.RegisterController#registerCustomer(CustomerRequest)
2025-07-10 23:08:30 [http-nio-8082-exec-4] DEBUG o.s.w.s.m.m.a.RequestResponseBodyMethodProcessor - Read "application/json;charset=UTF-8" to [CustomerRequest(name=Seebastian, lastName=Agudelo, email=sebasagudelo1012@gmail.com, password=Agudel (truncated)...]
2025-07-10 23:08:30 [AsyncReporter{org.springframework.boot.actuate.autoconfigure.tracing.zipkin.ZipkinWebClientSender@4ea20849}] DEBUG o.s.w.r.f.client.ExchangeFunctions - [76331e7e] HTTP POST http://localhost:9411/api/v2/spans%20
2025-07-10 23:08:30 [http-nio-8082-exec-4] INFO  c.m.u.core.logging.LoggingService - Iniciando registro de cliente - Email: sebasagudelo1012@gmail.com, Nombre: Seebastian Agudelo
2025-07-10 23:08:30 [http-nio-8082-exec-4] DEBUG c.m.u.core.logging.LoggingService - Validando verificación de email para: sebasagudelo1012@gmail.com
2025-07-10 23:08:30 [http-nio-8082-exec-4] INFO  c.m.u.core.logging.LoggingService - Iniciando validación de email previa al registro para email: sebasagudelo1012@gmail.com
2025-07-10 23:08:30 [http-nio-8082-exec-4] INFO  c.m.u.core.logging.LoggingService - Validando verificación de email: sebasagudelo1012@gmail.com
2025-07-10 23:08:30 [http-nio-8082-exec-4] DEBUG c.m.u.core.logging.LoggingService - InternalJwtService: Generando token JWT interno para servicio: user-service
2025-07-10 23:08:30 [http-nio-8082-exec-4] INFO  c.m.u.core.logging.LoggingService - InternalJwtService: Token JWT interno generado exitosamente - Servicio: user-service, Longitud: 169
2025-07-10 23:08:30 [http-nio-8082-exec-4] DEBUG o.s.web.client.RestTemplate - HTTP POST http://localhost:8082/verification/status
2025-07-10 23:08:30 [http-nio-8082-exec-4] DEBUG o.s.web.client.RestTemplate - Accept=[application/json, application/*+json]
2025-07-10 23:08:30 [http-nio-8082-exec-4] DEBUG o.s.web.client.RestTemplate - Writing [com.microserviceone.users.registrationApi.application.service.UserValidationService$SendCodeRequest@5df7228e] as "application/json"
2025-07-10 23:08:30 [http-nio-8082-exec-6] DEBUG c.m.u.core.logging.LoggingService - InternalJwtFilter: Procesando solicitud: /verification/status
2025-07-10 23:08:30 [http-nio-8082-exec-6] DEBUG c.m.u.core.logging.LoggingService - InternalJwtFilter: Path '/verification/status' requiere JWT: true
2025-07-10 23:08:30 [http-nio-8082-exec-6] DEBUG c.m.u.core.logging.LoggingService - InternalJwtFilter: Path protegido detectado, validando JWT interno
2025-07-10 23:08:30 [http-nio-8082-exec-6] DEBUG c.m.u.core.logging.LoggingService - InternalJwtFilter: Header Authorization: Presente
2025-07-10 23:08:30 [http-nio-8082-exec-6] DEBUG c.m.u.core.logging.LoggingService - InternalJwtFilter: Token recibido: eyJhbGciOiJIUzI1NiJ9...
2025-07-10 23:08:30 [http-nio-8082-exec-6] DEBUG c.m.u.core.logging.LoggingService - InternalJwtFilter: Token issuer: user-service
2025-07-10 23:08:30 [http-nio-8082-exec-6] INFO  c.m.u.core.logging.LoggingService - InternalJwtFilter: Validación JWT interna exitosa - Issuer: user-service
2025-07-10 23:08:30 [http-nio-8082-exec-6] DEBUG c.m.u.core.logging.LoggingService - InternalJwtFilter: Continuando con la solicitud
2025-07-10 23:08:30 [http-nio-8082-exec-6] DEBUG o.s.web.servlet.DispatcherServlet - POST "/verification/status", parameters={}
2025-07-10 23:08:30 [http-nio-8082-exec-6] DEBUG o.s.w.s.m.m.a.RequestMappingHandlerMapping - Mapped to com.microserviceone.users.verificationCodeApi.web.controller.VerificationCodeController#checkEmailVerification(SendCodeRequest)
2025-07-10 23:08:30 [http-nio-8082-exec-6] DEBUG o.s.w.s.m.m.a.RequestResponseBodyMethodProcessor - Read "application/json;charset=UTF-8" to [com.microserviceone.users.verificationCodeApi.web.dto.SendCodeRequest@4b64f91e]
2025-07-10 23:08:30 [http-nio-8082-exec-6] INFO  c.m.u.core.logging.LoggingService - VerificationService: Verificando estado de verificación de email - Email: sebasagudelo1012@gmail.com
2025-07-10 23:08:30 [http-nio-8082-exec-6] DEBUG c.m.u.core.logging.LoggingService - CachedCheckEmailVerificationUseCase: Verificando con cache si email está verificado - Email: sebasagudelo1012@gmail.com
2025-07-10 23:08:30 [http-nio-8082-exec-6] DEBUG c.m.u.core.logging.LoggingService - CacheService: getOrCompute - Cache: emailVerified, Key: emailVerified:sebasagudelo1012@gmail.com
2025-07-10 23:08:30 [http-nio-8082-exec-6] DEBUG c.m.u.core.logging.LoggingService - CacheService: Cache MISS - Cache: emailVerified, Key: emailVerified:sebasagudelo1012@gmail.com
2025-07-10 23:08:30 [http-nio-8082-exec-6] DEBUG c.m.u.core.logging.LoggingService - CachedCheckEmailVerificationUseCase: Cache miss, ejecutando verificación - Email: sebasagudelo1012@gmail.com
2025-07-10 23:08:30 [http-nio-8082-exec-6] INFO  c.m.u.core.logging.LoggingService - CheckEmailVerificationUseCase: Verificando estado de verificación de email - Email: sebasagudelo1012@gmail.com
2025-07-10 23:08:30 [http-nio-8082-exec-6] DEBUG c.m.u.core.logging.LoggingService - AdapterVerificationCode: Verificando si email está verificado - Email: sebasagudelo1012@gmail.com
2025-07-10 23:08:30 [http-nio-8082-exec-6] DEBUG c.m.u.core.logging.LoggingService - AdapterVerificationCode: Estado de verificación - Email: sebasagudelo1012@gmail.com, Verificado: true
2025-07-10 23:08:30 [http-nio-8082-exec-6] INFO  c.m.u.core.logging.LoggingService - CheckEmailVerificationUseCase: Email verificado correctamente - Email: sebasagudelo1012@gmail.com
2025-07-10 23:08:30 [http-nio-8082-exec-6] DEBUG c.m.u.core.logging.LoggingService - CacheService: Valor almacenado en cache - Cache: emailVerified, Key: emailVerified:sebasagudelo1012@gmail.com
2025-07-10 23:08:30 [http-nio-8082-exec-6] DEBUG c.m.u.core.logging.LoggingService - CachedCheckEmailVerificationUseCase: Email verificado (cache) - Email: sebasagudelo1012@gmail.com
2025-07-10 23:08:30 [http-nio-8082-exec-6] INFO  c.m.u.core.logging.LoggingService - VerificationService: Verificación de email completada - Email: sebasagudelo1012@gmail.com
2025-07-10 23:08:30 [http-nio-8082-exec-6] DEBUG o.s.w.s.m.m.a.HttpEntityMethodProcessor - Using 'application/json', given [application/json, application/*+json] and supported [application/json, application/*+json]
2025-07-10 23:08:30 [http-nio-8082-exec-6] DEBUG o.s.w.s.m.m.a.HttpEntityMethodProcessor - Writing [ApiResponse(success=true, message=Email has been verified, data=null, errorCode=null, timestamp=2025 (truncated)...]
2025-07-10 23:08:30 [http-nio-8082-exec-4] DEBUG o.s.web.client.RestTemplate - Response 200 OK
2025-07-10 23:08:30 [http-nio-8082-exec-4] DEBUG o.s.web.client.RestTemplate - Reading to [com.microserviceone.users.registrationApi.web.dto.ApiResponse<?>]
2025-07-10 23:08:30 [http-nio-8082-exec-6] DEBUG o.s.web.servlet.DispatcherServlet - Completed 200 OK
2025-07-10 23:08:30 [http-nio-8082-exec-4] INFO  c.m.u.core.logging.LoggingService - Email verificado exitosamente: sebasagudelo1012@gmail.com
2025-07-10 23:08:30 [http-nio-8082-exec-4] INFO  c.m.u.core.logging.LoggingService - Validación de email completada exitosamente para email: sebasagudelo1012@gmail.com
2025-07-10 23:08:30 [http-nio-8082-exec-4] DEBUG c.m.u.core.logging.LoggingService - Mapeando CustomerRequest a dominio para email: sebasagudelo1012@gmail.com
2025-07-10 23:08:30 [http-nio-8082-exec-4] DEBUG c.m.u.core.logging.LoggingService - Mapeando CustomerRequest a Customer - Email: sebasagudelo1012@gmail.com, Nombre: Seebastian Agudelo
2025-07-10 23:08:30 [http-nio-8082-exec-4] DEBUG c.m.u.core.logging.LoggingService - Customer mapeado exitosamente - Email: sebasagudelo1012@gmail.com, Edad: 19 años
2025-07-10 23:08:30 [http-nio-8082-exec-4] DEBUG c.m.u.core.logging.LoggingService - Procesando registro de cliente con email: sebasagudelo1012@gmail.com
2025-07-10 23:08:30 [http-nio-8082-exec-4] INFO  c.m.u.core.logging.LoggingService - RegistrationService: Procesando registro de cliente - Email: sebasagudelo1012@gmail.com
2025-07-10 23:08:30 [http-nio-8082-exec-4] INFO  c.m.u.core.logging.LoggingService - Iniciando registro de cliente con email: sebasagudelo1012@gmail.com y edad: 19
2025-07-10 23:08:30 [http-nio-8082-exec-4] DEBUG c.m.u.core.logging.LoggingService - Validando unicidad de email: sebasagudelo1012@gmail.com
2025-07-10 23:08:30 [http-nio-8082-exec-4] DEBUG c.m.u.core.logging.LoggingService - Validando unicidad de email: sebasagudelo1012@gmail.com
2025-07-10 23:08:30 [http-nio-8082-exec-4] DEBUG c.m.u.core.logging.LoggingService - AdapterRegister: Verificando existencia de usuario por email: sebasagudelo1012@gmail.com
2025-07-10 23:08:30 [http-nio-8082-exec-4] DEBUG c.m.u.core.logging.LoggingService - AdapterRegister: Usuario NO existe - Email: sebasagudelo1012@gmail.com
2025-07-10 23:08:30 [http-nio-8082-exec-4] DEBUG c.m.u.core.logging.LoggingService - Email validado como único: sebasagudelo1012@gmail.com
2025-07-10 23:08:30 [http-nio-8082-exec-4] DEBUG c.m.u.core.logging.LoggingService - Email validado como único: sebasagudelo1012@gmail.com
2025-07-10 23:08:30 [http-nio-8082-exec-4] DEBUG c.m.u.core.logging.LoggingService - Validando edad del cliente: 19 años
2025-07-10 23:08:30 [http-nio-8082-exec-4] DEBUG c.m.u.core.logging.LoggingService - Validando edad del cliente: 19 años (email: sebasagudelo1012@gmail.com)
2025-07-10 23:08:30 [http-nio-8082-exec-4] DEBUG c.m.u.core.logging.LoggingService - Edad validada correctamente: 19 años (email: sebasagudelo1012@gmail.com)
2025-07-10 23:08:30 [http-nio-8082-exec-4] DEBUG c.m.u.core.logging.LoggingService - Edad validada correctamente: 19 años
2025-07-10 23:08:30 [http-nio-8082-exec-4] DEBUG c.m.u.core.logging.LoggingService - Encriptando contraseña para cliente: sebasagudelo1012@gmail.com
2025-07-10 23:08:30 [http-nio-8082-exec-4] INFO  c.m.u.core.logging.LoggingService - Iniciando encriptación de contraseña para email: sebasagudelo1012@gmail.com
2025-07-10 23:08:31 [http-nio-8082-exec-4] INFO  c.m.u.core.logging.LoggingService - Contraseña encriptada exitosamente para email: sebasagudelo1012@gmail.com
2025-07-10 23:08:31 [http-nio-8082-exec-4] DEBUG c.m.u.core.logging.LoggingService - Longitud de contraseña encriptada: 60 caracteres
2025-07-10 23:08:31 [http-nio-8082-exec-4] DEBUG c.m.u.core.logging.LoggingService - Guardando cliente en base de datos: sebasagudelo1012@gmail.com
2025-07-10 23:08:31 [http-nio-8082-exec-4] DEBUG c.m.u.core.logging.LoggingService - AdapterRegister: Guardando usuario en base de datos - Email: sebasagudelo1012@gmail.com, Tipo: Customer
2025-07-10 23:08:31 [http-nio-8082-exec-4] DEBUG c.m.u.core.logging.LoggingService - UserMapper: Convirtiendo dominio a entidad - Email: sebasagudelo1012@gmail.com, Tipo: Customer
2025-07-10 23:08:31 [http-nio-8082-exec-4] DEBUG c.m.u.core.logging.LoggingService - UserMapper: Mapeando campos comunes - Email: sebasagudelo1012@gmail.com
2025-07-10 23:08:31 [http-nio-8082-exec-4] DEBUG c.m.u.core.logging.LoggingService - UserMapper: Campos comunes mapeados exitosamente - Email: sebasagudelo1012@gmail.com, Rol: CUSTOMER
2025-07-10 23:08:31 [http-nio-8082-exec-4] DEBUG c.m.u.core.logging.LoggingService - UserMapper: Customer convertido a CustomerEntity - Email: sebasagudelo1012@gmail.com, Fecha nacimiento: 2006-04-02
2025-07-10 23:08:31 [http-nio-8082-exec-4] DEBUG c.m.u.core.logging.LoggingService - AdapterRegister: Usuario convertido a entidad - Email: sebasagudelo1012@gmail.com
2025-07-10 23:08:31 [http-nio-8082-exec-4] DEBUG c.m.u.core.logging.LoggingService - AdapterRegister: Usuario guardado en base de datos - ID: 1, Email: sebasagudelo1012@gmail.com
2025-07-10 23:08:31 [http-nio-8082-exec-4] DEBUG c.m.u.core.logging.LoggingService - UserMapper: Convirtiendo entidad a dominio - ID: 1, Tipo: CustomerEntity
2025-07-10 23:08:31 [http-nio-8082-exec-4] DEBUG c.m.u.core.logging.LoggingService - UserMapper: CustomerEntity convertido a Customer - ID: 1, Email: sebasagudelo1012@gmail.com, Fecha nacimiento: 2006-04-02
2025-07-10 23:08:31 [http-nio-8082-exec-4] DEBUG c.m.u.core.logging.LoggingService - AdapterRegister: Usuario convertido de entidad a dominio - ID: 1, Email: sebasagudelo1012@gmail.com
2025-07-10 23:08:31 [http-nio-8082-exec-4] INFO  c.m.u.core.logging.LoggingService - Cliente registrado exitosamente con ID: 1, email: sebasagudelo1012@gmail.com y edad: 19
2025-07-10 23:08:31 [http-nio-8082-exec-4] INFO  c.m.u.core.logging.LoggingService - RegistrationService: Cliente registrado exitosamente - ID: 1, Email: sebasagudelo1012@gmail.com
2025-07-10 23:08:31 [http-nio-8082-exec-4] DEBUG c.m.u.core.logging.LoggingService - Aceptando términos y condiciones para usuario ID: 1
2025-07-10 23:08:31 [http-nio-8082-exec-4] INFO  c.m.u.core.logging.LoggingService - Aceptando términos y condiciones para usuario ID: 1, Email: sebasagudelo1012@gmail.com
2025-07-10 23:08:31 [http-nio-8082-exec-4] DEBUG c.m.u.core.logging.LoggingService - Obteniendo términos activos
2025-07-10 23:08:31 [http-nio-8082-exec-4] DEBUG c.m.u.core.logging.LoggingService - URL llamada: http://localhost:8082/terms
2025-07-10 23:08:31 [http-nio-8082-exec-4] DEBUG o.s.web.client.RestTemplate - HTTP GET http://localhost:8082/terms
2025-07-10 23:08:31 [http-nio-8082-exec-4] DEBUG o.s.web.client.RestTemplate - Accept=[text/plain, application/json, application/*+json, */*]
2025-07-10 23:08:31 [http-nio-8082-exec-5] DEBUG c.m.u.core.logging.LoggingService - InternalJwtFilter: Procesando solicitud: /terms
2025-07-10 23:08:31 [http-nio-8082-exec-5] DEBUG c.m.u.core.logging.LoggingService - InternalJwtFilter: Path '/terms' requiere JWT: false
2025-07-10 23:08:31 [http-nio-8082-exec-5] DEBUG c.m.u.core.logging.LoggingService - InternalJwtFilter: Path no protegido, continuando sin validación JWT
2025-07-10 23:08:31 [http-nio-8082-exec-5] DEBUG o.s.web.servlet.DispatcherServlet - GET "/terms", parameters={}
2025-07-10 23:08:31 [http-nio-8082-exec-5] DEBUG o.s.w.s.m.m.a.RequestMappingHandlerMapping - Mapped to com.microserviceone.users.termsAndConditionsApi.web.controller.TermController#getAllActiveTerms()
2025-07-10 23:08:31 [http-nio-8082-exec-5] INFO  c.m.u.core.logging.LoggingService - TermsService: Obteniendo todos los términos activos
2025-07-10 23:08:31 [http-nio-8082-exec-5] INFO  c.m.u.core.logging.LoggingService - CachedGetAllActiveTermsUseCase: Obteniendo términos activos con cache
2025-07-10 23:08:31 [http-nio-8082-exec-5] DEBUG c.m.u.core.logging.LoggingService - CacheService: getOrCompute - Cache: termsActive, Key: active_terms
2025-07-10 23:08:31 [http-nio-8082-exec-5] DEBUG c.m.u.core.logging.LoggingService - CacheService: Cache MISS - Cache: termsActive, Key: active_terms
2025-07-10 23:08:31 [http-nio-8082-exec-5] DEBUG c.m.u.core.logging.LoggingService - CachedGetAllActiveTermsUseCase: Cache miss, ejecutando consulta de términos activos
2025-07-10 23:08:31 [http-nio-8082-exec-5] INFO  c.m.u.core.logging.LoggingService - GetAllActiveTermsUseCase: Obteniendo todos los términos activos
2025-07-10 23:08:31 [http-nio-8082-exec-5] INFO  c.m.u.core.logging.LoggingService - AdapterTerm: Obteniendo todos los términos activos
2025-07-10 23:08:31 [http-nio-8082-exec-5] INFO  c.m.u.core.logging.LoggingService - AdapterTerm: Términos activos obtenidos exitosamente - Cantidad: 0
2025-07-10 23:08:31 [http-nio-8082-exec-5] INFO  c.m.u.core.logging.LoggingService - GetAllActiveTermsUseCase: Términos activos obtenidos exitosamente - Cantidad: 0
2025-07-10 23:08:31 [http-nio-8082-exec-5] DEBUG c.m.u.core.logging.LoggingService - CacheService: Valor almacenado en cache - Cache: termsActive, Key: active_terms
2025-07-10 23:08:31 [http-nio-8082-exec-5] INFO  c.m.u.core.logging.LoggingService - CachedGetAllActiveTermsUseCase: Términos activos obtenidos - Cantidad: 0
2025-07-10 23:08:31 [http-nio-8082-exec-5] INFO  c.m.u.core.logging.LoggingService - TermsService: Términos activos obtenidos exitosamente - Cantidad: 0
2025-07-10 23:08:31 [http-nio-8082-exec-5] DEBUG o.s.w.s.m.m.a.HttpEntityMethodProcessor - Using 'application/json', given [text/plain, application/json, application/*+json, */*] and supported [application/json, application/*+json]
2025-07-10 23:08:31 [http-nio-8082-exec-5] DEBUG o.s.w.s.m.m.a.HttpEntityMethodProcessor - Nothing to write: null body
2025-07-10 23:08:31 [http-nio-8082-exec-5] DEBUG o.s.web.servlet.DispatcherServlet - Completed 204 NO_CONTENT
2025-07-10 23:08:31 [http-nio-8082-exec-4] DEBUG o.s.web.client.RestTemplate - Response 204 NO_CONTENT
2025-07-10 23:08:31 [http-nio-8082-exec-4] DEBUG c.m.u.core.logging.LoggingService - Status Code: 204 NO_CONTENT
2025-07-10 23:08:31 [http-nio-8082-exec-4] DEBUG c.m.u.core.logging.LoggingService - Response Body: null
2025-07-10 23:08:31 [http-nio-8082-exec-4] WARN  c.m.u.core.logging.LoggingService - No se encontraron términos activos, usando término por defecto
2025-07-10 23:08:31 [http-nio-8082-exec-4] DEBUG c.m.u.core.logging.LoggingService - InternalJwtService: Generando token JWT interno para servicio: user-service
2025-07-10 23:08:31 [http-nio-8082-exec-4] INFO  c.m.u.core.logging.LoggingService - InternalJwtService: Token JWT interno generado exitosamente - Servicio: user-service, Longitud: 169
2025-07-10 23:08:31 [http-nio-8082-exec-4] DEBUG o.s.web.client.RestTemplate - HTTP POST http://localhost:8082/terms/accept/multiple
2025-07-10 23:08:31 [http-nio-8082-exec-4] DEBUG o.s.web.client.RestTemplate - Accept=[application/json, application/*+json]
2025-07-10 23:08:31 [http-nio-8082-exec-4] DEBUG o.s.web.client.RestTemplate - Writing [com.microserviceone.users.termsAndConditionsApi.web.dto.AcceptedMultipleRequest@2998cf95] as "application/json"
2025-07-10 23:08:31 [http-nio-8082-exec-8] DEBUG c.m.u.core.logging.LoggingService - InternalJwtFilter: Procesando solicitud: /terms/accept/multiple
2025-07-10 23:08:31 [http-nio-8082-exec-8] DEBUG c.m.u.core.logging.LoggingService - InternalJwtFilter: Path '/terms/accept/multiple' requiere JWT: true
2025-07-10 23:08:31 [http-nio-8082-exec-8] DEBUG c.m.u.core.logging.LoggingService - InternalJwtFilter: Path protegido detectado, validando JWT interno
2025-07-10 23:08:31 [http-nio-8082-exec-8] DEBUG c.m.u.core.logging.LoggingService - InternalJwtFilter: Header Authorization: Presente
2025-07-10 23:08:31 [http-nio-8082-exec-8] DEBUG c.m.u.core.logging.LoggingService - InternalJwtFilter: Token recibido: eyJhbGciOiJIUzI1NiJ9...
2025-07-10 23:08:31 [http-nio-8082-exec-8] DEBUG c.m.u.core.logging.LoggingService - InternalJwtFilter: Token issuer: user-service
2025-07-10 23:08:31 [http-nio-8082-exec-8] INFO  c.m.u.core.logging.LoggingService - InternalJwtFilter: Validación JWT interna exitosa - Issuer: user-service
2025-07-10 23:08:31 [http-nio-8082-exec-8] DEBUG c.m.u.core.logging.LoggingService - InternalJwtFilter: Continuando con la solicitud
2025-07-10 23:08:31 [http-nio-8082-exec-8] DEBUG o.s.web.servlet.DispatcherServlet - POST "/terms/accept/multiple", parameters={}
2025-07-10 23:08:31 [http-nio-8082-exec-8] DEBUG o.s.w.s.m.m.a.RequestMappingHandlerMapping - Mapped to com.microserviceone.users.termsAndConditionsApi.web.controller.TermController#acceptMultipleTerms(AcceptedMultipleRequest, HttpServletRequest)
2025-07-10 23:08:31 [http-nio-8082-exec-8] DEBUG o.s.w.s.m.m.a.RequestResponseBodyMethodProcessor - Read "application/json;charset=UTF-8" to [com.microserviceone.users.termsAndConditionsApi.web.dto.AcceptedMultipleRequest@55c52c12]
2025-07-10 23:08:31 [http-nio-8082-exec-8] INFO  c.m.u.core.logging.LoggingService - TermsService: Procesando aceptación múltiple de términos - UserID: 1, Email: sebasagudelo1012@gmail.com, Cantidad: 1, IP: 127.0.0.1
2025-07-10 23:08:31 [http-nio-8082-exec-8] INFO  c.m.u.core.logging.LoggingService - AcceptTermUseCase: Iniciando aceptación de término - UserID: 1, Email: sebasagudelo1012@gmail.com, TermID: 1, IP: 127.0.0.1
2025-07-10 23:08:31 [http-nio-8082-exec-8] DEBUG c.m.u.core.logging.LoggingService - AcceptTermUseCase: Validando existencia y estado del término - TermID: 1
2025-07-10 23:08:31 [http-nio-8082-exec-8] DEBUG c.m.u.core.logging.LoggingService - ValidateExistTermUseCase: Validando existencia y estado del término - TermID: 1
2025-07-10 23:08:31 [http-nio-8082-exec-8] DEBUG c.m.u.core.logging.LoggingService - AdapterTerm: Buscando término por ID: 1
2025-07-10 23:08:31 [http-nio-8082-exec-8] DEBUG c.m.u.core.logging.LoggingService - AdapterTerm: No se encontró término con ID: 1
2025-07-10 23:08:31 [http-nio-8082-exec-8] DEBUG c.m.u.core.logging.LoggingService - Termino no encontrado o no activo
2025-07-10 23:08:31 [http-nio-8082-exec-8] WARN  c.m.u.core.logging.LoggingService - ValidateExistTermUseCase: Término no encontrado o inactivo - TermID: 1
2025-07-10 23:08:31 [http-nio-8082-exec-8] ERROR c.m.u.core.logging.LoggingService - AcceptTermUseCase: Error al aceptar término - UserID: 1, Email: sebasagudelo1012@gmail.com, TermID: 1
com.microserviceone.users.termsAndConditionsApi.application.exception.TermNotActiveOrNotFoundException: Term not found or not active
	at com.microserviceone.users.termsAndConditionsApi.application.usecase.ValidateExistTermUseCase.lambda$1(ValidateExistTermUseCase.java:23)
	at java.base/java.util.Optional.orElseThrow(Optional.java:403)
	at com.microserviceone.users.termsAndConditionsApi.application.usecase.ValidateExistTermUseCase.validateTerm(ValidateExistTermUseCase.java:23)
	at java.base/jdk.internal.reflect.NativeMethodAccessorImpl.invoke0(Native Method)
	at java.base/jdk.internal.reflect.NativeMethodAccessorImpl.invoke(NativeMethodAccessorImpl.java:77)
	at java.base/jdk.internal.reflect.DelegatingMethodAccessorImpl.invoke(DelegatingMethodAccessorImpl.java:43)
	at java.base/java.lang.reflect.Method.invoke(Method.java:569)
	at org.springframework.aop.support.AopUtils.invokeJoinpointUsingReflection(AopUtils.java:351)
	at org.springframework.aop.framework.ReflectiveMethodInvocation.invokeJoinpoint(ReflectiveMethodInvocation.java:196)
	at org.springframework.aop.framework.ReflectiveMethodInvocation.proceed(ReflectiveMethodInvocation.java:163)
	at org.springframework.aop.framework.CglibAopProxy$CglibMethodInvocation.proceed(CglibAopProxy.java:765)
	at org.springframework.transaction.interceptor.TransactionInterceptor$1.proceedWithInvocation(TransactionInterceptor.java:123)
	at org.springframework.transaction.interceptor.TransactionAspectSupport.invokeWithinTransaction(TransactionAspectSupport.java:385)
	at org.springframework.transaction.interceptor.TransactionInterceptor.invoke(TransactionInterceptor.java:119)
	at org.springframework.aop.framework.ReflectiveMethodInvocation.proceed(ReflectiveMethodInvocation.java:184)
	at org.springframework.aop.framework.CglibAopProxy$CglibMethodInvocation.proceed(CglibAopProxy.java:765)
	at org.springframework.aop.framework.CglibAopProxy$DynamicAdvisedInterceptor.intercept(CglibAopProxy.java:717)
	at com.microserviceone.users.termsAndConditionsApi.application.usecase.ValidateExistTermUseCase$$SpringCGLIB$$0.validateTerm(<generated>)
	at com.microserviceone.users.termsAndConditionsApi.application.usecase.AcceptTermUseCase.acceptTerm(AcceptTermUseCase.java:32)
	at java.base/jdk.internal.reflect.NativeMethodAccessorImpl.invoke0(Native Method)
	at java.base/jdk.internal.reflect.NativeMethodAccessorImpl.invoke(NativeMethodAccessorImpl.java:77)
	at java.base/jdk.internal.reflect.DelegatingMethodAccessorImpl.invoke(DelegatingMethodAccessorImpl.java:43)
	at java.base/java.lang.reflect.Method.invoke(Method.java:569)
	at org.springframework.aop.support.AopUtils.invokeJoinpointUsingReflection(AopUtils.java:351)
	at org.springframework.aop.framework.ReflectiveMethodInvocation.invokeJoinpoint(ReflectiveMethodInvocation.java:196)
	at org.springframework.aop.framework.ReflectiveMethodInvocation.proceed(ReflectiveMethodInvocation.java:163)
	at org.springframework.aop.framework.CglibAopProxy$CglibMethodInvocation.proceed(CglibAopProxy.java:765)
	at org.springframework.transaction.interceptor.TransactionInterceptor$1.proceedWithInvocation(TransactionInterceptor.java:123)
	at org.springframework.transaction.interceptor.TransactionAspectSupport.invokeWithinTransaction(TransactionAspectSupport.java:385)
	at org.springframework.transaction.interceptor.TransactionInterceptor.invoke(TransactionInterceptor.java:119)
	at org.springframework.aop.framework.ReflectiveMethodInvocation.proceed(ReflectiveMethodInvocation.java:184)
	at org.springframework.aop.framework.CglibAopProxy$CglibMethodInvocation.proceed(CglibAopProxy.java:765)
	at org.springframework.aop.framework.CglibAopProxy$DynamicAdvisedInterceptor.intercept(CglibAopProxy.java:717)
	at com.microserviceone.users.termsAndConditionsApi.application.usecase.AcceptTermUseCase$$SpringCGLIB$$0.acceptTerm(<generated>)
	at com.microserviceone.users.termsAndConditionsApi.application.usecase.AcceptAllTermsUseCase.acceptAll(AcceptAllTermsUseCase.java:29)
	at com.microserviceone.users.termsAndConditionsApi.application.service.TermsService.acceptAll(TermsService.java:169)
	at com.microserviceone.users.termsAndConditionsApi.web.controller.TermController.acceptMultipleTerms(TermController.java:97)
	at java.base/jdk.internal.reflect.NativeMethodAccessorImpl.invoke0(Native Method)
	at java.base/jdk.internal.reflect.NativeMethodAccessorImpl.invoke(NativeMethodAccessorImpl.java:77)
	at java.base/jdk.internal.reflect.DelegatingMethodAccessorImpl.invoke(DelegatingMethodAccessorImpl.java:43)
	at java.base/java.lang.reflect.Method.invoke(Method.java:569)
	at org.springframework.web.method.support.InvocableHandlerMethod.doInvoke(InvocableHandlerMethod.java:259)
	at org.springframework.web.method.support.InvocableHandlerMethod.invokeForRequest(InvocableHandlerMethod.java:192)
	at org.springframework.web.servlet.mvc.method.annotation.ServletInvocableHandlerMethod.invokeAndHandle(ServletInvocableHandlerMethod.java:118)
	at org.springframework.web.servlet.mvc.method.annotation.RequestMappingHandlerAdapter.invokeHandlerMethod(RequestMappingHandlerAdapter.java:920)
	at org.springframework.web.servlet.mvc.method.annotation.RequestMappingHandlerAdapter.handleInternal(RequestMappingHandlerAdapter.java:830)
	at org.springframework.web.servlet.mvc.method.AbstractHandlerMethodAdapter.handle(AbstractHandlerMethodAdapter.java:87)
	at org.springframework.web.servlet.DispatcherServlet.doDispatch(DispatcherServlet.java:1089)
	at org.springframework.web.servlet.DispatcherServlet.doService(DispatcherServlet.java:979)
	at org.springframework.web.servlet.FrameworkServlet.processRequest(FrameworkServlet.java:1014)
	at org.springframework.web.servlet.FrameworkServlet.doPost(FrameworkServlet.java:914)
	at jakarta.servlet.http.HttpServlet.service(HttpServlet.java:590)
	at org.springframework.web.servlet.FrameworkServlet.service(FrameworkServlet.java:885)
	at jakarta.servlet.http.HttpServlet.service(HttpServlet.java:658)
	at org.apache.catalina.core.ApplicationFilterChain.internalDoFilter(ApplicationFilterChain.java:205)
	at org.apache.catalina.core.ApplicationFilterChain.doFilter(ApplicationFilterChain.java:149)
	at org.apache.tomcat.websocket.server.WsFilter.doFilter(WsFilter.java:51)
	at org.apache.catalina.core.ApplicationFilterChain.internalDoFilter(ApplicationFilterChain.java:174)
	at org.apache.catalina.core.ApplicationFilterChain.doFilter(ApplicationFilterChain.java:149)
	at org.springframework.web.filter.OncePerRequestFilter.doFilter(OncePerRequestFilter.java:110)
	at org.apache.catalina.core.ApplicationFilterChain.internalDoFilter(ApplicationFilterChain.java:174)
	at org.apache.catalina.core.ApplicationFilterChain.doFilter(ApplicationFilterChain.java:149)
	at org.springframework.web.filter.CompositeFilter$VirtualFilterChain.doFilter(CompositeFilter.java:108)
	at org.springframework.security.web.FilterChainProxy.lambda$doFilterInternal$3(FilterChainProxy.java:231)
	at org.springframework.security.web.ObservationFilterChainDecorator$FilterObservation$SimpleFilterObservation.lambda$wrap$1(ObservationFilterChainDecorator.java:479)
	at org.springframework.security.web.ObservationFilterChainDecorator$AroundFilterObservation$SimpleAroundFilterObservation.lambda$wrap$1(ObservationFilterChainDecorator.java:340)
	at org.springframework.security.web.ObservationFilterChainDecorator.lambda$wrapSecured$0(ObservationFilterChainDecorator.java:82)
	at org.springframework.security.web.ObservationFilterChainDecorator$VirtualFilterChain.doFilter(ObservationFilterChainDecorator.java:128)
	at org.springframework.security.web.access.intercept.AuthorizationFilter.doFilter(AuthorizationFilter.java:100)
	at org.springframework.security.web.ObservationFilterChainDecorator$ObservationFilter.wrapFilter(ObservationFilterChainDecorator.java:240)
	at org.springframework.security.web.ObservationFilterChainDecorator$ObservationFilter.doFilter(ObservationFilterChainDecorator.java:227)
	at org.springframework.security.web.ObservationFilterChainDecorator$VirtualFilterChain.doFilter(ObservationFilterChainDecorator.java:137)
	at org.springframework.security.web.access.ExceptionTranslationFilter.doFilter(ExceptionTranslationFilter.java:126)
	at org.springframework.security.web.access.ExceptionTranslationFilter.doFilter(ExceptionTranslationFilter.java:120)
	at org.springframework.security.web.ObservationFilterChainDecorator$ObservationFilter.wrapFilter(ObservationFilterChainDecorator.java:240)
	at org.springframework.security.web.ObservationFilterChainDecorator$ObservationFilter.doFilter(ObservationFilterChainDecorator.java:227)
	at org.springframework.security.web.ObservationFilterChainDecorator$VirtualFilterChain.doFilter(ObservationFilterChainDecorator.java:137)
	at org.springframework.security.web.authentication.AnonymousAuthenticationFilter.doFilter(AnonymousAuthenticationFilter.java:100)
	at org.springframework.security.web.ObservationFilterChainDecorator$ObservationFilter.wrapFilter(ObservationFilterChainDecorator.java:240)
	at org.springframework.security.web.ObservationFilterChainDecorator$ObservationFilter.doFilter(ObservationFilterChainDecorator.java:227)
	at org.springframework.security.web.ObservationFilterChainDecorator$VirtualFilterChain.doFilter(ObservationFilterChainDecorator.java:137)
	at org.springframework.security.web.servletapi.SecurityContextHolderAwareRequestFilter.doFilter(SecurityContextHolderAwareRequestFilter.java:179)
	at org.springframework.security.web.ObservationFilterChainDecorator$ObservationFilter.wrapFilter(ObservationFilterChainDecorator.java:240)
	at org.springframework.security.web.ObservationFilterChainDecorator$ObservationFilter.doFilter(ObservationFilterChainDecorator.java:227)
	at org.springframework.security.web.ObservationFilterChainDecorator$VirtualFilterChain.doFilter(ObservationFilterChainDecorator.java:137)
	at org.springframework.security.web.savedrequest.RequestCacheAwareFilter.doFilter(RequestCacheAwareFilter.java:63)
	at org.springframework.security.web.ObservationFilterChainDecorator$ObservationFilter.wrapFilter(ObservationFilterChainDecorator.java:240)
	at org.springframework.security.web.ObservationFilterChainDecorator$ObservationFilter.doFilter(ObservationFilterChainDecorator.java:227)
	at org.springframework.security.web.ObservationFilterChainDecorator$VirtualFilterChain.doFilter(ObservationFilterChainDecorator.java:137)
	at com.microserviceone.users.core.config.internalSecurity.InternalJwtFilter.doFilterInternal(InternalJwtFilter.java:96)
	at org.springframework.web.filter.OncePerRequestFilter.doFilter(OncePerRequestFilter.java:116)
	at org.springframework.security.web.ObservationFilterChainDecorator$ObservationFilter.wrapFilter(ObservationFilterChainDecorator.java:240)
	at org.springframework.security.web.ObservationFilterChainDecorator$ObservationFilter.doFilter(ObservationFilterChainDecorator.java:227)
	at org.springframework.security.web.ObservationFilterChainDecorator$VirtualFilterChain.doFilter(ObservationFilterChainDecorator.java:137)
	at org.springframework.security.web.authentication.logout.LogoutFilter.doFilter(LogoutFilter.java:107)
	at org.springframework.security.web.authentication.logout.LogoutFilter.doFilter(LogoutFilter.java:93)
	at org.springframework.security.web.ObservationFilterChainDecorator$ObservationFilter.wrapFilter(ObservationFilterChainDecorator.java:240)
	at org.springframework.security.web.ObservationFilterChainDecorator$ObservationFilter.doFilter(ObservationFilterChainDecorator.java:227)
	at org.springframework.security.web.ObservationFilterChainDecorator$VirtualFilterChain.doFilter(ObservationFilterChainDecorator.java:137)
	at org.springframework.web.filter.CorsFilter.doFilterInternal(CorsFilter.java:91)
	at org.springframework.web.filter.OncePerRequestFilter.doFilter(OncePerRequestFilter.java:116)
	at org.springframework.security.web.ObservationFilterChainDecorator$ObservationFilter.wrapFilter(ObservationFilterChainDecorator.java:240)
	at org.springframework.security.web.ObservationFilterChainDecorator$ObservationFilter.doFilter(ObservationFilterChainDecorator.java:227)
	at org.springframework.security.web.ObservationFilterChainDecorator$VirtualFilterChain.doFilter(ObservationFilterChainDecorator.java:137)
	at org.springframework.security.web.header.HeaderWriterFilter.doHeadersAfter(HeaderWriterFilter.java:90)
	at org.springframework.security.web.header.HeaderWriterFilter.doFilterInternal(HeaderWriterFilter.java:75)
	at org.springframework.web.filter.OncePerRequestFilter.doFilter(OncePerRequestFilter.java:116)
	at org.springframework.security.web.ObservationFilterChainDecorator$ObservationFilter.wrapFilter(ObservationFilterChainDecorator.java:240)
	at org.springframework.security.web.ObservationFilterChainDecorator$ObservationFilter.doFilter(ObservationFilterChainDecorator.java:227)
	at org.springframework.security.web.ObservationFilterChainDecorator$VirtualFilterChain.doFilter(ObservationFilterChainDecorator.java:137)
	at org.springframework.security.web.context.SecurityContextHolderFilter.doFilter(SecurityContextHolderFilter.java:82)
	at org.springframework.security.web.context.SecurityContextHolderFilter.doFilter(SecurityContextHolderFilter.java:69)
	at org.springframework.security.web.ObservationFilterChainDecorator$ObservationFilter.wrapFilter(ObservationFilterChainDecorator.java:240)
	at org.springframework.security.web.ObservationFilterChainDecorator$ObservationFilter.doFilter(ObservationFilterChainDecorator.java:227)
	at org.springframework.security.web.ObservationFilterChainDecorator$VirtualFilterChain.doFilter(ObservationFilterChainDecorator.java:137)
	at org.springframework.security.web.context.request.async.WebAsyncManagerIntegrationFilter.doFilterInternal(WebAsyncManagerIntegrationFilter.java:62)
	at org.springframework.web.filter.OncePerRequestFilter.doFilter(OncePerRequestFilter.java:116)
	at org.springframework.security.web.ObservationFilterChainDecorator$ObservationFilter.wrapFilter(ObservationFilterChainDecorator.java:240)
	at org.springframework.security.web.ObservationFilterChainDecorator$ObservationFilter.doFilter(ObservationFilterChainDecorator.java:227)
	at org.springframework.security.web.ObservationFilterChainDecorator$VirtualFilterChain.doFilter(ObservationFilterChainDecorator.java:137)
	at org.springframework.security.web.session.DisableEncodeUrlFilter.doFilterInternal(DisableEncodeUrlFilter.java:42)
	at org.springframework.web.filter.OncePerRequestFilter.doFilter(OncePerRequestFilter.java:116)
	at org.springframework.security.web.ObservationFilterChainDecorator$ObservationFilter.wrapFilter(ObservationFilterChainDecorator.java:240)
	at org.springframework.security.web.ObservationFilterChainDecorator$AroundFilterObservation$SimpleAroundFilterObservation.lambda$wrap$0(ObservationFilterChainDecorator.java:323)
	at org.springframework.security.web.ObservationFilterChainDecorator$ObservationFilter.doFilter(ObservationFilterChainDecorator.java:224)
	at org.springframework.security.web.ObservationFilterChainDecorator$VirtualFilterChain.doFilter(ObservationFilterChainDecorator.java:137)
	at org.springframework.security.web.FilterChainProxy.doFilterInternal(FilterChainProxy.java:233)
	at org.springframework.security.web.FilterChainProxy.doFilter(FilterChainProxy.java:191)
	at org.springframework.web.filter.CompositeFilter$VirtualFilterChain.doFilter(CompositeFilter.java:113)
	at org.springframework.web.servlet.handler.HandlerMappingIntrospector.lambda$createCacheFilter$3(HandlerMappingIntrospector.java:195)
	at org.springframework.web.filter.CompositeFilter$VirtualFilterChain.doFilter(CompositeFilter.java:113)
	at org.springframework.web.filter.CompositeFilter.doFilter(CompositeFilter.java:74)
	at org.springframework.security.config.annotation.web.configuration.WebMvcSecurityConfiguration$CompositeFilterChainProxy.doFilter(WebMvcSecurityConfiguration.java:230)
	at org.springframework.web.filter.DelegatingFilterProxy.invokeDelegate(DelegatingFilterProxy.java:352)
	at org.springframework.web.filter.DelegatingFilterProxy.doFilter(DelegatingFilterProxy.java:268)
	at org.apache.catalina.core.ApplicationFilterChain.internalDoFilter(ApplicationFilterChain.java:174)
	at org.apache.catalina.core.ApplicationFilterChain.doFilter(ApplicationFilterChain.java:149)
	at org.springframework.web.filter.RequestContextFilter.doFilterInternal(RequestContextFilter.java:100)
	at org.springframework.web.filter.OncePerRequestFilter.doFilter(OncePerRequestFilter.java:116)
	at org.apache.catalina.core.ApplicationFilterChain.internalDoFilter(ApplicationFilterChain.java:174)
	at org.apache.catalina.core.ApplicationFilterChain.doFilter(ApplicationFilterChain.java:149)
	at org.springframework.web.filter.FormContentFilter.doFilterInternal(FormContentFilter.java:93)
	at org.springframework.web.filter.OncePerRequestFilter.doFilter(OncePerRequestFilter.java:116)
	at org.apache.catalina.core.ApplicationFilterChain.internalDoFilter(ApplicationFilterChain.java:174)
	at org.apache.catalina.core.ApplicationFilterChain.doFilter(ApplicationFilterChain.java:149)
	at org.springframework.web.filter.ServerHttpObservationFilter.doFilterInternal(ServerHttpObservationFilter.java:109)
	at org.springframework.web.filter.OncePerRequestFilter.doFilter(OncePerRequestFilter.java:116)
	at org.apache.catalina.core.ApplicationFilterChain.internalDoFilter(ApplicationFilterChain.java:174)
	at org.apache.catalina.core.ApplicationFilterChain.doFilter(ApplicationFilterChain.java:149)
	at org.springframework.web.filter.CharacterEncodingFilter.doFilterInternal(CharacterEncodingFilter.java:201)
	at org.springframework.web.filter.OncePerRequestFilter.doFilter(OncePerRequestFilter.java:116)
	at org.apache.catalina.core.ApplicationFilterChain.internalDoFilter(ApplicationFilterChain.java:174)
	at org.apache.catalina.core.ApplicationFilterChain.doFilter(ApplicationFilterChain.java:149)
	at org.apache.catalina.core.StandardWrapperValve.invoke(StandardWrapperValve.java:167)
	at org.apache.catalina.core.StandardContextValve.invoke(StandardContextValve.java:90)
	at org.apache.catalina.authenticator.AuthenticatorBase.invoke(AuthenticatorBase.java:482)
	at org.apache.catalina.core.StandardHostValve.invoke(StandardHostValve.java:115)
	at org.apache.catalina.valves.ErrorReportValve.invoke(ErrorReportValve.java:93)
	at org.apache.catalina.core.StandardEngineValve.invoke(StandardEngineValve.java:74)
	at org.apache.catalina.connector.CoyoteAdapter.service(CoyoteAdapter.java:344)
	at org.apache.coyote.http11.Http11Processor.service(Http11Processor.java:391)
	at org.apache.coyote.AbstractProcessorLight.process(AbstractProcessorLight.java:63)
	at org.apache.coyote.AbstractProtocol$ConnectionHandler.process(AbstractProtocol.java:896)
	at org.apache.tomcat.util.net.NioEndpoint$SocketProcessor.doRun(NioEndpoint.java:1744)
	at org.apache.tomcat.util.net.SocketProcessorBase.run(SocketProcessorBase.java:52)
	at org.apache.tomcat.util.threads.ThreadPoolExecutor.runWorker(ThreadPoolExecutor.java:1191)
	at org.apache.tomcat.util.threads.ThreadPoolExecutor$Worker.run(ThreadPoolExecutor.java:659)
	at org.apache.tomcat.util.threads.TaskThread$WrappingRunnable.run(TaskThread.java:63)
	at java.base/java.lang.Thread.run(Thread.java:840)
2025-07-10 23:08:31 [http-nio-8082-exec-8] INFO  c.m.u.core.logging.LoggingService - TermsService: Aceptación múltiple completada - UserID: 1, Términos aceptados: 0, Cantidad: 0
2025-07-10 23:08:31 [http-nio-8082-exec-8] DEBUG o.s.w.s.m.m.a.HttpEntityMethodProcessor - Using 'application/json', given [application/json, application/*+json] and supported [application/json, application/*+json]
2025-07-10 23:08:31 [http-nio-8082-exec-8] DEBUG o.s.w.s.m.m.a.HttpEntityMethodProcessor - Writing [com.microserviceone.users.termsAndConditionsApi.web.dto.ApiResponse@58c2ed7d]
2025-07-10 23:08:31 [http-nio-8082-exec-4] DEBUG o.s.web.client.RestTemplate - Response 200 OK
2025-07-10 23:08:31 [http-nio-8082-exec-4] DEBUG o.s.web.client.RestTemplate - Reading to [com.microserviceone.users.registrationApi.web.dto.ApiResponse<?>]
2025-07-10 23:08:31 [http-nio-8082-exec-8] DEBUG o.s.web.servlet.DispatcherServlet - Completed 200 OK
2025-07-10 23:08:31 [http-nio-8082-exec-4] INFO  c.m.u.core.logging.LoggingService - Términos y condiciones aceptados exitosamente para usuario ID: 1
2025-07-10 23:08:31 [http-nio-8082-exec-4] DEBUG c.m.u.core.logging.LoggingService - Mapeando respuesta para cliente ID: 1
2025-07-10 23:08:31 [http-nio-8082-exec-4] DEBUG c.m.u.core.logging.LoggingService - Mapeando User a UserResponse - ID: 1, Email: sebasagudelo1012@gmail.com, Tipo: Customer
2025-07-10 23:08:31 [http-nio-8082-exec-4] DEBUG c.m.u.core.logging.LoggingService - Campos específicos de Customer agregados - Fecha de nacimiento: 2006-04-02
2025-07-10 23:08:31 [http-nio-8082-exec-4] DEBUG c.m.u.core.logging.LoggingService - UserResponse mapeado exitosamente - ID: 1, Email: sebasagudelo1012@gmail.com, Rol: CUSTOMER
2025-07-10 23:08:31 [http-nio-8082-exec-4] INFO  c.m.u.core.logging.LoggingService - Cliente registrado exitosamente - ID: 1, Email: sebasagudelo1012@gmail.com, Rol: CUSTOMER
2025-07-10 23:08:31 [http-nio-8082-exec-4] DEBUG o.s.w.s.m.m.a.HttpEntityMethodProcessor - Using 'application/json', given [*/*] and supported [application/json, application/*+json]
2025-07-10 23:08:31 [http-nio-8082-exec-4] DEBUG o.s.w.s.m.m.a.HttpEntityMethodProcessor - Writing [ApiResponse(success=true, message=Customer registered successfully, data=UserResponse(id=1, name=See (truncated)...]
2025-07-10 23:08:31 [http-nio-8082-exec-4] DEBUG o.s.web.servlet.DispatcherServlet - Completed 201 CREATED
2025-07-10 23:08:31 [AsyncReporter{org.springframework.boot.actuate.autoconfigure.tracing.zipkin.ZipkinWebClientSender@4ea20849}] DEBUG o.s.w.r.f.client.ExchangeFunctions - [bbb6f3c] HTTP POST http://localhost:9411/api/v2/spans%20
2025-07-10 23:08:38 [http-nio-8082-exec-10] DEBUG c.m.u.core.logging.LoggingService - InternalJwtFilter: Procesando solicitud: /register/id/1
2025-07-10 23:08:38 [http-nio-8082-exec-10] DEBUG c.m.u.core.logging.LoggingService - InternalJwtFilter: Path '/register/id/1' requiere JWT: false
2025-07-10 23:08:38 [http-nio-8082-exec-10] DEBUG c.m.u.core.logging.LoggingService - InternalJwtFilter: Path no protegido, continuando sin validación JWT
2025-07-10 23:08:38 [http-nio-8082-exec-10] DEBUG o.s.web.servlet.DispatcherServlet - PATCH "/register/id/1", parameters={}
2025-07-10 23:08:38 [http-nio-8082-exec-10] DEBUG o.s.w.s.m.m.a.RequestMappingHandlerMapping - Mapped to com.microserviceone.users.registrationApi.web.controller.RegisterController#updateLastLogin(Long)
2025-07-10 23:08:38 [http-nio-8082-exec-10] INFO  c.m.u.core.logging.LoggingService - Validando existencia de usuario con ID: 1
2025-07-10 23:08:38 [http-nio-8082-exec-10] INFO  c.m.u.core.logging.LoggingService - AdapterRegister: Buscando usuario en la base de datos por ID: 1
2025-07-10 23:08:38 [http-nio-8082-exec-10] DEBUG c.m.u.core.logging.LoggingService - AdapterRegister: Usuario encontrado en la base de datos - ID: 1
2025-07-10 23:08:38 [http-nio-8082-exec-10] DEBUG c.m.u.core.logging.LoggingService - UserMapper: Convirtiendo entidad a dominio - ID: 1, Tipo: CustomerEntity
2025-07-10 23:08:38 [http-nio-8082-exec-10] DEBUG c.m.u.core.logging.LoggingService - UserMapper: CustomerEntity convertido a Customer - ID: 1, Email: sebasagudelo1012@gmail.com, Fecha nacimiento: 2006-04-02
2025-07-10 23:08:38 [http-nio-8082-exec-10] DEBUG c.m.u.core.logging.LoggingService - Usuario encontrado con ID: 1
2025-07-10 23:08:38 [http-nio-8082-exec-10] INFO  c.m.u.core.logging.LoggingService - AdapterRegister: Buscando usuario en la base de datos por ID: 1
2025-07-10 23:08:38 [http-nio-8082-exec-10] DEBUG c.m.u.core.logging.LoggingService - AdapterRegister: Usuario encontrado en la base de datos - ID: 1
2025-07-10 23:08:38 [http-nio-8082-exec-10] DEBUG c.m.u.core.logging.LoggingService - UserMapper: Convirtiendo entidad a dominio - ID: 1, Tipo: CustomerEntity
2025-07-10 23:08:38 [http-nio-8082-exec-10] DEBUG c.m.u.core.logging.LoggingService - UserMapper: CustomerEntity convertido a Customer - ID: 1, Email: sebasagudelo1012@gmail.com, Fecha nacimiento: 2006-04-02
2025-07-10 23:08:38 [http-nio-8082-exec-10] INFO  c.m.u.core.logging.LoggingService - AdapterRegister: Actualizando usuario en la base de datos - ID: 1, Email: sebasagudelo1012@gmail.com
2025-07-10 23:08:38 [http-nio-8082-exec-10] DEBUG c.m.u.core.logging.LoggingService - UserMapper: Convirtiendo dominio a entidad - Email: sebasagudelo1012@gmail.com, Tipo: Customer
2025-07-10 23:08:38 [http-nio-8082-exec-10] DEBUG c.m.u.core.logging.LoggingService - UserMapper: Mapeando campos comunes - Email: sebasagudelo1012@gmail.com
2025-07-10 23:08:38 [http-nio-8082-exec-10] DEBUG c.m.u.core.logging.LoggingService - UserMapper: Campos comunes mapeados exitosamente - Email: sebasagudelo1012@gmail.com, Rol: CUSTOMER
2025-07-10 23:08:38 [http-nio-8082-exec-10] DEBUG c.m.u.core.logging.LoggingService - UserMapper: Customer convertido a CustomerEntity - Email: sebasagudelo1012@gmail.com, Fecha nacimiento: 2006-04-02
2025-07-10 23:08:39 [http-nio-8082-exec-10] DEBUG c.m.u.core.logging.LoggingService - AdapterRegister: Usuario actualizado en la base de datos - ID: 1, Email: sebasagudelo1012@gmail.com
2025-07-10 23:08:39 [http-nio-8082-exec-10] DEBUG c.m.u.core.logging.LoggingService - UserMapper: Convirtiendo entidad a dominio - ID: 1, Tipo: CustomerEntity
2025-07-10 23:08:39 [http-nio-8082-exec-10] DEBUG c.m.u.core.logging.LoggingService - UserMapper: CustomerEntity convertido a Customer - ID: 1, Email: sebasagudelo1012@gmail.com, Fecha nacimiento: 2006-04-02
2025-07-10 23:08:39 [AsyncReporter{org.springframework.boot.actuate.autoconfigure.tracing.zipkin.ZipkinWebClientSender@4ea20849}] DEBUG o.s.w.r.f.client.ExchangeFunctions - [3d5cd4a2] HTTP POST http://localhost:9411/api/v2/spans%20
2025-07-10 23:08:53 [DiscoveryClient-CacheRefreshExecutor-0] DEBUG o.s.web.client.RestTemplate - HTTP GET http://localhost:8081/eureka/apps/delta
2025-07-10 23:08:53 [DiscoveryClient-CacheRefreshExecutor-0] DEBUG o.s.web.client.RestTemplate - Accept=[application/json, application/*+json]
2025-07-10 23:08:53 [DiscoveryClient-CacheRefreshExecutor-0] DEBUG o.s.web.client.RestTemplate - Response 200 OK
2025-07-10 23:08:53 [DiscoveryClient-CacheRefreshExecutor-0] DEBUG o.s.web.client.RestTemplate - Reading to [org.springframework.cloud.netflix.eureka.http.EurekaApplications]
2025-07-10 23:08:53 [DiscoveryClient-HeartbeatExecutor-0] DEBUG o.s.web.client.RestTemplate - HTTP PUT http://localhost:8081/eureka/apps/USERS-SERVICE/192.168.114.78:users-service:8082?status=UP&lastDirtyTimestamp=1752206873342
2025-07-10 23:08:53 [DiscoveryClient-HeartbeatExecutor-0] DEBUG o.s.web.client.RestTemplate - Accept=[application/json, application/*+json]
2025-07-10 23:08:53 [DiscoveryClient-HeartbeatExecutor-0] DEBUG o.s.web.client.RestTemplate - Response 200 OK
2025-07-10 23:09:23 [DiscoveryClient-CacheRefreshExecutor-0] DEBUG o.s.web.client.RestTemplate - HTTP GET http://localhost:8081/eureka/apps/delta
2025-07-10 23:09:23 [DiscoveryClient-CacheRefreshExecutor-0] DEBUG o.s.web.client.RestTemplate - Accept=[application/json, application/*+json]
2025-07-10 23:09:23 [DiscoveryClient-CacheRefreshExecutor-0] DEBUG o.s.web.client.RestTemplate - Response 200 OK
2025-07-10 23:09:23 [DiscoveryClient-CacheRefreshExecutor-0] DEBUG o.s.web.client.RestTemplate - Reading to [org.springframework.cloud.netflix.eureka.http.EurekaApplications]
2025-07-10 23:09:23 [DiscoveryClient-HeartbeatExecutor-0] DEBUG o.s.web.client.RestTemplate - HTTP PUT http://localhost:8081/eureka/apps/USERS-SERVICE/192.168.114.78:users-service:8082?status=UP&lastDirtyTimestamp=1752206873342
2025-07-10 23:09:23 [DiscoveryClient-HeartbeatExecutor-0] DEBUG o.s.web.client.RestTemplate - Accept=[application/json, application/*+json]
2025-07-10 23:09:23 [DiscoveryClient-HeartbeatExecutor-0] DEBUG o.s.web.client.RestTemplate - Response 200 OK
2025-07-10 23:09:50 [restartedMain] INFO  c.m.users.UsersApplication - Starting UsersApplication using Java 17.0.15 with PID 377753 (/home/sebastian/Documentos/stranger-drug/users/target/classes started by sebastian in /home/sebastian/Documentos/stranger-drug)
2025-07-10 23:09:50 [restartedMain] DEBUG c.m.users.UsersApplication - Running with Spring Boot v3.2.3, Spring v6.1.4
2025-07-10 23:09:50 [restartedMain] INFO  c.m.users.UsersApplication - The following 6 profiles are active: "common", "database", "email", "logging", "security", "dev"
2025-07-10 23:09:53 [restartedMain] WARN  o.s.c.s.PostProcessorRegistrationDelegate$BeanPostProcessorChecker - Bean 'org.springframework.cloud.client.loadbalancer.LoadBalancerAutoConfiguration$LoadBalancerInterceptorConfig' of type [org.springframework.cloud.client.loadbalancer.LoadBalancerAutoConfiguration$LoadBalancerInterceptorConfig] is not eligible for getting processed by all BeanPostProcessors (for example: not eligible for auto-proxying). The currently created BeanPostProcessor [lbRestClientPostProcessor] is declared through a non-static factory method on that class; consider declaring it as static instead.
2025-07-10 23:09:53 [restartedMain] WARN  o.s.c.s.PostProcessorRegistrationDelegate$BeanPostProcessorChecker - Bean 'org.springframework.cloud.loadbalancer.config.BlockingLoadBalancerClientAutoConfiguration' of type [org.springframework.cloud.loadbalancer.config.BlockingLoadBalancerClientAutoConfiguration] is not eligible for getting processed by all BeanPostProcessors (for example: not eligible for auto-proxying). Is this bean getting eagerly injected into a currently created BeanPostProcessor [lbRestClientPostProcessor]? Check the corresponding BeanPostProcessor declaration and its dependencies.
2025-07-10 23:09:53 [restartedMain] WARN  o.s.c.s.PostProcessorRegistrationDelegate$BeanPostProcessorChecker - Bean 'org.springframework.cloud.loadbalancer.config.LoadBalancerAutoConfiguration' of type [org.springframework.cloud.loadbalancer.config.LoadBalancerAutoConfiguration] is not eligible for getting processed by all BeanPostProcessors (for example: not eligible for auto-proxying). Is this bean getting eagerly injected into a currently created BeanPostProcessor [lbRestClientPostProcessor]? Check the corresponding BeanPostProcessor declaration and its dependencies.
2025-07-10 23:09:53 [restartedMain] WARN  o.s.c.s.PostProcessorRegistrationDelegate$BeanPostProcessorChecker - Bean 'org.springframework.cloud.commons.config.CommonsConfigAutoConfiguration' of type [org.springframework.cloud.commons.config.CommonsConfigAutoConfiguration] is not eligible for getting processed by all BeanPostProcessors (for example: not eligible for auto-proxying). Is this bean getting eagerly injected into a currently created BeanPostProcessor [lbRestClientPostProcessor]? Check the corresponding BeanPostProcessor declaration and its dependencies.
2025-07-10 23:09:53 [restartedMain] WARN  o.s.c.s.PostProcessorRegistrationDelegate$BeanPostProcessorChecker - Bean 'org.springframework.cloud.client.loadbalancer.LoadBalancerDefaultMappingsProviderAutoConfiguration' of type [org.springframework.cloud.client.loadbalancer.LoadBalancerDefaultMappingsProviderAutoConfiguration] is not eligible for getting processed by all BeanPostProcessors (for example: not eligible for auto-proxying). Is this bean getting eagerly injected into a currently created BeanPostProcessor [lbRestClientPostProcessor]? Check the corresponding BeanPostProcessor declaration and its dependencies.
2025-07-10 23:09:53 [restartedMain] WARN  o.s.c.s.PostProcessorRegistrationDelegate$BeanPostProcessorChecker - Bean 'loadBalancerClientsDefaultsMappingsProvider' of type [org.springframework.cloud.client.loadbalancer.LoadBalancerDefaultMappingsProviderAutoConfiguration$$Lambda$761/0x00007f1384567bb0] is not eligible for getting processed by all BeanPostProcessors (for example: not eligible for auto-proxying). Is this bean getting eagerly injected into a currently created BeanPostProcessor [lbRestClientPostProcessor]? Check the corresponding BeanPostProcessor declaration and its dependencies.
2025-07-10 23:09:53 [restartedMain] WARN  o.s.c.s.PostProcessorRegistrationDelegate$BeanPostProcessorChecker - Bean 'defaultsBindHandlerAdvisor' of type [org.springframework.cloud.commons.config.DefaultsBindHandlerAdvisor] is not eligible for getting processed by all BeanPostProcessors (for example: not eligible for auto-proxying). Is this bean getting eagerly injected into a currently created BeanPostProcessor [lbRestClientPostProcessor]? Check the corresponding BeanPostProcessor declaration and its dependencies.
2025-07-10 23:09:53 [restartedMain] WARN  o.s.c.s.PostProcessorRegistrationDelegate$BeanPostProcessorChecker - Bean 'spring.cloud.loadbalancer-org.springframework.cloud.client.loadbalancer.LoadBalancerClientsProperties' of type [org.springframework.cloud.client.loadbalancer.LoadBalancerClientsProperties] is not eligible for getting processed by all BeanPostProcessors (for example: not eligible for auto-proxying). Is this bean getting eagerly injected into a currently created BeanPostProcessor [lbRestClientPostProcessor]? Check the corresponding BeanPostProcessor declaration and its dependencies.
2025-07-10 23:09:53 [restartedMain] WARN  o.s.c.s.PostProcessorRegistrationDelegate$BeanPostProcessorChecker - Bean 'default.org.springframework.cloud.loadbalancer.config.LoadBalancerAutoConfiguration.LoadBalancerClientSpecification' of type [org.springframework.cloud.loadbalancer.annotation.LoadBalancerClientSpecification] is not eligible for getting processed by all BeanPostProcessors (for example: not eligible for auto-proxying). Is this bean getting eagerly injected into a currently created BeanPostProcessor [lbRestClientPostProcessor]? Check the corresponding BeanPostProcessor declaration and its dependencies.
2025-07-10 23:09:53 [restartedMain] WARN  o.s.c.s.PostProcessorRegistrationDelegate$BeanPostProcessorChecker - Bean 'default.org.springframework.cloud.loadbalancer.config.BlockingLoadBalancerClientAutoConfiguration.LoadBalancerClientSpecification' of type [org.springframework.cloud.loadbalancer.annotation.LoadBalancerClientSpecification] is not eligible for getting processed by all BeanPostProcessors (for example: not eligible for auto-proxying). Is this bean getting eagerly injected into a currently created BeanPostProcessor [lbRestClientPostProcessor]? Check the corresponding BeanPostProcessor declaration and its dependencies.
2025-07-10 23:09:53 [restartedMain] WARN  o.s.c.s.PostProcessorRegistrationDelegate$BeanPostProcessorChecker - Bean 'default.org.springframework.cloud.netflix.eureka.loadbalancer.LoadBalancerEurekaAutoConfiguration.LoadBalancerClientSpecification' of type [org.springframework.cloud.loadbalancer.annotation.LoadBalancerClientSpecification] is not eligible for getting processed by all BeanPostProcessors (for example: not eligible for auto-proxying). Is this bean getting eagerly injected into a currently created BeanPostProcessor [lbRestClientPostProcessor]? Check the corresponding BeanPostProcessor declaration and its dependencies.
2025-07-10 23:09:53 [restartedMain] WARN  o.s.c.s.PostProcessorRegistrationDelegate$BeanPostProcessorChecker - Bean 'loadBalancerClientFactory' of type [org.springframework.cloud.loadbalancer.support.LoadBalancerClientFactory] is not eligible for getting processed by all BeanPostProcessors (for example: not eligible for auto-proxying). Is this bean getting eagerly injected into a currently created BeanPostProcessor [lbRestClientPostProcessor]? Check the corresponding BeanPostProcessor declaration and its dependencies.
2025-07-10 23:09:53 [restartedMain] WARN  o.s.c.s.PostProcessorRegistrationDelegate$BeanPostProcessorChecker - Bean 'blockingLoadBalancerClient' of type [org.springframework.cloud.loadbalancer.blocking.client.BlockingLoadBalancerClient] is not eligible for getting processed by all BeanPostProcessors (for example: not eligible for auto-proxying). Is this bean getting eagerly injected into a currently created BeanPostProcessor [lbRestClientPostProcessor]? Check the corresponding BeanPostProcessor declaration and its dependencies.
2025-07-10 23:09:53 [restartedMain] WARN  o.s.c.s.PostProcessorRegistrationDelegate$BeanPostProcessorChecker - Bean 'loadBalancerServiceInstanceCookieTransformer' of type [org.springframework.cloud.loadbalancer.core.LoadBalancerServiceInstanceCookieTransformer] is not eligible for getting processed by all BeanPostProcessors (for example: not eligible for auto-proxying). Is this bean getting eagerly injected into a currently created BeanPostProcessor [lbRestClientPostProcessor]? Check the corresponding BeanPostProcessor declaration and its dependencies.
2025-07-10 23:09:53 [restartedMain] WARN  o.s.c.s.PostProcessorRegistrationDelegate$BeanPostProcessorChecker - Bean 'xForwarderHeadersTransformer' of type [org.springframework.cloud.loadbalancer.blocking.XForwardedHeadersTransformer] is not eligible for getting processed by all BeanPostProcessors (for example: not eligible for auto-proxying). Is this bean getting eagerly injected into a currently created BeanPostProcessor [lbRestClientPostProcessor]? Check the corresponding BeanPostProcessor declaration and its dependencies.
2025-07-10 23:09:53 [restartedMain] WARN  o.s.c.s.PostProcessorRegistrationDelegate$BeanPostProcessorChecker - Bean 'org.springframework.cloud.client.loadbalancer.LoadBalancerAutoConfiguration' of type [org.springframework.cloud.client.loadbalancer.LoadBalancerAutoConfiguration] is not eligible for getting processed by all BeanPostProcessors (for example: not eligible for auto-proxying). Is this bean getting eagerly injected into a currently created BeanPostProcessor [lbRestClientPostProcessor]? Check the corresponding BeanPostProcessor declaration and its dependencies.
2025-07-10 23:09:53 [restartedMain] WARN  o.s.c.s.PostProcessorRegistrationDelegate$BeanPostProcessorChecker - Bean 'loadBalancerRequestFactory' of type [org.springframework.cloud.client.loadbalancer.LoadBalancerRequestFactory] is not eligible for getting processed by all BeanPostProcessors (for example: not eligible for auto-proxying). Is this bean getting eagerly injected into a currently created BeanPostProcessor [lbRestClientPostProcessor]? Check the corresponding BeanPostProcessor declaration and its dependencies.
2025-07-10 23:09:53 [restartedMain] WARN  o.s.c.s.PostProcessorRegistrationDelegate$BeanPostProcessorChecker - Bean 'loadBalancerInterceptor' of type [org.springframework.cloud.client.loadbalancer.LoadBalancerInterceptor] is not eligible for getting processed by all BeanPostProcessors (for example: not eligible for auto-proxying). Is this bean getting eagerly injected into a currently created BeanPostProcessor [lbRestClientPostProcessor]? Check the corresponding BeanPostProcessor declaration and its dependencies.
2025-07-10 23:09:53 [restartedMain] WARN  o.s.c.s.PostProcessorRegistrationDelegate$BeanPostProcessorChecker - Bean 'org.springframework.cloud.client.loadbalancer.reactive.LoadBalancerBeanPostProcessorAutoConfiguration' of type [org.springframework.cloud.client.loadbalancer.reactive.LoadBalancerBeanPostProcessorAutoConfiguration] is not eligible for getting processed by all BeanPostProcessors (for example: not eligible for auto-proxying). The currently created BeanPostProcessor [loadBalancerWebClientBuilderBeanPostProcessor] is declared through a non-static factory method on that class; consider declaring it as static instead.
2025-07-10 23:09:53 [restartedMain] WARN  o.s.c.s.PostProcessorRegistrationDelegate$BeanPostProcessorChecker - Bean 'org.springframework.cloud.client.loadbalancer.reactive.LoadBalancerBeanPostProcessorAutoConfiguration$ReactorDeferringLoadBalancerFilterConfig' of type [org.springframework.cloud.client.loadbalancer.reactive.LoadBalancerBeanPostProcessorAutoConfiguration$ReactorDeferringLoadBalancerFilterConfig] is not eligible for getting processed by all BeanPostProcessors (for example: not eligible for auto-proxying). Is this bean getting eagerly injected into a currently created BeanPostProcessor [loadBalancerWebClientBuilderBeanPostProcessor]? Check the corresponding BeanPostProcessor declaration and its dependencies.
2025-07-10 23:09:53 [restartedMain] WARN  o.s.c.s.PostProcessorRegistrationDelegate$BeanPostProcessorChecker - Bean 'reactorDeferringLoadBalancerExchangeFilterFunction' of type [org.springframework.cloud.client.loadbalancer.reactive.DeferringLoadBalancerExchangeFilterFunction] is not eligible for getting processed by all BeanPostProcessors (for example: not eligible for auto-proxying). Is this bean getting eagerly injected into a currently created BeanPostProcessor [loadBalancerWebClientBuilderBeanPostProcessor]? Check the corresponding BeanPostProcessor declaration and its dependencies.
2025-07-10 23:09:55 [restartedMain] DEBUG o.s.w.f.ServerHttpObservationFilter - Filter 'webMvcObservationFilter' configured for use
2025-07-10 23:09:55 [restartedMain] DEBUG c.m.u.c.c.i.InternalJwtFilter - Filter 'internalJwtFilter' configured for use
2025-07-10 23:09:56 [restartedMain] WARN  org.hibernate.orm.deprecation - HHH90000025: MariaDBDialect does not need to be specified explicitly using 'hibernate.dialect' (remove the property setting and it will be selected by default)
2025-07-10 23:09:58 [restartedMain] INFO  c.m.u.core.logging.LoggingService - CacheConfiguration: Cache manager configurado con 8 caches
2025-07-10 23:10:00 [restartedMain] WARN  o.s.b.a.o.j.JpaBaseConfiguration$JpaWebConfiguration - spring.jpa.open-in-view is enabled by default. Therefore, database queries may be performed during view rendering. Explicitly configure spring.jpa.open-in-view to disable this warning
2025-07-10 23:10:00 [restartedMain] WARN  o.s.b.a.s.s.UserDetailsServiceAutoConfiguration - 

Using generated security password: 82076a6d-f4bc-4d1e-b2e5-be0df9d9f49d

This generated password is for development use only. Your security configuration must be updated before running your application in production.

2025-07-10 23:10:01 [restartedMain] INFO  c.m.u.core.logging.LoggingService - SecurityConfig: Iniciando configuración de seguridad del microservicio users
2025-07-10 23:10:01 [restartedMain] DEBUG o.s.w.s.m.m.a.RequestMappingHandlerMapping - 26 mappings in 'requestMappingHandlerMapping'
2025-07-10 23:10:01 [restartedMain] DEBUG o.s.w.s.h.SimpleUrlHandlerMapping - Patterns [/webjars/**, /**, /swagger-ui*/*swagger-initializer.js, /swagger-ui*/**] in 'resourceHandlerMapping'
2025-07-10 23:10:01 [restartedMain] INFO  c.m.u.core.logging.LoggingService - SecurityConfig: Configuración de seguridad completada - Todos los endpoints permitidos, filtro JWT interno configurado
2025-07-10 23:10:02 [restartedMain] DEBUG o.s.w.s.m.m.a.RequestMappingHandlerAdapter - ControllerAdvice beans: 0 @ModelAttribute, 0 @InitBinder, 1 RequestBodyAdvice, 1 ResponseBodyAdvice
2025-07-10 23:10:02 [restartedMain] DEBUG o.s.w.s.m.m.a.ExceptionHandlerExceptionResolver - ControllerAdvice beans: 2 @ExceptionHandler, 1 ResponseBodyAdvice
2025-07-10 23:10:03 [restartedMain] INFO  c.netflix.discovery.DiscoveryClient - Initializing Eureka in region us-east-1
2025-07-10 23:10:03 [restartedMain] INFO  c.n.d.s.r.aws.ConfigClusterResolver - Resolving eureka endpoints via configuration
2025-07-10 23:10:03 [restartedMain] INFO  c.netflix.discovery.DiscoveryClient - Disable delta property : false
2025-07-10 23:10:03 [restartedMain] INFO  c.netflix.discovery.DiscoveryClient - Single vip registry refresh property : null
2025-07-10 23:10:03 [restartedMain] INFO  c.netflix.discovery.DiscoveryClient - Force full registry fetch : false
2025-07-10 23:10:03 [restartedMain] INFO  c.netflix.discovery.DiscoveryClient - Application is null : false
2025-07-10 23:10:03 [restartedMain] INFO  c.netflix.discovery.DiscoveryClient - Registered Applications size is zero : true
2025-07-10 23:10:03 [restartedMain] INFO  c.netflix.discovery.DiscoveryClient - Application version is -1: true
2025-07-10 23:10:03 [restartedMain] INFO  c.netflix.discovery.DiscoveryClient - Getting all instance registry info from the eureka server
2025-07-10 23:10:03 [restartedMain] DEBUG o.s.web.client.RestTemplate - HTTP GET http://localhost:8081/eureka/apps/
2025-07-10 23:10:03 [restartedMain] DEBUG o.s.web.client.RestTemplate - Accept=[application/json, application/*+json]
2025-07-10 23:10:03 [restartedMain] DEBUG o.s.web.client.RestTemplate - Response 200 OK
2025-07-10 23:10:03 [restartedMain] DEBUG o.s.web.client.RestTemplate - Reading to [org.springframework.cloud.netflix.eureka.http.EurekaApplications]
2025-07-10 23:10:03 [restartedMain] INFO  c.netflix.discovery.DiscoveryClient - The response status is 200
2025-07-10 23:10:03 [restartedMain] INFO  c.netflix.discovery.DiscoveryClient - Starting heartbeat executor: renew interval is: 30
2025-07-10 23:10:03 [restartedMain] INFO  c.n.discovery.InstanceInfoReplicator - InstanceInfoReplicator onDemand update allowed rate per min is 4
2025-07-10 23:10:03 [restartedMain] INFO  c.netflix.discovery.DiscoveryClient - Discovery Client initialized at timestamp 1752207003600 with initial instances count: 1
2025-07-10 23:10:03 [restartedMain] INFO  c.netflix.discovery.DiscoveryClient - Saw local status change event StatusChangeEvent [timestamp=1752207003621, current=UP, previous=STARTING]
2025-07-10 23:10:03 [DiscoveryClient-InstanceInfoReplicator-0] INFO  c.netflix.discovery.DiscoveryClient - DiscoveryClient_USERS-SERVICE/192.168.114.78:users-service:8082: registering service...
2025-07-10 23:10:03 [DiscoveryClient-InstanceInfoReplicator-0] DEBUG o.s.web.client.RestTemplate - HTTP POST http://localhost:8081/eureka/apps/USERS-SERVICE
2025-07-10 23:10:03 [DiscoveryClient-InstanceInfoReplicator-0] DEBUG o.s.web.client.RestTemplate - Accept=[application/json, application/*+json]
2025-07-10 23:10:03 [DiscoveryClient-InstanceInfoReplicator-0] DEBUG o.s.web.client.RestTemplate - Writing [InstanceInfo [instanceId = 192.168.114.78:users-service:8082, appName = USERS-SERVICE, hostName = 192.168.114.78, status = UP, ipAddr = 192.168.114.78, port = 8082, securePort = 443, dataCenterInfo = com.netflix.appinfo.MyDataCenterInfo@2af94137] as "application/json"
2025-07-10 23:10:03 [DiscoveryClient-InstanceInfoReplicator-0] DEBUG o.s.web.client.RestTemplate - Response 204 NO_CONTENT
2025-07-10 23:10:03 [DiscoveryClient-InstanceInfoReplicator-0] INFO  c.netflix.discovery.DiscoveryClient - DiscoveryClient_USERS-SERVICE/192.168.114.78:users-service:8082 - registration status: 204
2025-07-10 23:10:03 [restartedMain] INFO  c.m.users.UsersApplication - Started UsersApplication in 14.02 seconds (process running for 14.874)
2025-07-10 23:10:10 [http-nio-8082-exec-2] INFO  o.s.web.servlet.DispatcherServlet - Initializing Servlet 'dispatcherServlet'
2025-07-10 23:10:10 [http-nio-8082-exec-2] DEBUG o.s.web.servlet.DispatcherServlet - Detected StandardServletMultipartResolver
2025-07-10 23:10:10 [http-nio-8082-exec-2] DEBUG o.s.web.servlet.DispatcherServlet - Detected AcceptHeaderLocaleResolver
2025-07-10 23:10:10 [http-nio-8082-exec-2] DEBUG o.s.web.servlet.DispatcherServlet - Detected FixedThemeResolver
2025-07-10 23:10:10 [http-nio-8082-exec-2] DEBUG o.s.web.servlet.DispatcherServlet - Detected org.springframework.web.servlet.view.DefaultRequestToViewNameTranslator@2deeba88
2025-07-10 23:10:10 [http-nio-8082-exec-2] DEBUG o.s.web.servlet.DispatcherServlet - Detected org.springframework.web.servlet.support.SessionFlashMapManager@6b3a0bbe
2025-07-10 23:10:10 [http-nio-8082-exec-2] DEBUG o.s.web.servlet.DispatcherServlet - enableLoggingRequestDetails='false': request parameters and headers will be masked to prevent unsafe logging of potentially sensitive data
2025-07-10 23:10:10 [http-nio-8082-exec-2] INFO  o.s.web.servlet.DispatcherServlet - Completed initialization in 10 ms
2025-07-10 23:10:10 [http-nio-8082-exec-2] DEBUG c.m.u.core.logging.LoggingService - InternalJwtFilter: Procesando solicitud: /verification/send
2025-07-10 23:10:10 [http-nio-8082-exec-2] DEBUG c.m.u.core.logging.LoggingService - InternalJwtFilter: Path '/verification/send' requiere JWT: false
2025-07-10 23:10:10 [http-nio-8082-exec-2] DEBUG c.m.u.core.logging.LoggingService - InternalJwtFilter: Path no protegido, continuando sin validación JWT
2025-07-10 23:10:10 [http-nio-8082-exec-2] DEBUG o.s.web.servlet.DispatcherServlet - POST "/verification/send", parameters={}
2025-07-10 23:10:10 [http-nio-8082-exec-2] DEBUG o.s.w.s.m.m.a.RequestMappingHandlerMapping - Mapped to com.microserviceone.users.verificationCodeApi.web.controller.VerificationCodeController#sendVerificationCode(SendCodeRequest)
2025-07-10 23:10:10 [http-nio-8082-exec-2] DEBUG o.s.w.s.m.m.a.RequestResponseBodyMethodProcessor - Read "application/json;charset=UTF-8" to [com.microserviceone.users.verificationCodeApi.web.dto.SendCodeRequest@2bc18faa]
2025-07-10 23:10:11 [http-nio-8082-exec-2] INFO  c.m.u.core.logging.LoggingService - VerificationService: Enviando código de verificación - Email: sebasagudelo1012@gmail.com
2025-07-10 23:10:11 [http-nio-8082-exec-2] INFO  c.m.u.core.logging.LoggingService - SendVerificationCodeUseCase: Iniciando envío de código de verificación - Email: sebasagudelo1012@gmail.com
2025-07-10 23:10:11 [http-nio-8082-exec-2] DEBUG c.m.u.core.logging.LoggingService - SendVerificationCodeUseCase: Invalidando códigos anteriores - Email: sebasagudelo1012@gmail.com
2025-07-10 23:10:11 [http-nio-8082-exec-2] DEBUG c.m.u.core.logging.LoggingService - AdapterVerificationCode: Invalidando códigos anteriores - Email: sebasagudelo1012@gmail.com
2025-07-10 23:10:11 [http-nio-8082-exec-2] DEBUG c.m.u.core.logging.LoggingService - AdapterVerificationCode: Códigos anteriores invalidados exitosamente - Email: sebasagudelo1012@gmail.com
2025-07-10 23:10:11 [http-nio-8082-exec-2] DEBUG c.m.u.core.logging.LoggingService - SendVerificationCodeUseCase: Códigos anteriores invalidados - Email: sebasagudelo1012@gmail.com
2025-07-10 23:10:11 [http-nio-8082-exec-2] DEBUG c.m.u.core.logging.LoggingService - SendVerificationCodeUseCase: Generando nuevo código - Email: sebasagudelo1012@gmail.com
2025-07-10 23:10:11 [http-nio-8082-exec-2] DEBUG c.m.u.core.logging.LoggingService - ImplCodeGeneratorService: Generando código de verificación
2025-07-10 23:10:11 [http-nio-8082-exec-2] DEBUG c.m.u.core.logging.LoggingService - ImplCodeGeneratorService: Código generado exitosamente: 336271
2025-07-10 23:10:11 [http-nio-8082-exec-2] DEBUG c.m.u.core.logging.LoggingService - SendVerificationCodeUseCase: Código generado: 336271 para email: sebasagudelo1012@gmail.com
2025-07-10 23:10:11 [http-nio-8082-exec-2] DEBUG c.m.u.core.logging.LoggingService - SendVerificationCodeUseCase: Objeto VerificationCode creado - Email: sebasagudelo1012@gmail.com, Código: 336271
2025-07-10 23:10:11 [http-nio-8082-exec-2] DEBUG c.m.u.core.logging.LoggingService - AdapterVerificationCode: Guardando código de verificación - Email: sebasagudelo1012@gmail.com, Código: 336271
2025-07-10 23:10:11 [http-nio-8082-exec-2] DEBUG c.m.u.core.logging.LoggingService - AdapterVerificationCode: Código convertido a entidad - Email: sebasagudelo1012@gmail.com, Código: 336271
2025-07-10 23:10:11 [http-nio-8082-exec-2] DEBUG c.m.u.core.logging.LoggingService - AdapterVerificationCode: Código guardado en base de datos - ID: 1, Email: sebasagudelo1012@gmail.com, Código: 336271
2025-07-10 23:10:11 [http-nio-8082-exec-2] DEBUG c.m.u.core.logging.LoggingService - AdapterVerificationCode: Entidad convertida a dominio - ID: 1, Email: sebasagudelo1012@gmail.com, Código: 336271
2025-07-10 23:10:11 [http-nio-8082-exec-2] DEBUG c.m.u.core.logging.LoggingService - SendVerificationCodeUseCase: Código guardado en base de datos - Email: sebasagudelo1012@gmail.com, Código: 336271
2025-07-10 23:10:11 [http-nio-8082-exec-2] DEBUG c.m.u.core.logging.LoggingService - SendVerificationCodeUseCase: Enviando código por email - Email: sebasagudelo1012@gmail.com, Código: 336271
2025-07-10 23:10:11 [AsyncReporter{org.springframework.boot.actuate.autoconfigure.tracing.zipkin.ZipkinWebClientSender@4305720c}] DEBUG o.s.w.r.f.client.ExchangeFunctions - [1b0cd3fa] HTTP POST http://localhost:9411/api/v2/spans%20
2025-07-10 23:10:12 [AsyncReporter{org.springframework.boot.actuate.autoconfigure.tracing.zipkin.ZipkinWebClientSender@4305720c}] WARN  z.r.AsyncReporter$BoundedAsyncReporter - Spans were dropped due to exceptions. All subsequent errors will be logged at FINE level.
2025-07-10 23:10:12 [AsyncReporter{org.springframework.boot.actuate.autoconfigure.tracing.zipkin.ZipkinWebClientSender@4305720c}] WARN  z.r.AsyncReporter$BoundedAsyncReporter - Dropped 2 spans due to WebClientRequestException(finishConnect(..) failed: Conexión rehusada: localhost/[0:0:0:0:0:0:0:1]:9411)
org.springframework.web.reactive.function.client.WebClientRequestException: finishConnect(..) failed: Conexión rehusada: localhost/[0:0:0:0:0:0:0:1]:9411
	at org.springframework.web.reactive.function.client.ExchangeFunctions$DefaultExchangeFunction.lambda$wrapException$9(ExchangeFunctions.java:136)
	Suppressed: reactor.core.publisher.FluxOnAssembly$OnAssemblyException: 
Error has been observed at the following site(s):
	*__checkpoint ⇢ Request to POST http://localhost:9411/api/v2/spans%20 [DefaultWebClient]
Original Stack Trace:
		at org.springframework.web.reactive.function.client.ExchangeFunctions$DefaultExchangeFunction.lambda$wrapException$9(ExchangeFunctions.java:136)
		at reactor.core.publisher.MonoErrorSupplied.subscribe(MonoErrorSupplied.java:55)
		at reactor.core.publisher.Mono.subscribe(Mono.java:4563)
		at reactor.core.publisher.FluxOnErrorResume$ResumeSubscriber.onError(FluxOnErrorResume.java:103)
		at reactor.core.publisher.FluxPeek$PeekSubscriber.onError(FluxPeek.java:222)
		at reactor.core.publisher.FluxPeek$PeekSubscriber.onError(FluxPeek.java:222)
		at reactor.core.publisher.FluxPeek$PeekSubscriber.onError(FluxPeek.java:222)
		at reactor.core.publisher.MonoNext$NextSubscriber.onError(MonoNext.java:93)
		at reactor.core.publisher.MonoFlatMapMany$FlatMapManyMain.onError(MonoFlatMapMany.java:205)
		at reactor.core.publisher.SerializedSubscriber.onError(SerializedSubscriber.java:124)
		at reactor.core.publisher.FluxRetryWhen$RetryWhenMainSubscriber.whenError(FluxRetryWhen.java:229)
		at reactor.core.publisher.FluxRetryWhen$RetryWhenOtherSubscriber.onError(FluxRetryWhen.java:279)
		at reactor.core.publisher.FluxContextWrite$ContextWriteSubscriber.onError(FluxContextWrite.java:121)
		at reactor.core.publisher.FluxConcatMapNoPrefetch$FluxConcatMapNoPrefetchSubscriber.maybeOnError(FluxConcatMapNoPrefetch.java:327)
		at reactor.core.publisher.FluxConcatMapNoPrefetch$FluxConcatMapNoPrefetchSubscriber.onNext(FluxConcatMapNoPrefetch.java:212)
		at reactor.core.publisher.FluxContextWrite$ContextWriteSubscriber.onNext(FluxContextWrite.java:107)
		at reactor.core.publisher.SinkManyEmitterProcessor.drain(SinkManyEmitterProcessor.java:476)
		at reactor.core.publisher.SinkManyEmitterProcessor$EmitterInner.drainParent(SinkManyEmitterProcessor.java:620)
		at reactor.core.publisher.FluxPublish$PubSubInner.request(FluxPublish.java:874)
		at reactor.core.publisher.FluxContextWrite$ContextWriteSubscriber.request(FluxContextWrite.java:136)
		at reactor.core.publisher.FluxConcatMapNoPrefetch$FluxConcatMapNoPrefetchSubscriber.request(FluxConcatMapNoPrefetch.java:337)
		at reactor.core.publisher.FluxContextWrite$ContextWriteSubscriber.request(FluxContextWrite.java:136)
		at reactor.core.publisher.Operators$DeferredSubscription.request(Operators.java:1743)
		at reactor.core.publisher.FluxRetryWhen$RetryWhenMainSubscriber.onError(FluxRetryWhen.java:196)
		at reactor.core.publisher.MonoCreate$DefaultMonoSink.error(MonoCreate.java:205)
		at reactor.netty.http.client.HttpClientConnect$MonoHttpConnect$ClientTransportSubscriber.onError(HttpClientConnect.java:311)
		at reactor.core.publisher.MonoCreate$DefaultMonoSink.error(MonoCreate.java:205)
		at reactor.netty.resources.DefaultPooledConnectionProvider$DisposableAcquire.onError(DefaultPooledConnectionProvider.java:172)
		at reactor.netty.internal.shaded.reactor.pool.AbstractPool$Borrower.fail(AbstractPool.java:488)
		at reactor.netty.internal.shaded.reactor.pool.SimpleDequePool.lambda$drainLoop$9(SimpleDequePool.java:436)
		at reactor.core.publisher.FluxDoOnEach$DoOnEachSubscriber.onError(FluxDoOnEach.java:186)
		at reactor.core.publisher.MonoCreate$DefaultMonoSink.error(MonoCreate.java:205)
		at reactor.netty.resources.DefaultPooledConnectionProvider$PooledConnectionAllocator$PooledConnectionInitializer.onError(DefaultPooledConnectionProvider.java:583)
		at reactor.core.publisher.MonoFlatMap$FlatMapMain.secondError(MonoFlatMap.java:241)
		at reactor.core.publisher.MonoFlatMap$FlatMapInner.onError(MonoFlatMap.java:315)
		at reactor.core.publisher.FluxOnErrorResume$ResumeSubscriber.onError(FluxOnErrorResume.java:106)
		at reactor.core.publisher.SerializedSubscriber.onError(SerializedSubscriber.java:124)
		at reactor.core.publisher.FluxRetryWhen$RetryWhenMainSubscriber.whenError(FluxRetryWhen.java:229)
		at reactor.core.publisher.FluxRetryWhen$RetryWhenOtherSubscriber.onError(FluxRetryWhen.java:279)
		at reactor.core.publisher.FluxContextWrite$ContextWriteSubscriber.onError(FluxContextWrite.java:121)
		at reactor.core.publisher.FluxConcatMapNoPrefetch$FluxConcatMapNoPrefetchSubscriber.maybeOnError(FluxConcatMapNoPrefetch.java:327)
		at reactor.core.publisher.FluxConcatMapNoPrefetch$FluxConcatMapNoPrefetchSubscriber.onNext(FluxConcatMapNoPrefetch.java:212)
		at reactor.core.publisher.FluxContextWrite$ContextWriteSubscriber.onNext(FluxContextWrite.java:107)
		at reactor.core.publisher.SinkManyEmitterProcessor.drain(SinkManyEmitterProcessor.java:476)
		at reactor.core.publisher.SinkManyEmitterProcessor$EmitterInner.drainParent(SinkManyEmitterProcessor.java:620)
		at reactor.core.publisher.FluxPublish$PubSubInner.request(FluxPublish.java:874)
		at reactor.core.publisher.FluxContextWrite$ContextWriteSubscriber.request(FluxContextWrite.java:136)
		at reactor.core.publisher.FluxConcatMapNoPrefetch$FluxConcatMapNoPrefetchSubscriber.request(FluxConcatMapNoPrefetch.java:337)
		at reactor.core.publisher.FluxContextWrite$ContextWriteSubscriber.request(FluxContextWrite.java:136)
		at reactor.core.publisher.Operators$DeferredSubscription.request(Operators.java:1743)
		at reactor.core.publisher.FluxRetryWhen$RetryWhenMainSubscriber.onError(FluxRetryWhen.java:196)
		at reactor.core.publisher.MonoFlatMap$FlatMapMain.secondError(MonoFlatMap.java:241)
		at reactor.core.publisher.MonoFlatMap$FlatMapInner.onError(MonoFlatMap.java:315)
		at reactor.netty.transport.TransportConnector$MonoChannelPromise.tryFailure(TransportConnector.java:576)
		at reactor.netty.transport.TransportConnector$MonoChannelPromise.setFailure(TransportConnector.java:522)
		at reactor.netty.transport.TransportConnector.lambda$doConnect$7(TransportConnector.java:261)
		at io.netty.util.concurrent.DefaultPromise.notifyListener0(DefaultPromise.java:590)
		at io.netty.util.concurrent.DefaultPromise.notifyListeners0(DefaultPromise.java:583)
		at io.netty.util.concurrent.DefaultPromise.notifyListenersNow(DefaultPromise.java:559)
		at io.netty.util.concurrent.DefaultPromise.notifyListeners(DefaultPromise.java:492)
		at io.netty.util.concurrent.DefaultPromise.setValue0(DefaultPromise.java:636)
		at io.netty.util.concurrent.DefaultPromise.setFailure0(DefaultPromise.java:629)
		at io.netty.util.concurrent.DefaultPromise.tryFailure(DefaultPromise.java:118)
		at io.netty.channel.epoll.AbstractEpollChannel$AbstractEpollUnsafe.fulfillConnectPromise(AbstractEpollChannel.java:675)
		at io.netty.channel.epoll.AbstractEpollChannel$AbstractEpollUnsafe.finishConnect(AbstractEpollChannel.java:694)
		at io.netty.channel.epoll.AbstractEpollChannel$AbstractEpollUnsafe.epollOutReady(AbstractEpollChannel.java:567)
		at io.netty.channel.epoll.EpollEventLoop.processReady(EpollEventLoop.java:499)
		at io.netty.channel.epoll.EpollEventLoop.run(EpollEventLoop.java:407)
		at io.netty.util.concurrent.SingleThreadEventExecutor$4.run(SingleThreadEventExecutor.java:997)
		at io.netty.util.internal.ThreadExecutorMap$2.run(ThreadExecutorMap.java:74)
		at io.netty.util.concurrent.FastThreadLocalRunnable.run(FastThreadLocalRunnable.java:30)
		at java.base/java.lang.Thread.run(Thread.java:840)
	Suppressed: java.lang.Exception: #block terminated with an error
		at reactor.core.publisher.BlockingSingleSubscriber.blockingGet(BlockingSingleSubscriber.java:103)
		at reactor.core.publisher.Mono.block(Mono.java:1779)
		at org.springframework.boot.actuate.autoconfigure.tracing.zipkin.ZipkinWebClientSender$WebClientHttpPostCall.doExecute(ZipkinWebClientSender.java:76)
		at org.springframework.boot.actuate.autoconfigure.tracing.zipkin.ZipkinWebClientSender$WebClientHttpPostCall.doExecute(ZipkinWebClientSender.java:54)
		at zipkin2.Call$Base.execute(Call.java:391)
		at zipkin2.reporter.AsyncReporter$BoundedAsyncReporter.flush(AsyncReporter.java:299)
		at zipkin2.reporter.AsyncReporter$Flusher.run(AsyncReporter.java:378)
		at java.base/java.lang.Thread.run(Thread.java:840)
Caused by: io.netty.channel.AbstractChannel$AnnotatedConnectException: finishConnect(..) failed: Conexión rehusada: localhost/[0:0:0:0:0:0:0:1]:9411
Caused by: java.net.ConnectException: finishConnect(..) failed: Conexión rehusada
	at io.netty.channel.unix.Errors.newConnectException0(Errors.java:166)
	at io.netty.channel.unix.Errors.handleConnectErrno(Errors.java:131)
	at io.netty.channel.unix.Socket.finishConnect(Socket.java:359)
	at io.netty.channel.epoll.AbstractEpollChannel$AbstractEpollUnsafe.doFinishConnect(AbstractEpollChannel.java:711)
	at io.netty.channel.epoll.AbstractEpollChannel$AbstractEpollUnsafe.finishConnect(AbstractEpollChannel.java:688)
	at io.netty.channel.epoll.AbstractEpollChannel$AbstractEpollUnsafe.epollOutReady(AbstractEpollChannel.java:567)
	at io.netty.channel.epoll.EpollEventLoop.processReady(EpollEventLoop.java:499)
	at io.netty.channel.epoll.EpollEventLoop.run(EpollEventLoop.java:407)
	at io.netty.util.concurrent.SingleThreadEventExecutor$4.run(SingleThreadEventExecutor.java:997)
	at io.netty.util.internal.ThreadExecutorMap$2.run(ThreadExecutorMap.java:74)
	at io.netty.util.concurrent.FastThreadLocalRunnable.run(FastThreadLocalRunnable.java:30)
	at java.base/java.lang.Thread.run(Thread.java:840)
2025-07-10 23:10:16 [http-nio-8082-exec-2] INFO  c.m.u.v.i.email.EmailServiceUseCase - Código de verificación enviado exitosamente a: sebasagudelo1012@gmail.com
2025-07-10 23:10:16 [http-nio-8082-exec-2] INFO  c.m.u.core.logging.LoggingService - SendVerificationCodeUseCase: Código de verificación enviado exitosamente - Email: sebasagudelo1012@gmail.com, Código: 336271
2025-07-10 23:10:16 [http-nio-8082-exec-2] INFO  c.m.u.core.logging.LoggingService - VerificationService: Código de verificación enviado exitosamente - Email: sebasagudelo1012@gmail.com
2025-07-10 23:10:16 [http-nio-8082-exec-2] DEBUG o.s.w.s.m.m.a.HttpEntityMethodProcessor - Using 'application/json', given [*/*] and supported [application/json, application/*+json]
2025-07-10 23:10:16 [http-nio-8082-exec-2] DEBUG o.s.w.s.m.m.a.HttpEntityMethodProcessor - Writing [ApiResponse(success=true, message=Verification code sent successfully, data=null, errorCode=null, ti (truncated)...]
2025-07-10 23:10:16 [http-nio-8082-exec-2] DEBUG o.s.web.servlet.DispatcherServlet - Completed 200 OK
2025-07-10 23:10:17 [AsyncReporter{org.springframework.boot.actuate.autoconfigure.tracing.zipkin.ZipkinWebClientSender@4305720c}] DEBUG o.s.w.r.f.client.ExchangeFunctions - [4650f504] HTTP POST http://localhost:9411/api/v2/spans%20
2025-07-10 23:10:33 [DiscoveryClient-CacheRefreshExecutor-0] DEBUG o.s.web.client.RestTemplate - HTTP GET http://localhost:8081/eureka/apps/delta
2025-07-10 23:10:33 [DiscoveryClient-CacheRefreshExecutor-0] DEBUG o.s.web.client.RestTemplate - Accept=[application/json, application/*+json]
2025-07-10 23:10:33 [DiscoveryClient-HeartbeatExecutor-0] DEBUG o.s.web.client.RestTemplate - HTTP PUT http://localhost:8081/eureka/apps/USERS-SERVICE/192.168.114.78:users-service:8082?status=UP&lastDirtyTimestamp=1752207003621
2025-07-10 23:10:33 [DiscoveryClient-CacheRefreshExecutor-0] DEBUG o.s.web.client.RestTemplate - Response 200 OK
2025-07-10 23:10:33 [DiscoveryClient-CacheRefreshExecutor-0] DEBUG o.s.web.client.RestTemplate - Reading to [org.springframework.cloud.netflix.eureka.http.EurekaApplications]
2025-07-10 23:10:33 [DiscoveryClient-HeartbeatExecutor-0] DEBUG o.s.web.client.RestTemplate - Accept=[application/json, application/*+json]
2025-07-10 23:10:33 [DiscoveryClient-HeartbeatExecutor-0] DEBUG o.s.web.client.RestTemplate - Response 200 OK
2025-07-10 23:10:48 [http-nio-8082-exec-3] DEBUG c.m.u.core.logging.LoggingService - InternalJwtFilter: Procesando solicitud: /verification/check
2025-07-10 23:10:48 [http-nio-8082-exec-3] DEBUG c.m.u.core.logging.LoggingService - InternalJwtFilter: Path '/verification/check' requiere JWT: false
2025-07-10 23:10:48 [http-nio-8082-exec-3] DEBUG c.m.u.core.logging.LoggingService - InternalJwtFilter: Path no protegido, continuando sin validación JWT
2025-07-10 23:10:48 [http-nio-8082-exec-3] DEBUG o.s.web.servlet.DispatcherServlet - POST "/verification/check", parameters={}
2025-07-10 23:10:48 [http-nio-8082-exec-3] DEBUG o.s.w.s.m.m.a.RequestMappingHandlerMapping - Mapped to com.microserviceone.users.verificationCodeApi.web.controller.VerificationCodeController#verifyCode(VerifyCodeRequest)
2025-07-10 23:10:48 [http-nio-8082-exec-3] DEBUG o.s.w.s.m.m.a.RequestResponseBodyMethodProcessor - Read "application/json;charset=UTF-8" to [com.microserviceone.users.verificationCodeApi.web.dto.VerifyCodeRequest@7cb1f79e]
2025-07-10 23:10:48 [http-nio-8082-exec-3] INFO  c.m.u.core.logging.LoggingService - VerificationService: Verificando código - Email: sebasagudelo1012@gmail.com
2025-07-10 23:10:48 [http-nio-8082-exec-3] INFO  c.m.u.core.logging.LoggingService - VerifyCodeUseCase: Iniciando verificación de código - Email: sebasagudelo1012@gmail.com, Código: 336271
2025-07-10 23:10:48 [http-nio-8082-exec-3] DEBUG c.m.u.core.logging.LoggingService - VerifyCodeUseCase: Verificando existencia del código - Email: sebasagudelo1012@gmail.com, Código: 336271
2025-07-10 23:10:48 [http-nio-8082-exec-3] DEBUG c.m.u.core.logging.LoggingService - VerifyExistCodeUseCase: Verificando existencia de código - Email: sebasagudelo1012@gmail.com, Código: 336271
2025-07-10 23:10:48 [http-nio-8082-exec-3] DEBUG c.m.u.core.logging.LoggingService - AdapterVerificationCode: Buscando código por email y código - Email: sebasagudelo1012@gmail.com, Código: 336271
2025-07-10 23:10:48 [http-nio-8082-exec-3] DEBUG c.m.u.core.logging.LoggingService - AdapterVerificationCode: Código encontrado - ID: 1, Email: sebasagudelo1012@gmail.com, Código: 336271
2025-07-10 23:10:48 [http-nio-8082-exec-3] DEBUG c.m.u.core.logging.LoggingService - VerifyExistCodeUseCase: Código encontrado - Email: sebasagudelo1012@gmail.com, Código: 336271, ID: 1
2025-07-10 23:10:48 [http-nio-8082-exec-3] DEBUG c.m.u.core.logging.LoggingService - VerifyCodeUseCase: Código encontrado - Email: sebasagudelo1012@gmail.com, Código: 336271, ID: 1
2025-07-10 23:10:48 [http-nio-8082-exec-3] DEBUG c.m.u.core.logging.LoggingService - VerifyCodeUseCase: Validando código - Email: sebasagudelo1012@gmail.com, Código: 336271
2025-07-10 23:10:48 [http-nio-8082-exec-3] DEBUG c.m.u.core.logging.LoggingService - VerifyCodeIsValidUseCase: Validando código - ID: 1, Email: sebasagudelo1012@gmail.com, Código: 336271
2025-07-10 23:10:48 [http-nio-8082-exec-3] DEBUG c.m.u.core.logging.LoggingService - VerifyCodeIsValidUseCase: Código validado como válido - ID: 1, Email: sebasagudelo1012@gmail.com, Código: 336271
2025-07-10 23:10:48 [http-nio-8082-exec-3] DEBUG c.m.u.core.logging.LoggingService - VerifyCodeUseCase: Código validado como válido - Email: sebasagudelo1012@gmail.com, Código: 336271
2025-07-10 23:10:48 [http-nio-8082-exec-3] DEBUG c.m.u.core.logging.LoggingService - VerifyCodeUseCase: Marcando código como usado - Email: sebasagudelo1012@gmail.com, Código: 336271
2025-07-10 23:10:48 [http-nio-8082-exec-3] DEBUG c.m.u.core.logging.LoggingService - AdapterVerificationCode: Guardando código de verificación - Email: sebasagudelo1012@gmail.com, Código: 336271
2025-07-10 23:10:48 [http-nio-8082-exec-3] DEBUG c.m.u.core.logging.LoggingService - AdapterVerificationCode: Código convertido a entidad - Email: sebasagudelo1012@gmail.com, Código: 336271
2025-07-10 23:10:48 [http-nio-8082-exec-3] DEBUG c.m.u.core.logging.LoggingService - AdapterVerificationCode: Código guardado en base de datos - ID: 1, Email: sebasagudelo1012@gmail.com, Código: 336271
2025-07-10 23:10:48 [http-nio-8082-exec-3] DEBUG c.m.u.core.logging.LoggingService - AdapterVerificationCode: Entidad convertida a dominio - ID: 1, Email: sebasagudelo1012@gmail.com, Código: 336271
2025-07-10 23:10:48 [http-nio-8082-exec-3] DEBUG c.m.u.core.logging.LoggingService - VerifyCodeUseCase: Código marcado como usado y guardado - Email: sebasagudelo1012@gmail.com, Código: 336271
2025-07-10 23:10:48 [http-nio-8082-exec-3] DEBUG c.m.u.core.logging.LoggingService - VerifyCodeUseCase: Marcando email como verificado - Email: sebasagudelo1012@gmail.com, Código: 336271
2025-07-10 23:10:48 [http-nio-8082-exec-3] DEBUG c.m.u.core.logging.LoggingService - AdapterVerificationCode: Marcando código como verificado - Email: sebasagudelo1012@gmail.com, Código: 336271
2025-07-10 23:10:48 [http-nio-8082-exec-3] DEBUG c.m.u.core.logging.LoggingService - AdapterVerificationCode: Código marcado como verificado exitosamente - Email: sebasagudelo1012@gmail.com, Código: 336271
2025-07-10 23:10:48 [http-nio-8082-exec-3] INFO  c.m.u.core.logging.LoggingService - CachedCheckEmailVerificationUseCase: Invalidando cache para verificación de email - Email: sebasagudelo1012@gmail.com
2025-07-10 23:10:48 [http-nio-8082-exec-3] DEBUG c.m.u.core.logging.LoggingService - CacheService: evict - Cache: emailVerified, Key: emailVerified:sebasagudelo1012@gmail.com
2025-07-10 23:10:48 [http-nio-8082-exec-3] DEBUG c.m.u.core.logging.LoggingService - CacheService: Entrada removida del cache - Cache: emailVerified, Key: emailVerified:sebasagudelo1012@gmail.com
2025-07-10 23:10:48 [http-nio-8082-exec-3] DEBUG c.m.u.core.logging.LoggingService - CachedCheckEmailVerificationUseCase: Cache de verificación de email invalidado - Email: sebasagudelo1012@gmail.com
2025-07-10 23:10:48 [http-nio-8082-exec-3] INFO  c.m.u.core.logging.LoggingService - VerifyCodeUseCase: Verificación de código completada exitosamente - Email: sebasagudelo1012@gmail.com, Código: 336271
2025-07-10 23:10:48 [http-nio-8082-exec-3] INFO  c.m.u.core.logging.LoggingService - VerificationService: Verificación de código completada - Email: sebasagudelo1012@gmail.com, Válido: true
2025-07-10 23:10:48 [http-nio-8082-exec-3] DEBUG o.s.w.s.m.m.a.HttpEntityMethodProcessor - Using 'application/json', given [*/*] and supported [application/json, application/*+json]
2025-07-10 23:10:48 [http-nio-8082-exec-3] DEBUG o.s.w.s.m.m.a.HttpEntityMethodProcessor - Writing [ApiResponse(success=true, message=Code verified successfully, data=true, errorCode=null, timestamp=2 (truncated)...]
2025-07-10 23:10:48 [http-nio-8082-exec-3] DEBUG o.s.web.servlet.DispatcherServlet - Completed 200 OK
2025-07-10 23:10:48 [AsyncReporter{org.springframework.boot.actuate.autoconfigure.tracing.zipkin.ZipkinWebClientSender@4305720c}] DEBUG o.s.w.r.f.client.ExchangeFunctions - [70351470] HTTP POST http://localhost:9411/api/v2/spans%20
2025-07-10 23:10:49 [AsyncReporter{org.springframework.boot.actuate.autoconfigure.tracing.zipkin.ZipkinWebClientSender@4305720c}] DEBUG o.s.w.r.f.client.ExchangeFunctions - [43f7dc1a] HTTP POST http://localhost:9411/api/v2/spans%20
2025-07-10 23:10:57 [http-nio-8082-exec-4] DEBUG c.m.u.core.logging.LoggingService - InternalJwtFilter: Procesando solicitud: /register/customer
2025-07-10 23:10:57 [http-nio-8082-exec-4] DEBUG c.m.u.core.logging.LoggingService - InternalJwtFilter: Path '/register/customer' requiere JWT: false
2025-07-10 23:10:57 [http-nio-8082-exec-4] DEBUG c.m.u.core.logging.LoggingService - InternalJwtFilter: Path no protegido, continuando sin validación JWT
2025-07-10 23:10:57 [http-nio-8082-exec-4] DEBUG o.s.web.servlet.DispatcherServlet - POST "/register/customer", parameters={}
2025-07-10 23:10:57 [http-nio-8082-exec-4] DEBUG o.s.w.s.m.m.a.RequestMappingHandlerMapping - Mapped to com.microserviceone.users.registrationApi.web.controller.RegisterController#registerCustomer(CustomerRequest)
2025-07-10 23:10:57 [http-nio-8082-exec-4] DEBUG o.s.w.s.m.m.a.RequestResponseBodyMethodProcessor - Read "application/json;charset=UTF-8" to [CustomerRequest(name=Seebastian, lastName=Agudelo, email=sebasagudelo1012@gmail.com, password=Agudel (truncated)...]
2025-07-10 23:10:57 [http-nio-8082-exec-4] INFO  c.m.u.core.logging.LoggingService - Iniciando registro de cliente - Email: sebasagudelo1012@gmail.com, Nombre: Seebastian Agudelo
2025-07-10 23:10:57 [http-nio-8082-exec-4] DEBUG c.m.u.core.logging.LoggingService - Validando verificación de email para: sebasagudelo1012@gmail.com
2025-07-10 23:10:57 [http-nio-8082-exec-4] INFO  c.m.u.core.logging.LoggingService - Iniciando validación de email previa al registro para email: sebasagudelo1012@gmail.com
2025-07-10 23:10:57 [http-nio-8082-exec-4] INFO  c.m.u.core.logging.LoggingService - Validando verificación de email: sebasagudelo1012@gmail.com
2025-07-10 23:10:57 [http-nio-8082-exec-4] DEBUG c.m.u.core.logging.LoggingService - InternalJwtService: Generando token JWT interno para servicio: user-service
2025-07-10 23:10:57 [http-nio-8082-exec-4] INFO  c.m.u.core.logging.LoggingService - InternalJwtService: Token JWT interno generado exitosamente - Servicio: user-service, Longitud: 169
2025-07-10 23:10:57 [http-nio-8082-exec-4] DEBUG o.s.web.client.RestTemplate - HTTP POST http://localhost:8082/verification/status
2025-07-10 23:10:57 [http-nio-8082-exec-4] DEBUG o.s.web.client.RestTemplate - Accept=[application/json, application/*+json]
2025-07-10 23:10:57 [http-nio-8082-exec-4] DEBUG o.s.web.client.RestTemplate - Writing [com.microserviceone.users.registrationApi.application.service.UserValidationService$SendCodeRequest@64d4fd7] as "application/json"
2025-07-10 23:10:57 [http-nio-8082-exec-5] DEBUG c.m.u.core.logging.LoggingService - InternalJwtFilter: Procesando solicitud: /verification/status
2025-07-10 23:10:57 [http-nio-8082-exec-5] DEBUG c.m.u.core.logging.LoggingService - InternalJwtFilter: Path '/verification/status' requiere JWT: true
2025-07-10 23:10:57 [http-nio-8082-exec-5] DEBUG c.m.u.core.logging.LoggingService - InternalJwtFilter: Path protegido detectado, validando JWT interno
2025-07-10 23:10:57 [http-nio-8082-exec-5] DEBUG c.m.u.core.logging.LoggingService - InternalJwtFilter: Header Authorization: Presente
2025-07-10 23:10:57 [http-nio-8082-exec-5] DEBUG c.m.u.core.logging.LoggingService - InternalJwtFilter: Token recibido: eyJhbGciOiJIUzI1NiJ9...
2025-07-10 23:10:57 [http-nio-8082-exec-5] DEBUG c.m.u.core.logging.LoggingService - InternalJwtFilter: Token issuer: user-service
2025-07-10 23:10:57 [http-nio-8082-exec-5] INFO  c.m.u.core.logging.LoggingService - InternalJwtFilter: Validación JWT interna exitosa - Issuer: user-service
2025-07-10 23:10:57 [http-nio-8082-exec-5] DEBUG c.m.u.core.logging.LoggingService - InternalJwtFilter: Continuando con la solicitud
2025-07-10 23:10:57 [http-nio-8082-exec-5] DEBUG o.s.web.servlet.DispatcherServlet - POST "/verification/status", parameters={}
2025-07-10 23:10:57 [http-nio-8082-exec-5] DEBUG o.s.w.s.m.m.a.RequestMappingHandlerMapping - Mapped to com.microserviceone.users.verificationCodeApi.web.controller.VerificationCodeController#checkEmailVerification(SendCodeRequest)
2025-07-10 23:10:57 [http-nio-8082-exec-5] DEBUG o.s.w.s.m.m.a.RequestResponseBodyMethodProcessor - Read "application/json;charset=UTF-8" to [com.microserviceone.users.verificationCodeApi.web.dto.SendCodeRequest@5ace5481]
2025-07-10 23:10:57 [http-nio-8082-exec-5] INFO  c.m.u.core.logging.LoggingService - VerificationService: Verificando estado de verificación de email - Email: sebasagudelo1012@gmail.com
2025-07-10 23:10:57 [http-nio-8082-exec-5] DEBUG c.m.u.core.logging.LoggingService - CachedCheckEmailVerificationUseCase: Verificando con cache si email está verificado - Email: sebasagudelo1012@gmail.com
2025-07-10 23:10:57 [http-nio-8082-exec-5] DEBUG c.m.u.core.logging.LoggingService - CacheService: getOrCompute - Cache: emailVerified, Key: emailVerified:sebasagudelo1012@gmail.com
2025-07-10 23:10:57 [http-nio-8082-exec-5] DEBUG c.m.u.core.logging.LoggingService - CacheService: Cache MISS - Cache: emailVerified, Key: emailVerified:sebasagudelo1012@gmail.com
2025-07-10 23:10:57 [http-nio-8082-exec-5] DEBUG c.m.u.core.logging.LoggingService - CachedCheckEmailVerificationUseCase: Cache miss, ejecutando verificación - Email: sebasagudelo1012@gmail.com
2025-07-10 23:10:57 [http-nio-8082-exec-5] INFO  c.m.u.core.logging.LoggingService - CheckEmailVerificationUseCase: Verificando estado de verificación de email - Email: sebasagudelo1012@gmail.com
2025-07-10 23:10:57 [http-nio-8082-exec-5] DEBUG c.m.u.core.logging.LoggingService - AdapterVerificationCode: Verificando si email está verificado - Email: sebasagudelo1012@gmail.com
2025-07-10 23:10:57 [http-nio-8082-exec-5] DEBUG c.m.u.core.logging.LoggingService - AdapterVerificationCode: Estado de verificación - Email: sebasagudelo1012@gmail.com, Verificado: true
2025-07-10 23:10:57 [http-nio-8082-exec-5] INFO  c.m.u.core.logging.LoggingService - CheckEmailVerificationUseCase: Email verificado correctamente - Email: sebasagudelo1012@gmail.com
2025-07-10 23:10:57 [http-nio-8082-exec-5] DEBUG c.m.u.core.logging.LoggingService - CacheService: Valor almacenado en cache - Cache: emailVerified, Key: emailVerified:sebasagudelo1012@gmail.com
2025-07-10 23:10:57 [http-nio-8082-exec-5] DEBUG c.m.u.core.logging.LoggingService - CachedCheckEmailVerificationUseCase: Email verificado (cache) - Email: sebasagudelo1012@gmail.com
2025-07-10 23:10:57 [http-nio-8082-exec-5] INFO  c.m.u.core.logging.LoggingService - VerificationService: Verificación de email completada - Email: sebasagudelo1012@gmail.com
2025-07-10 23:10:57 [http-nio-8082-exec-5] DEBUG o.s.w.s.m.m.a.HttpEntityMethodProcessor - Using 'application/json', given [application/json, application/*+json] and supported [application/json, application/*+json]
2025-07-10 23:10:57 [http-nio-8082-exec-5] DEBUG o.s.w.s.m.m.a.HttpEntityMethodProcessor - Writing [ApiResponse(success=true, message=Email has been verified, data=null, errorCode=null, timestamp=2025 (truncated)...]
2025-07-10 23:10:57 [http-nio-8082-exec-4] DEBUG o.s.web.client.RestTemplate - Response 200 OK
2025-07-10 23:10:57 [http-nio-8082-exec-5] DEBUG o.s.web.servlet.DispatcherServlet - Completed 200 OK
2025-07-10 23:10:57 [http-nio-8082-exec-4] DEBUG o.s.web.client.RestTemplate - Reading to [com.microserviceone.users.registrationApi.web.dto.ApiResponse<?>]
2025-07-10 23:10:57 [http-nio-8082-exec-4] INFO  c.m.u.core.logging.LoggingService - Email verificado exitosamente: sebasagudelo1012@gmail.com
2025-07-10 23:10:57 [http-nio-8082-exec-4] INFO  c.m.u.core.logging.LoggingService - Validación de email completada exitosamente para email: sebasagudelo1012@gmail.com
2025-07-10 23:10:57 [http-nio-8082-exec-4] DEBUG c.m.u.core.logging.LoggingService - Mapeando CustomerRequest a dominio para email: sebasagudelo1012@gmail.com
2025-07-10 23:10:57 [http-nio-8082-exec-4] DEBUG c.m.u.core.logging.LoggingService - Mapeando CustomerRequest a Customer - Email: sebasagudelo1012@gmail.com, Nombre: Seebastian Agudelo
2025-07-10 23:10:57 [http-nio-8082-exec-4] DEBUG c.m.u.core.logging.LoggingService - Customer mapeado exitosamente - Email: sebasagudelo1012@gmail.com, Edad: 19 años
2025-07-10 23:10:57 [http-nio-8082-exec-4] DEBUG c.m.u.core.logging.LoggingService - Procesando registro de cliente con email: sebasagudelo1012@gmail.com
2025-07-10 23:10:57 [http-nio-8082-exec-4] INFO  c.m.u.core.logging.LoggingService - RegistrationService: Procesando registro de cliente - Email: sebasagudelo1012@gmail.com
2025-07-10 23:10:57 [http-nio-8082-exec-4] INFO  c.m.u.core.logging.LoggingService - Iniciando registro de cliente con email: sebasagudelo1012@gmail.com y edad: 19
2025-07-10 23:10:57 [http-nio-8082-exec-4] DEBUG c.m.u.core.logging.LoggingService - Validando unicidad de email: sebasagudelo1012@gmail.com
2025-07-10 23:10:57 [http-nio-8082-exec-4] DEBUG c.m.u.core.logging.LoggingService - Validando unicidad de email: sebasagudelo1012@gmail.com
2025-07-10 23:10:57 [http-nio-8082-exec-4] DEBUG c.m.u.core.logging.LoggingService - AdapterRegister: Verificando existencia de usuario por email: sebasagudelo1012@gmail.com
2025-07-10 23:10:57 [http-nio-8082-exec-4] DEBUG c.m.u.core.logging.LoggingService - AdapterRegister: Usuario NO existe - Email: sebasagudelo1012@gmail.com
2025-07-10 23:10:57 [http-nio-8082-exec-4] DEBUG c.m.u.core.logging.LoggingService - Email validado como único: sebasagudelo1012@gmail.com
2025-07-10 23:10:57 [http-nio-8082-exec-4] DEBUG c.m.u.core.logging.LoggingService - Email validado como único: sebasagudelo1012@gmail.com
2025-07-10 23:10:57 [http-nio-8082-exec-4] DEBUG c.m.u.core.logging.LoggingService - Validando edad del cliente: 19 años
2025-07-10 23:10:57 [http-nio-8082-exec-4] DEBUG c.m.u.core.logging.LoggingService - Validando edad del cliente: 19 años (email: sebasagudelo1012@gmail.com)
2025-07-10 23:10:57 [http-nio-8082-exec-4] DEBUG c.m.u.core.logging.LoggingService - Edad validada correctamente: 19 años (email: sebasagudelo1012@gmail.com)
2025-07-10 23:10:57 [http-nio-8082-exec-4] DEBUG c.m.u.core.logging.LoggingService - Edad validada correctamente: 19 años
2025-07-10 23:10:57 [http-nio-8082-exec-4] DEBUG c.m.u.core.logging.LoggingService - Encriptando contraseña para cliente: sebasagudelo1012@gmail.com
2025-07-10 23:10:57 [http-nio-8082-exec-4] INFO  c.m.u.core.logging.LoggingService - Iniciando encriptación de contraseña para email: sebasagudelo1012@gmail.com
2025-07-10 23:10:58 [http-nio-8082-exec-4] INFO  c.m.u.core.logging.LoggingService - Contraseña encriptada exitosamente para email: sebasagudelo1012@gmail.com
2025-07-10 23:10:58 [http-nio-8082-exec-4] DEBUG c.m.u.core.logging.LoggingService - Longitud de contraseña encriptada: 60 caracteres
2025-07-10 23:10:58 [http-nio-8082-exec-4] DEBUG c.m.u.core.logging.LoggingService - Guardando cliente en base de datos: sebasagudelo1012@gmail.com
2025-07-10 23:10:58 [http-nio-8082-exec-4] DEBUG c.m.u.core.logging.LoggingService - AdapterRegister: Guardando usuario en base de datos - Email: sebasagudelo1012@gmail.com, Tipo: Customer
2025-07-10 23:10:58 [http-nio-8082-exec-4] DEBUG c.m.u.core.logging.LoggingService - UserMapper: Convirtiendo dominio a entidad - Email: sebasagudelo1012@gmail.com, Tipo: Customer
2025-07-10 23:10:58 [http-nio-8082-exec-4] DEBUG c.m.u.core.logging.LoggingService - UserMapper: Mapeando campos comunes - Email: sebasagudelo1012@gmail.com
2025-07-10 23:10:58 [http-nio-8082-exec-4] DEBUG c.m.u.core.logging.LoggingService - UserMapper: Campos comunes mapeados exitosamente - Email: sebasagudelo1012@gmail.com, Rol: CUSTOMER
2025-07-10 23:10:58 [http-nio-8082-exec-4] DEBUG c.m.u.core.logging.LoggingService - UserMapper: Customer convertido a CustomerEntity - Email: sebasagudelo1012@gmail.com, Fecha nacimiento: 2006-04-02
2025-07-10 23:10:58 [http-nio-8082-exec-4] DEBUG c.m.u.core.logging.LoggingService - AdapterRegister: Usuario convertido a entidad - Email: sebasagudelo1012@gmail.com
2025-07-10 23:10:58 [http-nio-8082-exec-4] DEBUG c.m.u.core.logging.LoggingService - AdapterRegister: Usuario guardado en base de datos - ID: 1, Email: sebasagudelo1012@gmail.com
2025-07-10 23:10:58 [http-nio-8082-exec-4] DEBUG c.m.u.core.logging.LoggingService - UserMapper: Convirtiendo entidad a dominio - ID: 1, Tipo: CustomerEntity
2025-07-10 23:10:58 [http-nio-8082-exec-4] DEBUG c.m.u.core.logging.LoggingService - UserMapper: CustomerEntity convertido a Customer - ID: 1, Email: sebasagudelo1012@gmail.com, Fecha nacimiento: 2006-04-02
2025-07-10 23:10:58 [http-nio-8082-exec-4] DEBUG c.m.u.core.logging.LoggingService - AdapterRegister: Usuario convertido de entidad a dominio - ID: 1, Email: sebasagudelo1012@gmail.com
2025-07-10 23:10:58 [http-nio-8082-exec-4] INFO  c.m.u.core.logging.LoggingService - Cliente registrado exitosamente con ID: 1, email: sebasagudelo1012@gmail.com y edad: 19
2025-07-10 23:10:58 [http-nio-8082-exec-4] INFO  c.m.u.core.logging.LoggingService - RegistrationService: Cliente registrado exitosamente - ID: 1, Email: sebasagudelo1012@gmail.com
2025-07-10 23:10:58 [http-nio-8082-exec-4] DEBUG c.m.u.core.logging.LoggingService - Aceptando términos y condiciones para usuario ID: 1
2025-07-10 23:10:58 [http-nio-8082-exec-4] INFO  c.m.u.core.logging.LoggingService - Aceptando términos y condiciones para usuario ID: 1, Email: sebasagudelo1012@gmail.com
2025-07-10 23:10:58 [http-nio-8082-exec-4] DEBUG c.m.u.core.logging.LoggingService - Obteniendo términos activos
2025-07-10 23:10:58 [http-nio-8082-exec-4] DEBUG c.m.u.core.logging.LoggingService - URL llamada: http://localhost:8082/terms
2025-07-10 23:10:58 [http-nio-8082-exec-4] DEBUG o.s.web.client.RestTemplate - HTTP GET http://localhost:8082/terms
2025-07-10 23:10:58 [http-nio-8082-exec-4] DEBUG o.s.web.client.RestTemplate - Accept=[text/plain, application/json, application/*+json, */*]
2025-07-10 23:10:58 [http-nio-8082-exec-6] DEBUG c.m.u.core.logging.LoggingService - InternalJwtFilter: Procesando solicitud: /terms
2025-07-10 23:10:58 [http-nio-8082-exec-6] DEBUG c.m.u.core.logging.LoggingService - InternalJwtFilter: Path '/terms' requiere JWT: false
2025-07-10 23:10:58 [http-nio-8082-exec-6] DEBUG c.m.u.core.logging.LoggingService - InternalJwtFilter: Path no protegido, continuando sin validación JWT
2025-07-10 23:10:58 [http-nio-8082-exec-6] DEBUG o.s.web.servlet.DispatcherServlet - GET "/terms", parameters={}
2025-07-10 23:10:58 [http-nio-8082-exec-6] DEBUG o.s.w.s.m.m.a.RequestMappingHandlerMapping - Mapped to com.microserviceone.users.termsAndConditionsApi.web.controller.TermController#getAllActiveTerms()
2025-07-10 23:10:58 [http-nio-8082-exec-6] INFO  c.m.u.core.logging.LoggingService - TermsService: Obteniendo todos los términos activos
2025-07-10 23:10:58 [http-nio-8082-exec-6] INFO  c.m.u.core.logging.LoggingService - CachedGetAllActiveTermsUseCase: Obteniendo términos activos con cache
2025-07-10 23:10:58 [http-nio-8082-exec-6] DEBUG c.m.u.core.logging.LoggingService - CacheService: getOrCompute - Cache: termsActive, Key: active_terms
2025-07-10 23:10:58 [http-nio-8082-exec-6] DEBUG c.m.u.core.logging.LoggingService - CacheService: Cache MISS - Cache: termsActive, Key: active_terms
2025-07-10 23:10:58 [http-nio-8082-exec-6] DEBUG c.m.u.core.logging.LoggingService - CachedGetAllActiveTermsUseCase: Cache miss, ejecutando consulta de términos activos
2025-07-10 23:10:58 [http-nio-8082-exec-6] INFO  c.m.u.core.logging.LoggingService - GetAllActiveTermsUseCase: Obteniendo todos los términos activos
2025-07-10 23:10:58 [http-nio-8082-exec-6] INFO  c.m.u.core.logging.LoggingService - AdapterTerm: Obteniendo todos los términos activos
2025-07-10 23:10:58 [http-nio-8082-exec-6] INFO  c.m.u.core.logging.LoggingService - AdapterTerm: Términos activos obtenidos exitosamente - Cantidad: 0
2025-07-10 23:10:58 [http-nio-8082-exec-6] INFO  c.m.u.core.logging.LoggingService - GetAllActiveTermsUseCase: Términos activos obtenidos exitosamente - Cantidad: 0
2025-07-10 23:10:58 [http-nio-8082-exec-6] DEBUG c.m.u.core.logging.LoggingService - CacheService: Valor almacenado en cache - Cache: termsActive, Key: active_terms
2025-07-10 23:10:58 [http-nio-8082-exec-6] INFO  c.m.u.core.logging.LoggingService - CachedGetAllActiveTermsUseCase: Términos activos obtenidos - Cantidad: 0
2025-07-10 23:10:58 [http-nio-8082-exec-6] INFO  c.m.u.core.logging.LoggingService - TermsService: Términos activos obtenidos exitosamente - Cantidad: 0
2025-07-10 23:10:58 [http-nio-8082-exec-6] DEBUG o.s.w.s.m.m.a.HttpEntityMethodProcessor - Using 'application/json', given [text/plain, application/json, application/*+json, */*] and supported [application/json, application/*+json]
2025-07-10 23:10:58 [http-nio-8082-exec-6] DEBUG o.s.w.s.m.m.a.HttpEntityMethodProcessor - Nothing to write: null body
2025-07-10 23:10:58 [http-nio-8082-exec-6] DEBUG o.s.web.servlet.DispatcherServlet - Completed 204 NO_CONTENT
2025-07-10 23:10:58 [http-nio-8082-exec-4] DEBUG o.s.web.client.RestTemplate - Response 204 NO_CONTENT
2025-07-10 23:10:58 [http-nio-8082-exec-4] DEBUG c.m.u.core.logging.LoggingService - Status Code: 204 NO_CONTENT
2025-07-10 23:10:58 [http-nio-8082-exec-4] DEBUG c.m.u.core.logging.LoggingService - Response Body: null
2025-07-10 23:10:58 [http-nio-8082-exec-4] WARN  c.m.u.core.logging.LoggingService - No se encontraron términos activos, usando término por defecto
2025-07-10 23:10:58 [http-nio-8082-exec-4] DEBUG c.m.u.core.logging.LoggingService - InternalJwtService: Generando token JWT interno para servicio: user-service
2025-07-10 23:10:58 [http-nio-8082-exec-4] INFO  c.m.u.core.logging.LoggingService - InternalJwtService: Token JWT interno generado exitosamente - Servicio: user-service, Longitud: 169
2025-07-10 23:10:58 [http-nio-8082-exec-4] DEBUG o.s.web.client.RestTemplate - HTTP POST http://localhost:8082/terms/accept/multiple
2025-07-10 23:10:58 [http-nio-8082-exec-4] DEBUG o.s.web.client.RestTemplate - Accept=[application/json, application/*+json]
2025-07-10 23:10:58 [http-nio-8082-exec-4] DEBUG o.s.web.client.RestTemplate - Writing [com.microserviceone.users.termsAndConditionsApi.web.dto.AcceptedMultipleRequest@59078bd6] as "application/json"
2025-07-10 23:10:58 [http-nio-8082-exec-7] DEBUG c.m.u.core.logging.LoggingService - InternalJwtFilter: Procesando solicitud: /terms/accept/multiple
2025-07-10 23:10:58 [http-nio-8082-exec-7] DEBUG c.m.u.core.logging.LoggingService - InternalJwtFilter: Path '/terms/accept/multiple' requiere JWT: true
2025-07-10 23:10:58 [http-nio-8082-exec-7] DEBUG c.m.u.core.logging.LoggingService - InternalJwtFilter: Path protegido detectado, validando JWT interno
2025-07-10 23:10:58 [http-nio-8082-exec-7] DEBUG c.m.u.core.logging.LoggingService - InternalJwtFilter: Header Authorization: Presente
2025-07-10 23:10:58 [http-nio-8082-exec-7] DEBUG c.m.u.core.logging.LoggingService - InternalJwtFilter: Token recibido: eyJhbGciOiJIUzI1NiJ9...
2025-07-10 23:10:58 [http-nio-8082-exec-7] DEBUG c.m.u.core.logging.LoggingService - InternalJwtFilter: Token issuer: user-service
2025-07-10 23:10:58 [http-nio-8082-exec-7] INFO  c.m.u.core.logging.LoggingService - InternalJwtFilter: Validación JWT interna exitosa - Issuer: user-service
2025-07-10 23:10:58 [http-nio-8082-exec-7] DEBUG c.m.u.core.logging.LoggingService - InternalJwtFilter: Continuando con la solicitud
2025-07-10 23:10:58 [http-nio-8082-exec-7] DEBUG o.s.web.servlet.DispatcherServlet - POST "/terms/accept/multiple", parameters={}
2025-07-10 23:10:58 [http-nio-8082-exec-7] DEBUG o.s.w.s.m.m.a.RequestMappingHandlerMapping - Mapped to com.microserviceone.users.termsAndConditionsApi.web.controller.TermController#acceptMultipleTerms(AcceptedMultipleRequest, HttpServletRequest)
2025-07-10 23:10:58 [http-nio-8082-exec-7] DEBUG o.s.w.s.m.m.a.RequestResponseBodyMethodProcessor - Read "application/json;charset=UTF-8" to [com.microserviceone.users.termsAndConditionsApi.web.dto.AcceptedMultipleRequest@46bb2ebc]
2025-07-10 23:10:58 [http-nio-8082-exec-7] INFO  c.m.u.core.logging.LoggingService - TermsService: Procesando aceptación múltiple de términos - UserID: 1, Email: sebasagudelo1012@gmail.com, Cantidad: 1, IP: 127.0.0.1
2025-07-10 23:10:58 [http-nio-8082-exec-7] INFO  c.m.u.core.logging.LoggingService - AcceptTermUseCase: Iniciando aceptación de término - UserID: 1, Email: sebasagudelo1012@gmail.com, TermID: 1, IP: 127.0.0.1
2025-07-10 23:10:58 [http-nio-8082-exec-7] DEBUG c.m.u.core.logging.LoggingService - AcceptTermUseCase: Validando existencia y estado del término - TermID: 1
2025-07-10 23:10:58 [http-nio-8082-exec-7] DEBUG c.m.u.core.logging.LoggingService - ValidateExistTermUseCase: Validando existencia y estado del término - TermID: 1
2025-07-10 23:10:58 [http-nio-8082-exec-7] DEBUG c.m.u.core.logging.LoggingService - AdapterTerm: Buscando término por ID: 1
2025-07-10 23:10:58 [http-nio-8082-exec-7] DEBUG c.m.u.core.logging.LoggingService - AdapterTerm: No se encontró término con ID: 1
2025-07-10 23:10:58 [http-nio-8082-exec-7] DEBUG c.m.u.core.logging.LoggingService - Termino no encontrado o no activo
2025-07-10 23:10:58 [http-nio-8082-exec-7] WARN  c.m.u.core.logging.LoggingService - ValidateExistTermUseCase: Término no encontrado o inactivo - TermID: 1
2025-07-10 23:10:58 [http-nio-8082-exec-7] ERROR c.m.u.core.logging.LoggingService - AcceptTermUseCase: Error al aceptar término - UserID: 1, Email: sebasagudelo1012@gmail.com, TermID: 1
com.microserviceone.users.termsAndConditionsApi.application.exception.TermNotActiveOrNotFoundException: Term not found or not active
	at com.microserviceone.users.termsAndConditionsApi.application.usecase.ValidateExistTermUseCase.lambda$1(ValidateExistTermUseCase.java:23)
	at java.base/java.util.Optional.orElseThrow(Optional.java:403)
	at com.microserviceone.users.termsAndConditionsApi.application.usecase.ValidateExistTermUseCase.validateTerm(ValidateExistTermUseCase.java:23)
	at java.base/jdk.internal.reflect.NativeMethodAccessorImpl.invoke0(Native Method)
	at java.base/jdk.internal.reflect.NativeMethodAccessorImpl.invoke(NativeMethodAccessorImpl.java:77)
	at java.base/jdk.internal.reflect.DelegatingMethodAccessorImpl.invoke(DelegatingMethodAccessorImpl.java:43)
	at java.base/java.lang.reflect.Method.invoke(Method.java:569)
	at org.springframework.aop.support.AopUtils.invokeJoinpointUsingReflection(AopUtils.java:351)
	at org.springframework.aop.framework.ReflectiveMethodInvocation.invokeJoinpoint(ReflectiveMethodInvocation.java:196)
	at org.springframework.aop.framework.ReflectiveMethodInvocation.proceed(ReflectiveMethodInvocation.java:163)
	at org.springframework.aop.framework.CglibAopProxy$CglibMethodInvocation.proceed(CglibAopProxy.java:765)
	at org.springframework.transaction.interceptor.TransactionInterceptor$1.proceedWithInvocation(TransactionInterceptor.java:123)
	at org.springframework.transaction.interceptor.TransactionAspectSupport.invokeWithinTransaction(TransactionAspectSupport.java:385)
	at org.springframework.transaction.interceptor.TransactionInterceptor.invoke(TransactionInterceptor.java:119)
	at org.springframework.aop.framework.ReflectiveMethodInvocation.proceed(ReflectiveMethodInvocation.java:184)
	at org.springframework.aop.framework.CglibAopProxy$CglibMethodInvocation.proceed(CglibAopProxy.java:765)
	at org.springframework.aop.framework.CglibAopProxy$DynamicAdvisedInterceptor.intercept(CglibAopProxy.java:717)
	at com.microserviceone.users.termsAndConditionsApi.application.usecase.ValidateExistTermUseCase$$SpringCGLIB$$0.validateTerm(<generated>)
	at com.microserviceone.users.termsAndConditionsApi.application.usecase.AcceptTermUseCase.acceptTerm(AcceptTermUseCase.java:32)
	at java.base/jdk.internal.reflect.NativeMethodAccessorImpl.invoke0(Native Method)
	at java.base/jdk.internal.reflect.NativeMethodAccessorImpl.invoke(NativeMethodAccessorImpl.java:77)
	at java.base/jdk.internal.reflect.DelegatingMethodAccessorImpl.invoke(DelegatingMethodAccessorImpl.java:43)
	at java.base/java.lang.reflect.Method.invoke(Method.java:569)
	at org.springframework.aop.support.AopUtils.invokeJoinpointUsingReflection(AopUtils.java:351)
	at org.springframework.aop.framework.ReflectiveMethodInvocation.invokeJoinpoint(ReflectiveMethodInvocation.java:196)
	at org.springframework.aop.framework.ReflectiveMethodInvocation.proceed(ReflectiveMethodInvocation.java:163)
	at org.springframework.aop.framework.CglibAopProxy$CglibMethodInvocation.proceed(CglibAopProxy.java:765)
	at org.springframework.transaction.interceptor.TransactionInterceptor$1.proceedWithInvocation(TransactionInterceptor.java:123)
	at org.springframework.transaction.interceptor.TransactionAspectSupport.invokeWithinTransaction(TransactionAspectSupport.java:385)
	at org.springframework.transaction.interceptor.TransactionInterceptor.invoke(TransactionInterceptor.java:119)
	at org.springframework.aop.framework.ReflectiveMethodInvocation.proceed(ReflectiveMethodInvocation.java:184)
	at org.springframework.aop.framework.CglibAopProxy$CglibMethodInvocation.proceed(CglibAopProxy.java:765)
	at org.springframework.aop.framework.CglibAopProxy$DynamicAdvisedInterceptor.intercept(CglibAopProxy.java:717)
	at com.microserviceone.users.termsAndConditionsApi.application.usecase.AcceptTermUseCase$$SpringCGLIB$$0.acceptTerm(<generated>)
	at com.microserviceone.users.termsAndConditionsApi.application.usecase.AcceptAllTermsUseCase.acceptAll(AcceptAllTermsUseCase.java:29)
	at com.microserviceone.users.termsAndConditionsApi.application.service.TermsService.acceptAll(TermsService.java:169)
	at com.microserviceone.users.termsAndConditionsApi.web.controller.TermController.acceptMultipleTerms(TermController.java:97)
	at java.base/jdk.internal.reflect.NativeMethodAccessorImpl.invoke0(Native Method)
	at java.base/jdk.internal.reflect.NativeMethodAccessorImpl.invoke(NativeMethodAccessorImpl.java:77)
	at java.base/jdk.internal.reflect.DelegatingMethodAccessorImpl.invoke(DelegatingMethodAccessorImpl.java:43)
	at java.base/java.lang.reflect.Method.invoke(Method.java:569)
	at org.springframework.web.method.support.InvocableHandlerMethod.doInvoke(InvocableHandlerMethod.java:259)
	at org.springframework.web.method.support.InvocableHandlerMethod.invokeForRequest(InvocableHandlerMethod.java:192)
	at org.springframework.web.servlet.mvc.method.annotation.ServletInvocableHandlerMethod.invokeAndHandle(ServletInvocableHandlerMethod.java:118)
	at org.springframework.web.servlet.mvc.method.annotation.RequestMappingHandlerAdapter.invokeHandlerMethod(RequestMappingHandlerAdapter.java:920)
	at org.springframework.web.servlet.mvc.method.annotation.RequestMappingHandlerAdapter.handleInternal(RequestMappingHandlerAdapter.java:830)
	at org.springframework.web.servlet.mvc.method.AbstractHandlerMethodAdapter.handle(AbstractHandlerMethodAdapter.java:87)
	at org.springframework.web.servlet.DispatcherServlet.doDispatch(DispatcherServlet.java:1089)
	at org.springframework.web.servlet.DispatcherServlet.doService(DispatcherServlet.java:979)
	at org.springframework.web.servlet.FrameworkServlet.processRequest(FrameworkServlet.java:1014)
	at org.springframework.web.servlet.FrameworkServlet.doPost(FrameworkServlet.java:914)
	at jakarta.servlet.http.HttpServlet.service(HttpServlet.java:590)
	at org.springframework.web.servlet.FrameworkServlet.service(FrameworkServlet.java:885)
	at jakarta.servlet.http.HttpServlet.service(HttpServlet.java:658)
	at org.apache.catalina.core.ApplicationFilterChain.internalDoFilter(ApplicationFilterChain.java:205)
	at org.apache.catalina.core.ApplicationFilterChain.doFilter(ApplicationFilterChain.java:149)
	at org.apache.tomcat.websocket.server.WsFilter.doFilter(WsFilter.java:51)
	at org.apache.catalina.core.ApplicationFilterChain.internalDoFilter(ApplicationFilterChain.java:174)
	at org.apache.catalina.core.ApplicationFilterChain.doFilter(ApplicationFilterChain.java:149)
	at org.springframework.web.filter.OncePerRequestFilter.doFilter(OncePerRequestFilter.java:110)
	at org.apache.catalina.core.ApplicationFilterChain.internalDoFilter(ApplicationFilterChain.java:174)
	at org.apache.catalina.core.ApplicationFilterChain.doFilter(ApplicationFilterChain.java:149)
	at org.springframework.web.filter.CompositeFilter$VirtualFilterChain.doFilter(CompositeFilter.java:108)
	at org.springframework.security.web.FilterChainProxy.lambda$doFilterInternal$3(FilterChainProxy.java:231)
	at org.springframework.security.web.ObservationFilterChainDecorator$FilterObservation$SimpleFilterObservation.lambda$wrap$1(ObservationFilterChainDecorator.java:479)
	at org.springframework.security.web.ObservationFilterChainDecorator$AroundFilterObservation$SimpleAroundFilterObservation.lambda$wrap$1(ObservationFilterChainDecorator.java:340)
	at org.springframework.security.web.ObservationFilterChainDecorator.lambda$wrapSecured$0(ObservationFilterChainDecorator.java:82)
	at org.springframework.security.web.ObservationFilterChainDecorator$VirtualFilterChain.doFilter(ObservationFilterChainDecorator.java:128)
	at org.springframework.security.web.access.intercept.AuthorizationFilter.doFilter(AuthorizationFilter.java:100)
	at org.springframework.security.web.ObservationFilterChainDecorator$ObservationFilter.wrapFilter(ObservationFilterChainDecorator.java:240)
	at org.springframework.security.web.ObservationFilterChainDecorator$ObservationFilter.doFilter(ObservationFilterChainDecorator.java:227)
	at org.springframework.security.web.ObservationFilterChainDecorator$VirtualFilterChain.doFilter(ObservationFilterChainDecorator.java:137)
	at org.springframework.security.web.access.ExceptionTranslationFilter.doFilter(ExceptionTranslationFilter.java:126)
	at org.springframework.security.web.access.ExceptionTranslationFilter.doFilter(ExceptionTranslationFilter.java:120)
	at org.springframework.security.web.ObservationFilterChainDecorator$ObservationFilter.wrapFilter(ObservationFilterChainDecorator.java:240)
	at org.springframework.security.web.ObservationFilterChainDecorator$ObservationFilter.doFilter(ObservationFilterChainDecorator.java:227)
	at org.springframework.security.web.ObservationFilterChainDecorator$VirtualFilterChain.doFilter(ObservationFilterChainDecorator.java:137)
	at org.springframework.security.web.authentication.AnonymousAuthenticationFilter.doFilter(AnonymousAuthenticationFilter.java:100)
	at org.springframework.security.web.ObservationFilterChainDecorator$ObservationFilter.wrapFilter(ObservationFilterChainDecorator.java:240)
	at org.springframework.security.web.ObservationFilterChainDecorator$ObservationFilter.doFilter(ObservationFilterChainDecorator.java:227)
	at org.springframework.security.web.ObservationFilterChainDecorator$VirtualFilterChain.doFilter(ObservationFilterChainDecorator.java:137)
	at org.springframework.security.web.servletapi.SecurityContextHolderAwareRequestFilter.doFilter(SecurityContextHolderAwareRequestFilter.java:179)
	at org.springframework.security.web.ObservationFilterChainDecorator$ObservationFilter.wrapFilter(ObservationFilterChainDecorator.java:240)
	at org.springframework.security.web.ObservationFilterChainDecorator$ObservationFilter.doFilter(ObservationFilterChainDecorator.java:227)
	at org.springframework.security.web.ObservationFilterChainDecorator$VirtualFilterChain.doFilter(ObservationFilterChainDecorator.java:137)
	at org.springframework.security.web.savedrequest.RequestCacheAwareFilter.doFilter(RequestCacheAwareFilter.java:63)
	at org.springframework.security.web.ObservationFilterChainDecorator$ObservationFilter.wrapFilter(ObservationFilterChainDecorator.java:240)
	at org.springframework.security.web.ObservationFilterChainDecorator$ObservationFilter.doFilter(ObservationFilterChainDecorator.java:227)
	at org.springframework.security.web.ObservationFilterChainDecorator$VirtualFilterChain.doFilter(ObservationFilterChainDecorator.java:137)
	at com.microserviceone.users.core.config.internalSecurity.InternalJwtFilter.doFilterInternal(InternalJwtFilter.java:96)
	at org.springframework.web.filter.OncePerRequestFilter.doFilter(OncePerRequestFilter.java:116)
	at org.springframework.security.web.ObservationFilterChainDecorator$ObservationFilter.wrapFilter(ObservationFilterChainDecorator.java:240)
	at org.springframework.security.web.ObservationFilterChainDecorator$ObservationFilter.doFilter(ObservationFilterChainDecorator.java:227)
	at org.springframework.security.web.ObservationFilterChainDecorator$VirtualFilterChain.doFilter(ObservationFilterChainDecorator.java:137)
	at org.springframework.security.web.authentication.logout.LogoutFilter.doFilter(LogoutFilter.java:107)
	at org.springframework.security.web.authentication.logout.LogoutFilter.doFilter(LogoutFilter.java:93)
	at org.springframework.security.web.ObservationFilterChainDecorator$ObservationFilter.wrapFilter(ObservationFilterChainDecorator.java:240)
	at org.springframework.security.web.ObservationFilterChainDecorator$ObservationFilter.doFilter(ObservationFilterChainDecorator.java:227)
	at org.springframework.security.web.ObservationFilterChainDecorator$VirtualFilterChain.doFilter(ObservationFilterChainDecorator.java:137)
	at org.springframework.web.filter.CorsFilter.doFilterInternal(CorsFilter.java:91)
	at org.springframework.web.filter.OncePerRequestFilter.doFilter(OncePerRequestFilter.java:116)
	at org.springframework.security.web.ObservationFilterChainDecorator$ObservationFilter.wrapFilter(ObservationFilterChainDecorator.java:240)
	at org.springframework.security.web.ObservationFilterChainDecorator$ObservationFilter.doFilter(ObservationFilterChainDecorator.java:227)
	at org.springframework.security.web.ObservationFilterChainDecorator$VirtualFilterChain.doFilter(ObservationFilterChainDecorator.java:137)
	at org.springframework.security.web.header.HeaderWriterFilter.doHeadersAfter(HeaderWriterFilter.java:90)
	at org.springframework.security.web.header.HeaderWriterFilter.doFilterInternal(HeaderWriterFilter.java:75)
	at org.springframework.web.filter.OncePerRequestFilter.doFilter(OncePerRequestFilter.java:116)
	at org.springframework.security.web.ObservationFilterChainDecorator$ObservationFilter.wrapFilter(ObservationFilterChainDecorator.java:240)
	at org.springframework.security.web.ObservationFilterChainDecorator$ObservationFilter.doFilter(ObservationFilterChainDecorator.java:227)
	at org.springframework.security.web.ObservationFilterChainDecorator$VirtualFilterChain.doFilter(ObservationFilterChainDecorator.java:137)
	at org.springframework.security.web.context.SecurityContextHolderFilter.doFilter(SecurityContextHolderFilter.java:82)
	at org.springframework.security.web.context.SecurityContextHolderFilter.doFilter(SecurityContextHolderFilter.java:69)
	at org.springframework.security.web.ObservationFilterChainDecorator$ObservationFilter.wrapFilter(ObservationFilterChainDecorator.java:240)
	at org.springframework.security.web.ObservationFilterChainDecorator$ObservationFilter.doFilter(ObservationFilterChainDecorator.java:227)
	at org.springframework.security.web.ObservationFilterChainDecorator$VirtualFilterChain.doFilter(ObservationFilterChainDecorator.java:137)
	at org.springframework.security.web.context.request.async.WebAsyncManagerIntegrationFilter.doFilterInternal(WebAsyncManagerIntegrationFilter.java:62)
	at org.springframework.web.filter.OncePerRequestFilter.doFilter(OncePerRequestFilter.java:116)
	at org.springframework.security.web.ObservationFilterChainDecorator$ObservationFilter.wrapFilter(ObservationFilterChainDecorator.java:240)
	at org.springframework.security.web.ObservationFilterChainDecorator$ObservationFilter.doFilter(ObservationFilterChainDecorator.java:227)
	at org.springframework.security.web.ObservationFilterChainDecorator$VirtualFilterChain.doFilter(ObservationFilterChainDecorator.java:137)
	at org.springframework.security.web.session.DisableEncodeUrlFilter.doFilterInternal(DisableEncodeUrlFilter.java:42)
	at org.springframework.web.filter.OncePerRequestFilter.doFilter(OncePerRequestFilter.java:116)
	at org.springframework.security.web.ObservationFilterChainDecorator$ObservationFilter.wrapFilter(ObservationFilterChainDecorator.java:240)
	at org.springframework.security.web.ObservationFilterChainDecorator$AroundFilterObservation$SimpleAroundFilterObservation.lambda$wrap$0(ObservationFilterChainDecorator.java:323)
	at org.springframework.security.web.ObservationFilterChainDecorator$ObservationFilter.doFilter(ObservationFilterChainDecorator.java:224)
	at org.springframework.security.web.ObservationFilterChainDecorator$VirtualFilterChain.doFilter(ObservationFilterChainDecorator.java:137)
	at org.springframework.security.web.FilterChainProxy.doFilterInternal(FilterChainProxy.java:233)
	at org.springframework.security.web.FilterChainProxy.doFilter(FilterChainProxy.java:191)
	at org.springframework.web.filter.CompositeFilter$VirtualFilterChain.doFilter(CompositeFilter.java:113)
	at org.springframework.web.servlet.handler.HandlerMappingIntrospector.lambda$createCacheFilter$3(HandlerMappingIntrospector.java:195)
	at org.springframework.web.filter.CompositeFilter$VirtualFilterChain.doFilter(CompositeFilter.java:113)
	at org.springframework.web.filter.CompositeFilter.doFilter(CompositeFilter.java:74)
	at org.springframework.security.config.annotation.web.configuration.WebMvcSecurityConfiguration$CompositeFilterChainProxy.doFilter(WebMvcSecurityConfiguration.java:230)
	at org.springframework.web.filter.DelegatingFilterProxy.invokeDelegate(DelegatingFilterProxy.java:352)
	at org.springframework.web.filter.DelegatingFilterProxy.doFilter(DelegatingFilterProxy.java:268)
	at org.apache.catalina.core.ApplicationFilterChain.internalDoFilter(ApplicationFilterChain.java:174)
	at org.apache.catalina.core.ApplicationFilterChain.doFilter(ApplicationFilterChain.java:149)
	at org.springframework.web.filter.RequestContextFilter.doFilterInternal(RequestContextFilter.java:100)
	at org.springframework.web.filter.OncePerRequestFilter.doFilter(OncePerRequestFilter.java:116)
	at org.apache.catalina.core.ApplicationFilterChain.internalDoFilter(ApplicationFilterChain.java:174)
	at org.apache.catalina.core.ApplicationFilterChain.doFilter(ApplicationFilterChain.java:149)
	at org.springframework.web.filter.FormContentFilter.doFilterInternal(FormContentFilter.java:93)
	at org.springframework.web.filter.OncePerRequestFilter.doFilter(OncePerRequestFilter.java:116)
	at org.apache.catalina.core.ApplicationFilterChain.internalDoFilter(ApplicationFilterChain.java:174)
	at org.apache.catalina.core.ApplicationFilterChain.doFilter(ApplicationFilterChain.java:149)
	at org.springframework.web.filter.ServerHttpObservationFilter.doFilterInternal(ServerHttpObservationFilter.java:109)
	at org.springframework.web.filter.OncePerRequestFilter.doFilter(OncePerRequestFilter.java:116)
	at org.apache.catalina.core.ApplicationFilterChain.internalDoFilter(ApplicationFilterChain.java:174)
	at org.apache.catalina.core.ApplicationFilterChain.doFilter(ApplicationFilterChain.java:149)
	at org.springframework.web.filter.CharacterEncodingFilter.doFilterInternal(CharacterEncodingFilter.java:201)
	at org.springframework.web.filter.OncePerRequestFilter.doFilter(OncePerRequestFilter.java:116)
	at org.apache.catalina.core.ApplicationFilterChain.internalDoFilter(ApplicationFilterChain.java:174)
	at org.apache.catalina.core.ApplicationFilterChain.doFilter(ApplicationFilterChain.java:149)
	at org.apache.catalina.core.StandardWrapperValve.invoke(StandardWrapperValve.java:167)
	at org.apache.catalina.core.StandardContextValve.invoke(StandardContextValve.java:90)
	at org.apache.catalina.authenticator.AuthenticatorBase.invoke(AuthenticatorBase.java:482)
	at org.apache.catalina.core.StandardHostValve.invoke(StandardHostValve.java:115)
	at org.apache.catalina.valves.ErrorReportValve.invoke(ErrorReportValve.java:93)
	at org.apache.catalina.core.StandardEngineValve.invoke(StandardEngineValve.java:74)
	at org.apache.catalina.connector.CoyoteAdapter.service(CoyoteAdapter.java:344)
	at org.apache.coyote.http11.Http11Processor.service(Http11Processor.java:391)
	at org.apache.coyote.AbstractProcessorLight.process(AbstractProcessorLight.java:63)
	at org.apache.coyote.AbstractProtocol$ConnectionHandler.process(AbstractProtocol.java:896)
	at org.apache.tomcat.util.net.NioEndpoint$SocketProcessor.doRun(NioEndpoint.java:1744)
	at org.apache.tomcat.util.net.SocketProcessorBase.run(SocketProcessorBase.java:52)
	at org.apache.tomcat.util.threads.ThreadPoolExecutor.runWorker(ThreadPoolExecutor.java:1191)
	at org.apache.tomcat.util.threads.ThreadPoolExecutor$Worker.run(ThreadPoolExecutor.java:659)
	at org.apache.tomcat.util.threads.TaskThread$WrappingRunnable.run(TaskThread.java:63)
	at java.base/java.lang.Thread.run(Thread.java:840)
2025-07-10 23:10:58 [http-nio-8082-exec-7] INFO  c.m.u.core.logging.LoggingService - TermsService: Aceptación múltiple completada - UserID: 1, Términos aceptados: 0, Cantidad: 0
2025-07-10 23:10:58 [http-nio-8082-exec-7] DEBUG o.s.w.s.m.m.a.HttpEntityMethodProcessor - Using 'application/json', given [application/json, application/*+json] and supported [application/json, application/*+json]
2025-07-10 23:10:58 [http-nio-8082-exec-7] DEBUG o.s.w.s.m.m.a.HttpEntityMethodProcessor - Writing [com.microserviceone.users.termsAndConditionsApi.web.dto.ApiResponse@1e6e98f9]
2025-07-10 23:10:58 [http-nio-8082-exec-4] DEBUG o.s.web.client.RestTemplate - Response 200 OK
2025-07-10 23:10:58 [http-nio-8082-exec-7] DEBUG o.s.web.servlet.DispatcherServlet - Completed 200 OK
2025-07-10 23:10:58 [http-nio-8082-exec-4] DEBUG o.s.web.client.RestTemplate - Reading to [com.microserviceone.users.registrationApi.web.dto.ApiResponse<?>]
2025-07-10 23:10:58 [http-nio-8082-exec-4] INFO  c.m.u.core.logging.LoggingService - Términos y condiciones aceptados exitosamente para usuario ID: 1
2025-07-10 23:10:58 [http-nio-8082-exec-4] DEBUG c.m.u.core.logging.LoggingService - Mapeando respuesta para cliente ID: 1
2025-07-10 23:10:58 [http-nio-8082-exec-4] DEBUG c.m.u.core.logging.LoggingService - Mapeando User a UserResponse - ID: 1, Email: sebasagudelo1012@gmail.com, Tipo: Customer
2025-07-10 23:10:58 [http-nio-8082-exec-4] DEBUG c.m.u.core.logging.LoggingService - Campos específicos de Customer agregados - Fecha de nacimiento: 2006-04-02
2025-07-10 23:10:58 [http-nio-8082-exec-4] DEBUG c.m.u.core.logging.LoggingService - UserResponse mapeado exitosamente - ID: 1, Email: sebasagudelo1012@gmail.com, Rol: CUSTOMER
2025-07-10 23:10:58 [http-nio-8082-exec-4] INFO  c.m.u.core.logging.LoggingService - Cliente registrado exitosamente - ID: 1, Email: sebasagudelo1012@gmail.com, Rol: CUSTOMER
2025-07-10 23:10:58 [http-nio-8082-exec-4] DEBUG o.s.w.s.m.m.a.HttpEntityMethodProcessor - Using 'application/json', given [*/*] and supported [application/json, application/*+json]
2025-07-10 23:10:58 [http-nio-8082-exec-4] DEBUG o.s.w.s.m.m.a.HttpEntityMethodProcessor - Writing [ApiResponse(success=true, message=Customer registered successfully, data=UserResponse(id=1, name=See (truncated)...]
2025-07-10 23:10:58 [http-nio-8082-exec-4] DEBUG o.s.web.servlet.DispatcherServlet - Completed 201 CREATED
2025-07-10 23:10:58 [AsyncReporter{org.springframework.boot.actuate.autoconfigure.tracing.zipkin.ZipkinWebClientSender@4305720c}] DEBUG o.s.w.r.f.client.ExchangeFunctions - [3f8c4a26] HTTP POST http://localhost:9411/api/v2/spans%20
2025-07-10 23:11:03 [DiscoveryClient-CacheRefreshExecutor-0] DEBUG o.s.web.client.RestTemplate - HTTP GET http://localhost:8081/eureka/apps/delta
2025-07-10 23:11:03 [DiscoveryClient-CacheRefreshExecutor-0] DEBUG o.s.web.client.RestTemplate - Accept=[application/json, application/*+json]
2025-07-10 23:11:03 [DiscoveryClient-CacheRefreshExecutor-0] DEBUG o.s.web.client.RestTemplate - Response 200 OK
2025-07-10 23:11:03 [DiscoveryClient-CacheRefreshExecutor-0] DEBUG o.s.web.client.RestTemplate - Reading to [org.springframework.cloud.netflix.eureka.http.EurekaApplications]
2025-07-10 23:11:03 [DiscoveryClient-HeartbeatExecutor-0] DEBUG o.s.web.client.RestTemplate - HTTP PUT http://localhost:8081/eureka/apps/USERS-SERVICE/192.168.114.78:users-service:8082?status=UP&lastDirtyTimestamp=1752207003621
2025-07-10 23:11:03 [DiscoveryClient-HeartbeatExecutor-0] DEBUG o.s.web.client.RestTemplate - Accept=[application/json, application/*+json]
2025-07-10 23:11:03 [DiscoveryClient-HeartbeatExecutor-0] DEBUG o.s.web.client.RestTemplate - Response 200 OK
2025-07-10 23:11:13 [http-nio-8082-exec-8] DEBUG c.m.u.core.logging.LoggingService - InternalJwtFilter: Procesando solicitud: /register/id/1
2025-07-10 23:11:13 [http-nio-8082-exec-8] DEBUG c.m.u.core.logging.LoggingService - InternalJwtFilter: Path '/register/id/1' requiere JWT: false
2025-07-10 23:11:13 [http-nio-8082-exec-8] DEBUG c.m.u.core.logging.LoggingService - InternalJwtFilter: Path no protegido, continuando sin validación JWT
2025-07-10 23:11:13 [http-nio-8082-exec-8] DEBUG o.s.web.servlet.DispatcherServlet - PATCH "/register/id/1", parameters={}
2025-07-10 23:11:13 [http-nio-8082-exec-8] DEBUG o.s.w.s.m.m.a.RequestMappingHandlerMapping - Mapped to com.microserviceone.users.registrationApi.web.controller.RegisterController#updateLastLogin(Long)
2025-07-10 23:11:13 [http-nio-8082-exec-8] INFO  c.m.u.core.logging.LoggingService - Validando existencia de usuario con ID: 1
2025-07-10 23:11:13 [http-nio-8082-exec-8] INFO  c.m.u.core.logging.LoggingService - AdapterRegister: Buscando usuario en la base de datos por ID: 1
2025-07-10 23:11:13 [http-nio-8082-exec-8] DEBUG c.m.u.core.logging.LoggingService - AdapterRegister: Usuario encontrado en la base de datos - ID: 1
2025-07-10 23:11:13 [http-nio-8082-exec-8] DEBUG c.m.u.core.logging.LoggingService - UserMapper: Convirtiendo entidad a dominio - ID: 1, Tipo: CustomerEntity
2025-07-10 23:11:13 [http-nio-8082-exec-8] DEBUG c.m.u.core.logging.LoggingService - UserMapper: CustomerEntity convertido a Customer - ID: 1, Email: sebasagudelo1012@gmail.com, Fecha nacimiento: 2006-04-02
2025-07-10 23:11:13 [http-nio-8082-exec-8] DEBUG c.m.u.core.logging.LoggingService - Usuario encontrado con ID: 1
2025-07-10 23:11:13 [http-nio-8082-exec-8] INFO  c.m.u.core.logging.LoggingService - AdapterRegister: Buscando usuario en la base de datos por ID: 1
2025-07-10 23:11:13 [http-nio-8082-exec-8] DEBUG c.m.u.core.logging.LoggingService - AdapterRegister: Usuario encontrado en la base de datos - ID: 1
2025-07-10 23:11:13 [http-nio-8082-exec-8] DEBUG c.m.u.core.logging.LoggingService - UserMapper: Convirtiendo entidad a dominio - ID: 1, Tipo: CustomerEntity
2025-07-10 23:11:13 [http-nio-8082-exec-8] DEBUG c.m.u.core.logging.LoggingService - UserMapper: CustomerEntity convertido a Customer - ID: 1, Email: sebasagudelo1012@gmail.com, Fecha nacimiento: 2006-04-02
2025-07-10 23:11:13 [http-nio-8082-exec-8] INFO  c.m.u.core.logging.LoggingService - AdapterRegister: Actualizando usuario en la base de datos - ID: 1, Email: sebasagudelo1012@gmail.com
2025-07-10 23:11:13 [http-nio-8082-exec-8] DEBUG c.m.u.core.logging.LoggingService - UserMapper: Convirtiendo dominio a entidad - Email: sebasagudelo1012@gmail.com, Tipo: Customer
2025-07-10 23:11:13 [http-nio-8082-exec-8] DEBUG c.m.u.core.logging.LoggingService - UserMapper: Mapeando campos comunes - Email: sebasagudelo1012@gmail.com
2025-07-10 23:11:13 [http-nio-8082-exec-8] DEBUG c.m.u.core.logging.LoggingService - UserMapper: Campos comunes mapeados exitosamente - Email: sebasagudelo1012@gmail.com, Rol: CUSTOMER
2025-07-10 23:11:13 [http-nio-8082-exec-8] DEBUG c.m.u.core.logging.LoggingService - UserMapper: Customer convertido a CustomerEntity - Email: sebasagudelo1012@gmail.com, Fecha nacimiento: 2006-04-02
2025-07-10 23:11:13 [http-nio-8082-exec-8] DEBUG c.m.u.core.logging.LoggingService - AdapterRegister: Usuario actualizado en la base de datos - ID: 1, Email: sebasagudelo1012@gmail.com
2025-07-10 23:11:13 [http-nio-8082-exec-8] DEBUG c.m.u.core.logging.LoggingService - UserMapper: Convirtiendo entidad a dominio - ID: 1, Tipo: CustomerEntity
2025-07-10 23:11:13 [http-nio-8082-exec-8] DEBUG c.m.u.core.logging.LoggingService - UserMapper: CustomerEntity convertido a Customer - ID: 1, Email: sebasagudelo1012@gmail.com, Fecha nacimiento: 2006-04-02
2025-07-10 23:11:13 [http-nio-8082-exec-8] DEBUG c.m.u.core.logging.LoggingService - Mapeando User a UserResponse - ID: 1, Email: sebasagudelo1012@gmail.com, Tipo: Customer
2025-07-10 23:11:13 [http-nio-8082-exec-8] DEBUG c.m.u.core.logging.LoggingService - Campos específicos de Customer agregados - Fecha de nacimiento: 2006-04-02
2025-07-10 23:11:13 [http-nio-8082-exec-8] DEBUG c.m.u.core.logging.LoggingService - UserResponse mapeado exitosamente - ID: 1, Email: sebasagudelo1012@gmail.com, Rol: CUSTOMER
2025-07-10 23:11:13 [AsyncReporter{org.springframework.boot.actuate.autoconfigure.tracing.zipkin.ZipkinWebClientSender@4305720c}] DEBUG o.s.w.r.f.client.ExchangeFunctions - [3751fcf5] HTTP POST http://localhost:9411/api/v2/spans%20
2025-07-10 23:11:33 [DiscoveryClient-CacheRefreshExecutor-0] DEBUG o.s.web.client.RestTemplate - HTTP GET http://localhost:8081/eureka/apps/delta
2025-07-10 23:11:33 [DiscoveryClient-CacheRefreshExecutor-0] DEBUG o.s.web.client.RestTemplate - Accept=[application/json, application/*+json]
2025-07-10 23:11:33 [DiscoveryClient-CacheRefreshExecutor-0] DEBUG o.s.web.client.RestTemplate - Response 200 OK
2025-07-10 23:11:33 [DiscoveryClient-CacheRefreshExecutor-0] DEBUG o.s.web.client.RestTemplate - Reading to [org.springframework.cloud.netflix.eureka.http.EurekaApplications]
2025-07-10 23:11:33 [DiscoveryClient-HeartbeatExecutor-0] DEBUG o.s.web.client.RestTemplate - HTTP PUT http://localhost:8081/eureka/apps/USERS-SERVICE/192.168.114.78:users-service:8082?status=UP&lastDirtyTimestamp=1752207003621
2025-07-10 23:11:33 [DiscoveryClient-HeartbeatExecutor-0] DEBUG o.s.web.client.RestTemplate - Accept=[application/json, application/*+json]
2025-07-10 23:11:33 [DiscoveryClient-HeartbeatExecutor-0] DEBUG o.s.web.client.RestTemplate - Response 200 OK
2025-07-10 23:12:03 [DiscoveryClient-CacheRefreshExecutor-0] DEBUG o.s.web.client.RestTemplate - HTTP GET http://localhost:8081/eureka/apps/delta
2025-07-10 23:12:03 [DiscoveryClient-CacheRefreshExecutor-0] DEBUG o.s.web.client.RestTemplate - Accept=[application/json, application/*+json]
2025-07-10 23:12:03 [DiscoveryClient-CacheRefreshExecutor-0] DEBUG o.s.web.client.RestTemplate - Response 200 OK
2025-07-10 23:12:03 [DiscoveryClient-CacheRefreshExecutor-0] DEBUG o.s.web.client.RestTemplate - Reading to [org.springframework.cloud.netflix.eureka.http.EurekaApplications]
2025-07-10 23:12:03 [DiscoveryClient-HeartbeatExecutor-0] DEBUG o.s.web.client.RestTemplate - HTTP PUT http://localhost:8081/eureka/apps/USERS-SERVICE/192.168.114.78:users-service:8082?status=UP&lastDirtyTimestamp=1752207003621
2025-07-10 23:12:03 [DiscoveryClient-HeartbeatExecutor-0] DEBUG o.s.web.client.RestTemplate - Accept=[application/json, application/*+json]
2025-07-10 23:12:03 [DiscoveryClient-HeartbeatExecutor-0] DEBUG o.s.web.client.RestTemplate - Response 200 OK
2025-07-10 23:12:10 [http-nio-8082-exec-8] DEBUG o.s.w.s.m.m.a.HttpEntityMethodProcessor - Using 'application/json', given [*/*] and supported [application/json, application/*+json]
2025-07-10 23:12:10 [http-nio-8082-exec-8] DEBUG o.s.w.s.m.m.a.HttpEntityMethodProcessor - Writing [ApiResponse(success=true, message=User update successfully, data=UserResponse(id=1, name=Seebastian, (truncated)...]
2025-07-10 23:12:10 [http-nio-8082-exec-8] DEBUG o.s.web.servlet.DispatcherServlet - Completed 200 OK
2025-07-10 23:12:11 [AsyncReporter{org.springframework.boot.actuate.autoconfigure.tracing.zipkin.ZipkinWebClientSender@4305720c}] DEBUG o.s.w.r.f.client.ExchangeFunctions - [1fc722b5] HTTP POST http://localhost:9411/api/v2/spans%20
2025-07-10 23:12:31 [restartedMain] INFO  c.m.users.UsersApplication - Starting UsersApplication using Java 17.0.15 with PID 380956 (/home/sebastian/Documentos/stranger-drug/users/target/classes started by sebastian in /home/sebastian/Documentos/stranger-drug)
2025-07-10 23:12:31 [restartedMain] DEBUG c.m.users.UsersApplication - Running with Spring Boot v3.2.3, Spring v6.1.4
2025-07-10 23:12:31 [restartedMain] INFO  c.m.users.UsersApplication - The following 6 profiles are active: "common", "database", "email", "logging", "security", "dev"
2025-07-10 23:12:34 [restartedMain] WARN  o.s.c.s.PostProcessorRegistrationDelegate$BeanPostProcessorChecker - Bean 'org.springframework.cloud.client.loadbalancer.LoadBalancerAutoConfiguration$LoadBalancerInterceptorConfig' of type [org.springframework.cloud.client.loadbalancer.LoadBalancerAutoConfiguration$LoadBalancerInterceptorConfig] is not eligible for getting processed by all BeanPostProcessors (for example: not eligible for auto-proxying). The currently created BeanPostProcessor [lbRestClientPostProcessor] is declared through a non-static factory method on that class; consider declaring it as static instead.
2025-07-10 23:12:34 [restartedMain] WARN  o.s.c.s.PostProcessorRegistrationDelegate$BeanPostProcessorChecker - Bean 'org.springframework.cloud.loadbalancer.config.BlockingLoadBalancerClientAutoConfiguration' of type [org.springframework.cloud.loadbalancer.config.BlockingLoadBalancerClientAutoConfiguration] is not eligible for getting processed by all BeanPostProcessors (for example: not eligible for auto-proxying). Is this bean getting eagerly injected into a currently created BeanPostProcessor [lbRestClientPostProcessor]? Check the corresponding BeanPostProcessor declaration and its dependencies.
2025-07-10 23:12:34 [restartedMain] WARN  o.s.c.s.PostProcessorRegistrationDelegate$BeanPostProcessorChecker - Bean 'org.springframework.cloud.loadbalancer.config.LoadBalancerAutoConfiguration' of type [org.springframework.cloud.loadbalancer.config.LoadBalancerAutoConfiguration] is not eligible for getting processed by all BeanPostProcessors (for example: not eligible for auto-proxying). Is this bean getting eagerly injected into a currently created BeanPostProcessor [lbRestClientPostProcessor]? Check the corresponding BeanPostProcessor declaration and its dependencies.
2025-07-10 23:12:34 [restartedMain] WARN  o.s.c.s.PostProcessorRegistrationDelegate$BeanPostProcessorChecker - Bean 'org.springframework.cloud.commons.config.CommonsConfigAutoConfiguration' of type [org.springframework.cloud.commons.config.CommonsConfigAutoConfiguration] is not eligible for getting processed by all BeanPostProcessors (for example: not eligible for auto-proxying). Is this bean getting eagerly injected into a currently created BeanPostProcessor [lbRestClientPostProcessor]? Check the corresponding BeanPostProcessor declaration and its dependencies.
2025-07-10 23:12:34 [restartedMain] WARN  o.s.c.s.PostProcessorRegistrationDelegate$BeanPostProcessorChecker - Bean 'org.springframework.cloud.client.loadbalancer.LoadBalancerDefaultMappingsProviderAutoConfiguration' of type [org.springframework.cloud.client.loadbalancer.LoadBalancerDefaultMappingsProviderAutoConfiguration] is not eligible for getting processed by all BeanPostProcessors (for example: not eligible for auto-proxying). Is this bean getting eagerly injected into a currently created BeanPostProcessor [lbRestClientPostProcessor]? Check the corresponding BeanPostProcessor declaration and its dependencies.
2025-07-10 23:12:34 [restartedMain] WARN  o.s.c.s.PostProcessorRegistrationDelegate$BeanPostProcessorChecker - Bean 'loadBalancerClientsDefaultsMappingsProvider' of type [org.springframework.cloud.client.loadbalancer.LoadBalancerDefaultMappingsProviderAutoConfiguration$$Lambda$761/0x00007fbb10566e78] is not eligible for getting processed by all BeanPostProcessors (for example: not eligible for auto-proxying). Is this bean getting eagerly injected into a currently created BeanPostProcessor [lbRestClientPostProcessor]? Check the corresponding BeanPostProcessor declaration and its dependencies.
2025-07-10 23:12:34 [restartedMain] WARN  o.s.c.s.PostProcessorRegistrationDelegate$BeanPostProcessorChecker - Bean 'defaultsBindHandlerAdvisor' of type [org.springframework.cloud.commons.config.DefaultsBindHandlerAdvisor] is not eligible for getting processed by all BeanPostProcessors (for example: not eligible for auto-proxying). Is this bean getting eagerly injected into a currently created BeanPostProcessor [lbRestClientPostProcessor]? Check the corresponding BeanPostProcessor declaration and its dependencies.
2025-07-10 23:12:34 [restartedMain] WARN  o.s.c.s.PostProcessorRegistrationDelegate$BeanPostProcessorChecker - Bean 'spring.cloud.loadbalancer-org.springframework.cloud.client.loadbalancer.LoadBalancerClientsProperties' of type [org.springframework.cloud.client.loadbalancer.LoadBalancerClientsProperties] is not eligible for getting processed by all BeanPostProcessors (for example: not eligible for auto-proxying). Is this bean getting eagerly injected into a currently created BeanPostProcessor [lbRestClientPostProcessor]? Check the corresponding BeanPostProcessor declaration and its dependencies.
2025-07-10 23:12:34 [restartedMain] WARN  o.s.c.s.PostProcessorRegistrationDelegate$BeanPostProcessorChecker - Bean 'default.org.springframework.cloud.loadbalancer.config.LoadBalancerAutoConfiguration.LoadBalancerClientSpecification' of type [org.springframework.cloud.loadbalancer.annotation.LoadBalancerClientSpecification] is not eligible for getting processed by all BeanPostProcessors (for example: not eligible for auto-proxying). Is this bean getting eagerly injected into a currently created BeanPostProcessor [lbRestClientPostProcessor]? Check the corresponding BeanPostProcessor declaration and its dependencies.
2025-07-10 23:12:34 [restartedMain] WARN  o.s.c.s.PostProcessorRegistrationDelegate$BeanPostProcessorChecker - Bean 'default.org.springframework.cloud.loadbalancer.config.BlockingLoadBalancerClientAutoConfiguration.LoadBalancerClientSpecification' of type [org.springframework.cloud.loadbalancer.annotation.LoadBalancerClientSpecification] is not eligible for getting processed by all BeanPostProcessors (for example: not eligible for auto-proxying). Is this bean getting eagerly injected into a currently created BeanPostProcessor [lbRestClientPostProcessor]? Check the corresponding BeanPostProcessor declaration and its dependencies.
2025-07-10 23:12:34 [restartedMain] WARN  o.s.c.s.PostProcessorRegistrationDelegate$BeanPostProcessorChecker - Bean 'default.org.springframework.cloud.netflix.eureka.loadbalancer.LoadBalancerEurekaAutoConfiguration.LoadBalancerClientSpecification' of type [org.springframework.cloud.loadbalancer.annotation.LoadBalancerClientSpecification] is not eligible for getting processed by all BeanPostProcessors (for example: not eligible for auto-proxying). Is this bean getting eagerly injected into a currently created BeanPostProcessor [lbRestClientPostProcessor]? Check the corresponding BeanPostProcessor declaration and its dependencies.
2025-07-10 23:12:34 [restartedMain] WARN  o.s.c.s.PostProcessorRegistrationDelegate$BeanPostProcessorChecker - Bean 'loadBalancerClientFactory' of type [org.springframework.cloud.loadbalancer.support.LoadBalancerClientFactory] is not eligible for getting processed by all BeanPostProcessors (for example: not eligible for auto-proxying). Is this bean getting eagerly injected into a currently created BeanPostProcessor [lbRestClientPostProcessor]? Check the corresponding BeanPostProcessor declaration and its dependencies.
2025-07-10 23:12:34 [restartedMain] WARN  o.s.c.s.PostProcessorRegistrationDelegate$BeanPostProcessorChecker - Bean 'blockingLoadBalancerClient' of type [org.springframework.cloud.loadbalancer.blocking.client.BlockingLoadBalancerClient] is not eligible for getting processed by all BeanPostProcessors (for example: not eligible for auto-proxying). Is this bean getting eagerly injected into a currently created BeanPostProcessor [lbRestClientPostProcessor]? Check the corresponding BeanPostProcessor declaration and its dependencies.
2025-07-10 23:12:34 [restartedMain] WARN  o.s.c.s.PostProcessorRegistrationDelegate$BeanPostProcessorChecker - Bean 'loadBalancerServiceInstanceCookieTransformer' of type [org.springframework.cloud.loadbalancer.core.LoadBalancerServiceInstanceCookieTransformer] is not eligible for getting processed by all BeanPostProcessors (for example: not eligible for auto-proxying). Is this bean getting eagerly injected into a currently created BeanPostProcessor [lbRestClientPostProcessor]? Check the corresponding BeanPostProcessor declaration and its dependencies.
2025-07-10 23:12:34 [restartedMain] WARN  o.s.c.s.PostProcessorRegistrationDelegate$BeanPostProcessorChecker - Bean 'xForwarderHeadersTransformer' of type [org.springframework.cloud.loadbalancer.blocking.XForwardedHeadersTransformer] is not eligible for getting processed by all BeanPostProcessors (for example: not eligible for auto-proxying). Is this bean getting eagerly injected into a currently created BeanPostProcessor [lbRestClientPostProcessor]? Check the corresponding BeanPostProcessor declaration and its dependencies.
2025-07-10 23:12:34 [restartedMain] WARN  o.s.c.s.PostProcessorRegistrationDelegate$BeanPostProcessorChecker - Bean 'org.springframework.cloud.client.loadbalancer.LoadBalancerAutoConfiguration' of type [org.springframework.cloud.client.loadbalancer.LoadBalancerAutoConfiguration] is not eligible for getting processed by all BeanPostProcessors (for example: not eligible for auto-proxying). Is this bean getting eagerly injected into a currently created BeanPostProcessor [lbRestClientPostProcessor]? Check the corresponding BeanPostProcessor declaration and its dependencies.
2025-07-10 23:12:34 [restartedMain] WARN  o.s.c.s.PostProcessorRegistrationDelegate$BeanPostProcessorChecker - Bean 'loadBalancerRequestFactory' of type [org.springframework.cloud.client.loadbalancer.LoadBalancerRequestFactory] is not eligible for getting processed by all BeanPostProcessors (for example: not eligible for auto-proxying). Is this bean getting eagerly injected into a currently created BeanPostProcessor [lbRestClientPostProcessor]? Check the corresponding BeanPostProcessor declaration and its dependencies.
2025-07-10 23:12:34 [restartedMain] WARN  o.s.c.s.PostProcessorRegistrationDelegate$BeanPostProcessorChecker - Bean 'loadBalancerInterceptor' of type [org.springframework.cloud.client.loadbalancer.LoadBalancerInterceptor] is not eligible for getting processed by all BeanPostProcessors (for example: not eligible for auto-proxying). Is this bean getting eagerly injected into a currently created BeanPostProcessor [lbRestClientPostProcessor]? Check the corresponding BeanPostProcessor declaration and its dependencies.
2025-07-10 23:12:34 [restartedMain] WARN  o.s.c.s.PostProcessorRegistrationDelegate$BeanPostProcessorChecker - Bean 'org.springframework.cloud.client.loadbalancer.reactive.LoadBalancerBeanPostProcessorAutoConfiguration' of type [org.springframework.cloud.client.loadbalancer.reactive.LoadBalancerBeanPostProcessorAutoConfiguration] is not eligible for getting processed by all BeanPostProcessors (for example: not eligible for auto-proxying). The currently created BeanPostProcessor [loadBalancerWebClientBuilderBeanPostProcessor] is declared through a non-static factory method on that class; consider declaring it as static instead.
2025-07-10 23:12:34 [restartedMain] WARN  o.s.c.s.PostProcessorRegistrationDelegate$BeanPostProcessorChecker - Bean 'org.springframework.cloud.client.loadbalancer.reactive.LoadBalancerBeanPostProcessorAutoConfiguration$ReactorDeferringLoadBalancerFilterConfig' of type [org.springframework.cloud.client.loadbalancer.reactive.LoadBalancerBeanPostProcessorAutoConfiguration$ReactorDeferringLoadBalancerFilterConfig] is not eligible for getting processed by all BeanPostProcessors (for example: not eligible for auto-proxying). Is this bean getting eagerly injected into a currently created BeanPostProcessor [loadBalancerWebClientBuilderBeanPostProcessor]? Check the corresponding BeanPostProcessor declaration and its dependencies.
2025-07-10 23:12:34 [restartedMain] WARN  o.s.c.s.PostProcessorRegistrationDelegate$BeanPostProcessorChecker - Bean 'reactorDeferringLoadBalancerExchangeFilterFunction' of type [org.springframework.cloud.client.loadbalancer.reactive.DeferringLoadBalancerExchangeFilterFunction] is not eligible for getting processed by all BeanPostProcessors (for example: not eligible for auto-proxying). Is this bean getting eagerly injected into a currently created BeanPostProcessor [loadBalancerWebClientBuilderBeanPostProcessor]? Check the corresponding BeanPostProcessor declaration and its dependencies.
2025-07-10 23:12:36 [restartedMain] DEBUG o.s.w.f.ServerHttpObservationFilter - Filter 'webMvcObservationFilter' configured for use
2025-07-10 23:12:36 [restartedMain] DEBUG c.m.u.c.c.i.InternalJwtFilter - Filter 'internalJwtFilter' configured for use
2025-07-10 23:12:36 [restartedMain] WARN  org.hibernate.orm.deprecation - HHH90000025: MariaDBDialect does not need to be specified explicitly using 'hibernate.dialect' (remove the property setting and it will be selected by default)
2025-07-10 23:12:38 [restartedMain] INFO  c.m.u.core.logging.LoggingService - CacheConfiguration: Cache manager configurado con 8 caches
2025-07-10 23:12:41 [restartedMain] WARN  o.s.b.a.o.j.JpaBaseConfiguration$JpaWebConfiguration - spring.jpa.open-in-view is enabled by default. Therefore, database queries may be performed during view rendering. Explicitly configure spring.jpa.open-in-view to disable this warning
2025-07-10 23:12:41 [restartedMain] WARN  o.s.b.a.s.s.UserDetailsServiceAutoConfiguration - 

Using generated security password: fb21a602-106a-4827-90f7-e555060aa610

This generated password is for development use only. Your security configuration must be updated before running your application in production.

2025-07-10 23:12:41 [restartedMain] INFO  c.m.u.core.logging.LoggingService - SecurityConfig: Iniciando configuración de seguridad del microservicio users
2025-07-10 23:12:41 [restartedMain] DEBUG o.s.w.s.m.m.a.RequestMappingHandlerMapping - 26 mappings in 'requestMappingHandlerMapping'
2025-07-10 23:12:41 [restartedMain] DEBUG o.s.w.s.h.SimpleUrlHandlerMapping - Patterns [/webjars/**, /**, /swagger-ui*/*swagger-initializer.js, /swagger-ui*/**] in 'resourceHandlerMapping'
2025-07-10 23:12:42 [restartedMain] INFO  c.m.u.core.logging.LoggingService - SecurityConfig: Configuración de seguridad completada - Todos los endpoints permitidos, filtro JWT interno configurado
2025-07-10 23:12:42 [restartedMain] DEBUG o.s.w.s.m.m.a.RequestMappingHandlerAdapter - ControllerAdvice beans: 0 @ModelAttribute, 0 @InitBinder, 1 RequestBodyAdvice, 1 ResponseBodyAdvice
2025-07-10 23:12:42 [restartedMain] DEBUG o.s.w.s.m.m.a.ExceptionHandlerExceptionResolver - ControllerAdvice beans: 2 @ExceptionHandler, 1 ResponseBodyAdvice
2025-07-10 23:12:43 [restartedMain] INFO  c.netflix.discovery.DiscoveryClient - Initializing Eureka in region us-east-1
2025-07-10 23:12:43 [restartedMain] INFO  c.n.d.s.r.aws.ConfigClusterResolver - Resolving eureka endpoints via configuration
2025-07-10 23:12:43 [restartedMain] INFO  c.netflix.discovery.DiscoveryClient - Disable delta property : false
2025-07-10 23:12:43 [restartedMain] INFO  c.netflix.discovery.DiscoveryClient - Single vip registry refresh property : null
2025-07-10 23:12:43 [restartedMain] INFO  c.netflix.discovery.DiscoveryClient - Force full registry fetch : false
2025-07-10 23:12:43 [restartedMain] INFO  c.netflix.discovery.DiscoveryClient - Application is null : false
2025-07-10 23:12:43 [restartedMain] INFO  c.netflix.discovery.DiscoveryClient - Registered Applications size is zero : true
2025-07-10 23:12:43 [restartedMain] INFO  c.netflix.discovery.DiscoveryClient - Application version is -1: true
2025-07-10 23:12:43 [restartedMain] INFO  c.netflix.discovery.DiscoveryClient - Getting all instance registry info from the eureka server
2025-07-10 23:12:43 [restartedMain] DEBUG o.s.web.client.RestTemplate - HTTP GET http://localhost:8081/eureka/apps/
2025-07-10 23:12:43 [restartedMain] DEBUG o.s.web.client.RestTemplate - Accept=[application/json, application/*+json]
2025-07-10 23:12:43 [restartedMain] DEBUG o.s.web.client.RestTemplate - Response 200 OK
2025-07-10 23:12:43 [restartedMain] DEBUG o.s.web.client.RestTemplate - Reading to [org.springframework.cloud.netflix.eureka.http.EurekaApplications]
2025-07-10 23:12:43 [restartedMain] INFO  c.netflix.discovery.DiscoveryClient - The response status is 200
2025-07-10 23:12:43 [restartedMain] INFO  c.netflix.discovery.DiscoveryClient - Starting heartbeat executor: renew interval is: 30
2025-07-10 23:12:43 [restartedMain] INFO  c.n.discovery.InstanceInfoReplicator - InstanceInfoReplicator onDemand update allowed rate per min is 4
2025-07-10 23:12:43 [restartedMain] INFO  c.netflix.discovery.DiscoveryClient - Discovery Client initialized at timestamp 1752207163713 with initial instances count: 1
2025-07-10 23:12:43 [restartedMain] INFO  c.netflix.discovery.DiscoveryClient - Saw local status change event StatusChangeEvent [timestamp=1752207163728, current=UP, previous=STARTING]
2025-07-10 23:12:43 [DiscoveryClient-InstanceInfoReplicator-0] INFO  c.netflix.discovery.DiscoveryClient - DiscoveryClient_USERS-SERVICE/192.168.114.78:users-service:8082: registering service...
2025-07-10 23:12:43 [DiscoveryClient-InstanceInfoReplicator-0] DEBUG o.s.web.client.RestTemplate - HTTP POST http://localhost:8081/eureka/apps/USERS-SERVICE
2025-07-10 23:12:43 [DiscoveryClient-InstanceInfoReplicator-0] DEBUG o.s.web.client.RestTemplate - Accept=[application/json, application/*+json]
2025-07-10 23:12:43 [DiscoveryClient-InstanceInfoReplicator-0] DEBUG o.s.web.client.RestTemplate - Writing [InstanceInfo [instanceId = 192.168.114.78:users-service:8082, appName = USERS-SERVICE, hostName = 192.168.114.78, status = UP, ipAddr = 192.168.114.78, port = 8082, securePort = 443, dataCenterInfo = com.netflix.appinfo.MyDataCenterInfo@182aac45] as "application/json"
2025-07-10 23:12:43 [DiscoveryClient-InstanceInfoReplicator-0] DEBUG o.s.web.client.RestTemplate - Response 204 NO_CONTENT
2025-07-10 23:12:43 [DiscoveryClient-InstanceInfoReplicator-0] INFO  c.netflix.discovery.DiscoveryClient - DiscoveryClient_USERS-SERVICE/192.168.114.78:users-service:8082 - registration status: 204
2025-07-10 23:12:43 [restartedMain] INFO  c.m.users.UsersApplication - Started UsersApplication in 13.518 seconds (process running for 14.342)
2025-07-10 23:12:51 [http-nio-8082-exec-2] INFO  o.s.web.servlet.DispatcherServlet - Initializing Servlet 'dispatcherServlet'
2025-07-10 23:12:51 [http-nio-8082-exec-2] DEBUG o.s.web.servlet.DispatcherServlet - Detected StandardServletMultipartResolver
2025-07-10 23:12:51 [http-nio-8082-exec-2] DEBUG o.s.web.servlet.DispatcherServlet - Detected AcceptHeaderLocaleResolver
2025-07-10 23:12:51 [http-nio-8082-exec-2] DEBUG o.s.web.servlet.DispatcherServlet - Detected FixedThemeResolver
2025-07-10 23:12:51 [http-nio-8082-exec-2] DEBUG o.s.web.servlet.DispatcherServlet - Detected org.springframework.web.servlet.view.DefaultRequestToViewNameTranslator@1f11177c
2025-07-10 23:12:51 [http-nio-8082-exec-2] DEBUG o.s.web.servlet.DispatcherServlet - Detected org.springframework.web.servlet.support.SessionFlashMapManager@1d345f30
2025-07-10 23:12:51 [http-nio-8082-exec-2] DEBUG o.s.web.servlet.DispatcherServlet - enableLoggingRequestDetails='false': request parameters and headers will be masked to prevent unsafe logging of potentially sensitive data
2025-07-10 23:12:51 [http-nio-8082-exec-2] INFO  o.s.web.servlet.DispatcherServlet - Completed initialization in 9 ms
2025-07-10 23:12:51 [http-nio-8082-exec-2] DEBUG c.m.u.core.logging.LoggingService - InternalJwtFilter: Procesando solicitud: /verification/send
2025-07-10 23:12:51 [http-nio-8082-exec-2] DEBUG c.m.u.core.logging.LoggingService - InternalJwtFilter: Path '/verification/send' requiere JWT: false
2025-07-10 23:12:51 [http-nio-8082-exec-2] DEBUG c.m.u.core.logging.LoggingService - InternalJwtFilter: Path no protegido, continuando sin validación JWT
2025-07-10 23:12:51 [http-nio-8082-exec-2] DEBUG o.s.web.servlet.DispatcherServlet - POST "/verification/send", parameters={}
2025-07-10 23:12:51 [http-nio-8082-exec-2] DEBUG o.s.w.s.m.m.a.RequestMappingHandlerMapping - Mapped to com.microserviceone.users.verificationCodeApi.web.controller.VerificationCodeController#sendVerificationCode(SendCodeRequest)
2025-07-10 23:12:51 [http-nio-8082-exec-2] DEBUG o.s.w.s.m.m.a.RequestResponseBodyMethodProcessor - Read "application/json;charset=UTF-8" to [com.microserviceone.users.verificationCodeApi.web.dto.SendCodeRequest@16ce30a7]
2025-07-10 23:12:51 [http-nio-8082-exec-2] INFO  c.m.u.core.logging.LoggingService - VerificationService: Enviando código de verificación - Email: sebasagudelo1012@gmail.com
2025-07-10 23:12:51 [http-nio-8082-exec-2] INFO  c.m.u.core.logging.LoggingService - SendVerificationCodeUseCase: Iniciando envío de código de verificación - Email: sebasagudelo1012@gmail.com
2025-07-10 23:12:51 [http-nio-8082-exec-2] DEBUG c.m.u.core.logging.LoggingService - SendVerificationCodeUseCase: Invalidando códigos anteriores - Email: sebasagudelo1012@gmail.com
2025-07-10 23:12:51 [http-nio-8082-exec-2] DEBUG c.m.u.core.logging.LoggingService - AdapterVerificationCode: Invalidando códigos anteriores - Email: sebasagudelo1012@gmail.com
2025-07-10 23:12:51 [http-nio-8082-exec-2] DEBUG c.m.u.core.logging.LoggingService - AdapterVerificationCode: Códigos anteriores invalidados exitosamente - Email: sebasagudelo1012@gmail.com
2025-07-10 23:12:51 [http-nio-8082-exec-2] DEBUG c.m.u.core.logging.LoggingService - SendVerificationCodeUseCase: Códigos anteriores invalidados - Email: sebasagudelo1012@gmail.com
2025-07-10 23:12:51 [http-nio-8082-exec-2] DEBUG c.m.u.core.logging.LoggingService - SendVerificationCodeUseCase: Generando nuevo código - Email: sebasagudelo1012@gmail.com
2025-07-10 23:12:51 [http-nio-8082-exec-2] DEBUG c.m.u.core.logging.LoggingService - ImplCodeGeneratorService: Generando código de verificación
2025-07-10 23:12:51 [http-nio-8082-exec-2] DEBUG c.m.u.core.logging.LoggingService - ImplCodeGeneratorService: Código generado exitosamente: 049838
2025-07-10 23:12:51 [http-nio-8082-exec-2] DEBUG c.m.u.core.logging.LoggingService - SendVerificationCodeUseCase: Código generado: 049838 para email: sebasagudelo1012@gmail.com
2025-07-10 23:12:51 [http-nio-8082-exec-2] DEBUG c.m.u.core.logging.LoggingService - SendVerificationCodeUseCase: Objeto VerificationCode creado - Email: sebasagudelo1012@gmail.com, Código: 049838
2025-07-10 23:12:51 [http-nio-8082-exec-2] DEBUG c.m.u.core.logging.LoggingService - AdapterVerificationCode: Guardando código de verificación - Email: sebasagudelo1012@gmail.com, Código: 049838
2025-07-10 23:12:51 [http-nio-8082-exec-2] DEBUG c.m.u.core.logging.LoggingService - AdapterVerificationCode: Código convertido a entidad - Email: sebasagudelo1012@gmail.com, Código: 049838
2025-07-10 23:12:51 [http-nio-8082-exec-2] DEBUG c.m.u.core.logging.LoggingService - AdapterVerificationCode: Código guardado en base de datos - ID: 1, Email: sebasagudelo1012@gmail.com, Código: 049838
2025-07-10 23:12:51 [http-nio-8082-exec-2] DEBUG c.m.u.core.logging.LoggingService - AdapterVerificationCode: Entidad convertida a dominio - ID: 1, Email: sebasagudelo1012@gmail.com, Código: 049838
2025-07-10 23:12:51 [http-nio-8082-exec-2] DEBUG c.m.u.core.logging.LoggingService - SendVerificationCodeUseCase: Código guardado en base de datos - Email: sebasagudelo1012@gmail.com, Código: 049838
2025-07-10 23:12:51 [http-nio-8082-exec-2] DEBUG c.m.u.core.logging.LoggingService - SendVerificationCodeUseCase: Enviando código por email - Email: sebasagudelo1012@gmail.com, Código: 049838
2025-07-10 23:12:52 [AsyncReporter{org.springframework.boot.actuate.autoconfigure.tracing.zipkin.ZipkinWebClientSender@66db9cf}] DEBUG o.s.w.r.f.client.ExchangeFunctions - [3a0774a3] HTTP POST http://localhost:9411/api/v2/spans%20
2025-07-10 23:12:52 [AsyncReporter{org.springframework.boot.actuate.autoconfigure.tracing.zipkin.ZipkinWebClientSender@66db9cf}] WARN  z.r.AsyncReporter$BoundedAsyncReporter - Spans were dropped due to exceptions. All subsequent errors will be logged at FINE level.
2025-07-10 23:12:52 [AsyncReporter{org.springframework.boot.actuate.autoconfigure.tracing.zipkin.ZipkinWebClientSender@66db9cf}] WARN  z.r.AsyncReporter$BoundedAsyncReporter - Dropped 2 spans due to WebClientRequestException(finishConnect(..) failed: Conexión rehusada: localhost/[0:0:0:0:0:0:0:1]:9411)
org.springframework.web.reactive.function.client.WebClientRequestException: finishConnect(..) failed: Conexión rehusada: localhost/[0:0:0:0:0:0:0:1]:9411
	at org.springframework.web.reactive.function.client.ExchangeFunctions$DefaultExchangeFunction.lambda$wrapException$9(ExchangeFunctions.java:136)
	Suppressed: reactor.core.publisher.FluxOnAssembly$OnAssemblyException: 
Error has been observed at the following site(s):
	*__checkpoint ⇢ Request to POST http://localhost:9411/api/v2/spans%20 [DefaultWebClient]
Original Stack Trace:
		at org.springframework.web.reactive.function.client.ExchangeFunctions$DefaultExchangeFunction.lambda$wrapException$9(ExchangeFunctions.java:136)
		at reactor.core.publisher.MonoErrorSupplied.subscribe(MonoErrorSupplied.java:55)
		at reactor.core.publisher.Mono.subscribe(Mono.java:4563)
		at reactor.core.publisher.FluxOnErrorResume$ResumeSubscriber.onError(FluxOnErrorResume.java:103)
		at reactor.core.publisher.FluxPeek$PeekSubscriber.onError(FluxPeek.java:222)
		at reactor.core.publisher.FluxPeek$PeekSubscriber.onError(FluxPeek.java:222)
		at reactor.core.publisher.FluxPeek$PeekSubscriber.onError(FluxPeek.java:222)
		at reactor.core.publisher.MonoNext$NextSubscriber.onError(MonoNext.java:93)
		at reactor.core.publisher.MonoFlatMapMany$FlatMapManyMain.onError(MonoFlatMapMany.java:205)
		at reactor.core.publisher.SerializedSubscriber.onError(SerializedSubscriber.java:124)
		at reactor.core.publisher.FluxRetryWhen$RetryWhenMainSubscriber.whenError(FluxRetryWhen.java:229)
		at reactor.core.publisher.FluxRetryWhen$RetryWhenOtherSubscriber.onError(FluxRetryWhen.java:279)
		at reactor.core.publisher.FluxContextWrite$ContextWriteSubscriber.onError(FluxContextWrite.java:121)
		at reactor.core.publisher.FluxConcatMapNoPrefetch$FluxConcatMapNoPrefetchSubscriber.maybeOnError(FluxConcatMapNoPrefetch.java:327)
		at reactor.core.publisher.FluxConcatMapNoPrefetch$FluxConcatMapNoPrefetchSubscriber.onNext(FluxConcatMapNoPrefetch.java:212)
		at reactor.core.publisher.FluxContextWrite$ContextWriteSubscriber.onNext(FluxContextWrite.java:107)
		at reactor.core.publisher.SinkManyEmitterProcessor.drain(SinkManyEmitterProcessor.java:476)
		at reactor.core.publisher.SinkManyEmitterProcessor$EmitterInner.drainParent(SinkManyEmitterProcessor.java:620)
		at reactor.core.publisher.FluxPublish$PubSubInner.request(FluxPublish.java:874)
		at reactor.core.publisher.FluxContextWrite$ContextWriteSubscriber.request(FluxContextWrite.java:136)
		at reactor.core.publisher.FluxConcatMapNoPrefetch$FluxConcatMapNoPrefetchSubscriber.request(FluxConcatMapNoPrefetch.java:337)
		at reactor.core.publisher.FluxContextWrite$ContextWriteSubscriber.request(FluxContextWrite.java:136)
		at reactor.core.publisher.Operators$DeferredSubscription.request(Operators.java:1743)
		at reactor.core.publisher.FluxRetryWhen$RetryWhenMainSubscriber.onError(FluxRetryWhen.java:196)
		at reactor.core.publisher.MonoCreate$DefaultMonoSink.error(MonoCreate.java:205)
		at reactor.netty.http.client.HttpClientConnect$MonoHttpConnect$ClientTransportSubscriber.onError(HttpClientConnect.java:311)
		at reactor.core.publisher.MonoCreate$DefaultMonoSink.error(MonoCreate.java:205)
		at reactor.netty.resources.DefaultPooledConnectionProvider$DisposableAcquire.onError(DefaultPooledConnectionProvider.java:172)
		at reactor.netty.internal.shaded.reactor.pool.AbstractPool$Borrower.fail(AbstractPool.java:488)
		at reactor.netty.internal.shaded.reactor.pool.SimpleDequePool.lambda$drainLoop$9(SimpleDequePool.java:436)
		at reactor.core.publisher.FluxDoOnEach$DoOnEachSubscriber.onError(FluxDoOnEach.java:186)
		at reactor.core.publisher.MonoCreate$DefaultMonoSink.error(MonoCreate.java:205)
		at reactor.netty.resources.DefaultPooledConnectionProvider$PooledConnectionAllocator$PooledConnectionInitializer.onError(DefaultPooledConnectionProvider.java:583)
		at reactor.core.publisher.MonoFlatMap$FlatMapMain.secondError(MonoFlatMap.java:241)
		at reactor.core.publisher.MonoFlatMap$FlatMapInner.onError(MonoFlatMap.java:315)
		at reactor.core.publisher.FluxOnErrorResume$ResumeSubscriber.onError(FluxOnErrorResume.java:106)
		at reactor.core.publisher.SerializedSubscriber.onError(SerializedSubscriber.java:124)
		at reactor.core.publisher.FluxRetryWhen$RetryWhenMainSubscriber.whenError(FluxRetryWhen.java:229)
		at reactor.core.publisher.FluxRetryWhen$RetryWhenOtherSubscriber.onError(FluxRetryWhen.java:279)
		at reactor.core.publisher.FluxContextWrite$ContextWriteSubscriber.onError(FluxContextWrite.java:121)
		at reactor.core.publisher.FluxConcatMapNoPrefetch$FluxConcatMapNoPrefetchSubscriber.maybeOnError(FluxConcatMapNoPrefetch.java:327)
		at reactor.core.publisher.FluxConcatMapNoPrefetch$FluxConcatMapNoPrefetchSubscriber.onNext(FluxConcatMapNoPrefetch.java:212)
		at reactor.core.publisher.FluxContextWrite$ContextWriteSubscriber.onNext(FluxContextWrite.java:107)
		at reactor.core.publisher.SinkManyEmitterProcessor.drain(SinkManyEmitterProcessor.java:476)
		at reactor.core.publisher.SinkManyEmitterProcessor$EmitterInner.drainParent(SinkManyEmitterProcessor.java:620)
		at reactor.core.publisher.FluxPublish$PubSubInner.request(FluxPublish.java:874)
		at reactor.core.publisher.FluxContextWrite$ContextWriteSubscriber.request(FluxContextWrite.java:136)
		at reactor.core.publisher.FluxConcatMapNoPrefetch$FluxConcatMapNoPrefetchSubscriber.request(FluxConcatMapNoPrefetch.java:337)
		at reactor.core.publisher.FluxContextWrite$ContextWriteSubscriber.request(FluxContextWrite.java:136)
		at reactor.core.publisher.Operators$DeferredSubscription.request(Operators.java:1743)
		at reactor.core.publisher.FluxRetryWhen$RetryWhenMainSubscriber.onError(FluxRetryWhen.java:196)
		at reactor.core.publisher.MonoFlatMap$FlatMapMain.secondError(MonoFlatMap.java:241)
		at reactor.core.publisher.MonoFlatMap$FlatMapInner.onError(MonoFlatMap.java:315)
		at reactor.netty.transport.TransportConnector$MonoChannelPromise.tryFailure(TransportConnector.java:576)
		at reactor.netty.transport.TransportConnector$MonoChannelPromise.setFailure(TransportConnector.java:522)
		at reactor.netty.transport.TransportConnector.lambda$doConnect$7(TransportConnector.java:261)
		at io.netty.util.concurrent.DefaultPromise.notifyListener0(DefaultPromise.java:590)
		at io.netty.util.concurrent.DefaultPromise.notifyListeners0(DefaultPromise.java:583)
		at io.netty.util.concurrent.DefaultPromise.notifyListenersNow(DefaultPromise.java:559)
		at io.netty.util.concurrent.DefaultPromise.notifyListeners(DefaultPromise.java:492)
		at io.netty.util.concurrent.DefaultPromise.setValue0(DefaultPromise.java:636)
		at io.netty.util.concurrent.DefaultPromise.setFailure0(DefaultPromise.java:629)
		at io.netty.util.concurrent.DefaultPromise.tryFailure(DefaultPromise.java:118)
		at io.netty.channel.epoll.AbstractEpollChannel$AbstractEpollUnsafe.fulfillConnectPromise(AbstractEpollChannel.java:675)
		at io.netty.channel.epoll.AbstractEpollChannel$AbstractEpollUnsafe.finishConnect(AbstractEpollChannel.java:694)
		at io.netty.channel.epoll.AbstractEpollChannel$AbstractEpollUnsafe.epollOutReady(AbstractEpollChannel.java:567)
		at io.netty.channel.epoll.EpollEventLoop.processReady(EpollEventLoop.java:499)
		at io.netty.channel.epoll.EpollEventLoop.run(EpollEventLoop.java:407)
		at io.netty.util.concurrent.SingleThreadEventExecutor$4.run(SingleThreadEventExecutor.java:997)
		at io.netty.util.internal.ThreadExecutorMap$2.run(ThreadExecutorMap.java:74)
		at io.netty.util.concurrent.FastThreadLocalRunnable.run(FastThreadLocalRunnable.java:30)
		at java.base/java.lang.Thread.run(Thread.java:840)
	Suppressed: java.lang.Exception: #block terminated with an error
		at reactor.core.publisher.BlockingSingleSubscriber.blockingGet(BlockingSingleSubscriber.java:103)
		at reactor.core.publisher.Mono.block(Mono.java:1779)
		at org.springframework.boot.actuate.autoconfigure.tracing.zipkin.ZipkinWebClientSender$WebClientHttpPostCall.doExecute(ZipkinWebClientSender.java:76)
		at org.springframework.boot.actuate.autoconfigure.tracing.zipkin.ZipkinWebClientSender$WebClientHttpPostCall.doExecute(ZipkinWebClientSender.java:54)
		at zipkin2.Call$Base.execute(Call.java:391)
		at zipkin2.reporter.AsyncReporter$BoundedAsyncReporter.flush(AsyncReporter.java:299)
		at zipkin2.reporter.AsyncReporter$Flusher.run(AsyncReporter.java:378)
		at java.base/java.lang.Thread.run(Thread.java:840)
Caused by: io.netty.channel.AbstractChannel$AnnotatedConnectException: finishConnect(..) failed: Conexión rehusada: localhost/[0:0:0:0:0:0:0:1]:9411
Caused by: java.net.ConnectException: finishConnect(..) failed: Conexión rehusada
	at io.netty.channel.unix.Errors.newConnectException0(Errors.java:166)
	at io.netty.channel.unix.Errors.handleConnectErrno(Errors.java:131)
	at io.netty.channel.unix.Socket.finishConnect(Socket.java:359)
	at io.netty.channel.epoll.AbstractEpollChannel$AbstractEpollUnsafe.doFinishConnect(AbstractEpollChannel.java:711)
	at io.netty.channel.epoll.AbstractEpollChannel$AbstractEpollUnsafe.finishConnect(AbstractEpollChannel.java:688)
	at io.netty.channel.epoll.AbstractEpollChannel$AbstractEpollUnsafe.epollOutReady(AbstractEpollChannel.java:567)
	at io.netty.channel.epoll.EpollEventLoop.processReady(EpollEventLoop.java:499)
	at io.netty.channel.epoll.EpollEventLoop.run(EpollEventLoop.java:407)
	at io.netty.util.concurrent.SingleThreadEventExecutor$4.run(SingleThreadEventExecutor.java:997)
	at io.netty.util.internal.ThreadExecutorMap$2.run(ThreadExecutorMap.java:74)
	at io.netty.util.concurrent.FastThreadLocalRunnable.run(FastThreadLocalRunnable.java:30)
	at java.base/java.lang.Thread.run(Thread.java:840)
2025-07-10 23:12:56 [http-nio-8082-exec-2] INFO  c.m.u.v.i.email.EmailServiceUseCase - Código de verificación enviado exitosamente a: sebasagudelo1012@gmail.com
2025-07-10 23:12:56 [http-nio-8082-exec-2] INFO  c.m.u.core.logging.LoggingService - SendVerificationCodeUseCase: Código de verificación enviado exitosamente - Email: sebasagudelo1012@gmail.com, Código: 049838
2025-07-10 23:12:56 [http-nio-8082-exec-2] INFO  c.m.u.core.logging.LoggingService - VerificationService: Código de verificación enviado exitosamente - Email: sebasagudelo1012@gmail.com
2025-07-10 23:12:56 [http-nio-8082-exec-2] DEBUG o.s.w.s.m.m.a.HttpEntityMethodProcessor - Using 'application/json', given [*/*] and supported [application/json, application/*+json]
2025-07-10 23:12:56 [http-nio-8082-exec-2] DEBUG o.s.w.s.m.m.a.HttpEntityMethodProcessor - Writing [ApiResponse(success=true, message=Verification code sent successfully, data=null, errorCode=null, ti (truncated)...]
2025-07-10 23:12:56 [http-nio-8082-exec-2] DEBUG o.s.web.servlet.DispatcherServlet - Completed 200 OK
2025-07-10 23:12:57 [AsyncReporter{org.springframework.boot.actuate.autoconfigure.tracing.zipkin.ZipkinWebClientSender@66db9cf}] DEBUG o.s.w.r.f.client.ExchangeFunctions - [3b9527c1] HTTP POST http://localhost:9411/api/v2/spans%20
2025-07-10 23:13:06 [http-nio-8082-exec-3] DEBUG c.m.u.core.logging.LoggingService - InternalJwtFilter: Procesando solicitud: /verification/check
2025-07-10 23:13:06 [http-nio-8082-exec-3] DEBUG c.m.u.core.logging.LoggingService - InternalJwtFilter: Path '/verification/check' requiere JWT: false
2025-07-10 23:13:06 [http-nio-8082-exec-3] DEBUG c.m.u.core.logging.LoggingService - InternalJwtFilter: Path no protegido, continuando sin validación JWT
2025-07-10 23:13:06 [http-nio-8082-exec-3] DEBUG o.s.web.servlet.DispatcherServlet - POST "/verification/check", parameters={}
2025-07-10 23:13:06 [http-nio-8082-exec-3] DEBUG o.s.w.s.m.m.a.RequestMappingHandlerMapping - Mapped to com.microserviceone.users.verificationCodeApi.web.controller.VerificationCodeController#verifyCode(VerifyCodeRequest)
2025-07-10 23:13:06 [http-nio-8082-exec-3] DEBUG o.s.w.s.m.m.a.RequestResponseBodyMethodProcessor - Read "application/json;charset=UTF-8" to [com.microserviceone.users.verificationCodeApi.web.dto.VerifyCodeRequest@6012f3d]
2025-07-10 23:13:06 [http-nio-8082-exec-3] INFO  c.m.u.core.logging.LoggingService - VerificationService: Verificando código - Email: sebasagudelo1012@gmail.com
2025-07-10 23:13:06 [http-nio-8082-exec-3] INFO  c.m.u.core.logging.LoggingService - VerifyCodeUseCase: Iniciando verificación de código - Email: sebasagudelo1012@gmail.com, Código: 049838
2025-07-10 23:13:06 [http-nio-8082-exec-3] DEBUG c.m.u.core.logging.LoggingService - VerifyCodeUseCase: Verificando existencia del código - Email: sebasagudelo1012@gmail.com, Código: 049838
2025-07-10 23:13:06 [http-nio-8082-exec-3] DEBUG c.m.u.core.logging.LoggingService - VerifyExistCodeUseCase: Verificando existencia de código - Email: sebasagudelo1012@gmail.com, Código: 049838
2025-07-10 23:13:06 [http-nio-8082-exec-3] DEBUG c.m.u.core.logging.LoggingService - AdapterVerificationCode: Buscando código por email y código - Email: sebasagudelo1012@gmail.com, Código: 049838
2025-07-10 23:13:06 [http-nio-8082-exec-3] DEBUG c.m.u.core.logging.LoggingService - AdapterVerificationCode: Código encontrado - ID: 1, Email: sebasagudelo1012@gmail.com, Código: 049838
2025-07-10 23:13:06 [http-nio-8082-exec-3] DEBUG c.m.u.core.logging.LoggingService - VerifyExistCodeUseCase: Código encontrado - Email: sebasagudelo1012@gmail.com, Código: 049838, ID: 1
2025-07-10 23:13:06 [http-nio-8082-exec-3] DEBUG c.m.u.core.logging.LoggingService - VerifyCodeUseCase: Código encontrado - Email: sebasagudelo1012@gmail.com, Código: 049838, ID: 1
2025-07-10 23:13:06 [http-nio-8082-exec-3] DEBUG c.m.u.core.logging.LoggingService - VerifyCodeUseCase: Validando código - Email: sebasagudelo1012@gmail.com, Código: 049838
2025-07-10 23:13:06 [http-nio-8082-exec-3] DEBUG c.m.u.core.logging.LoggingService - VerifyCodeIsValidUseCase: Validando código - ID: 1, Email: sebasagudelo1012@gmail.com, Código: 049838
2025-07-10 23:13:06 [http-nio-8082-exec-3] DEBUG c.m.u.core.logging.LoggingService - VerifyCodeIsValidUseCase: Código validado como válido - ID: 1, Email: sebasagudelo1012@gmail.com, Código: 049838
2025-07-10 23:13:06 [http-nio-8082-exec-3] DEBUG c.m.u.core.logging.LoggingService - VerifyCodeUseCase: Código validado como válido - Email: sebasagudelo1012@gmail.com, Código: 049838
2025-07-10 23:13:06 [http-nio-8082-exec-3] DEBUG c.m.u.core.logging.LoggingService - VerifyCodeUseCase: Marcando código como usado - Email: sebasagudelo1012@gmail.com, Código: 049838
2025-07-10 23:13:06 [http-nio-8082-exec-3] DEBUG c.m.u.core.logging.LoggingService - AdapterVerificationCode: Guardando código de verificación - Email: sebasagudelo1012@gmail.com, Código: 049838
2025-07-10 23:13:06 [http-nio-8082-exec-3] DEBUG c.m.u.core.logging.LoggingService - AdapterVerificationCode: Código convertido a entidad - Email: sebasagudelo1012@gmail.com, Código: 049838
2025-07-10 23:13:06 [http-nio-8082-exec-3] DEBUG c.m.u.core.logging.LoggingService - AdapterVerificationCode: Código guardado en base de datos - ID: 1, Email: sebasagudelo1012@gmail.com, Código: 049838
2025-07-10 23:13:06 [http-nio-8082-exec-3] DEBUG c.m.u.core.logging.LoggingService - AdapterVerificationCode: Entidad convertida a dominio - ID: 1, Email: sebasagudelo1012@gmail.com, Código: 049838
2025-07-10 23:13:06 [http-nio-8082-exec-3] DEBUG c.m.u.core.logging.LoggingService - VerifyCodeUseCase: Código marcado como usado y guardado - Email: sebasagudelo1012@gmail.com, Código: 049838
2025-07-10 23:13:06 [http-nio-8082-exec-3] DEBUG c.m.u.core.logging.LoggingService - VerifyCodeUseCase: Marcando email como verificado - Email: sebasagudelo1012@gmail.com, Código: 049838
2025-07-10 23:13:06 [http-nio-8082-exec-3] DEBUG c.m.u.core.logging.LoggingService - AdapterVerificationCode: Marcando código como verificado - Email: sebasagudelo1012@gmail.com, Código: 049838
2025-07-10 23:13:06 [http-nio-8082-exec-3] DEBUG c.m.u.core.logging.LoggingService - AdapterVerificationCode: Código marcado como verificado exitosamente - Email: sebasagudelo1012@gmail.com, Código: 049838
2025-07-10 23:13:06 [http-nio-8082-exec-3] INFO  c.m.u.core.logging.LoggingService - CachedCheckEmailVerificationUseCase: Invalidando cache para verificación de email - Email: sebasagudelo1012@gmail.com
2025-07-10 23:13:06 [http-nio-8082-exec-3] DEBUG c.m.u.core.logging.LoggingService - CacheService: evict - Cache: emailVerified, Key: emailVerified:sebasagudelo1012@gmail.com
2025-07-10 23:13:06 [http-nio-8082-exec-3] DEBUG c.m.u.core.logging.LoggingService - CacheService: Entrada removida del cache - Cache: emailVerified, Key: emailVerified:sebasagudelo1012@gmail.com
2025-07-10 23:13:06 [http-nio-8082-exec-3] DEBUG c.m.u.core.logging.LoggingService - CachedCheckEmailVerificationUseCase: Cache de verificación de email invalidado - Email: sebasagudelo1012@gmail.com
2025-07-10 23:13:06 [http-nio-8082-exec-3] INFO  c.m.u.core.logging.LoggingService - VerifyCodeUseCase: Verificación de código completada exitosamente - Email: sebasagudelo1012@gmail.com, Código: 049838
2025-07-10 23:13:06 [http-nio-8082-exec-3] INFO  c.m.u.core.logging.LoggingService - VerificationService: Verificación de código completada - Email: sebasagudelo1012@gmail.com, Válido: true
2025-07-10 23:13:06 [http-nio-8082-exec-3] DEBUG o.s.w.s.m.m.a.HttpEntityMethodProcessor - Using 'application/json', given [*/*] and supported [application/json, application/*+json]
2025-07-10 23:13:06 [http-nio-8082-exec-3] DEBUG o.s.w.s.m.m.a.HttpEntityMethodProcessor - Writing [ApiResponse(success=true, message=Code verified successfully, data=true, errorCode=null, timestamp=2 (truncated)...]
2025-07-10 23:13:06 [http-nio-8082-exec-3] DEBUG o.s.web.servlet.DispatcherServlet - Completed 200 OK
2025-07-10 23:13:06 [AsyncReporter{org.springframework.boot.actuate.autoconfigure.tracing.zipkin.ZipkinWebClientSender@66db9cf}] DEBUG o.s.w.r.f.client.ExchangeFunctions - [5897ab9a] HTTP POST http://localhost:9411/api/v2/spans%20
2025-07-10 23:13:10 [http-nio-8082-exec-4] DEBUG c.m.u.core.logging.LoggingService - InternalJwtFilter: Procesando solicitud: /register/customer
2025-07-10 23:13:10 [http-nio-8082-exec-4] DEBUG c.m.u.core.logging.LoggingService - InternalJwtFilter: Path '/register/customer' requiere JWT: false
2025-07-10 23:13:10 [http-nio-8082-exec-4] DEBUG c.m.u.core.logging.LoggingService - InternalJwtFilter: Path no protegido, continuando sin validación JWT
2025-07-10 23:13:10 [http-nio-8082-exec-4] DEBUG o.s.web.servlet.DispatcherServlet - POST "/register/customer", parameters={}
2025-07-10 23:13:10 [http-nio-8082-exec-4] DEBUG o.s.w.s.m.m.a.RequestMappingHandlerMapping - Mapped to com.microserviceone.users.registrationApi.web.controller.RegisterController#registerCustomer(CustomerRequest)
2025-07-10 23:13:10 [http-nio-8082-exec-4] DEBUG o.s.w.s.m.m.a.RequestResponseBodyMethodProcessor - Read "application/json;charset=UTF-8" to [CustomerRequest(name=Seebastian, lastName=Agudelo, email=sebasagudelo1012@gmail.com, password=Agudel (truncated)...]
2025-07-10 23:13:10 [http-nio-8082-exec-4] INFO  c.m.u.core.logging.LoggingService - Iniciando registro de cliente - Email: sebasagudelo1012@gmail.com, Nombre: Seebastian Agudelo
2025-07-10 23:13:10 [http-nio-8082-exec-4] DEBUG c.m.u.core.logging.LoggingService - Validando verificación de email para: sebasagudelo1012@gmail.com
2025-07-10 23:13:10 [http-nio-8082-exec-4] INFO  c.m.u.core.logging.LoggingService - Iniciando validación de email previa al registro para email: sebasagudelo1012@gmail.com
2025-07-10 23:13:10 [http-nio-8082-exec-4] INFO  c.m.u.core.logging.LoggingService - Validando verificación de email: sebasagudelo1012@gmail.com
2025-07-10 23:13:10 [http-nio-8082-exec-4] DEBUG c.m.u.core.logging.LoggingService - InternalJwtService: Generando token JWT interno para servicio: user-service
2025-07-10 23:13:10 [http-nio-8082-exec-4] INFO  c.m.u.core.logging.LoggingService - InternalJwtService: Token JWT interno generado exitosamente - Servicio: user-service, Longitud: 169
2025-07-10 23:13:10 [http-nio-8082-exec-4] DEBUG o.s.web.client.RestTemplate - HTTP POST http://localhost:8082/verification/status
2025-07-10 23:13:10 [http-nio-8082-exec-4] DEBUG o.s.web.client.RestTemplate - Accept=[application/json, application/*+json]
2025-07-10 23:13:10 [http-nio-8082-exec-4] DEBUG o.s.web.client.RestTemplate - Writing [com.microserviceone.users.registrationApi.application.service.UserValidationService$SendCodeRequest@7ab97a0c] as "application/json"
2025-07-10 23:13:10 [http-nio-8082-exec-5] DEBUG c.m.u.core.logging.LoggingService - InternalJwtFilter: Procesando solicitud: /verification/status
2025-07-10 23:13:10 [http-nio-8082-exec-5] DEBUG c.m.u.core.logging.LoggingService - InternalJwtFilter: Path '/verification/status' requiere JWT: true
2025-07-10 23:13:10 [http-nio-8082-exec-5] DEBUG c.m.u.core.logging.LoggingService - InternalJwtFilter: Path protegido detectado, validando JWT interno
2025-07-10 23:13:10 [http-nio-8082-exec-5] DEBUG c.m.u.core.logging.LoggingService - InternalJwtFilter: Header Authorization: Presente
2025-07-10 23:13:10 [http-nio-8082-exec-5] DEBUG c.m.u.core.logging.LoggingService - InternalJwtFilter: Token recibido: eyJhbGciOiJIUzI1NiJ9...
2025-07-10 23:13:10 [http-nio-8082-exec-5] DEBUG c.m.u.core.logging.LoggingService - InternalJwtFilter: Token issuer: user-service
2025-07-10 23:13:10 [http-nio-8082-exec-5] INFO  c.m.u.core.logging.LoggingService - InternalJwtFilter: Validación JWT interna exitosa - Issuer: user-service
2025-07-10 23:13:10 [http-nio-8082-exec-5] DEBUG c.m.u.core.logging.LoggingService - InternalJwtFilter: Continuando con la solicitud
2025-07-10 23:13:10 [http-nio-8082-exec-5] DEBUG o.s.web.servlet.DispatcherServlet - POST "/verification/status", parameters={}
2025-07-10 23:13:10 [http-nio-8082-exec-5] DEBUG o.s.w.s.m.m.a.RequestMappingHandlerMapping - Mapped to com.microserviceone.users.verificationCodeApi.web.controller.VerificationCodeController#checkEmailVerification(SendCodeRequest)
2025-07-10 23:13:10 [http-nio-8082-exec-5] DEBUG o.s.w.s.m.m.a.RequestResponseBodyMethodProcessor - Read "application/json;charset=UTF-8" to [com.microserviceone.users.verificationCodeApi.web.dto.SendCodeRequest@880fda1]
2025-07-10 23:13:10 [http-nio-8082-exec-5] INFO  c.m.u.core.logging.LoggingService - VerificationService: Verificando estado de verificación de email - Email: sebasagudelo1012@gmail.com
2025-07-10 23:13:10 [http-nio-8082-exec-5] DEBUG c.m.u.core.logging.LoggingService - CachedCheckEmailVerificationUseCase: Verificando con cache si email está verificado - Email: sebasagudelo1012@gmail.com
2025-07-10 23:13:10 [http-nio-8082-exec-5] DEBUG c.m.u.core.logging.LoggingService - CacheService: getOrCompute - Cache: emailVerified, Key: emailVerified:sebasagudelo1012@gmail.com
2025-07-10 23:13:10 [http-nio-8082-exec-5] DEBUG c.m.u.core.logging.LoggingService - CacheService: Cache MISS - Cache: emailVerified, Key: emailVerified:sebasagudelo1012@gmail.com
2025-07-10 23:13:10 [http-nio-8082-exec-5] DEBUG c.m.u.core.logging.LoggingService - CachedCheckEmailVerificationUseCase: Cache miss, ejecutando verificación - Email: sebasagudelo1012@gmail.com
2025-07-10 23:13:10 [http-nio-8082-exec-5] INFO  c.m.u.core.logging.LoggingService - CheckEmailVerificationUseCase: Verificando estado de verificación de email - Email: sebasagudelo1012@gmail.com
2025-07-10 23:13:10 [http-nio-8082-exec-5] DEBUG c.m.u.core.logging.LoggingService - AdapterVerificationCode: Verificando si email está verificado - Email: sebasagudelo1012@gmail.com
2025-07-10 23:13:10 [http-nio-8082-exec-5] DEBUG c.m.u.core.logging.LoggingService - AdapterVerificationCode: Estado de verificación - Email: sebasagudelo1012@gmail.com, Verificado: true
2025-07-10 23:13:10 [http-nio-8082-exec-5] INFO  c.m.u.core.logging.LoggingService - CheckEmailVerificationUseCase: Email verificado correctamente - Email: sebasagudelo1012@gmail.com
2025-07-10 23:13:10 [http-nio-8082-exec-5] DEBUG c.m.u.core.logging.LoggingService - CacheService: Valor almacenado en cache - Cache: emailVerified, Key: emailVerified:sebasagudelo1012@gmail.com
2025-07-10 23:13:10 [http-nio-8082-exec-5] DEBUG c.m.u.core.logging.LoggingService - CachedCheckEmailVerificationUseCase: Email verificado (cache) - Email: sebasagudelo1012@gmail.com
2025-07-10 23:13:10 [http-nio-8082-exec-5] INFO  c.m.u.core.logging.LoggingService - VerificationService: Verificación de email completada - Email: sebasagudelo1012@gmail.com
2025-07-10 23:13:10 [http-nio-8082-exec-5] DEBUG o.s.w.s.m.m.a.HttpEntityMethodProcessor - Using 'application/json', given [application/json, application/*+json] and supported [application/json, application/*+json]
2025-07-10 23:13:10 [http-nio-8082-exec-5] DEBUG o.s.w.s.m.m.a.HttpEntityMethodProcessor - Writing [ApiResponse(success=true, message=Email has been verified, data=null, errorCode=null, timestamp=2025 (truncated)...]
2025-07-10 23:13:10 [http-nio-8082-exec-4] DEBUG o.s.web.client.RestTemplate - Response 200 OK
2025-07-10 23:13:10 [http-nio-8082-exec-5] DEBUG o.s.web.servlet.DispatcherServlet - Completed 200 OK
2025-07-10 23:13:10 [http-nio-8082-exec-4] DEBUG o.s.web.client.RestTemplate - Reading to [com.microserviceone.users.registrationApi.web.dto.ApiResponse<?>]
2025-07-10 23:13:10 [http-nio-8082-exec-4] INFO  c.m.u.core.logging.LoggingService - Email verificado exitosamente: sebasagudelo1012@gmail.com
2025-07-10 23:13:10 [http-nio-8082-exec-4] INFO  c.m.u.core.logging.LoggingService - Validación de email completada exitosamente para email: sebasagudelo1012@gmail.com
2025-07-10 23:13:10 [http-nio-8082-exec-4] DEBUG c.m.u.core.logging.LoggingService - Mapeando CustomerRequest a dominio para email: sebasagudelo1012@gmail.com
2025-07-10 23:13:10 [http-nio-8082-exec-4] DEBUG c.m.u.core.logging.LoggingService - Mapeando CustomerRequest a Customer - Email: sebasagudelo1012@gmail.com, Nombre: Seebastian Agudelo
2025-07-10 23:13:10 [http-nio-8082-exec-4] DEBUG c.m.u.core.logging.LoggingService - Customer mapeado exitosamente - Email: sebasagudelo1012@gmail.com, Edad: 19 años
2025-07-10 23:13:10 [http-nio-8082-exec-4] DEBUG c.m.u.core.logging.LoggingService - Procesando registro de cliente con email: sebasagudelo1012@gmail.com
2025-07-10 23:13:10 [http-nio-8082-exec-4] INFO  c.m.u.core.logging.LoggingService - RegistrationService: Procesando registro de cliente - Email: sebasagudelo1012@gmail.com
2025-07-10 23:13:10 [http-nio-8082-exec-4] INFO  c.m.u.core.logging.LoggingService - Iniciando registro de cliente con email: sebasagudelo1012@gmail.com y edad: 19
2025-07-10 23:13:10 [http-nio-8082-exec-4] DEBUG c.m.u.core.logging.LoggingService - Validando unicidad de email: sebasagudelo1012@gmail.com
2025-07-10 23:13:10 [http-nio-8082-exec-4] DEBUG c.m.u.core.logging.LoggingService - Validando unicidad de email: sebasagudelo1012@gmail.com
2025-07-10 23:13:10 [http-nio-8082-exec-4] DEBUG c.m.u.core.logging.LoggingService - AdapterRegister: Verificando existencia de usuario por email: sebasagudelo1012@gmail.com
2025-07-10 23:13:10 [http-nio-8082-exec-4] DEBUG c.m.u.core.logging.LoggingService - AdapterRegister: Usuario NO existe - Email: sebasagudelo1012@gmail.com
2025-07-10 23:13:10 [http-nio-8082-exec-4] DEBUG c.m.u.core.logging.LoggingService - Email validado como único: sebasagudelo1012@gmail.com
2025-07-10 23:13:10 [http-nio-8082-exec-4] DEBUG c.m.u.core.logging.LoggingService - Email validado como único: sebasagudelo1012@gmail.com
2025-07-10 23:13:10 [http-nio-8082-exec-4] DEBUG c.m.u.core.logging.LoggingService - Validando edad del cliente: 19 años
2025-07-10 23:13:10 [http-nio-8082-exec-4] DEBUG c.m.u.core.logging.LoggingService - Validando edad del cliente: 19 años (email: sebasagudelo1012@gmail.com)
2025-07-10 23:13:10 [http-nio-8082-exec-4] DEBUG c.m.u.core.logging.LoggingService - Edad validada correctamente: 19 años (email: sebasagudelo1012@gmail.com)
2025-07-10 23:13:10 [http-nio-8082-exec-4] DEBUG c.m.u.core.logging.LoggingService - Edad validada correctamente: 19 años
2025-07-10 23:13:10 [http-nio-8082-exec-4] DEBUG c.m.u.core.logging.LoggingService - Encriptando contraseña para cliente: sebasagudelo1012@gmail.com
2025-07-10 23:13:10 [http-nio-8082-exec-4] INFO  c.m.u.core.logging.LoggingService - Iniciando encriptación de contraseña para email: sebasagudelo1012@gmail.com
2025-07-10 23:13:10 [http-nio-8082-exec-4] INFO  c.m.u.core.logging.LoggingService - Contraseña encriptada exitosamente para email: sebasagudelo1012@gmail.com
2025-07-10 23:13:10 [http-nio-8082-exec-4] DEBUG c.m.u.core.logging.LoggingService - Longitud de contraseña encriptada: 60 caracteres
2025-07-10 23:13:10 [http-nio-8082-exec-4] DEBUG c.m.u.core.logging.LoggingService - Guardando cliente en base de datos: sebasagudelo1012@gmail.com
2025-07-10 23:13:10 [http-nio-8082-exec-4] DEBUG c.m.u.core.logging.LoggingService - AdapterRegister: Guardando usuario en base de datos - Email: sebasagudelo1012@gmail.com, Tipo: Customer
2025-07-10 23:13:10 [http-nio-8082-exec-4] DEBUG c.m.u.core.logging.LoggingService - UserMapper: Convirtiendo dominio a entidad - Email: sebasagudelo1012@gmail.com, Tipo: Customer
2025-07-10 23:13:10 [http-nio-8082-exec-4] DEBUG c.m.u.core.logging.LoggingService - UserMapper: Mapeando campos comunes - Email: sebasagudelo1012@gmail.com
2025-07-10 23:13:10 [http-nio-8082-exec-4] DEBUG c.m.u.core.logging.LoggingService - UserMapper: Campos comunes mapeados exitosamente - Email: sebasagudelo1012@gmail.com, Rol: CUSTOMER
2025-07-10 23:13:10 [http-nio-8082-exec-4] DEBUG c.m.u.core.logging.LoggingService - UserMapper: Customer convertido a CustomerEntity - Email: sebasagudelo1012@gmail.com, Fecha nacimiento: 2006-04-02
2025-07-10 23:13:10 [http-nio-8082-exec-4] DEBUG c.m.u.core.logging.LoggingService - AdapterRegister: Usuario convertido a entidad - Email: sebasagudelo1012@gmail.com
2025-07-10 23:13:10 [http-nio-8082-exec-4] DEBUG c.m.u.core.logging.LoggingService - AdapterRegister: Usuario guardado en base de datos - ID: 1, Email: sebasagudelo1012@gmail.com
2025-07-10 23:13:10 [http-nio-8082-exec-4] DEBUG c.m.u.core.logging.LoggingService - UserMapper: Convirtiendo entidad a dominio - ID: 1, Tipo: CustomerEntity
2025-07-10 23:13:10 [http-nio-8082-exec-4] DEBUG c.m.u.core.logging.LoggingService - UserMapper: CustomerEntity convertido a Customer - ID: 1, Email: sebasagudelo1012@gmail.com, Fecha nacimiento: 2006-04-02
2025-07-10 23:13:10 [http-nio-8082-exec-4] DEBUG c.m.u.core.logging.LoggingService - AdapterRegister: Usuario convertido de entidad a dominio - ID: 1, Email: sebasagudelo1012@gmail.com
2025-07-10 23:13:10 [http-nio-8082-exec-4] INFO  c.m.u.core.logging.LoggingService - Cliente registrado exitosamente con ID: 1, email: sebasagudelo1012@gmail.com y edad: 19
2025-07-10 23:13:10 [http-nio-8082-exec-4] INFO  c.m.u.core.logging.LoggingService - RegistrationService: Cliente registrado exitosamente - ID: 1, Email: sebasagudelo1012@gmail.com
2025-07-10 23:13:10 [http-nio-8082-exec-4] DEBUG c.m.u.core.logging.LoggingService - Aceptando términos y condiciones para usuario ID: 1
2025-07-10 23:13:10 [http-nio-8082-exec-4] INFO  c.m.u.core.logging.LoggingService - Aceptando términos y condiciones para usuario ID: 1, Email: sebasagudelo1012@gmail.com
2025-07-10 23:13:10 [http-nio-8082-exec-4] DEBUG c.m.u.core.logging.LoggingService - Obteniendo términos activos
2025-07-10 23:13:10 [http-nio-8082-exec-4] DEBUG c.m.u.core.logging.LoggingService - URL llamada: http://localhost:8082/terms
2025-07-10 23:13:10 [http-nio-8082-exec-4] DEBUG o.s.web.client.RestTemplate - HTTP GET http://localhost:8082/terms
2025-07-10 23:13:10 [http-nio-8082-exec-4] DEBUG o.s.web.client.RestTemplate - Accept=[text/plain, application/json, application/*+json, */*]
2025-07-10 23:13:10 [http-nio-8082-exec-6] DEBUG c.m.u.core.logging.LoggingService - InternalJwtFilter: Procesando solicitud: /terms
2025-07-10 23:13:10 [http-nio-8082-exec-6] DEBUG c.m.u.core.logging.LoggingService - InternalJwtFilter: Path '/terms' requiere JWT: false
2025-07-10 23:13:10 [http-nio-8082-exec-6] DEBUG c.m.u.core.logging.LoggingService - InternalJwtFilter: Path no protegido, continuando sin validación JWT
2025-07-10 23:13:10 [http-nio-8082-exec-6] DEBUG o.s.web.servlet.DispatcherServlet - GET "/terms", parameters={}
2025-07-10 23:13:10 [http-nio-8082-exec-6] DEBUG o.s.w.s.m.m.a.RequestMappingHandlerMapping - Mapped to com.microserviceone.users.termsAndConditionsApi.web.controller.TermController#getAllActiveTerms()
2025-07-10 23:13:10 [http-nio-8082-exec-6] INFO  c.m.u.core.logging.LoggingService - TermsService: Obteniendo todos los términos activos
2025-07-10 23:13:10 [http-nio-8082-exec-6] INFO  c.m.u.core.logging.LoggingService - CachedGetAllActiveTermsUseCase: Obteniendo términos activos con cache
2025-07-10 23:13:10 [http-nio-8082-exec-6] DEBUG c.m.u.core.logging.LoggingService - CacheService: getOrCompute - Cache: termsActive, Key: active_terms
2025-07-10 23:13:10 [http-nio-8082-exec-6] DEBUG c.m.u.core.logging.LoggingService - CacheService: Cache MISS - Cache: termsActive, Key: active_terms
2025-07-10 23:13:10 [http-nio-8082-exec-6] DEBUG c.m.u.core.logging.LoggingService - CachedGetAllActiveTermsUseCase: Cache miss, ejecutando consulta de términos activos
2025-07-10 23:13:10 [http-nio-8082-exec-6] INFO  c.m.u.core.logging.LoggingService - GetAllActiveTermsUseCase: Obteniendo todos los términos activos
2025-07-10 23:13:10 [http-nio-8082-exec-6] INFO  c.m.u.core.logging.LoggingService - AdapterTerm: Obteniendo todos los términos activos
2025-07-10 23:13:10 [http-nio-8082-exec-6] INFO  c.m.u.core.logging.LoggingService - AdapterTerm: Términos activos obtenidos exitosamente - Cantidad: 0
2025-07-10 23:13:10 [http-nio-8082-exec-6] INFO  c.m.u.core.logging.LoggingService - GetAllActiveTermsUseCase: Términos activos obtenidos exitosamente - Cantidad: 0
2025-07-10 23:13:10 [http-nio-8082-exec-6] DEBUG c.m.u.core.logging.LoggingService - CacheService: Valor almacenado en cache - Cache: termsActive, Key: active_terms
2025-07-10 23:13:10 [http-nio-8082-exec-6] INFO  c.m.u.core.logging.LoggingService - CachedGetAllActiveTermsUseCase: Términos activos obtenidos - Cantidad: 0
2025-07-10 23:13:10 [http-nio-8082-exec-6] INFO  c.m.u.core.logging.LoggingService - TermsService: Términos activos obtenidos exitosamente - Cantidad: 0
2025-07-10 23:13:10 [http-nio-8082-exec-6] DEBUG o.s.w.s.m.m.a.HttpEntityMethodProcessor - Using 'application/json', given [text/plain, application/json, application/*+json, */*] and supported [application/json, application/*+json]
2025-07-10 23:13:10 [http-nio-8082-exec-6] DEBUG o.s.w.s.m.m.a.HttpEntityMethodProcessor - Nothing to write: null body
2025-07-10 23:13:10 [http-nio-8082-exec-6] DEBUG o.s.web.servlet.DispatcherServlet - Completed 204 NO_CONTENT
2025-07-10 23:13:10 [http-nio-8082-exec-4] DEBUG o.s.web.client.RestTemplate - Response 204 NO_CONTENT
2025-07-10 23:13:10 [http-nio-8082-exec-4] DEBUG c.m.u.core.logging.LoggingService - Status Code: 204 NO_CONTENT
2025-07-10 23:13:10 [http-nio-8082-exec-4] DEBUG c.m.u.core.logging.LoggingService - Response Body: null
2025-07-10 23:13:10 [http-nio-8082-exec-4] WARN  c.m.u.core.logging.LoggingService - No se encontraron términos activos, usando término por defecto
2025-07-10 23:13:10 [http-nio-8082-exec-4] DEBUG c.m.u.core.logging.LoggingService - InternalJwtService: Generando token JWT interno para servicio: user-service
2025-07-10 23:13:10 [http-nio-8082-exec-4] INFO  c.m.u.core.logging.LoggingService - InternalJwtService: Token JWT interno generado exitosamente - Servicio: user-service, Longitud: 169
2025-07-10 23:13:10 [http-nio-8082-exec-4] DEBUG o.s.web.client.RestTemplate - HTTP POST http://localhost:8082/terms/accept/multiple
2025-07-10 23:13:10 [http-nio-8082-exec-4] DEBUG o.s.web.client.RestTemplate - Accept=[application/json, application/*+json]
2025-07-10 23:13:10 [http-nio-8082-exec-4] DEBUG o.s.web.client.RestTemplate - Writing [com.microserviceone.users.termsAndConditionsApi.web.dto.AcceptedMultipleRequest@7bd963d3] as "application/json"
2025-07-10 23:13:10 [http-nio-8082-exec-7] DEBUG c.m.u.core.logging.LoggingService - InternalJwtFilter: Procesando solicitud: /terms/accept/multiple
2025-07-10 23:13:10 [http-nio-8082-exec-7] DEBUG c.m.u.core.logging.LoggingService - InternalJwtFilter: Path '/terms/accept/multiple' requiere JWT: true
2025-07-10 23:13:10 [http-nio-8082-exec-7] DEBUG c.m.u.core.logging.LoggingService - InternalJwtFilter: Path protegido detectado, validando JWT interno
2025-07-10 23:13:10 [http-nio-8082-exec-7] DEBUG c.m.u.core.logging.LoggingService - InternalJwtFilter: Header Authorization: Presente
2025-07-10 23:13:10 [http-nio-8082-exec-7] DEBUG c.m.u.core.logging.LoggingService - InternalJwtFilter: Token recibido: eyJhbGciOiJIUzI1NiJ9...
2025-07-10 23:13:10 [http-nio-8082-exec-7] DEBUG c.m.u.core.logging.LoggingService - InternalJwtFilter: Token issuer: user-service
2025-07-10 23:13:10 [http-nio-8082-exec-7] INFO  c.m.u.core.logging.LoggingService - InternalJwtFilter: Validación JWT interna exitosa - Issuer: user-service
2025-07-10 23:13:10 [http-nio-8082-exec-7] DEBUG c.m.u.core.logging.LoggingService - InternalJwtFilter: Continuando con la solicitud
2025-07-10 23:13:10 [http-nio-8082-exec-7] DEBUG o.s.web.servlet.DispatcherServlet - POST "/terms/accept/multiple", parameters={}
2025-07-10 23:13:10 [http-nio-8082-exec-7] DEBUG o.s.w.s.m.m.a.RequestMappingHandlerMapping - Mapped to com.microserviceone.users.termsAndConditionsApi.web.controller.TermController#acceptMultipleTerms(AcceptedMultipleRequest, HttpServletRequest)
2025-07-10 23:13:10 [http-nio-8082-exec-7] DEBUG o.s.w.s.m.m.a.RequestResponseBodyMethodProcessor - Read "application/json;charset=UTF-8" to [com.microserviceone.users.termsAndConditionsApi.web.dto.AcceptedMultipleRequest@6e24c1ec]
2025-07-10 23:13:10 [http-nio-8082-exec-7] INFO  c.m.u.core.logging.LoggingService - TermsService: Procesando aceptación múltiple de términos - UserID: 1, Email: sebasagudelo1012@gmail.com, Cantidad: 1, IP: 127.0.0.1
2025-07-10 23:13:10 [http-nio-8082-exec-7] INFO  c.m.u.core.logging.LoggingService - AcceptTermUseCase: Iniciando aceptación de término - UserID: 1, Email: sebasagudelo1012@gmail.com, TermID: 1, IP: 127.0.0.1
2025-07-10 23:13:10 [http-nio-8082-exec-7] DEBUG c.m.u.core.logging.LoggingService - AcceptTermUseCase: Validando existencia y estado del término - TermID: 1
2025-07-10 23:13:10 [http-nio-8082-exec-7] DEBUG c.m.u.core.logging.LoggingService - ValidateExistTermUseCase: Validando existencia y estado del término - TermID: 1
2025-07-10 23:13:10 [http-nio-8082-exec-7] DEBUG c.m.u.core.logging.LoggingService - AdapterTerm: Buscando término por ID: 1
2025-07-10 23:13:10 [http-nio-8082-exec-7] DEBUG c.m.u.core.logging.LoggingService - AdapterTerm: No se encontró término con ID: 1
2025-07-10 23:13:10 [http-nio-8082-exec-7] DEBUG c.m.u.core.logging.LoggingService - Termino no encontrado o no activo
2025-07-10 23:13:10 [http-nio-8082-exec-7] WARN  c.m.u.core.logging.LoggingService - ValidateExistTermUseCase: Término no encontrado o inactivo - TermID: 1
2025-07-10 23:13:10 [http-nio-8082-exec-7] ERROR c.m.u.core.logging.LoggingService - AcceptTermUseCase: Error al aceptar término - UserID: 1, Email: sebasagudelo1012@gmail.com, TermID: 1
com.microserviceone.users.termsAndConditionsApi.application.exception.TermNotActiveOrNotFoundException: Term not found or not active
	at com.microserviceone.users.termsAndConditionsApi.application.usecase.ValidateExistTermUseCase.lambda$1(ValidateExistTermUseCase.java:23)
	at java.base/java.util.Optional.orElseThrow(Optional.java:403)
	at com.microserviceone.users.termsAndConditionsApi.application.usecase.ValidateExistTermUseCase.validateTerm(ValidateExistTermUseCase.java:23)
	at java.base/jdk.internal.reflect.NativeMethodAccessorImpl.invoke0(Native Method)
	at java.base/jdk.internal.reflect.NativeMethodAccessorImpl.invoke(NativeMethodAccessorImpl.java:77)
	at java.base/jdk.internal.reflect.DelegatingMethodAccessorImpl.invoke(DelegatingMethodAccessorImpl.java:43)
	at java.base/java.lang.reflect.Method.invoke(Method.java:569)
	at org.springframework.aop.support.AopUtils.invokeJoinpointUsingReflection(AopUtils.java:351)
	at org.springframework.aop.framework.ReflectiveMethodInvocation.invokeJoinpoint(ReflectiveMethodInvocation.java:196)
	at org.springframework.aop.framework.ReflectiveMethodInvocation.proceed(ReflectiveMethodInvocation.java:163)
	at org.springframework.aop.framework.CglibAopProxy$CglibMethodInvocation.proceed(CglibAopProxy.java:765)
	at org.springframework.transaction.interceptor.TransactionInterceptor$1.proceedWithInvocation(TransactionInterceptor.java:123)
	at org.springframework.transaction.interceptor.TransactionAspectSupport.invokeWithinTransaction(TransactionAspectSupport.java:385)
	at org.springframework.transaction.interceptor.TransactionInterceptor.invoke(TransactionInterceptor.java:119)
	at org.springframework.aop.framework.ReflectiveMethodInvocation.proceed(ReflectiveMethodInvocation.java:184)
	at org.springframework.aop.framework.CglibAopProxy$CglibMethodInvocation.proceed(CglibAopProxy.java:765)
	at org.springframework.aop.framework.CglibAopProxy$DynamicAdvisedInterceptor.intercept(CglibAopProxy.java:717)
	at com.microserviceone.users.termsAndConditionsApi.application.usecase.ValidateExistTermUseCase$$SpringCGLIB$$0.validateTerm(<generated>)
	at com.microserviceone.users.termsAndConditionsApi.application.usecase.AcceptTermUseCase.acceptTerm(AcceptTermUseCase.java:32)
	at java.base/jdk.internal.reflect.NativeMethodAccessorImpl.invoke0(Native Method)
	at java.base/jdk.internal.reflect.NativeMethodAccessorImpl.invoke(NativeMethodAccessorImpl.java:77)
	at java.base/jdk.internal.reflect.DelegatingMethodAccessorImpl.invoke(DelegatingMethodAccessorImpl.java:43)
	at java.base/java.lang.reflect.Method.invoke(Method.java:569)
	at org.springframework.aop.support.AopUtils.invokeJoinpointUsingReflection(AopUtils.java:351)
	at org.springframework.aop.framework.ReflectiveMethodInvocation.invokeJoinpoint(ReflectiveMethodInvocation.java:196)
	at org.springframework.aop.framework.ReflectiveMethodInvocation.proceed(ReflectiveMethodInvocation.java:163)
	at org.springframework.aop.framework.CglibAopProxy$CglibMethodInvocation.proceed(CglibAopProxy.java:765)
	at org.springframework.transaction.interceptor.TransactionInterceptor$1.proceedWithInvocation(TransactionInterceptor.java:123)
	at org.springframework.transaction.interceptor.TransactionAspectSupport.invokeWithinTransaction(TransactionAspectSupport.java:385)
	at org.springframework.transaction.interceptor.TransactionInterceptor.invoke(TransactionInterceptor.java:119)
	at org.springframework.aop.framework.ReflectiveMethodInvocation.proceed(ReflectiveMethodInvocation.java:184)
	at org.springframework.aop.framework.CglibAopProxy$CglibMethodInvocation.proceed(CglibAopProxy.java:765)
	at org.springframework.aop.framework.CglibAopProxy$DynamicAdvisedInterceptor.intercept(CglibAopProxy.java:717)
	at com.microserviceone.users.termsAndConditionsApi.application.usecase.AcceptTermUseCase$$SpringCGLIB$$0.acceptTerm(<generated>)
	at com.microserviceone.users.termsAndConditionsApi.application.usecase.AcceptAllTermsUseCase.acceptAll(AcceptAllTermsUseCase.java:29)
	at com.microserviceone.users.termsAndConditionsApi.application.service.TermsService.acceptAll(TermsService.java:169)
	at com.microserviceone.users.termsAndConditionsApi.web.controller.TermController.acceptMultipleTerms(TermController.java:97)
	at java.base/jdk.internal.reflect.NativeMethodAccessorImpl.invoke0(Native Method)
	at java.base/jdk.internal.reflect.NativeMethodAccessorImpl.invoke(NativeMethodAccessorImpl.java:77)
	at java.base/jdk.internal.reflect.DelegatingMethodAccessorImpl.invoke(DelegatingMethodAccessorImpl.java:43)
	at java.base/java.lang.reflect.Method.invoke(Method.java:569)
	at org.springframework.web.method.support.InvocableHandlerMethod.doInvoke(InvocableHandlerMethod.java:259)
	at org.springframework.web.method.support.InvocableHandlerMethod.invokeForRequest(InvocableHandlerMethod.java:192)
	at org.springframework.web.servlet.mvc.method.annotation.ServletInvocableHandlerMethod.invokeAndHandle(ServletInvocableHandlerMethod.java:118)
	at org.springframework.web.servlet.mvc.method.annotation.RequestMappingHandlerAdapter.invokeHandlerMethod(RequestMappingHandlerAdapter.java:920)
	at org.springframework.web.servlet.mvc.method.annotation.RequestMappingHandlerAdapter.handleInternal(RequestMappingHandlerAdapter.java:830)
	at org.springframework.web.servlet.mvc.method.AbstractHandlerMethodAdapter.handle(AbstractHandlerMethodAdapter.java:87)
	at org.springframework.web.servlet.DispatcherServlet.doDispatch(DispatcherServlet.java:1089)
	at org.springframework.web.servlet.DispatcherServlet.doService(DispatcherServlet.java:979)
	at org.springframework.web.servlet.FrameworkServlet.processRequest(FrameworkServlet.java:1014)
	at org.springframework.web.servlet.FrameworkServlet.doPost(FrameworkServlet.java:914)
	at jakarta.servlet.http.HttpServlet.service(HttpServlet.java:590)
	at org.springframework.web.servlet.FrameworkServlet.service(FrameworkServlet.java:885)
	at jakarta.servlet.http.HttpServlet.service(HttpServlet.java:658)
	at org.apache.catalina.core.ApplicationFilterChain.internalDoFilter(ApplicationFilterChain.java:205)
	at org.apache.catalina.core.ApplicationFilterChain.doFilter(ApplicationFilterChain.java:149)
	at org.apache.tomcat.websocket.server.WsFilter.doFilter(WsFilter.java:51)
	at org.apache.catalina.core.ApplicationFilterChain.internalDoFilter(ApplicationFilterChain.java:174)
	at org.apache.catalina.core.ApplicationFilterChain.doFilter(ApplicationFilterChain.java:149)
	at org.springframework.web.filter.OncePerRequestFilter.doFilter(OncePerRequestFilter.java:110)
	at org.apache.catalina.core.ApplicationFilterChain.internalDoFilter(ApplicationFilterChain.java:174)
	at org.apache.catalina.core.ApplicationFilterChain.doFilter(ApplicationFilterChain.java:149)
	at org.springframework.web.filter.CompositeFilter$VirtualFilterChain.doFilter(CompositeFilter.java:108)
	at org.springframework.security.web.FilterChainProxy.lambda$doFilterInternal$3(FilterChainProxy.java:231)
	at org.springframework.security.web.ObservationFilterChainDecorator$FilterObservation$SimpleFilterObservation.lambda$wrap$1(ObservationFilterChainDecorator.java:479)
	at org.springframework.security.web.ObservationFilterChainDecorator$AroundFilterObservation$SimpleAroundFilterObservation.lambda$wrap$1(ObservationFilterChainDecorator.java:340)
	at org.springframework.security.web.ObservationFilterChainDecorator.lambda$wrapSecured$0(ObservationFilterChainDecorator.java:82)
	at org.springframework.security.web.ObservationFilterChainDecorator$VirtualFilterChain.doFilter(ObservationFilterChainDecorator.java:128)
	at org.springframework.security.web.access.intercept.AuthorizationFilter.doFilter(AuthorizationFilter.java:100)
	at org.springframework.security.web.ObservationFilterChainDecorator$ObservationFilter.wrapFilter(ObservationFilterChainDecorator.java:240)
	at org.springframework.security.web.ObservationFilterChainDecorator$ObservationFilter.doFilter(ObservationFilterChainDecorator.java:227)
	at org.springframework.security.web.ObservationFilterChainDecorator$VirtualFilterChain.doFilter(ObservationFilterChainDecorator.java:137)
	at org.springframework.security.web.access.ExceptionTranslationFilter.doFilter(ExceptionTranslationFilter.java:126)
	at org.springframework.security.web.access.ExceptionTranslationFilter.doFilter(ExceptionTranslationFilter.java:120)
	at org.springframework.security.web.ObservationFilterChainDecorator$ObservationFilter.wrapFilter(ObservationFilterChainDecorator.java:240)
	at org.springframework.security.web.ObservationFilterChainDecorator$ObservationFilter.doFilter(ObservationFilterChainDecorator.java:227)
	at org.springframework.security.web.ObservationFilterChainDecorator$VirtualFilterChain.doFilter(ObservationFilterChainDecorator.java:137)
	at org.springframework.security.web.authentication.AnonymousAuthenticationFilter.doFilter(AnonymousAuthenticationFilter.java:100)
	at org.springframework.security.web.ObservationFilterChainDecorator$ObservationFilter.wrapFilter(ObservationFilterChainDecorator.java:240)
	at org.springframework.security.web.ObservationFilterChainDecorator$ObservationFilter.doFilter(ObservationFilterChainDecorator.java:227)
	at org.springframework.security.web.ObservationFilterChainDecorator$VirtualFilterChain.doFilter(ObservationFilterChainDecorator.java:137)
	at org.springframework.security.web.servletapi.SecurityContextHolderAwareRequestFilter.doFilter(SecurityContextHolderAwareRequestFilter.java:179)
	at org.springframework.security.web.ObservationFilterChainDecorator$ObservationFilter.wrapFilter(ObservationFilterChainDecorator.java:240)
	at org.springframework.security.web.ObservationFilterChainDecorator$ObservationFilter.doFilter(ObservationFilterChainDecorator.java:227)
	at org.springframework.security.web.ObservationFilterChainDecorator$VirtualFilterChain.doFilter(ObservationFilterChainDecorator.java:137)
	at org.springframework.security.web.savedrequest.RequestCacheAwareFilter.doFilter(RequestCacheAwareFilter.java:63)
	at org.springframework.security.web.ObservationFilterChainDecorator$ObservationFilter.wrapFilter(ObservationFilterChainDecorator.java:240)
	at org.springframework.security.web.ObservationFilterChainDecorator$ObservationFilter.doFilter(ObservationFilterChainDecorator.java:227)
	at org.springframework.security.web.ObservationFilterChainDecorator$VirtualFilterChain.doFilter(ObservationFilterChainDecorator.java:137)
	at com.microserviceone.users.core.config.internalSecurity.InternalJwtFilter.doFilterInternal(InternalJwtFilter.java:96)
	at org.springframework.web.filter.OncePerRequestFilter.doFilter(OncePerRequestFilter.java:116)
	at org.springframework.security.web.ObservationFilterChainDecorator$ObservationFilter.wrapFilter(ObservationFilterChainDecorator.java:240)
	at org.springframework.security.web.ObservationFilterChainDecorator$ObservationFilter.doFilter(ObservationFilterChainDecorator.java:227)
	at org.springframework.security.web.ObservationFilterChainDecorator$VirtualFilterChain.doFilter(ObservationFilterChainDecorator.java:137)
	at org.springframework.security.web.authentication.logout.LogoutFilter.doFilter(LogoutFilter.java:107)
	at org.springframework.security.web.authentication.logout.LogoutFilter.doFilter(LogoutFilter.java:93)
	at org.springframework.security.web.ObservationFilterChainDecorator$ObservationFilter.wrapFilter(ObservationFilterChainDecorator.java:240)
	at org.springframework.security.web.ObservationFilterChainDecorator$ObservationFilter.doFilter(ObservationFilterChainDecorator.java:227)
	at org.springframework.security.web.ObservationFilterChainDecorator$VirtualFilterChain.doFilter(ObservationFilterChainDecorator.java:137)
	at org.springframework.web.filter.CorsFilter.doFilterInternal(CorsFilter.java:91)
	at org.springframework.web.filter.OncePerRequestFilter.doFilter(OncePerRequestFilter.java:116)
	at org.springframework.security.web.ObservationFilterChainDecorator$ObservationFilter.wrapFilter(ObservationFilterChainDecorator.java:240)
	at org.springframework.security.web.ObservationFilterChainDecorator$ObservationFilter.doFilter(ObservationFilterChainDecorator.java:227)
	at org.springframework.security.web.ObservationFilterChainDecorator$VirtualFilterChain.doFilter(ObservationFilterChainDecorator.java:137)
	at org.springframework.security.web.header.HeaderWriterFilter.doHeadersAfter(HeaderWriterFilter.java:90)
	at org.springframework.security.web.header.HeaderWriterFilter.doFilterInternal(HeaderWriterFilter.java:75)
	at org.springframework.web.filter.OncePerRequestFilter.doFilter(OncePerRequestFilter.java:116)
	at org.springframework.security.web.ObservationFilterChainDecorator$ObservationFilter.wrapFilter(ObservationFilterChainDecorator.java:240)
	at org.springframework.security.web.ObservationFilterChainDecorator$ObservationFilter.doFilter(ObservationFilterChainDecorator.java:227)
	at org.springframework.security.web.ObservationFilterChainDecorator$VirtualFilterChain.doFilter(ObservationFilterChainDecorator.java:137)
	at org.springframework.security.web.context.SecurityContextHolderFilter.doFilter(SecurityContextHolderFilter.java:82)
	at org.springframework.security.web.context.SecurityContextHolderFilter.doFilter(SecurityContextHolderFilter.java:69)
	at org.springframework.security.web.ObservationFilterChainDecorator$ObservationFilter.wrapFilter(ObservationFilterChainDecorator.java:240)
	at org.springframework.security.web.ObservationFilterChainDecorator$ObservationFilter.doFilter(ObservationFilterChainDecorator.java:227)
	at org.springframework.security.web.ObservationFilterChainDecorator$VirtualFilterChain.doFilter(ObservationFilterChainDecorator.java:137)
	at org.springframework.security.web.context.request.async.WebAsyncManagerIntegrationFilter.doFilterInternal(WebAsyncManagerIntegrationFilter.java:62)
	at org.springframework.web.filter.OncePerRequestFilter.doFilter(OncePerRequestFilter.java:116)
	at org.springframework.security.web.ObservationFilterChainDecorator$ObservationFilter.wrapFilter(ObservationFilterChainDecorator.java:240)
	at org.springframework.security.web.ObservationFilterChainDecorator$ObservationFilter.doFilter(ObservationFilterChainDecorator.java:227)
	at org.springframework.security.web.ObservationFilterChainDecorator$VirtualFilterChain.doFilter(ObservationFilterChainDecorator.java:137)
	at org.springframework.security.web.session.DisableEncodeUrlFilter.doFilterInternal(DisableEncodeUrlFilter.java:42)
	at org.springframework.web.filter.OncePerRequestFilter.doFilter(OncePerRequestFilter.java:116)
	at org.springframework.security.web.ObservationFilterChainDecorator$ObservationFilter.wrapFilter(ObservationFilterChainDecorator.java:240)
	at org.springframework.security.web.ObservationFilterChainDecorator$AroundFilterObservation$SimpleAroundFilterObservation.lambda$wrap$0(ObservationFilterChainDecorator.java:323)
	at org.springframework.security.web.ObservationFilterChainDecorator$ObservationFilter.doFilter(ObservationFilterChainDecorator.java:224)
	at org.springframework.security.web.ObservationFilterChainDecorator$VirtualFilterChain.doFilter(ObservationFilterChainDecorator.java:137)
	at org.springframework.security.web.FilterChainProxy.doFilterInternal(FilterChainProxy.java:233)
	at org.springframework.security.web.FilterChainProxy.doFilter(FilterChainProxy.java:191)
	at org.springframework.web.filter.CompositeFilter$VirtualFilterChain.doFilter(CompositeFilter.java:113)
	at org.springframework.web.servlet.handler.HandlerMappingIntrospector.lambda$createCacheFilter$3(HandlerMappingIntrospector.java:195)
	at org.springframework.web.filter.CompositeFilter$VirtualFilterChain.doFilter(CompositeFilter.java:113)
	at org.springframework.web.filter.CompositeFilter.doFilter(CompositeFilter.java:74)
	at org.springframework.security.config.annotation.web.configuration.WebMvcSecurityConfiguration$CompositeFilterChainProxy.doFilter(WebMvcSecurityConfiguration.java:230)
	at org.springframework.web.filter.DelegatingFilterProxy.invokeDelegate(DelegatingFilterProxy.java:352)
	at org.springframework.web.filter.DelegatingFilterProxy.doFilter(DelegatingFilterProxy.java:268)
	at org.apache.catalina.core.ApplicationFilterChain.internalDoFilter(ApplicationFilterChain.java:174)
	at org.apache.catalina.core.ApplicationFilterChain.doFilter(ApplicationFilterChain.java:149)
	at org.springframework.web.filter.RequestContextFilter.doFilterInternal(RequestContextFilter.java:100)
	at org.springframework.web.filter.OncePerRequestFilter.doFilter(OncePerRequestFilter.java:116)
	at org.apache.catalina.core.ApplicationFilterChain.internalDoFilter(ApplicationFilterChain.java:174)
	at org.apache.catalina.core.ApplicationFilterChain.doFilter(ApplicationFilterChain.java:149)
	at org.springframework.web.filter.FormContentFilter.doFilterInternal(FormContentFilter.java:93)
	at org.springframework.web.filter.OncePerRequestFilter.doFilter(OncePerRequestFilter.java:116)
	at org.apache.catalina.core.ApplicationFilterChain.internalDoFilter(ApplicationFilterChain.java:174)
	at org.apache.catalina.core.ApplicationFilterChain.doFilter(ApplicationFilterChain.java:149)
	at org.springframework.web.filter.ServerHttpObservationFilter.doFilterInternal(ServerHttpObservationFilter.java:109)
	at org.springframework.web.filter.OncePerRequestFilter.doFilter(OncePerRequestFilter.java:116)
	at org.apache.catalina.core.ApplicationFilterChain.internalDoFilter(ApplicationFilterChain.java:174)
	at org.apache.catalina.core.ApplicationFilterChain.doFilter(ApplicationFilterChain.java:149)
	at org.springframework.web.filter.CharacterEncodingFilter.doFilterInternal(CharacterEncodingFilter.java:201)
	at org.springframework.web.filter.OncePerRequestFilter.doFilter(OncePerRequestFilter.java:116)
	at org.apache.catalina.core.ApplicationFilterChain.internalDoFilter(ApplicationFilterChain.java:174)
	at org.apache.catalina.core.ApplicationFilterChain.doFilter(ApplicationFilterChain.java:149)
	at org.apache.catalina.core.StandardWrapperValve.invoke(StandardWrapperValve.java:167)
	at org.apache.catalina.core.StandardContextValve.invoke(StandardContextValve.java:90)
	at org.apache.catalina.authenticator.AuthenticatorBase.invoke(AuthenticatorBase.java:482)
	at org.apache.catalina.core.StandardHostValve.invoke(StandardHostValve.java:115)
	at org.apache.catalina.valves.ErrorReportValve.invoke(ErrorReportValve.java:93)
	at org.apache.catalina.core.StandardEngineValve.invoke(StandardEngineValve.java:74)
	at org.apache.catalina.connector.CoyoteAdapter.service(CoyoteAdapter.java:344)
	at org.apache.coyote.http11.Http11Processor.service(Http11Processor.java:391)
	at org.apache.coyote.AbstractProcessorLight.process(AbstractProcessorLight.java:63)
	at org.apache.coyote.AbstractProtocol$ConnectionHandler.process(AbstractProtocol.java:896)
	at org.apache.tomcat.util.net.NioEndpoint$SocketProcessor.doRun(NioEndpoint.java:1744)
	at org.apache.tomcat.util.net.SocketProcessorBase.run(SocketProcessorBase.java:52)
	at org.apache.tomcat.util.threads.ThreadPoolExecutor.runWorker(ThreadPoolExecutor.java:1191)
	at org.apache.tomcat.util.threads.ThreadPoolExecutor$Worker.run(ThreadPoolExecutor.java:659)
	at org.apache.tomcat.util.threads.TaskThread$WrappingRunnable.run(TaskThread.java:63)
	at java.base/java.lang.Thread.run(Thread.java:840)
2025-07-10 23:13:10 [http-nio-8082-exec-7] INFO  c.m.u.core.logging.LoggingService - TermsService: Aceptación múltiple completada - UserID: 1, Términos aceptados: 0, Cantidad: 0
2025-07-10 23:13:10 [http-nio-8082-exec-7] DEBUG o.s.w.s.m.m.a.HttpEntityMethodProcessor - Using 'application/json', given [application/json, application/*+json] and supported [application/json, application/*+json]
2025-07-10 23:13:10 [http-nio-8082-exec-7] DEBUG o.s.w.s.m.m.a.HttpEntityMethodProcessor - Writing [com.microserviceone.users.termsAndConditionsApi.web.dto.ApiResponse@59cdf84e]
2025-07-10 23:13:10 [http-nio-8082-exec-4] DEBUG o.s.web.client.RestTemplate - Response 200 OK
2025-07-10 23:13:10 [http-nio-8082-exec-4] DEBUG o.s.web.client.RestTemplate - Reading to [com.microserviceone.users.registrationApi.web.dto.ApiResponse<?>]
2025-07-10 23:13:10 [http-nio-8082-exec-7] DEBUG o.s.web.servlet.DispatcherServlet - Completed 200 OK
2025-07-10 23:13:10 [http-nio-8082-exec-4] INFO  c.m.u.core.logging.LoggingService - Términos y condiciones aceptados exitosamente para usuario ID: 1
2025-07-10 23:13:10 [http-nio-8082-exec-4] DEBUG c.m.u.core.logging.LoggingService - Mapeando respuesta para cliente ID: 1
2025-07-10 23:13:10 [http-nio-8082-exec-4] DEBUG c.m.u.core.logging.LoggingService - Mapeando User a UserResponse - ID: 1, Email: sebasagudelo1012@gmail.com, Tipo: Customer
2025-07-10 23:13:10 [http-nio-8082-exec-4] DEBUG c.m.u.core.logging.LoggingService - Campos específicos de Customer agregados - Fecha de nacimiento: 2006-04-02
2025-07-10 23:13:10 [http-nio-8082-exec-4] DEBUG c.m.u.core.logging.LoggingService - UserResponse mapeado exitosamente - ID: 1, Email: sebasagudelo1012@gmail.com, Rol: CUSTOMER
2025-07-10 23:13:10 [http-nio-8082-exec-4] INFO  c.m.u.core.logging.LoggingService - Cliente registrado exitosamente - ID: 1, Email: sebasagudelo1012@gmail.com, Rol: CUSTOMER
2025-07-10 23:13:10 [http-nio-8082-exec-4] DEBUG o.s.w.s.m.m.a.HttpEntityMethodProcessor - Using 'application/json', given [*/*] and supported [application/json, application/*+json]
2025-07-10 23:13:10 [http-nio-8082-exec-4] DEBUG o.s.w.s.m.m.a.HttpEntityMethodProcessor - Writing [ApiResponse(success=true, message=Customer registered successfully, data=UserResponse(id=1, name=See (truncated)...]
2025-07-10 23:13:10 [http-nio-8082-exec-4] DEBUG o.s.web.servlet.DispatcherServlet - Completed 201 CREATED
2025-07-10 23:13:10 [AsyncReporter{org.springframework.boot.actuate.autoconfigure.tracing.zipkin.ZipkinWebClientSender@66db9cf}] DEBUG o.s.w.r.f.client.ExchangeFunctions - [14f712d6] HTTP POST http://localhost:9411/api/v2/spans%20
2025-07-10 23:13:13 [DiscoveryClient-CacheRefreshExecutor-0] DEBUG o.s.web.client.RestTemplate - HTTP GET http://localhost:8081/eureka/apps/delta
2025-07-10 23:13:13 [DiscoveryClient-CacheRefreshExecutor-0] DEBUG o.s.web.client.RestTemplate - Accept=[application/json, application/*+json]
2025-07-10 23:13:13 [DiscoveryClient-HeartbeatExecutor-0] DEBUG o.s.web.client.RestTemplate - HTTP PUT http://localhost:8081/eureka/apps/USERS-SERVICE/192.168.114.78:users-service:8082?status=UP&lastDirtyTimestamp=1752207163728
2025-07-10 23:13:13 [DiscoveryClient-CacheRefreshExecutor-0] DEBUG o.s.web.client.RestTemplate - Response 200 OK
2025-07-10 23:13:13 [DiscoveryClient-CacheRefreshExecutor-0] DEBUG o.s.web.client.RestTemplate - Reading to [org.springframework.cloud.netflix.eureka.http.EurekaApplications]
2025-07-10 23:13:13 [DiscoveryClient-HeartbeatExecutor-0] DEBUG o.s.web.client.RestTemplate - Accept=[application/json, application/*+json]
2025-07-10 23:13:13 [DiscoveryClient-HeartbeatExecutor-0] DEBUG o.s.web.client.RestTemplate - Response 200 OK
2025-07-10 23:13:13 [http-nio-8082-exec-8] DEBUG c.m.u.core.logging.LoggingService - InternalJwtFilter: Procesando solicitud: /register/id/1
2025-07-10 23:13:13 [http-nio-8082-exec-8] DEBUG c.m.u.core.logging.LoggingService - InternalJwtFilter: Path '/register/id/1' requiere JWT: false
2025-07-10 23:13:13 [http-nio-8082-exec-8] DEBUG c.m.u.core.logging.LoggingService - InternalJwtFilter: Path no protegido, continuando sin validación JWT
2025-07-10 23:13:13 [http-nio-8082-exec-8] DEBUG o.s.web.servlet.DispatcherServlet - PATCH "/register/id/1", parameters={}
2025-07-10 23:13:13 [http-nio-8082-exec-8] DEBUG o.s.w.s.m.m.a.RequestMappingHandlerMapping - Mapped to com.microserviceone.users.registrationApi.web.controller.RegisterController#updateLastLogin(Long)
2025-07-10 23:13:13 [http-nio-8082-exec-8] INFO  c.m.u.core.logging.LoggingService - Validando existencia de usuario con ID: 1
2025-07-10 23:13:13 [http-nio-8082-exec-8] INFO  c.m.u.core.logging.LoggingService - AdapterRegister: Buscando usuario en la base de datos por ID: 1
2025-07-10 23:13:13 [http-nio-8082-exec-8] DEBUG c.m.u.core.logging.LoggingService - AdapterRegister: Usuario encontrado en la base de datos - ID: 1
2025-07-10 23:13:13 [http-nio-8082-exec-8] DEBUG c.m.u.core.logging.LoggingService - UserMapper: Convirtiendo entidad a dominio - ID: 1, Tipo: CustomerEntity
2025-07-10 23:13:13 [http-nio-8082-exec-8] DEBUG c.m.u.core.logging.LoggingService - UserMapper: CustomerEntity convertido a Customer - ID: 1, Email: sebasagudelo1012@gmail.com, Fecha nacimiento: 2006-04-02
2025-07-10 23:13:13 [http-nio-8082-exec-8] DEBUG c.m.u.core.logging.LoggingService - Usuario encontrado con ID: 1
2025-07-10 23:13:13 [http-nio-8082-exec-8] INFO  c.m.u.core.logging.LoggingService - AdapterRegister: Buscando usuario en la base de datos por ID: 1
2025-07-10 23:13:13 [http-nio-8082-exec-8] DEBUG c.m.u.core.logging.LoggingService - AdapterRegister: Usuario encontrado en la base de datos - ID: 1
2025-07-10 23:13:13 [http-nio-8082-exec-8] DEBUG c.m.u.core.logging.LoggingService - UserMapper: Convirtiendo entidad a dominio - ID: 1, Tipo: CustomerEntity
2025-07-10 23:13:13 [http-nio-8082-exec-8] DEBUG c.m.u.core.logging.LoggingService - UserMapper: CustomerEntity convertido a Customer - ID: 1, Email: sebasagudelo1012@gmail.com, Fecha nacimiento: 2006-04-02
2025-07-10 23:13:13 [http-nio-8082-exec-8] INFO  c.m.u.core.logging.LoggingService - AdapterRegister: Actualizando usuario en la base de datos - ID: 1, Email: sebasagudelo1012@gmail.com
2025-07-10 23:13:13 [http-nio-8082-exec-8] DEBUG c.m.u.core.logging.LoggingService - UserMapper: Convirtiendo dominio a entidad - Email: sebasagudelo1012@gmail.com, Tipo: Customer
2025-07-10 23:13:13 [http-nio-8082-exec-8] DEBUG c.m.u.core.logging.LoggingService - UserMapper: Mapeando campos comunes - Email: sebasagudelo1012@gmail.com
2025-07-10 23:13:13 [http-nio-8082-exec-8] DEBUG c.m.u.core.logging.LoggingService - UserMapper: Campos comunes mapeados exitosamente - Email: sebasagudelo1012@gmail.com, Rol: CUSTOMER
2025-07-10 23:13:13 [http-nio-8082-exec-8] DEBUG c.m.u.core.logging.LoggingService - UserMapper: Customer convertido a CustomerEntity - Email: sebasagudelo1012@gmail.com, Fecha nacimiento: 2006-04-02
2025-07-10 23:13:13 [http-nio-8082-exec-8] DEBUG c.m.u.core.logging.LoggingService - AdapterRegister: Usuario actualizado en la base de datos - ID: 1, Email: sebasagudelo1012@gmail.com
2025-07-10 23:13:13 [http-nio-8082-exec-8] DEBUG c.m.u.core.logging.LoggingService - UserMapper: Convirtiendo entidad a dominio - ID: 1, Tipo: CustomerEntity
2025-07-10 23:13:13 [http-nio-8082-exec-8] DEBUG c.m.u.core.logging.LoggingService - UserMapper: CustomerEntity convertido a Customer - ID: 1, Email: sebasagudelo1012@gmail.com, Fecha nacimiento: 2006-04-02
2025-07-10 23:13:14 [AsyncReporter{org.springframework.boot.actuate.autoconfigure.tracing.zipkin.ZipkinWebClientSender@66db9cf}] DEBUG o.s.w.r.f.client.ExchangeFunctions - [db8c510] HTTP POST http://localhost:9411/api/v2/spans%20
2025-07-10 23:13:43 [DiscoveryClient-CacheRefreshExecutor-0] DEBUG o.s.web.client.RestTemplate - HTTP GET http://localhost:8081/eureka/apps/delta
2025-07-10 23:13:43 [DiscoveryClient-CacheRefreshExecutor-0] DEBUG o.s.web.client.RestTemplate - Accept=[application/json, application/*+json]
2025-07-10 23:13:43 [DiscoveryClient-CacheRefreshExecutor-0] DEBUG o.s.web.client.RestTemplate - Response 200 OK
2025-07-10 23:13:43 [DiscoveryClient-CacheRefreshExecutor-0] DEBUG o.s.web.client.RestTemplate - Reading to [org.springframework.cloud.netflix.eureka.http.EurekaApplications]
2025-07-10 23:13:43 [DiscoveryClient-HeartbeatExecutor-0] DEBUG o.s.web.client.RestTemplate - HTTP PUT http://localhost:8081/eureka/apps/USERS-SERVICE/192.168.114.78:users-service:8082?status=UP&lastDirtyTimestamp=1752207163728
2025-07-10 23:13:43 [DiscoveryClient-HeartbeatExecutor-0] DEBUG o.s.web.client.RestTemplate - Accept=[application/json, application/*+json]
2025-07-10 23:13:43 [DiscoveryClient-HeartbeatExecutor-0] DEBUG o.s.web.client.RestTemplate - Response 200 OK
2025-07-10 23:14:13 [DiscoveryClient-CacheRefreshExecutor-0] DEBUG o.s.web.client.RestTemplate - HTTP GET http://localhost:8081/eureka/apps/delta
2025-07-10 23:14:13 [DiscoveryClient-CacheRefreshExecutor-0] DEBUG o.s.web.client.RestTemplate - Accept=[application/json, application/*+json]
2025-07-10 23:14:13 [DiscoveryClient-CacheRefreshExecutor-0] DEBUG o.s.web.client.RestTemplate - Response 200 OK
2025-07-10 23:14:13 [DiscoveryClient-CacheRefreshExecutor-0] DEBUG o.s.web.client.RestTemplate - Reading to [org.springframework.cloud.netflix.eureka.http.EurekaApplications]
2025-07-10 23:14:13 [DiscoveryClient-HeartbeatExecutor-0] DEBUG o.s.web.client.RestTemplate - HTTP PUT http://localhost:8081/eureka/apps/USERS-SERVICE/192.168.114.78:users-service:8082?status=UP&lastDirtyTimestamp=1752207163728
2025-07-10 23:14:13 [DiscoveryClient-HeartbeatExecutor-0] DEBUG o.s.web.client.RestTemplate - Accept=[application/json, application/*+json]
2025-07-10 23:14:13 [DiscoveryClient-HeartbeatExecutor-0] DEBUG o.s.web.client.RestTemplate - Response 200 OK
2025-07-10 23:14:43 [DiscoveryClient-CacheRefreshExecutor-0] DEBUG o.s.web.client.RestTemplate - HTTP GET http://localhost:8081/eureka/apps/delta
2025-07-10 23:14:43 [DiscoveryClient-CacheRefreshExecutor-0] DEBUG o.s.web.client.RestTemplate - Accept=[application/json, application/*+json]
2025-07-10 23:14:43 [DiscoveryClient-CacheRefreshExecutor-0] DEBUG o.s.web.client.RestTemplate - Response 200 OK
2025-07-10 23:14:43 [DiscoveryClient-CacheRefreshExecutor-0] DEBUG o.s.web.client.RestTemplate - Reading to [org.springframework.cloud.netflix.eureka.http.EurekaApplications]
2025-07-10 23:14:43 [DiscoveryClient-HeartbeatExecutor-0] DEBUG o.s.web.client.RestTemplate - HTTP PUT http://localhost:8081/eureka/apps/USERS-SERVICE/192.168.114.78:users-service:8082?status=UP&lastDirtyTimestamp=1752207163728
2025-07-10 23:14:43 [DiscoveryClient-HeartbeatExecutor-0] DEBUG o.s.web.client.RestTemplate - Accept=[application/json, application/*+json]
2025-07-10 23:14:43 [DiscoveryClient-HeartbeatExecutor-0] DEBUG o.s.web.client.RestTemplate - Response 200 OK
2025-07-10 23:15:13 [DiscoveryClient-CacheRefreshExecutor-0] DEBUG o.s.web.client.RestTemplate - HTTP GET http://localhost:8081/eureka/apps/delta
2025-07-10 23:15:13 [DiscoveryClient-CacheRefreshExecutor-0] DEBUG o.s.web.client.RestTemplate - Accept=[application/json, application/*+json]
2025-07-10 23:15:13 [DiscoveryClient-CacheRefreshExecutor-0] DEBUG o.s.web.client.RestTemplate - Response 200 OK
2025-07-10 23:15:13 [DiscoveryClient-CacheRefreshExecutor-0] DEBUG o.s.web.client.RestTemplate - Reading to [org.springframework.cloud.netflix.eureka.http.EurekaApplications]
2025-07-10 23:15:13 [DiscoveryClient-HeartbeatExecutor-0] DEBUG o.s.web.client.RestTemplate - HTTP PUT http://localhost:8081/eureka/apps/USERS-SERVICE/192.168.114.78:users-service:8082?status=UP&lastDirtyTimestamp=1752207163728
2025-07-10 23:15:13 [DiscoveryClient-HeartbeatExecutor-0] DEBUG o.s.web.client.RestTemplate - Accept=[application/json, application/*+json]
2025-07-10 23:15:13 [DiscoveryClient-HeartbeatExecutor-0] DEBUG o.s.web.client.RestTemplate - Response 200 OK
2025-07-10 23:15:41 [restartedMain] INFO  c.m.users.UsersApplication - Starting UsersApplication using Java 17.0.15 with PID 384591 (/home/sebastian/Documentos/stranger-drug/users/target/classes started by sebastian in /home/sebastian/Documentos/stranger-drug)
2025-07-10 23:15:41 [restartedMain] DEBUG c.m.users.UsersApplication - Running with Spring Boot v3.2.3, Spring v6.1.4
2025-07-10 23:15:41 [restartedMain] INFO  c.m.users.UsersApplication - The following 6 profiles are active: "common", "database", "email", "logging", "security", "dev"
2025-07-10 23:15:44 [restartedMain] WARN  o.s.c.s.PostProcessorRegistrationDelegate$BeanPostProcessorChecker - Bean 'org.springframework.cloud.client.loadbalancer.LoadBalancerAutoConfiguration$LoadBalancerInterceptorConfig' of type [org.springframework.cloud.client.loadbalancer.LoadBalancerAutoConfiguration$LoadBalancerInterceptorConfig] is not eligible for getting processed by all BeanPostProcessors (for example: not eligible for auto-proxying). The currently created BeanPostProcessor [lbRestClientPostProcessor] is declared through a non-static factory method on that class; consider declaring it as static instead.
2025-07-10 23:15:44 [restartedMain] WARN  o.s.c.s.PostProcessorRegistrationDelegate$BeanPostProcessorChecker - Bean 'org.springframework.cloud.loadbalancer.config.BlockingLoadBalancerClientAutoConfiguration' of type [org.springframework.cloud.loadbalancer.config.BlockingLoadBalancerClientAutoConfiguration] is not eligible for getting processed by all BeanPostProcessors (for example: not eligible for auto-proxying). Is this bean getting eagerly injected into a currently created BeanPostProcessor [lbRestClientPostProcessor]? Check the corresponding BeanPostProcessor declaration and its dependencies.
2025-07-10 23:15:44 [restartedMain] WARN  o.s.c.s.PostProcessorRegistrationDelegate$BeanPostProcessorChecker - Bean 'org.springframework.cloud.loadbalancer.config.LoadBalancerAutoConfiguration' of type [org.springframework.cloud.loadbalancer.config.LoadBalancerAutoConfiguration] is not eligible for getting processed by all BeanPostProcessors (for example: not eligible for auto-proxying). Is this bean getting eagerly injected into a currently created BeanPostProcessor [lbRestClientPostProcessor]? Check the corresponding BeanPostProcessor declaration and its dependencies.
2025-07-10 23:15:44 [restartedMain] WARN  o.s.c.s.PostProcessorRegistrationDelegate$BeanPostProcessorChecker - Bean 'org.springframework.cloud.commons.config.CommonsConfigAutoConfiguration' of type [org.springframework.cloud.commons.config.CommonsConfigAutoConfiguration] is not eligible for getting processed by all BeanPostProcessors (for example: not eligible for auto-proxying). Is this bean getting eagerly injected into a currently created BeanPostProcessor [lbRestClientPostProcessor]? Check the corresponding BeanPostProcessor declaration and its dependencies.
2025-07-10 23:15:44 [restartedMain] WARN  o.s.c.s.PostProcessorRegistrationDelegate$BeanPostProcessorChecker - Bean 'org.springframework.cloud.client.loadbalancer.LoadBalancerDefaultMappingsProviderAutoConfiguration' of type [org.springframework.cloud.client.loadbalancer.LoadBalancerDefaultMappingsProviderAutoConfiguration] is not eligible for getting processed by all BeanPostProcessors (for example: not eligible for auto-proxying). Is this bean getting eagerly injected into a currently created BeanPostProcessor [lbRestClientPostProcessor]? Check the corresponding BeanPostProcessor declaration and its dependencies.
2025-07-10 23:15:44 [restartedMain] WARN  o.s.c.s.PostProcessorRegistrationDelegate$BeanPostProcessorChecker - Bean 'loadBalancerClientsDefaultsMappingsProvider' of type [org.springframework.cloud.client.loadbalancer.LoadBalancerDefaultMappingsProviderAutoConfiguration$$Lambda$761/0x00007febcc566e78] is not eligible for getting processed by all BeanPostProcessors (for example: not eligible for auto-proxying). Is this bean getting eagerly injected into a currently created BeanPostProcessor [lbRestClientPostProcessor]? Check the corresponding BeanPostProcessor declaration and its dependencies.
2025-07-10 23:15:44 [restartedMain] WARN  o.s.c.s.PostProcessorRegistrationDelegate$BeanPostProcessorChecker - Bean 'defaultsBindHandlerAdvisor' of type [org.springframework.cloud.commons.config.DefaultsBindHandlerAdvisor] is not eligible for getting processed by all BeanPostProcessors (for example: not eligible for auto-proxying). Is this bean getting eagerly injected into a currently created BeanPostProcessor [lbRestClientPostProcessor]? Check the corresponding BeanPostProcessor declaration and its dependencies.
2025-07-10 23:15:44 [restartedMain] WARN  o.s.c.s.PostProcessorRegistrationDelegate$BeanPostProcessorChecker - Bean 'spring.cloud.loadbalancer-org.springframework.cloud.client.loadbalancer.LoadBalancerClientsProperties' of type [org.springframework.cloud.client.loadbalancer.LoadBalancerClientsProperties] is not eligible for getting processed by all BeanPostProcessors (for example: not eligible for auto-proxying). Is this bean getting eagerly injected into a currently created BeanPostProcessor [lbRestClientPostProcessor]? Check the corresponding BeanPostProcessor declaration and its dependencies.
2025-07-10 23:15:44 [restartedMain] WARN  o.s.c.s.PostProcessorRegistrationDelegate$BeanPostProcessorChecker - Bean 'default.org.springframework.cloud.loadbalancer.config.LoadBalancerAutoConfiguration.LoadBalancerClientSpecification' of type [org.springframework.cloud.loadbalancer.annotation.LoadBalancerClientSpecification] is not eligible for getting processed by all BeanPostProcessors (for example: not eligible for auto-proxying). Is this bean getting eagerly injected into a currently created BeanPostProcessor [lbRestClientPostProcessor]? Check the corresponding BeanPostProcessor declaration and its dependencies.
2025-07-10 23:15:44 [restartedMain] WARN  o.s.c.s.PostProcessorRegistrationDelegate$BeanPostProcessorChecker - Bean 'default.org.springframework.cloud.loadbalancer.config.BlockingLoadBalancerClientAutoConfiguration.LoadBalancerClientSpecification' of type [org.springframework.cloud.loadbalancer.annotation.LoadBalancerClientSpecification] is not eligible for getting processed by all BeanPostProcessors (for example: not eligible for auto-proxying). Is this bean getting eagerly injected into a currently created BeanPostProcessor [lbRestClientPostProcessor]? Check the corresponding BeanPostProcessor declaration and its dependencies.
2025-07-10 23:15:44 [restartedMain] WARN  o.s.c.s.PostProcessorRegistrationDelegate$BeanPostProcessorChecker - Bean 'default.org.springframework.cloud.netflix.eureka.loadbalancer.LoadBalancerEurekaAutoConfiguration.LoadBalancerClientSpecification' of type [org.springframework.cloud.loadbalancer.annotation.LoadBalancerClientSpecification] is not eligible for getting processed by all BeanPostProcessors (for example: not eligible for auto-proxying). Is this bean getting eagerly injected into a currently created BeanPostProcessor [lbRestClientPostProcessor]? Check the corresponding BeanPostProcessor declaration and its dependencies.
2025-07-10 23:15:44 [restartedMain] WARN  o.s.c.s.PostProcessorRegistrationDelegate$BeanPostProcessorChecker - Bean 'loadBalancerClientFactory' of type [org.springframework.cloud.loadbalancer.support.LoadBalancerClientFactory] is not eligible for getting processed by all BeanPostProcessors (for example: not eligible for auto-proxying). Is this bean getting eagerly injected into a currently created BeanPostProcessor [lbRestClientPostProcessor]? Check the corresponding BeanPostProcessor declaration and its dependencies.
2025-07-10 23:15:44 [restartedMain] WARN  o.s.c.s.PostProcessorRegistrationDelegate$BeanPostProcessorChecker - Bean 'blockingLoadBalancerClient' of type [org.springframework.cloud.loadbalancer.blocking.client.BlockingLoadBalancerClient] is not eligible for getting processed by all BeanPostProcessors (for example: not eligible for auto-proxying). Is this bean getting eagerly injected into a currently created BeanPostProcessor [lbRestClientPostProcessor]? Check the corresponding BeanPostProcessor declaration and its dependencies.
2025-07-10 23:15:45 [restartedMain] WARN  o.s.c.s.PostProcessorRegistrationDelegate$BeanPostProcessorChecker - Bean 'loadBalancerServiceInstanceCookieTransformer' of type [org.springframework.cloud.loadbalancer.core.LoadBalancerServiceInstanceCookieTransformer] is not eligible for getting processed by all BeanPostProcessors (for example: not eligible for auto-proxying). Is this bean getting eagerly injected into a currently created BeanPostProcessor [lbRestClientPostProcessor]? Check the corresponding BeanPostProcessor declaration and its dependencies.
2025-07-10 23:15:45 [restartedMain] WARN  o.s.c.s.PostProcessorRegistrationDelegate$BeanPostProcessorChecker - Bean 'xForwarderHeadersTransformer' of type [org.springframework.cloud.loadbalancer.blocking.XForwardedHeadersTransformer] is not eligible for getting processed by all BeanPostProcessors (for example: not eligible for auto-proxying). Is this bean getting eagerly injected into a currently created BeanPostProcessor [lbRestClientPostProcessor]? Check the corresponding BeanPostProcessor declaration and its dependencies.
2025-07-10 23:15:45 [restartedMain] WARN  o.s.c.s.PostProcessorRegistrationDelegate$BeanPostProcessorChecker - Bean 'org.springframework.cloud.client.loadbalancer.LoadBalancerAutoConfiguration' of type [org.springframework.cloud.client.loadbalancer.LoadBalancerAutoConfiguration] is not eligible for getting processed by all BeanPostProcessors (for example: not eligible for auto-proxying). Is this bean getting eagerly injected into a currently created BeanPostProcessor [lbRestClientPostProcessor]? Check the corresponding BeanPostProcessor declaration and its dependencies.
2025-07-10 23:15:45 [restartedMain] WARN  o.s.c.s.PostProcessorRegistrationDelegate$BeanPostProcessorChecker - Bean 'loadBalancerRequestFactory' of type [org.springframework.cloud.client.loadbalancer.LoadBalancerRequestFactory] is not eligible for getting processed by all BeanPostProcessors (for example: not eligible for auto-proxying). Is this bean getting eagerly injected into a currently created BeanPostProcessor [lbRestClientPostProcessor]? Check the corresponding BeanPostProcessor declaration and its dependencies.
2025-07-10 23:15:45 [restartedMain] WARN  o.s.c.s.PostProcessorRegistrationDelegate$BeanPostProcessorChecker - Bean 'loadBalancerInterceptor' of type [org.springframework.cloud.client.loadbalancer.LoadBalancerInterceptor] is not eligible for getting processed by all BeanPostProcessors (for example: not eligible for auto-proxying). Is this bean getting eagerly injected into a currently created BeanPostProcessor [lbRestClientPostProcessor]? Check the corresponding BeanPostProcessor declaration and its dependencies.
2025-07-10 23:15:45 [restartedMain] WARN  o.s.c.s.PostProcessorRegistrationDelegate$BeanPostProcessorChecker - Bean 'org.springframework.cloud.client.loadbalancer.reactive.LoadBalancerBeanPostProcessorAutoConfiguration' of type [org.springframework.cloud.client.loadbalancer.reactive.LoadBalancerBeanPostProcessorAutoConfiguration] is not eligible for getting processed by all BeanPostProcessors (for example: not eligible for auto-proxying). The currently created BeanPostProcessor [loadBalancerWebClientBuilderBeanPostProcessor] is declared through a non-static factory method on that class; consider declaring it as static instead.
2025-07-10 23:15:45 [restartedMain] WARN  o.s.c.s.PostProcessorRegistrationDelegate$BeanPostProcessorChecker - Bean 'org.springframework.cloud.client.loadbalancer.reactive.LoadBalancerBeanPostProcessorAutoConfiguration$ReactorDeferringLoadBalancerFilterConfig' of type [org.springframework.cloud.client.loadbalancer.reactive.LoadBalancerBeanPostProcessorAutoConfiguration$ReactorDeferringLoadBalancerFilterConfig] is not eligible for getting processed by all BeanPostProcessors (for example: not eligible for auto-proxying). Is this bean getting eagerly injected into a currently created BeanPostProcessor [loadBalancerWebClientBuilderBeanPostProcessor]? Check the corresponding BeanPostProcessor declaration and its dependencies.
2025-07-10 23:15:45 [restartedMain] WARN  o.s.c.s.PostProcessorRegistrationDelegate$BeanPostProcessorChecker - Bean 'reactorDeferringLoadBalancerExchangeFilterFunction' of type [org.springframework.cloud.client.loadbalancer.reactive.DeferringLoadBalancerExchangeFilterFunction] is not eligible for getting processed by all BeanPostProcessors (for example: not eligible for auto-proxying). Is this bean getting eagerly injected into a currently created BeanPostProcessor [loadBalancerWebClientBuilderBeanPostProcessor]? Check the corresponding BeanPostProcessor declaration and its dependencies.
2025-07-10 23:15:46 [restartedMain] DEBUG o.s.w.f.ServerHttpObservationFilter - Filter 'webMvcObservationFilter' configured for use
2025-07-10 23:15:46 [restartedMain] DEBUG c.m.u.c.c.i.InternalJwtFilter - Filter 'internalJwtFilter' configured for use
2025-07-10 23:15:47 [restartedMain] WARN  org.hibernate.orm.deprecation - HHH90000025: MariaDBDialect does not need to be specified explicitly using 'hibernate.dialect' (remove the property setting and it will be selected by default)
2025-07-10 23:15:49 [restartedMain] INFO  c.m.u.core.logging.LoggingService - CacheConfiguration: Cache manager configurado con 8 caches
2025-07-10 23:15:51 [restartedMain] WARN  o.s.b.a.o.j.JpaBaseConfiguration$JpaWebConfiguration - spring.jpa.open-in-view is enabled by default. Therefore, database queries may be performed during view rendering. Explicitly configure spring.jpa.open-in-view to disable this warning
2025-07-10 23:15:51 [restartedMain] WARN  o.s.b.a.s.s.UserDetailsServiceAutoConfiguration - 

Using generated security password: 0e9c4f92-f9d3-4141-955c-115e855fcb8d

This generated password is for development use only. Your security configuration must be updated before running your application in production.

2025-07-10 23:15:51 [restartedMain] INFO  c.m.u.core.logging.LoggingService - SecurityConfig: Iniciando configuración de seguridad del microservicio users
2025-07-10 23:15:51 [restartedMain] DEBUG o.s.w.s.m.m.a.RequestMappingHandlerMapping - 26 mappings in 'requestMappingHandlerMapping'
2025-07-10 23:15:51 [restartedMain] DEBUG o.s.w.s.h.SimpleUrlHandlerMapping - Patterns [/webjars/**, /**, /swagger-ui*/*swagger-initializer.js, /swagger-ui*/**] in 'resourceHandlerMapping'
2025-07-10 23:15:52 [restartedMain] INFO  c.m.u.core.logging.LoggingService - SecurityConfig: Configuración de seguridad completada - Todos los endpoints permitidos, filtro JWT interno configurado
2025-07-10 23:15:52 [restartedMain] DEBUG o.s.w.s.m.m.a.RequestMappingHandlerAdapter - ControllerAdvice beans: 0 @ModelAttribute, 0 @InitBinder, 1 RequestBodyAdvice, 1 ResponseBodyAdvice
2025-07-10 23:15:52 [restartedMain] DEBUG o.s.w.s.m.m.a.ExceptionHandlerExceptionResolver - ControllerAdvice beans: 2 @ExceptionHandler, 1 ResponseBodyAdvice
2025-07-10 23:15:53 [restartedMain] INFO  c.netflix.discovery.DiscoveryClient - Initializing Eureka in region us-east-1
2025-07-10 23:15:53 [restartedMain] INFO  c.n.d.s.r.aws.ConfigClusterResolver - Resolving eureka endpoints via configuration
2025-07-10 23:15:53 [restartedMain] INFO  c.netflix.discovery.DiscoveryClient - Disable delta property : false
2025-07-10 23:15:53 [restartedMain] INFO  c.netflix.discovery.DiscoveryClient - Single vip registry refresh property : null
2025-07-10 23:15:53 [restartedMain] INFO  c.netflix.discovery.DiscoveryClient - Force full registry fetch : false
2025-07-10 23:15:53 [restartedMain] INFO  c.netflix.discovery.DiscoveryClient - Application is null : false
2025-07-10 23:15:53 [restartedMain] INFO  c.netflix.discovery.DiscoveryClient - Registered Applications size is zero : true
2025-07-10 23:15:53 [restartedMain] INFO  c.netflix.discovery.DiscoveryClient - Application version is -1: true
2025-07-10 23:15:53 [restartedMain] INFO  c.netflix.discovery.DiscoveryClient - Getting all instance registry info from the eureka server
2025-07-10 23:15:53 [restartedMain] DEBUG o.s.web.client.RestTemplate - HTTP GET http://localhost:8081/eureka/apps/
2025-07-10 23:15:54 [restartedMain] DEBUG o.s.web.client.RestTemplate - Accept=[application/json, application/*+json]
2025-07-10 23:15:54 [restartedMain] DEBUG o.s.web.client.RestTemplate - Response 200 OK
2025-07-10 23:15:54 [restartedMain] DEBUG o.s.web.client.RestTemplate - Reading to [org.springframework.cloud.netflix.eureka.http.EurekaApplications]
2025-07-10 23:15:54 [restartedMain] INFO  c.netflix.discovery.DiscoveryClient - The response status is 200
2025-07-10 23:15:54 [restartedMain] INFO  c.netflix.discovery.DiscoveryClient - Starting heartbeat executor: renew interval is: 30
2025-07-10 23:15:54 [restartedMain] INFO  c.n.discovery.InstanceInfoReplicator - InstanceInfoReplicator onDemand update allowed rate per min is 4
2025-07-10 23:15:54 [restartedMain] INFO  c.netflix.discovery.DiscoveryClient - Discovery Client initialized at timestamp 1752207354173 with initial instances count: 1
2025-07-10 23:15:54 [restartedMain] INFO  c.netflix.discovery.DiscoveryClient - Saw local status change event StatusChangeEvent [timestamp=1752207354209, current=UP, previous=STARTING]
2025-07-10 23:15:54 [DiscoveryClient-InstanceInfoReplicator-0] INFO  c.netflix.discovery.DiscoveryClient - DiscoveryClient_USERS-SERVICE/192.168.114.78:users-service:8082: registering service...
2025-07-10 23:15:54 [DiscoveryClient-InstanceInfoReplicator-0] DEBUG o.s.web.client.RestTemplate - HTTP POST http://localhost:8081/eureka/apps/USERS-SERVICE
2025-07-10 23:15:54 [DiscoveryClient-InstanceInfoReplicator-0] DEBUG o.s.web.client.RestTemplate - Accept=[application/json, application/*+json]
2025-07-10 23:15:54 [DiscoveryClient-InstanceInfoReplicator-0] DEBUG o.s.web.client.RestTemplate - Writing [InstanceInfo [instanceId = 192.168.114.78:users-service:8082, appName = USERS-SERVICE, hostName = 192.168.114.78, status = UP, ipAddr = 192.168.114.78, port = 8082, securePort = 443, dataCenterInfo = com.netflix.appinfo.MyDataCenterInfo@245d5fc0] as "application/json"
2025-07-10 23:15:54 [DiscoveryClient-InstanceInfoReplicator-0] DEBUG o.s.web.client.RestTemplate - Response 204 NO_CONTENT
2025-07-10 23:15:54 [DiscoveryClient-InstanceInfoReplicator-0] INFO  c.netflix.discovery.DiscoveryClient - DiscoveryClient_USERS-SERVICE/192.168.114.78:users-service:8082 - registration status: 204
2025-07-10 23:15:54 [restartedMain] INFO  c.m.users.UsersApplication - Started UsersApplication in 13.374 seconds (process running for 14.366)
2025-07-10 23:16:05 [http-nio-8082-exec-2] INFO  o.s.web.servlet.DispatcherServlet - Initializing Servlet 'dispatcherServlet'
2025-07-10 23:16:05 [http-nio-8082-exec-2] DEBUG o.s.web.servlet.DispatcherServlet - Detected StandardServletMultipartResolver
2025-07-10 23:16:05 [http-nio-8082-exec-2] DEBUG o.s.web.servlet.DispatcherServlet - Detected AcceptHeaderLocaleResolver
2025-07-10 23:16:05 [http-nio-8082-exec-2] DEBUG o.s.web.servlet.DispatcherServlet - Detected FixedThemeResolver
2025-07-10 23:16:05 [http-nio-8082-exec-2] DEBUG o.s.web.servlet.DispatcherServlet - Detected org.springframework.web.servlet.view.DefaultRequestToViewNameTranslator@2718cf6b
2025-07-10 23:16:05 [http-nio-8082-exec-2] DEBUG o.s.web.servlet.DispatcherServlet - Detected org.springframework.web.servlet.support.SessionFlashMapManager@453435d4
2025-07-10 23:16:05 [http-nio-8082-exec-2] DEBUG o.s.web.servlet.DispatcherServlet - enableLoggingRequestDetails='false': request parameters and headers will be masked to prevent unsafe logging of potentially sensitive data
2025-07-10 23:16:05 [http-nio-8082-exec-2] INFO  o.s.web.servlet.DispatcherServlet - Completed initialization in 4 ms
2025-07-10 23:16:05 [http-nio-8082-exec-2] DEBUG c.m.u.core.logging.LoggingService - InternalJwtFilter: Procesando solicitud: /verification/send
2025-07-10 23:16:05 [http-nio-8082-exec-2] DEBUG c.m.u.core.logging.LoggingService - InternalJwtFilter: Path '/verification/send' requiere JWT: false
2025-07-10 23:16:05 [http-nio-8082-exec-2] DEBUG c.m.u.core.logging.LoggingService - InternalJwtFilter: Path no protegido, continuando sin validación JWT
2025-07-10 23:16:05 [http-nio-8082-exec-2] DEBUG o.s.web.servlet.DispatcherServlet - POST "/verification/send", parameters={}
2025-07-10 23:16:05 [http-nio-8082-exec-2] DEBUG o.s.w.s.m.m.a.RequestMappingHandlerMapping - Mapped to com.microserviceone.users.verificationCodeApi.web.controller.VerificationCodeController#sendVerificationCode(SendCodeRequest)
2025-07-10 23:16:05 [http-nio-8082-exec-2] DEBUG o.s.w.s.m.m.a.RequestResponseBodyMethodProcessor - Read "application/json;charset=UTF-8" to [com.microserviceone.users.verificationCodeApi.web.dto.SendCodeRequest@26a35209]
2025-07-10 23:16:05 [http-nio-8082-exec-2] INFO  c.m.u.core.logging.LoggingService - VerificationService: Enviando código de verificación - Email: sebasagudelo1012@gmail.com
2025-07-10 23:16:05 [http-nio-8082-exec-2] INFO  c.m.u.core.logging.LoggingService - SendVerificationCodeUseCase: Iniciando envío de código de verificación - Email: sebasagudelo1012@gmail.com
2025-07-10 23:16:05 [http-nio-8082-exec-2] DEBUG c.m.u.core.logging.LoggingService - SendVerificationCodeUseCase: Invalidando códigos anteriores - Email: sebasagudelo1012@gmail.com
2025-07-10 23:16:05 [http-nio-8082-exec-2] DEBUG c.m.u.core.logging.LoggingService - AdapterVerificationCode: Invalidando códigos anteriores - Email: sebasagudelo1012@gmail.com
2025-07-10 23:16:05 [http-nio-8082-exec-2] DEBUG c.m.u.core.logging.LoggingService - AdapterVerificationCode: Códigos anteriores invalidados exitosamente - Email: sebasagudelo1012@gmail.com
2025-07-10 23:16:05 [http-nio-8082-exec-2] DEBUG c.m.u.core.logging.LoggingService - SendVerificationCodeUseCase: Códigos anteriores invalidados - Email: sebasagudelo1012@gmail.com
2025-07-10 23:16:05 [http-nio-8082-exec-2] DEBUG c.m.u.core.logging.LoggingService - SendVerificationCodeUseCase: Generando nuevo código - Email: sebasagudelo1012@gmail.com
2025-07-10 23:16:05 [http-nio-8082-exec-2] DEBUG c.m.u.core.logging.LoggingService - ImplCodeGeneratorService: Generando código de verificación
2025-07-10 23:16:05 [http-nio-8082-exec-2] DEBUG c.m.u.core.logging.LoggingService - ImplCodeGeneratorService: Código generado exitosamente: 150665
2025-07-10 23:16:05 [http-nio-8082-exec-2] DEBUG c.m.u.core.logging.LoggingService - SendVerificationCodeUseCase: Código generado: 150665 para email: sebasagudelo1012@gmail.com
2025-07-10 23:16:05 [http-nio-8082-exec-2] DEBUG c.m.u.core.logging.LoggingService - SendVerificationCodeUseCase: Objeto VerificationCode creado - Email: sebasagudelo1012@gmail.com, Código: 150665
2025-07-10 23:16:05 [http-nio-8082-exec-2] DEBUG c.m.u.core.logging.LoggingService - AdapterVerificationCode: Guardando código de verificación - Email: sebasagudelo1012@gmail.com, Código: 150665
2025-07-10 23:16:05 [http-nio-8082-exec-2] DEBUG c.m.u.core.logging.LoggingService - AdapterVerificationCode: Código convertido a entidad - Email: sebasagudelo1012@gmail.com, Código: 150665
2025-07-10 23:16:05 [http-nio-8082-exec-2] DEBUG c.m.u.core.logging.LoggingService - AdapterVerificationCode: Código guardado en base de datos - ID: 1, Email: sebasagudelo1012@gmail.com, Código: 150665
2025-07-10 23:16:05 [http-nio-8082-exec-2] DEBUG c.m.u.core.logging.LoggingService - AdapterVerificationCode: Entidad convertida a dominio - ID: 1, Email: sebasagudelo1012@gmail.com, Código: 150665
2025-07-10 23:16:05 [http-nio-8082-exec-2] DEBUG c.m.u.core.logging.LoggingService - SendVerificationCodeUseCase: Código guardado en base de datos - Email: sebasagudelo1012@gmail.com, Código: 150665
2025-07-10 23:16:05 [http-nio-8082-exec-2] DEBUG c.m.u.core.logging.LoggingService - SendVerificationCodeUseCase: Enviando código por email - Email: sebasagudelo1012@gmail.com, Código: 150665
2025-07-10 23:16:06 [AsyncReporter{org.springframework.boot.actuate.autoconfigure.tracing.zipkin.ZipkinWebClientSender@4736c6fd}] DEBUG o.s.w.r.f.client.ExchangeFunctions - [17f01f6e] HTTP POST http://localhost:9411/api/v2/spans%20
2025-07-10 23:16:06 [AsyncReporter{org.springframework.boot.actuate.autoconfigure.tracing.zipkin.ZipkinWebClientSender@4736c6fd}] WARN  z.r.AsyncReporter$BoundedAsyncReporter - Spans were dropped due to exceptions. All subsequent errors will be logged at FINE level.
2025-07-10 23:16:06 [AsyncReporter{org.springframework.boot.actuate.autoconfigure.tracing.zipkin.ZipkinWebClientSender@4736c6fd}] WARN  z.r.AsyncReporter$BoundedAsyncReporter - Dropped 2 spans due to WebClientRequestException(finishConnect(..) failed: Conexión rehusada: localhost/[0:0:0:0:0:0:0:1]:9411)
org.springframework.web.reactive.function.client.WebClientRequestException: finishConnect(..) failed: Conexión rehusada: localhost/[0:0:0:0:0:0:0:1]:9411
	at org.springframework.web.reactive.function.client.ExchangeFunctions$DefaultExchangeFunction.lambda$wrapException$9(ExchangeFunctions.java:136)
	Suppressed: reactor.core.publisher.FluxOnAssembly$OnAssemblyException: 
Error has been observed at the following site(s):
	*__checkpoint ⇢ Request to POST http://localhost:9411/api/v2/spans%20 [DefaultWebClient]
Original Stack Trace:
		at org.springframework.web.reactive.function.client.ExchangeFunctions$DefaultExchangeFunction.lambda$wrapException$9(ExchangeFunctions.java:136)
		at reactor.core.publisher.MonoErrorSupplied.subscribe(MonoErrorSupplied.java:55)
		at reactor.core.publisher.Mono.subscribe(Mono.java:4563)
		at reactor.core.publisher.FluxOnErrorResume$ResumeSubscriber.onError(FluxOnErrorResume.java:103)
		at reactor.core.publisher.FluxPeek$PeekSubscriber.onError(FluxPeek.java:222)
		at reactor.core.publisher.FluxPeek$PeekSubscriber.onError(FluxPeek.java:222)
		at reactor.core.publisher.FluxPeek$PeekSubscriber.onError(FluxPeek.java:222)
		at reactor.core.publisher.MonoNext$NextSubscriber.onError(MonoNext.java:93)
		at reactor.core.publisher.MonoFlatMapMany$FlatMapManyMain.onError(MonoFlatMapMany.java:205)
		at reactor.core.publisher.SerializedSubscriber.onError(SerializedSubscriber.java:124)
		at reactor.core.publisher.FluxRetryWhen$RetryWhenMainSubscriber.whenError(FluxRetryWhen.java:229)
		at reactor.core.publisher.FluxRetryWhen$RetryWhenOtherSubscriber.onError(FluxRetryWhen.java:279)
		at reactor.core.publisher.FluxContextWrite$ContextWriteSubscriber.onError(FluxContextWrite.java:121)
		at reactor.core.publisher.FluxConcatMapNoPrefetch$FluxConcatMapNoPrefetchSubscriber.maybeOnError(FluxConcatMapNoPrefetch.java:327)
		at reactor.core.publisher.FluxConcatMapNoPrefetch$FluxConcatMapNoPrefetchSubscriber.onNext(FluxConcatMapNoPrefetch.java:212)
		at reactor.core.publisher.FluxContextWrite$ContextWriteSubscriber.onNext(FluxContextWrite.java:107)
		at reactor.core.publisher.SinkManyEmitterProcessor.drain(SinkManyEmitterProcessor.java:476)
		at reactor.core.publisher.SinkManyEmitterProcessor$EmitterInner.drainParent(SinkManyEmitterProcessor.java:620)
		at reactor.core.publisher.FluxPublish$PubSubInner.request(FluxPublish.java:874)
		at reactor.core.publisher.FluxContextWrite$ContextWriteSubscriber.request(FluxContextWrite.java:136)
		at reactor.core.publisher.FluxConcatMapNoPrefetch$FluxConcatMapNoPrefetchSubscriber.request(FluxConcatMapNoPrefetch.java:337)
		at reactor.core.publisher.FluxContextWrite$ContextWriteSubscriber.request(FluxContextWrite.java:136)
		at reactor.core.publisher.Operators$DeferredSubscription.request(Operators.java:1743)
		at reactor.core.publisher.FluxRetryWhen$RetryWhenMainSubscriber.onError(FluxRetryWhen.java:196)
		at reactor.core.publisher.MonoCreate$DefaultMonoSink.error(MonoCreate.java:205)
		at reactor.netty.http.client.HttpClientConnect$MonoHttpConnect$ClientTransportSubscriber.onError(HttpClientConnect.java:311)
		at reactor.core.publisher.MonoCreate$DefaultMonoSink.error(MonoCreate.java:205)
		at reactor.netty.resources.DefaultPooledConnectionProvider$DisposableAcquire.onError(DefaultPooledConnectionProvider.java:172)
		at reactor.netty.internal.shaded.reactor.pool.AbstractPool$Borrower.fail(AbstractPool.java:488)
		at reactor.netty.internal.shaded.reactor.pool.SimpleDequePool.lambda$drainLoop$9(SimpleDequePool.java:436)
		at reactor.core.publisher.FluxDoOnEach$DoOnEachSubscriber.onError(FluxDoOnEach.java:186)
		at reactor.core.publisher.MonoCreate$DefaultMonoSink.error(MonoCreate.java:205)
		at reactor.netty.resources.DefaultPooledConnectionProvider$PooledConnectionAllocator$PooledConnectionInitializer.onError(DefaultPooledConnectionProvider.java:583)
		at reactor.core.publisher.MonoFlatMap$FlatMapMain.secondError(MonoFlatMap.java:241)
		at reactor.core.publisher.MonoFlatMap$FlatMapInner.onError(MonoFlatMap.java:315)
		at reactor.core.publisher.FluxOnErrorResume$ResumeSubscriber.onError(FluxOnErrorResume.java:106)
		at reactor.core.publisher.SerializedSubscriber.onError(SerializedSubscriber.java:124)
		at reactor.core.publisher.FluxRetryWhen$RetryWhenMainSubscriber.whenError(FluxRetryWhen.java:229)
		at reactor.core.publisher.FluxRetryWhen$RetryWhenOtherSubscriber.onError(FluxRetryWhen.java:279)
		at reactor.core.publisher.FluxContextWrite$ContextWriteSubscriber.onError(FluxContextWrite.java:121)
		at reactor.core.publisher.FluxConcatMapNoPrefetch$FluxConcatMapNoPrefetchSubscriber.maybeOnError(FluxConcatMapNoPrefetch.java:327)
		at reactor.core.publisher.FluxConcatMapNoPrefetch$FluxConcatMapNoPrefetchSubscriber.onNext(FluxConcatMapNoPrefetch.java:212)
		at reactor.core.publisher.FluxContextWrite$ContextWriteSubscriber.onNext(FluxContextWrite.java:107)
		at reactor.core.publisher.SinkManyEmitterProcessor.drain(SinkManyEmitterProcessor.java:476)
		at reactor.core.publisher.SinkManyEmitterProcessor$EmitterInner.drainParent(SinkManyEmitterProcessor.java:620)
		at reactor.core.publisher.FluxPublish$PubSubInner.request(FluxPublish.java:874)
		at reactor.core.publisher.FluxContextWrite$ContextWriteSubscriber.request(FluxContextWrite.java:136)
		at reactor.core.publisher.FluxConcatMapNoPrefetch$FluxConcatMapNoPrefetchSubscriber.request(FluxConcatMapNoPrefetch.java:337)
		at reactor.core.publisher.FluxContextWrite$ContextWriteSubscriber.request(FluxContextWrite.java:136)
		at reactor.core.publisher.Operators$DeferredSubscription.request(Operators.java:1743)
		at reactor.core.publisher.FluxRetryWhen$RetryWhenMainSubscriber.onError(FluxRetryWhen.java:196)
		at reactor.core.publisher.MonoFlatMap$FlatMapMain.secondError(MonoFlatMap.java:241)
		at reactor.core.publisher.MonoFlatMap$FlatMapInner.onError(MonoFlatMap.java:315)
		at reactor.netty.transport.TransportConnector$MonoChannelPromise.tryFailure(TransportConnector.java:576)
		at reactor.netty.transport.TransportConnector$MonoChannelPromise.setFailure(TransportConnector.java:522)
		at reactor.netty.transport.TransportConnector.lambda$doConnect$7(TransportConnector.java:261)
		at io.netty.util.concurrent.DefaultPromise.notifyListener0(DefaultPromise.java:590)
		at io.netty.util.concurrent.DefaultPromise.notifyListeners0(DefaultPromise.java:583)
		at io.netty.util.concurrent.DefaultPromise.notifyListenersNow(DefaultPromise.java:559)
		at io.netty.util.concurrent.DefaultPromise.notifyListeners(DefaultPromise.java:492)
		at io.netty.util.concurrent.DefaultPromise.setValue0(DefaultPromise.java:636)
		at io.netty.util.concurrent.DefaultPromise.setFailure0(DefaultPromise.java:629)
		at io.netty.util.concurrent.DefaultPromise.tryFailure(DefaultPromise.java:118)
		at io.netty.channel.epoll.AbstractEpollChannel$AbstractEpollUnsafe.fulfillConnectPromise(AbstractEpollChannel.java:675)
		at io.netty.channel.epoll.AbstractEpollChannel$AbstractEpollUnsafe.finishConnect(AbstractEpollChannel.java:694)
		at io.netty.channel.epoll.AbstractEpollChannel$AbstractEpollUnsafe.epollOutReady(AbstractEpollChannel.java:567)
		at io.netty.channel.epoll.EpollEventLoop.processReady(EpollEventLoop.java:499)
		at io.netty.channel.epoll.EpollEventLoop.run(EpollEventLoop.java:407)
		at io.netty.util.concurrent.SingleThreadEventExecutor$4.run(SingleThreadEventExecutor.java:997)
		at io.netty.util.internal.ThreadExecutorMap$2.run(ThreadExecutorMap.java:74)
		at io.netty.util.concurrent.FastThreadLocalRunnable.run(FastThreadLocalRunnable.java:30)
		at java.base/java.lang.Thread.run(Thread.java:840)
	Suppressed: java.lang.Exception: #block terminated with an error
		at reactor.core.publisher.BlockingSingleSubscriber.blockingGet(BlockingSingleSubscriber.java:103)
		at reactor.core.publisher.Mono.block(Mono.java:1779)
		at org.springframework.boot.actuate.autoconfigure.tracing.zipkin.ZipkinWebClientSender$WebClientHttpPostCall.doExecute(ZipkinWebClientSender.java:76)
		at org.springframework.boot.actuate.autoconfigure.tracing.zipkin.ZipkinWebClientSender$WebClientHttpPostCall.doExecute(ZipkinWebClientSender.java:54)
		at zipkin2.Call$Base.execute(Call.java:391)
		at zipkin2.reporter.AsyncReporter$BoundedAsyncReporter.flush(AsyncReporter.java:299)
		at zipkin2.reporter.AsyncReporter$Flusher.run(AsyncReporter.java:378)
		at java.base/java.lang.Thread.run(Thread.java:840)
Caused by: io.netty.channel.AbstractChannel$AnnotatedConnectException: finishConnect(..) failed: Conexión rehusada: localhost/[0:0:0:0:0:0:0:1]:9411
Caused by: java.net.ConnectException: finishConnect(..) failed: Conexión rehusada
	at io.netty.channel.unix.Errors.newConnectException0(Errors.java:166)
	at io.netty.channel.unix.Errors.handleConnectErrno(Errors.java:131)
	at io.netty.channel.unix.Socket.finishConnect(Socket.java:359)
	at io.netty.channel.epoll.AbstractEpollChannel$AbstractEpollUnsafe.doFinishConnect(AbstractEpollChannel.java:711)
	at io.netty.channel.epoll.AbstractEpollChannel$AbstractEpollUnsafe.finishConnect(AbstractEpollChannel.java:688)
	at io.netty.channel.epoll.AbstractEpollChannel$AbstractEpollUnsafe.epollOutReady(AbstractEpollChannel.java:567)
	at io.netty.channel.epoll.EpollEventLoop.processReady(EpollEventLoop.java:499)
	at io.netty.channel.epoll.EpollEventLoop.run(EpollEventLoop.java:407)
	at io.netty.util.concurrent.SingleThreadEventExecutor$4.run(SingleThreadEventExecutor.java:997)
	at io.netty.util.internal.ThreadExecutorMap$2.run(ThreadExecutorMap.java:74)
	at io.netty.util.concurrent.FastThreadLocalRunnable.run(FastThreadLocalRunnable.java:30)
	at java.base/java.lang.Thread.run(Thread.java:840)
2025-07-10 23:16:11 [http-nio-8082-exec-2] INFO  c.m.u.v.i.email.EmailServiceUseCase - Código de verificación enviado exitosamente a: sebasagudelo1012@gmail.com
2025-07-10 23:16:11 [http-nio-8082-exec-2] INFO  c.m.u.core.logging.LoggingService - SendVerificationCodeUseCase: Código de verificación enviado exitosamente - Email: sebasagudelo1012@gmail.com, Código: 150665
2025-07-10 23:16:11 [http-nio-8082-exec-2] INFO  c.m.u.core.logging.LoggingService - VerificationService: Código de verificación enviado exitosamente - Email: sebasagudelo1012@gmail.com
2025-07-10 23:16:11 [http-nio-8082-exec-2] DEBUG o.s.w.s.m.m.a.HttpEntityMethodProcessor - Using 'application/json', given [*/*] and supported [application/json, application/*+json]
2025-07-10 23:16:11 [http-nio-8082-exec-2] DEBUG o.s.w.s.m.m.a.HttpEntityMethodProcessor - Writing [ApiResponse(success=true, message=Verification code sent successfully, data=null, errorCode=null, ti (truncated)...]
2025-07-10 23:16:11 [http-nio-8082-exec-2] DEBUG o.s.web.servlet.DispatcherServlet - Completed 200 OK
2025-07-10 23:16:12 [AsyncReporter{org.springframework.boot.actuate.autoconfigure.tracing.zipkin.ZipkinWebClientSender@4736c6fd}] DEBUG o.s.w.r.f.client.ExchangeFunctions - [599b4bac] HTTP POST http://localhost:9411/api/v2/spans%20
2025-07-10 23:16:24 [DiscoveryClient-CacheRefreshExecutor-0] DEBUG o.s.web.client.RestTemplate - HTTP GET http://localhost:8081/eureka/apps/delta
2025-07-10 23:16:24 [DiscoveryClient-CacheRefreshExecutor-0] DEBUG o.s.web.client.RestTemplate - Accept=[application/json, application/*+json]
2025-07-10 23:16:24 [DiscoveryClient-HeartbeatExecutor-0] DEBUG o.s.web.client.RestTemplate - HTTP PUT http://localhost:8081/eureka/apps/USERS-SERVICE/192.168.114.78:users-service:8082?status=UP&lastDirtyTimestamp=1752207354209
2025-07-10 23:16:24 [DiscoveryClient-CacheRefreshExecutor-0] DEBUG o.s.web.client.RestTemplate - Response 200 OK
2025-07-10 23:16:24 [DiscoveryClient-CacheRefreshExecutor-0] DEBUG o.s.web.client.RestTemplate - Reading to [org.springframework.cloud.netflix.eureka.http.EurekaApplications]
2025-07-10 23:16:24 [DiscoveryClient-HeartbeatExecutor-0] DEBUG o.s.web.client.RestTemplate - Accept=[application/json, application/*+json]
2025-07-10 23:16:24 [DiscoveryClient-HeartbeatExecutor-0] DEBUG o.s.web.client.RestTemplate - Response 200 OK
2025-07-10 23:16:33 [http-nio-8082-exec-3] DEBUG c.m.u.core.logging.LoggingService - InternalJwtFilter: Procesando solicitud: /verification/check
2025-07-10 23:16:33 [http-nio-8082-exec-3] DEBUG c.m.u.core.logging.LoggingService - InternalJwtFilter: Path '/verification/check' requiere JWT: false
2025-07-10 23:16:33 [http-nio-8082-exec-3] DEBUG c.m.u.core.logging.LoggingService - InternalJwtFilter: Path no protegido, continuando sin validación JWT
2025-07-10 23:16:33 [http-nio-8082-exec-3] DEBUG o.s.web.servlet.DispatcherServlet - POST "/verification/check", parameters={}
2025-07-10 23:16:33 [http-nio-8082-exec-3] DEBUG o.s.w.s.m.m.a.RequestMappingHandlerMapping - Mapped to com.microserviceone.users.verificationCodeApi.web.controller.VerificationCodeController#verifyCode(VerifyCodeRequest)
2025-07-10 23:16:33 [http-nio-8082-exec-3] DEBUG o.s.w.s.m.m.a.RequestResponseBodyMethodProcessor - Read "application/json;charset=UTF-8" to [com.microserviceone.users.verificationCodeApi.web.dto.VerifyCodeRequest@783a95f4]
2025-07-10 23:16:33 [http-nio-8082-exec-3] INFO  c.m.u.core.logging.LoggingService - VerificationService: Verificando código - Email: sebasagudelo1012@gmail.com
2025-07-10 23:16:33 [http-nio-8082-exec-3] INFO  c.m.u.core.logging.LoggingService - VerifyCodeUseCase: Iniciando verificación de código - Email: sebasagudelo1012@gmail.com, Código: 150665
2025-07-10 23:16:33 [http-nio-8082-exec-3] DEBUG c.m.u.core.logging.LoggingService - VerifyCodeUseCase: Verificando existencia del código - Email: sebasagudelo1012@gmail.com, Código: 150665
2025-07-10 23:16:33 [http-nio-8082-exec-3] DEBUG c.m.u.core.logging.LoggingService - VerifyExistCodeUseCase: Verificando existencia de código - Email: sebasagudelo1012@gmail.com, Código: 150665
2025-07-10 23:16:33 [http-nio-8082-exec-3] DEBUG c.m.u.core.logging.LoggingService - AdapterVerificationCode: Buscando código por email y código - Email: sebasagudelo1012@gmail.com, Código: 150665
2025-07-10 23:16:33 [http-nio-8082-exec-3] DEBUG c.m.u.core.logging.LoggingService - AdapterVerificationCode: Código encontrado - ID: 1, Email: sebasagudelo1012@gmail.com, Código: 150665
2025-07-10 23:16:33 [http-nio-8082-exec-3] DEBUG c.m.u.core.logging.LoggingService - VerifyExistCodeUseCase: Código encontrado - Email: sebasagudelo1012@gmail.com, Código: 150665, ID: 1
2025-07-10 23:16:33 [http-nio-8082-exec-3] DEBUG c.m.u.core.logging.LoggingService - VerifyCodeUseCase: Código encontrado - Email: sebasagudelo1012@gmail.com, Código: 150665, ID: 1
2025-07-10 23:16:33 [http-nio-8082-exec-3] DEBUG c.m.u.core.logging.LoggingService - VerifyCodeUseCase: Validando código - Email: sebasagudelo1012@gmail.com, Código: 150665
2025-07-10 23:16:33 [http-nio-8082-exec-3] DEBUG c.m.u.core.logging.LoggingService - VerifyCodeIsValidUseCase: Validando código - ID: 1, Email: sebasagudelo1012@gmail.com, Código: 150665
2025-07-10 23:16:33 [http-nio-8082-exec-3] DEBUG c.m.u.core.logging.LoggingService - VerifyCodeIsValidUseCase: Código validado como válido - ID: 1, Email: sebasagudelo1012@gmail.com, Código: 150665
2025-07-10 23:16:33 [http-nio-8082-exec-3] DEBUG c.m.u.core.logging.LoggingService - VerifyCodeUseCase: Código validado como válido - Email: sebasagudelo1012@gmail.com, Código: 150665
2025-07-10 23:16:33 [http-nio-8082-exec-3] DEBUG c.m.u.core.logging.LoggingService - VerifyCodeUseCase: Marcando código como usado - Email: sebasagudelo1012@gmail.com, Código: 150665
2025-07-10 23:16:33 [http-nio-8082-exec-3] DEBUG c.m.u.core.logging.LoggingService - AdapterVerificationCode: Guardando código de verificación - Email: sebasagudelo1012@gmail.com, Código: 150665
2025-07-10 23:16:33 [http-nio-8082-exec-3] DEBUG c.m.u.core.logging.LoggingService - AdapterVerificationCode: Código convertido a entidad - Email: sebasagudelo1012@gmail.com, Código: 150665
2025-07-10 23:16:33 [http-nio-8082-exec-3] DEBUG c.m.u.core.logging.LoggingService - AdapterVerificationCode: Código guardado en base de datos - ID: 1, Email: sebasagudelo1012@gmail.com, Código: 150665
2025-07-10 23:16:33 [http-nio-8082-exec-3] DEBUG c.m.u.core.logging.LoggingService - AdapterVerificationCode: Entidad convertida a dominio - ID: 1, Email: sebasagudelo1012@gmail.com, Código: 150665
2025-07-10 23:16:33 [http-nio-8082-exec-3] DEBUG c.m.u.core.logging.LoggingService - VerifyCodeUseCase: Código marcado como usado y guardado - Email: sebasagudelo1012@gmail.com, Código: 150665
2025-07-10 23:16:33 [http-nio-8082-exec-3] DEBUG c.m.u.core.logging.LoggingService - VerifyCodeUseCase: Marcando email como verificado - Email: sebasagudelo1012@gmail.com, Código: 150665
2025-07-10 23:16:33 [http-nio-8082-exec-3] DEBUG c.m.u.core.logging.LoggingService - AdapterVerificationCode: Marcando código como verificado - Email: sebasagudelo1012@gmail.com, Código: 150665
2025-07-10 23:16:33 [http-nio-8082-exec-3] DEBUG c.m.u.core.logging.LoggingService - AdapterVerificationCode: Código marcado como verificado exitosamente - Email: sebasagudelo1012@gmail.com, Código: 150665
2025-07-10 23:16:33 [http-nio-8082-exec-3] INFO  c.m.u.core.logging.LoggingService - CachedCheckEmailVerificationUseCase: Invalidando cache para verificación de email - Email: sebasagudelo1012@gmail.com
2025-07-10 23:16:33 [http-nio-8082-exec-3] DEBUG c.m.u.core.logging.LoggingService - CacheService: evict - Cache: emailVerified, Key: emailVerified:sebasagudelo1012@gmail.com
2025-07-10 23:16:33 [http-nio-8082-exec-3] DEBUG c.m.u.core.logging.LoggingService - CacheService: Entrada removida del cache - Cache: emailVerified, Key: emailVerified:sebasagudelo1012@gmail.com
2025-07-10 23:16:33 [http-nio-8082-exec-3] DEBUG c.m.u.core.logging.LoggingService - CachedCheckEmailVerificationUseCase: Cache de verificación de email invalidado - Email: sebasagudelo1012@gmail.com
2025-07-10 23:16:33 [http-nio-8082-exec-3] INFO  c.m.u.core.logging.LoggingService - VerifyCodeUseCase: Verificación de código completada exitosamente - Email: sebasagudelo1012@gmail.com, Código: 150665
2025-07-10 23:16:33 [http-nio-8082-exec-3] INFO  c.m.u.core.logging.LoggingService - VerificationService: Verificación de código completada - Email: sebasagudelo1012@gmail.com, Válido: true
2025-07-10 23:16:33 [http-nio-8082-exec-3] DEBUG o.s.w.s.m.m.a.HttpEntityMethodProcessor - Using 'application/json', given [*/*] and supported [application/json, application/*+json]
2025-07-10 23:16:33 [http-nio-8082-exec-3] DEBUG o.s.w.s.m.m.a.HttpEntityMethodProcessor - Writing [ApiResponse(success=true, message=Code verified successfully, data=true, errorCode=null, timestamp=2 (truncated)...]
2025-07-10 23:16:33 [http-nio-8082-exec-3] DEBUG o.s.web.servlet.DispatcherServlet - Completed 200 OK
2025-07-10 23:16:33 [AsyncReporter{org.springframework.boot.actuate.autoconfigure.tracing.zipkin.ZipkinWebClientSender@4736c6fd}] DEBUG o.s.w.r.f.client.ExchangeFunctions - [63a0e82c] HTTP POST http://localhost:9411/api/v2/spans%20
2025-07-10 23:16:38 [http-nio-8082-exec-4] DEBUG c.m.u.core.logging.LoggingService - InternalJwtFilter: Procesando solicitud: /register/customer
2025-07-10 23:16:38 [http-nio-8082-exec-4] DEBUG c.m.u.core.logging.LoggingService - InternalJwtFilter: Path '/register/customer' requiere JWT: false
2025-07-10 23:16:38 [http-nio-8082-exec-4] DEBUG c.m.u.core.logging.LoggingService - InternalJwtFilter: Path no protegido, continuando sin validación JWT
2025-07-10 23:16:38 [http-nio-8082-exec-4] DEBUG o.s.web.servlet.DispatcherServlet - POST "/register/customer", parameters={}
2025-07-10 23:16:38 [http-nio-8082-exec-4] DEBUG o.s.w.s.m.m.a.RequestMappingHandlerMapping - Mapped to com.microserviceone.users.registrationApi.web.controller.RegisterController#registerCustomer(CustomerRequest)
2025-07-10 23:16:38 [http-nio-8082-exec-4] DEBUG o.s.w.s.m.m.a.RequestResponseBodyMethodProcessor - Read "application/json;charset=UTF-8" to [CustomerRequest(name=Seebastian, lastName=Agudelo, email=sebasagudelo1012@gmail.com, password=Agudel (truncated)...]
2025-07-10 23:16:38 [http-nio-8082-exec-4] INFO  c.m.u.core.logging.LoggingService - Iniciando registro de cliente - Email: sebasagudelo1012@gmail.com, Nombre: Seebastian Agudelo
2025-07-10 23:16:38 [http-nio-8082-exec-4] DEBUG c.m.u.core.logging.LoggingService - Validando verificación de email para: sebasagudelo1012@gmail.com
2025-07-10 23:16:38 [http-nio-8082-exec-4] INFO  c.m.u.core.logging.LoggingService - Iniciando validación de email previa al registro para email: sebasagudelo1012@gmail.com
2025-07-10 23:16:38 [http-nio-8082-exec-4] INFO  c.m.u.core.logging.LoggingService - Validando verificación de email: sebasagudelo1012@gmail.com
2025-07-10 23:16:38 [http-nio-8082-exec-4] DEBUG c.m.u.core.logging.LoggingService - InternalJwtService: Generando token JWT interno para servicio: user-service
2025-07-10 23:16:38 [http-nio-8082-exec-4] INFO  c.m.u.core.logging.LoggingService - InternalJwtService: Token JWT interno generado exitosamente - Servicio: user-service, Longitud: 169
2025-07-10 23:16:38 [http-nio-8082-exec-4] DEBUG o.s.web.client.RestTemplate - HTTP POST http://localhost:8082/verification/status
2025-07-10 23:16:38 [http-nio-8082-exec-4] DEBUG o.s.web.client.RestTemplate - Accept=[application/json, application/*+json]
2025-07-10 23:16:38 [http-nio-8082-exec-4] DEBUG o.s.web.client.RestTemplate - Writing [com.microserviceone.users.registrationApi.application.service.UserValidationService$SendCodeRequest@6ea3a7ec] as "application/json"
2025-07-10 23:16:38 [http-nio-8082-exec-5] DEBUG c.m.u.core.logging.LoggingService - InternalJwtFilter: Procesando solicitud: /verification/status
2025-07-10 23:16:38 [http-nio-8082-exec-5] DEBUG c.m.u.core.logging.LoggingService - InternalJwtFilter: Path '/verification/status' requiere JWT: true
2025-07-10 23:16:38 [http-nio-8082-exec-5] DEBUG c.m.u.core.logging.LoggingService - InternalJwtFilter: Path protegido detectado, validando JWT interno
2025-07-10 23:16:38 [http-nio-8082-exec-5] DEBUG c.m.u.core.logging.LoggingService - InternalJwtFilter: Header Authorization: Presente
2025-07-10 23:16:38 [http-nio-8082-exec-5] DEBUG c.m.u.core.logging.LoggingService - InternalJwtFilter: Token recibido: eyJhbGciOiJIUzI1NiJ9...
2025-07-10 23:16:38 [http-nio-8082-exec-5] DEBUG c.m.u.core.logging.LoggingService - InternalJwtFilter: Token issuer: user-service
2025-07-10 23:16:38 [http-nio-8082-exec-5] INFO  c.m.u.core.logging.LoggingService - InternalJwtFilter: Validación JWT interna exitosa - Issuer: user-service
2025-07-10 23:16:38 [http-nio-8082-exec-5] DEBUG c.m.u.core.logging.LoggingService - InternalJwtFilter: Continuando con la solicitud
2025-07-10 23:16:38 [http-nio-8082-exec-5] DEBUG o.s.web.servlet.DispatcherServlet - POST "/verification/status", parameters={}
2025-07-10 23:16:38 [http-nio-8082-exec-5] DEBUG o.s.w.s.m.m.a.RequestMappingHandlerMapping - Mapped to com.microserviceone.users.verificationCodeApi.web.controller.VerificationCodeController#checkEmailVerification(SendCodeRequest)
2025-07-10 23:16:38 [http-nio-8082-exec-5] DEBUG o.s.w.s.m.m.a.RequestResponseBodyMethodProcessor - Read "application/json;charset=UTF-8" to [com.microserviceone.users.verificationCodeApi.web.dto.SendCodeRequest@40c064c7]
2025-07-10 23:16:38 [http-nio-8082-exec-5] INFO  c.m.u.core.logging.LoggingService - VerificationService: Verificando estado de verificación de email - Email: sebasagudelo1012@gmail.com
2025-07-10 23:16:38 [http-nio-8082-exec-5] DEBUG c.m.u.core.logging.LoggingService - CachedCheckEmailVerificationUseCase: Verificando con cache si email está verificado - Email: sebasagudelo1012@gmail.com
2025-07-10 23:16:38 [http-nio-8082-exec-5] DEBUG c.m.u.core.logging.LoggingService - CacheService: getOrCompute - Cache: emailVerified, Key: emailVerified:sebasagudelo1012@gmail.com
2025-07-10 23:16:38 [http-nio-8082-exec-5] DEBUG c.m.u.core.logging.LoggingService - CacheService: Cache MISS - Cache: emailVerified, Key: emailVerified:sebasagudelo1012@gmail.com
2025-07-10 23:16:38 [http-nio-8082-exec-5] DEBUG c.m.u.core.logging.LoggingService - CachedCheckEmailVerificationUseCase: Cache miss, ejecutando verificación - Email: sebasagudelo1012@gmail.com
2025-07-10 23:16:38 [http-nio-8082-exec-5] INFO  c.m.u.core.logging.LoggingService - CheckEmailVerificationUseCase: Verificando estado de verificación de email - Email: sebasagudelo1012@gmail.com
2025-07-10 23:16:38 [http-nio-8082-exec-5] DEBUG c.m.u.core.logging.LoggingService - AdapterVerificationCode: Verificando si email está verificado - Email: sebasagudelo1012@gmail.com
2025-07-10 23:16:38 [http-nio-8082-exec-5] DEBUG c.m.u.core.logging.LoggingService - AdapterVerificationCode: Estado de verificación - Email: sebasagudelo1012@gmail.com, Verificado: true
2025-07-10 23:16:38 [http-nio-8082-exec-5] INFO  c.m.u.core.logging.LoggingService - CheckEmailVerificationUseCase: Email verificado correctamente - Email: sebasagudelo1012@gmail.com
2025-07-10 23:16:38 [http-nio-8082-exec-5] DEBUG c.m.u.core.logging.LoggingService - CacheService: Valor almacenado en cache - Cache: emailVerified, Key: emailVerified:sebasagudelo1012@gmail.com
2025-07-10 23:16:38 [http-nio-8082-exec-5] DEBUG c.m.u.core.logging.LoggingService - CachedCheckEmailVerificationUseCase: Email verificado (cache) - Email: sebasagudelo1012@gmail.com
2025-07-10 23:16:38 [http-nio-8082-exec-5] INFO  c.m.u.core.logging.LoggingService - VerificationService: Verificación de email completada - Email: sebasagudelo1012@gmail.com
2025-07-10 23:16:38 [http-nio-8082-exec-5] DEBUG o.s.w.s.m.m.a.HttpEntityMethodProcessor - Using 'application/json', given [application/json, application/*+json] and supported [application/json, application/*+json]
2025-07-10 23:16:38 [http-nio-8082-exec-5] DEBUG o.s.w.s.m.m.a.HttpEntityMethodProcessor - Writing [ApiResponse(success=true, message=Email has been verified, data=null, errorCode=null, timestamp=2025 (truncated)...]
2025-07-10 23:16:38 [http-nio-8082-exec-5] DEBUG o.s.web.servlet.DispatcherServlet - Completed 200 OK
2025-07-10 23:16:38 [http-nio-8082-exec-4] DEBUG o.s.web.client.RestTemplate - Response 200 OK
2025-07-10 23:16:38 [http-nio-8082-exec-4] DEBUG o.s.web.client.RestTemplate - Reading to [com.microserviceone.users.registrationApi.web.dto.ApiResponse<?>]
2025-07-10 23:16:38 [http-nio-8082-exec-4] INFO  c.m.u.core.logging.LoggingService - Email verificado exitosamente: sebasagudelo1012@gmail.com
2025-07-10 23:16:38 [http-nio-8082-exec-4] INFO  c.m.u.core.logging.LoggingService - Validación de email completada exitosamente para email: sebasagudelo1012@gmail.com
2025-07-10 23:16:38 [http-nio-8082-exec-4] DEBUG c.m.u.core.logging.LoggingService - Mapeando CustomerRequest a dominio para email: sebasagudelo1012@gmail.com
2025-07-10 23:16:38 [http-nio-8082-exec-4] DEBUG c.m.u.core.logging.LoggingService - Mapeando CustomerRequest a Customer - Email: sebasagudelo1012@gmail.com, Nombre: Seebastian Agudelo
2025-07-10 23:16:38 [http-nio-8082-exec-4] DEBUG c.m.u.core.logging.LoggingService - Customer mapeado exitosamente - Email: sebasagudelo1012@gmail.com, Edad: 19 años
2025-07-10 23:16:38 [http-nio-8082-exec-4] DEBUG c.m.u.core.logging.LoggingService - Procesando registro de cliente con email: sebasagudelo1012@gmail.com
2025-07-10 23:16:38 [http-nio-8082-exec-4] INFO  c.m.u.core.logging.LoggingService - RegistrationService: Procesando registro de cliente - Email: sebasagudelo1012@gmail.com
2025-07-10 23:16:38 [http-nio-8082-exec-4] INFO  c.m.u.core.logging.LoggingService - Iniciando registro de cliente con email: sebasagudelo1012@gmail.com y edad: 19
2025-07-10 23:16:38 [http-nio-8082-exec-4] DEBUG c.m.u.core.logging.LoggingService - Validando unicidad de email: sebasagudelo1012@gmail.com
2025-07-10 23:16:38 [http-nio-8082-exec-4] DEBUG c.m.u.core.logging.LoggingService - Validando unicidad de email: sebasagudelo1012@gmail.com
2025-07-10 23:16:38 [http-nio-8082-exec-4] DEBUG c.m.u.core.logging.LoggingService - AdapterRegister: Verificando existencia de usuario por email: sebasagudelo1012@gmail.com
2025-07-10 23:16:38 [http-nio-8082-exec-4] DEBUG c.m.u.core.logging.LoggingService - AdapterRegister: Usuario NO existe - Email: sebasagudelo1012@gmail.com
2025-07-10 23:16:38 [http-nio-8082-exec-4] DEBUG c.m.u.core.logging.LoggingService - Email validado como único: sebasagudelo1012@gmail.com
2025-07-10 23:16:38 [http-nio-8082-exec-4] DEBUG c.m.u.core.logging.LoggingService - Email validado como único: sebasagudelo1012@gmail.com
2025-07-10 23:16:38 [http-nio-8082-exec-4] DEBUG c.m.u.core.logging.LoggingService - Validando edad del cliente: 19 años
2025-07-10 23:16:38 [http-nio-8082-exec-4] DEBUG c.m.u.core.logging.LoggingService - Validando edad del cliente: 19 años (email: sebasagudelo1012@gmail.com)
2025-07-10 23:16:38 [http-nio-8082-exec-4] DEBUG c.m.u.core.logging.LoggingService - Edad validada correctamente: 19 años (email: sebasagudelo1012@gmail.com)
2025-07-10 23:16:38 [http-nio-8082-exec-4] DEBUG c.m.u.core.logging.LoggingService - Edad validada correctamente: 19 años
2025-07-10 23:16:38 [http-nio-8082-exec-4] DEBUG c.m.u.core.logging.LoggingService - Encriptando contraseña para cliente: sebasagudelo1012@gmail.com
2025-07-10 23:16:38 [http-nio-8082-exec-4] INFO  c.m.u.core.logging.LoggingService - Iniciando encriptación de contraseña para email: sebasagudelo1012@gmail.com
2025-07-10 23:16:39 [http-nio-8082-exec-4] INFO  c.m.u.core.logging.LoggingService - Contraseña encriptada exitosamente para email: sebasagudelo1012@gmail.com
2025-07-10 23:16:39 [http-nio-8082-exec-4] DEBUG c.m.u.core.logging.LoggingService - Longitud de contraseña encriptada: 60 caracteres
2025-07-10 23:16:39 [http-nio-8082-exec-4] DEBUG c.m.u.core.logging.LoggingService - Guardando cliente en base de datos: sebasagudelo1012@gmail.com
2025-07-10 23:16:39 [http-nio-8082-exec-4] DEBUG c.m.u.core.logging.LoggingService - AdapterRegister: Guardando usuario en base de datos - Email: sebasagudelo1012@gmail.com, Tipo: Customer
2025-07-10 23:16:39 [http-nio-8082-exec-4] DEBUG c.m.u.core.logging.LoggingService - UserMapper: Convirtiendo dominio a entidad - Email: sebasagudelo1012@gmail.com, Tipo: Customer
2025-07-10 23:16:39 [http-nio-8082-exec-4] DEBUG c.m.u.core.logging.LoggingService - UserMapper: Mapeando campos comunes - Email: sebasagudelo1012@gmail.com
2025-07-10 23:16:39 [http-nio-8082-exec-4] DEBUG c.m.u.core.logging.LoggingService - UserMapper: Campos comunes mapeados exitosamente - Email: sebasagudelo1012@gmail.com, Rol: CUSTOMER
2025-07-10 23:16:39 [http-nio-8082-exec-4] DEBUG c.m.u.core.logging.LoggingService - UserMapper: Customer convertido a CustomerEntity - Email: sebasagudelo1012@gmail.com, Fecha nacimiento: 2006-04-02
2025-07-10 23:16:39 [http-nio-8082-exec-4] DEBUG c.m.u.core.logging.LoggingService - AdapterRegister: Usuario convertido a entidad - Email: sebasagudelo1012@gmail.com
2025-07-10 23:16:39 [http-nio-8082-exec-4] DEBUG c.m.u.core.logging.LoggingService - AdapterRegister: Usuario guardado en base de datos - ID: 1, Email: sebasagudelo1012@gmail.com
2025-07-10 23:16:39 [http-nio-8082-exec-4] DEBUG c.m.u.core.logging.LoggingService - UserMapper: Convirtiendo entidad a dominio - ID: 1, Tipo: CustomerEntity
2025-07-10 23:16:39 [http-nio-8082-exec-4] DEBUG c.m.u.core.logging.LoggingService - UserMapper: CustomerEntity convertido a Customer - ID: 1, Email: sebasagudelo1012@gmail.com, Fecha nacimiento: 2006-04-02
2025-07-10 23:16:39 [http-nio-8082-exec-4] DEBUG c.m.u.core.logging.LoggingService - AdapterRegister: Usuario convertido de entidad a dominio - ID: 1, Email: sebasagudelo1012@gmail.com
2025-07-10 23:16:39 [http-nio-8082-exec-4] INFO  c.m.u.core.logging.LoggingService - Cliente registrado exitosamente con ID: 1, email: sebasagudelo1012@gmail.com y edad: 19
2025-07-10 23:16:39 [http-nio-8082-exec-4] INFO  c.m.u.core.logging.LoggingService - RegistrationService: Cliente registrado exitosamente - ID: 1, Email: sebasagudelo1012@gmail.com
2025-07-10 23:16:39 [http-nio-8082-exec-4] DEBUG c.m.u.core.logging.LoggingService - Aceptando términos y condiciones para usuario ID: 1
2025-07-10 23:16:39 [http-nio-8082-exec-4] INFO  c.m.u.core.logging.LoggingService - Aceptando términos y condiciones para usuario ID: 1, Email: sebasagudelo1012@gmail.com
2025-07-10 23:16:39 [http-nio-8082-exec-4] DEBUG c.m.u.core.logging.LoggingService - Obteniendo términos activos
2025-07-10 23:16:39 [http-nio-8082-exec-4] DEBUG c.m.u.core.logging.LoggingService - URL llamada: http://localhost:8082/terms
2025-07-10 23:16:39 [http-nio-8082-exec-4] DEBUG o.s.web.client.RestTemplate - HTTP GET http://localhost:8082/terms
2025-07-10 23:16:39 [http-nio-8082-exec-4] DEBUG o.s.web.client.RestTemplate - Accept=[text/plain, application/json, application/*+json, */*]
2025-07-10 23:16:39 [http-nio-8082-exec-6] DEBUG c.m.u.core.logging.LoggingService - InternalJwtFilter: Procesando solicitud: /terms
2025-07-10 23:16:39 [http-nio-8082-exec-6] DEBUG c.m.u.core.logging.LoggingService - InternalJwtFilter: Path '/terms' requiere JWT: false
2025-07-10 23:16:39 [http-nio-8082-exec-6] DEBUG c.m.u.core.logging.LoggingService - InternalJwtFilter: Path no protegido, continuando sin validación JWT
2025-07-10 23:16:39 [http-nio-8082-exec-6] DEBUG o.s.web.servlet.DispatcherServlet - GET "/terms", parameters={}
2025-07-10 23:16:39 [http-nio-8082-exec-6] DEBUG o.s.w.s.m.m.a.RequestMappingHandlerMapping - Mapped to com.microserviceone.users.termsAndConditionsApi.web.controller.TermController#getAllActiveTerms()
2025-07-10 23:16:39 [http-nio-8082-exec-6] INFO  c.m.u.core.logging.LoggingService - TermsService: Obteniendo todos los términos activos
2025-07-10 23:16:39 [http-nio-8082-exec-6] INFO  c.m.u.core.logging.LoggingService - CachedGetAllActiveTermsUseCase: Obteniendo términos activos con cache
2025-07-10 23:16:39 [http-nio-8082-exec-6] DEBUG c.m.u.core.logging.LoggingService - CacheService: getOrCompute - Cache: termsActive, Key: active_terms
2025-07-10 23:16:39 [http-nio-8082-exec-6] DEBUG c.m.u.core.logging.LoggingService - CacheService: Cache MISS - Cache: termsActive, Key: active_terms
2025-07-10 23:16:39 [http-nio-8082-exec-6] DEBUG c.m.u.core.logging.LoggingService - CachedGetAllActiveTermsUseCase: Cache miss, ejecutando consulta de términos activos
2025-07-10 23:16:39 [http-nio-8082-exec-6] INFO  c.m.u.core.logging.LoggingService - GetAllActiveTermsUseCase: Obteniendo todos los términos activos
2025-07-10 23:16:39 [http-nio-8082-exec-6] INFO  c.m.u.core.logging.LoggingService - AdapterTerm: Obteniendo todos los términos activos
2025-07-10 23:16:39 [http-nio-8082-exec-6] INFO  c.m.u.core.logging.LoggingService - AdapterTerm: Términos activos obtenidos exitosamente - Cantidad: 0
2025-07-10 23:16:39 [http-nio-8082-exec-6] INFO  c.m.u.core.logging.LoggingService - GetAllActiveTermsUseCase: Términos activos obtenidos exitosamente - Cantidad: 0
2025-07-10 23:16:39 [http-nio-8082-exec-6] DEBUG c.m.u.core.logging.LoggingService - CacheService: Valor almacenado en cache - Cache: termsActive, Key: active_terms
2025-07-10 23:16:39 [http-nio-8082-exec-6] INFO  c.m.u.core.logging.LoggingService - CachedGetAllActiveTermsUseCase: Términos activos obtenidos - Cantidad: 0
2025-07-10 23:16:39 [http-nio-8082-exec-6] INFO  c.m.u.core.logging.LoggingService - TermsService: Términos activos obtenidos exitosamente - Cantidad: 0
2025-07-10 23:16:39 [http-nio-8082-exec-6] DEBUG o.s.w.s.m.m.a.HttpEntityMethodProcessor - Using 'application/json', given [text/plain, application/json, application/*+json, */*] and supported [application/json, application/*+json]
2025-07-10 23:16:39 [http-nio-8082-exec-6] DEBUG o.s.w.s.m.m.a.HttpEntityMethodProcessor - Nothing to write: null body
2025-07-10 23:16:39 [http-nio-8082-exec-6] DEBUG o.s.web.servlet.DispatcherServlet - Completed 204 NO_CONTENT
2025-07-10 23:16:39 [http-nio-8082-exec-4] DEBUG o.s.web.client.RestTemplate - Response 204 NO_CONTENT
2025-07-10 23:16:39 [http-nio-8082-exec-4] DEBUG c.m.u.core.logging.LoggingService - Status Code: 204 NO_CONTENT
2025-07-10 23:16:39 [http-nio-8082-exec-4] DEBUG c.m.u.core.logging.LoggingService - Response Body: null
2025-07-10 23:16:39 [http-nio-8082-exec-4] WARN  c.m.u.core.logging.LoggingService - No se encontraron términos activos, usando término por defecto
2025-07-10 23:16:39 [http-nio-8082-exec-4] DEBUG c.m.u.core.logging.LoggingService - InternalJwtService: Generando token JWT interno para servicio: user-service
2025-07-10 23:16:39 [http-nio-8082-exec-4] INFO  c.m.u.core.logging.LoggingService - InternalJwtService: Token JWT interno generado exitosamente - Servicio: user-service, Longitud: 169
2025-07-10 23:16:39 [http-nio-8082-exec-4] DEBUG o.s.web.client.RestTemplate - HTTP POST http://localhost:8082/terms/accept/multiple
2025-07-10 23:16:39 [http-nio-8082-exec-4] DEBUG o.s.web.client.RestTemplate - Accept=[application/json, application/*+json]
2025-07-10 23:16:39 [http-nio-8082-exec-4] DEBUG o.s.web.client.RestTemplate - Writing [com.microserviceone.users.termsAndConditionsApi.web.dto.AcceptedMultipleRequest@a29ea8f] as "application/json"
2025-07-10 23:16:39 [http-nio-8082-exec-7] DEBUG c.m.u.core.logging.LoggingService - InternalJwtFilter: Procesando solicitud: /terms/accept/multiple
2025-07-10 23:16:39 [http-nio-8082-exec-7] DEBUG c.m.u.core.logging.LoggingService - InternalJwtFilter: Path '/terms/accept/multiple' requiere JWT: true
2025-07-10 23:16:39 [http-nio-8082-exec-7] DEBUG c.m.u.core.logging.LoggingService - InternalJwtFilter: Path protegido detectado, validando JWT interno
2025-07-10 23:16:39 [http-nio-8082-exec-7] DEBUG c.m.u.core.logging.LoggingService - InternalJwtFilter: Header Authorization: Presente
2025-07-10 23:16:39 [http-nio-8082-exec-7] DEBUG c.m.u.core.logging.LoggingService - InternalJwtFilter: Token recibido: eyJhbGciOiJIUzI1NiJ9...
2025-07-10 23:16:39 [http-nio-8082-exec-7] DEBUG c.m.u.core.logging.LoggingService - InternalJwtFilter: Token issuer: user-service
2025-07-10 23:16:39 [http-nio-8082-exec-7] INFO  c.m.u.core.logging.LoggingService - InternalJwtFilter: Validación JWT interna exitosa - Issuer: user-service
2025-07-10 23:16:39 [http-nio-8082-exec-7] DEBUG c.m.u.core.logging.LoggingService - InternalJwtFilter: Continuando con la solicitud
2025-07-10 23:16:39 [http-nio-8082-exec-7] DEBUG o.s.web.servlet.DispatcherServlet - POST "/terms/accept/multiple", parameters={}
2025-07-10 23:16:39 [http-nio-8082-exec-7] DEBUG o.s.w.s.m.m.a.RequestMappingHandlerMapping - Mapped to com.microserviceone.users.termsAndConditionsApi.web.controller.TermController#acceptMultipleTerms(AcceptedMultipleRequest, HttpServletRequest)
2025-07-10 23:16:39 [http-nio-8082-exec-7] DEBUG o.s.w.s.m.m.a.RequestResponseBodyMethodProcessor - Read "application/json;charset=UTF-8" to [com.microserviceone.users.termsAndConditionsApi.web.dto.AcceptedMultipleRequest@694b11d7]
2025-07-10 23:16:39 [http-nio-8082-exec-7] INFO  c.m.u.core.logging.LoggingService - TermsService: Procesando aceptación múltiple de términos - UserID: 1, Email: sebasagudelo1012@gmail.com, Cantidad: 1, IP: 127.0.0.1
2025-07-10 23:16:39 [http-nio-8082-exec-7] INFO  c.m.u.core.logging.LoggingService - AcceptTermUseCase: Iniciando aceptación de término - UserID: 1, Email: sebasagudelo1012@gmail.com, TermID: 1, IP: 127.0.0.1
2025-07-10 23:16:39 [http-nio-8082-exec-7] DEBUG c.m.u.core.logging.LoggingService - AcceptTermUseCase: Validando existencia y estado del término - TermID: 1
2025-07-10 23:16:39 [http-nio-8082-exec-7] DEBUG c.m.u.core.logging.LoggingService - ValidateExistTermUseCase: Validando existencia y estado del término - TermID: 1
2025-07-10 23:16:39 [http-nio-8082-exec-7] DEBUG c.m.u.core.logging.LoggingService - AdapterTerm: Buscando término por ID: 1
2025-07-10 23:16:39 [http-nio-8082-exec-7] DEBUG c.m.u.core.logging.LoggingService - AdapterTerm: No se encontró término con ID: 1
2025-07-10 23:16:39 [http-nio-8082-exec-7] DEBUG c.m.u.core.logging.LoggingService - Termino no encontrado o no activo
2025-07-10 23:16:39 [http-nio-8082-exec-7] WARN  c.m.u.core.logging.LoggingService - ValidateExistTermUseCase: Término no encontrado o inactivo - TermID: 1
2025-07-10 23:16:39 [http-nio-8082-exec-7] ERROR c.m.u.core.logging.LoggingService - AcceptTermUseCase: Error al aceptar término - UserID: 1, Email: sebasagudelo1012@gmail.com, TermID: 1
com.microserviceone.users.termsAndConditionsApi.application.exception.TermNotActiveOrNotFoundException: Term not found or not active
	at com.microserviceone.users.termsAndConditionsApi.application.usecase.ValidateExistTermUseCase.lambda$1(ValidateExistTermUseCase.java:23)
	at java.base/java.util.Optional.orElseThrow(Optional.java:403)
	at com.microserviceone.users.termsAndConditionsApi.application.usecase.ValidateExistTermUseCase.validateTerm(ValidateExistTermUseCase.java:23)
	at java.base/jdk.internal.reflect.NativeMethodAccessorImpl.invoke0(Native Method)
	at java.base/jdk.internal.reflect.NativeMethodAccessorImpl.invoke(NativeMethodAccessorImpl.java:77)
	at java.base/jdk.internal.reflect.DelegatingMethodAccessorImpl.invoke(DelegatingMethodAccessorImpl.java:43)
	at java.base/java.lang.reflect.Method.invoke(Method.java:569)
	at org.springframework.aop.support.AopUtils.invokeJoinpointUsingReflection(AopUtils.java:351)
	at org.springframework.aop.framework.ReflectiveMethodInvocation.invokeJoinpoint(ReflectiveMethodInvocation.java:196)
	at org.springframework.aop.framework.ReflectiveMethodInvocation.proceed(ReflectiveMethodInvocation.java:163)
	at org.springframework.aop.framework.CglibAopProxy$CglibMethodInvocation.proceed(CglibAopProxy.java:765)
	at org.springframework.transaction.interceptor.TransactionInterceptor$1.proceedWithInvocation(TransactionInterceptor.java:123)
	at org.springframework.transaction.interceptor.TransactionAspectSupport.invokeWithinTransaction(TransactionAspectSupport.java:385)
	at org.springframework.transaction.interceptor.TransactionInterceptor.invoke(TransactionInterceptor.java:119)
	at org.springframework.aop.framework.ReflectiveMethodInvocation.proceed(ReflectiveMethodInvocation.java:184)
	at org.springframework.aop.framework.CglibAopProxy$CglibMethodInvocation.proceed(CglibAopProxy.java:765)
	at org.springframework.aop.framework.CglibAopProxy$DynamicAdvisedInterceptor.intercept(CglibAopProxy.java:717)
	at com.microserviceone.users.termsAndConditionsApi.application.usecase.ValidateExistTermUseCase$$SpringCGLIB$$0.validateTerm(<generated>)
	at com.microserviceone.users.termsAndConditionsApi.application.usecase.AcceptTermUseCase.acceptTerm(AcceptTermUseCase.java:32)
	at java.base/jdk.internal.reflect.NativeMethodAccessorImpl.invoke0(Native Method)
	at java.base/jdk.internal.reflect.NativeMethodAccessorImpl.invoke(NativeMethodAccessorImpl.java:77)
	at java.base/jdk.internal.reflect.DelegatingMethodAccessorImpl.invoke(DelegatingMethodAccessorImpl.java:43)
	at java.base/java.lang.reflect.Method.invoke(Method.java:569)
	at org.springframework.aop.support.AopUtils.invokeJoinpointUsingReflection(AopUtils.java:351)
	at org.springframework.aop.framework.ReflectiveMethodInvocation.invokeJoinpoint(ReflectiveMethodInvocation.java:196)
	at org.springframework.aop.framework.ReflectiveMethodInvocation.proceed(ReflectiveMethodInvocation.java:163)
	at org.springframework.aop.framework.CglibAopProxy$CglibMethodInvocation.proceed(CglibAopProxy.java:765)
	at org.springframework.transaction.interceptor.TransactionInterceptor$1.proceedWithInvocation(TransactionInterceptor.java:123)
	at org.springframework.transaction.interceptor.TransactionAspectSupport.invokeWithinTransaction(TransactionAspectSupport.java:385)
	at org.springframework.transaction.interceptor.TransactionInterceptor.invoke(TransactionInterceptor.java:119)
	at org.springframework.aop.framework.ReflectiveMethodInvocation.proceed(ReflectiveMethodInvocation.java:184)
	at org.springframework.aop.framework.CglibAopProxy$CglibMethodInvocation.proceed(CglibAopProxy.java:765)
	at org.springframework.aop.framework.CglibAopProxy$DynamicAdvisedInterceptor.intercept(CglibAopProxy.java:717)
	at com.microserviceone.users.termsAndConditionsApi.application.usecase.AcceptTermUseCase$$SpringCGLIB$$0.acceptTerm(<generated>)
	at com.microserviceone.users.termsAndConditionsApi.application.usecase.AcceptAllTermsUseCase.acceptAll(AcceptAllTermsUseCase.java:29)
	at com.microserviceone.users.termsAndConditionsApi.application.service.TermsService.acceptAll(TermsService.java:169)
	at com.microserviceone.users.termsAndConditionsApi.web.controller.TermController.acceptMultipleTerms(TermController.java:97)
	at java.base/jdk.internal.reflect.NativeMethodAccessorImpl.invoke0(Native Method)
	at java.base/jdk.internal.reflect.NativeMethodAccessorImpl.invoke(NativeMethodAccessorImpl.java:77)
	at java.base/jdk.internal.reflect.DelegatingMethodAccessorImpl.invoke(DelegatingMethodAccessorImpl.java:43)
	at java.base/java.lang.reflect.Method.invoke(Method.java:569)
	at org.springframework.web.method.support.InvocableHandlerMethod.doInvoke(InvocableHandlerMethod.java:259)
	at org.springframework.web.method.support.InvocableHandlerMethod.invokeForRequest(InvocableHandlerMethod.java:192)
	at org.springframework.web.servlet.mvc.method.annotation.ServletInvocableHandlerMethod.invokeAndHandle(ServletInvocableHandlerMethod.java:118)
	at org.springframework.web.servlet.mvc.method.annotation.RequestMappingHandlerAdapter.invokeHandlerMethod(RequestMappingHandlerAdapter.java:920)
	at org.springframework.web.servlet.mvc.method.annotation.RequestMappingHandlerAdapter.handleInternal(RequestMappingHandlerAdapter.java:830)
	at org.springframework.web.servlet.mvc.method.AbstractHandlerMethodAdapter.handle(AbstractHandlerMethodAdapter.java:87)
	at org.springframework.web.servlet.DispatcherServlet.doDispatch(DispatcherServlet.java:1089)
	at org.springframework.web.servlet.DispatcherServlet.doService(DispatcherServlet.java:979)
	at org.springframework.web.servlet.FrameworkServlet.processRequest(FrameworkServlet.java:1014)
	at org.springframework.web.servlet.FrameworkServlet.doPost(FrameworkServlet.java:914)
	at jakarta.servlet.http.HttpServlet.service(HttpServlet.java:590)
	at org.springframework.web.servlet.FrameworkServlet.service(FrameworkServlet.java:885)
	at jakarta.servlet.http.HttpServlet.service(HttpServlet.java:658)
	at org.apache.catalina.core.ApplicationFilterChain.internalDoFilter(ApplicationFilterChain.java:205)
	at org.apache.catalina.core.ApplicationFilterChain.doFilter(ApplicationFilterChain.java:149)
	at org.apache.tomcat.websocket.server.WsFilter.doFilter(WsFilter.java:51)
	at org.apache.catalina.core.ApplicationFilterChain.internalDoFilter(ApplicationFilterChain.java:174)
	at org.apache.catalina.core.ApplicationFilterChain.doFilter(ApplicationFilterChain.java:149)
	at org.springframework.web.filter.OncePerRequestFilter.doFilter(OncePerRequestFilter.java:110)
	at org.apache.catalina.core.ApplicationFilterChain.internalDoFilter(ApplicationFilterChain.java:174)
	at org.apache.catalina.core.ApplicationFilterChain.doFilter(ApplicationFilterChain.java:149)
	at org.springframework.web.filter.CompositeFilter$VirtualFilterChain.doFilter(CompositeFilter.java:108)
	at org.springframework.security.web.FilterChainProxy.lambda$doFilterInternal$3(FilterChainProxy.java:231)
	at org.springframework.security.web.ObservationFilterChainDecorator$FilterObservation$SimpleFilterObservation.lambda$wrap$1(ObservationFilterChainDecorator.java:479)
	at org.springframework.security.web.ObservationFilterChainDecorator$AroundFilterObservation$SimpleAroundFilterObservation.lambda$wrap$1(ObservationFilterChainDecorator.java:340)
	at org.springframework.security.web.ObservationFilterChainDecorator.lambda$wrapSecured$0(ObservationFilterChainDecorator.java:82)
	at org.springframework.security.web.ObservationFilterChainDecorator$VirtualFilterChain.doFilter(ObservationFilterChainDecorator.java:128)
	at org.springframework.security.web.access.intercept.AuthorizationFilter.doFilter(AuthorizationFilter.java:100)
	at org.springframework.security.web.ObservationFilterChainDecorator$ObservationFilter.wrapFilter(ObservationFilterChainDecorator.java:240)
	at org.springframework.security.web.ObservationFilterChainDecorator$ObservationFilter.doFilter(ObservationFilterChainDecorator.java:227)
	at org.springframework.security.web.ObservationFilterChainDecorator$VirtualFilterChain.doFilter(ObservationFilterChainDecorator.java:137)
	at org.springframework.security.web.access.ExceptionTranslationFilter.doFilter(ExceptionTranslationFilter.java:126)
	at org.springframework.security.web.access.ExceptionTranslationFilter.doFilter(ExceptionTranslationFilter.java:120)
	at org.springframework.security.web.ObservationFilterChainDecorator$ObservationFilter.wrapFilter(ObservationFilterChainDecorator.java:240)
	at org.springframework.security.web.ObservationFilterChainDecorator$ObservationFilter.doFilter(ObservationFilterChainDecorator.java:227)
	at org.springframework.security.web.ObservationFilterChainDecorator$VirtualFilterChain.doFilter(ObservationFilterChainDecorator.java:137)
	at org.springframework.security.web.authentication.AnonymousAuthenticationFilter.doFilter(AnonymousAuthenticationFilter.java:100)
	at org.springframework.security.web.ObservationFilterChainDecorator$ObservationFilter.wrapFilter(ObservationFilterChainDecorator.java:240)
	at org.springframework.security.web.ObservationFilterChainDecorator$ObservationFilter.doFilter(ObservationFilterChainDecorator.java:227)
	at org.springframework.security.web.ObservationFilterChainDecorator$VirtualFilterChain.doFilter(ObservationFilterChainDecorator.java:137)
	at org.springframework.security.web.servletapi.SecurityContextHolderAwareRequestFilter.doFilter(SecurityContextHolderAwareRequestFilter.java:179)
	at org.springframework.security.web.ObservationFilterChainDecorator$ObservationFilter.wrapFilter(ObservationFilterChainDecorator.java:240)
	at org.springframework.security.web.ObservationFilterChainDecorator$ObservationFilter.doFilter(ObservationFilterChainDecorator.java:227)
	at org.springframework.security.web.ObservationFilterChainDecorator$VirtualFilterChain.doFilter(ObservationFilterChainDecorator.java:137)
	at org.springframework.security.web.savedrequest.RequestCacheAwareFilter.doFilter(RequestCacheAwareFilter.java:63)
	at org.springframework.security.web.ObservationFilterChainDecorator$ObservationFilter.wrapFilter(ObservationFilterChainDecorator.java:240)
	at org.springframework.security.web.ObservationFilterChainDecorator$ObservationFilter.doFilter(ObservationFilterChainDecorator.java:227)
	at org.springframework.security.web.ObservationFilterChainDecorator$VirtualFilterChain.doFilter(ObservationFilterChainDecorator.java:137)
	at com.microserviceone.users.core.config.internalSecurity.InternalJwtFilter.doFilterInternal(InternalJwtFilter.java:96)
	at org.springframework.web.filter.OncePerRequestFilter.doFilter(OncePerRequestFilter.java:116)
	at org.springframework.security.web.ObservationFilterChainDecorator$ObservationFilter.wrapFilter(ObservationFilterChainDecorator.java:240)
	at org.springframework.security.web.ObservationFilterChainDecorator$ObservationFilter.doFilter(ObservationFilterChainDecorator.java:227)
	at org.springframework.security.web.ObservationFilterChainDecorator$VirtualFilterChain.doFilter(ObservationFilterChainDecorator.java:137)
	at org.springframework.security.web.authentication.logout.LogoutFilter.doFilter(LogoutFilter.java:107)
	at org.springframework.security.web.authentication.logout.LogoutFilter.doFilter(LogoutFilter.java:93)
	at org.springframework.security.web.ObservationFilterChainDecorator$ObservationFilter.wrapFilter(ObservationFilterChainDecorator.java:240)
	at org.springframework.security.web.ObservationFilterChainDecorator$ObservationFilter.doFilter(ObservationFilterChainDecorator.java:227)
	at org.springframework.security.web.ObservationFilterChainDecorator$VirtualFilterChain.doFilter(ObservationFilterChainDecorator.java:137)
	at org.springframework.web.filter.CorsFilter.doFilterInternal(CorsFilter.java:91)
	at org.springframework.web.filter.OncePerRequestFilter.doFilter(OncePerRequestFilter.java:116)
	at org.springframework.security.web.ObservationFilterChainDecorator$ObservationFilter.wrapFilter(ObservationFilterChainDecorator.java:240)
	at org.springframework.security.web.ObservationFilterChainDecorator$ObservationFilter.doFilter(ObservationFilterChainDecorator.java:227)
	at org.springframework.security.web.ObservationFilterChainDecorator$VirtualFilterChain.doFilter(ObservationFilterChainDecorator.java:137)
	at org.springframework.security.web.header.HeaderWriterFilter.doHeadersAfter(HeaderWriterFilter.java:90)
	at org.springframework.security.web.header.HeaderWriterFilter.doFilterInternal(HeaderWriterFilter.java:75)
	at org.springframework.web.filter.OncePerRequestFilter.doFilter(OncePerRequestFilter.java:116)
	at org.springframework.security.web.ObservationFilterChainDecorator$ObservationFilter.wrapFilter(ObservationFilterChainDecorator.java:240)
	at org.springframework.security.web.ObservationFilterChainDecorator$ObservationFilter.doFilter(ObservationFilterChainDecorator.java:227)
	at org.springframework.security.web.ObservationFilterChainDecorator$VirtualFilterChain.doFilter(ObservationFilterChainDecorator.java:137)
	at org.springframework.security.web.context.SecurityContextHolderFilter.doFilter(SecurityContextHolderFilter.java:82)
	at org.springframework.security.web.context.SecurityContextHolderFilter.doFilter(SecurityContextHolderFilter.java:69)
	at org.springframework.security.web.ObservationFilterChainDecorator$ObservationFilter.wrapFilter(ObservationFilterChainDecorator.java:240)
	at org.springframework.security.web.ObservationFilterChainDecorator$ObservationFilter.doFilter(ObservationFilterChainDecorator.java:227)
	at org.springframework.security.web.ObservationFilterChainDecorator$VirtualFilterChain.doFilter(ObservationFilterChainDecorator.java:137)
	at org.springframework.security.web.context.request.async.WebAsyncManagerIntegrationFilter.doFilterInternal(WebAsyncManagerIntegrationFilter.java:62)
	at org.springframework.web.filter.OncePerRequestFilter.doFilter(OncePerRequestFilter.java:116)
	at org.springframework.security.web.ObservationFilterChainDecorator$ObservationFilter.wrapFilter(ObservationFilterChainDecorator.java:240)
	at org.springframework.security.web.ObservationFilterChainDecorator$ObservationFilter.doFilter(ObservationFilterChainDecorator.java:227)
	at org.springframework.security.web.ObservationFilterChainDecorator$VirtualFilterChain.doFilter(ObservationFilterChainDecorator.java:137)
	at org.springframework.security.web.session.DisableEncodeUrlFilter.doFilterInternal(DisableEncodeUrlFilter.java:42)
	at org.springframework.web.filter.OncePerRequestFilter.doFilter(OncePerRequestFilter.java:116)
	at org.springframework.security.web.ObservationFilterChainDecorator$ObservationFilter.wrapFilter(ObservationFilterChainDecorator.java:240)
	at org.springframework.security.web.ObservationFilterChainDecorator$AroundFilterObservation$SimpleAroundFilterObservation.lambda$wrap$0(ObservationFilterChainDecorator.java:323)
	at org.springframework.security.web.ObservationFilterChainDecorator$ObservationFilter.doFilter(ObservationFilterChainDecorator.java:224)
	at org.springframework.security.web.ObservationFilterChainDecorator$VirtualFilterChain.doFilter(ObservationFilterChainDecorator.java:137)
	at org.springframework.security.web.FilterChainProxy.doFilterInternal(FilterChainProxy.java:233)
	at org.springframework.security.web.FilterChainProxy.doFilter(FilterChainProxy.java:191)
	at org.springframework.web.filter.CompositeFilter$VirtualFilterChain.doFilter(CompositeFilter.java:113)
	at org.springframework.web.servlet.handler.HandlerMappingIntrospector.lambda$createCacheFilter$3(HandlerMappingIntrospector.java:195)
	at org.springframework.web.filter.CompositeFilter$VirtualFilterChain.doFilter(CompositeFilter.java:113)
	at org.springframework.web.filter.CompositeFilter.doFilter(CompositeFilter.java:74)
	at org.springframework.security.config.annotation.web.configuration.WebMvcSecurityConfiguration$CompositeFilterChainProxy.doFilter(WebMvcSecurityConfiguration.java:230)
	at org.springframework.web.filter.DelegatingFilterProxy.invokeDelegate(DelegatingFilterProxy.java:352)
	at org.springframework.web.filter.DelegatingFilterProxy.doFilter(DelegatingFilterProxy.java:268)
	at org.apache.catalina.core.ApplicationFilterChain.internalDoFilter(ApplicationFilterChain.java:174)
	at org.apache.catalina.core.ApplicationFilterChain.doFilter(ApplicationFilterChain.java:149)
	at org.springframework.web.filter.RequestContextFilter.doFilterInternal(RequestContextFilter.java:100)
	at org.springframework.web.filter.OncePerRequestFilter.doFilter(OncePerRequestFilter.java:116)
	at org.apache.catalina.core.ApplicationFilterChain.internalDoFilter(ApplicationFilterChain.java:174)
	at org.apache.catalina.core.ApplicationFilterChain.doFilter(ApplicationFilterChain.java:149)
	at org.springframework.web.filter.FormContentFilter.doFilterInternal(FormContentFilter.java:93)
	at org.springframework.web.filter.OncePerRequestFilter.doFilter(OncePerRequestFilter.java:116)
	at org.apache.catalina.core.ApplicationFilterChain.internalDoFilter(ApplicationFilterChain.java:174)
	at org.apache.catalina.core.ApplicationFilterChain.doFilter(ApplicationFilterChain.java:149)
	at org.springframework.web.filter.ServerHttpObservationFilter.doFilterInternal(ServerHttpObservationFilter.java:109)
	at org.springframework.web.filter.OncePerRequestFilter.doFilter(OncePerRequestFilter.java:116)
	at org.apache.catalina.core.ApplicationFilterChain.internalDoFilter(ApplicationFilterChain.java:174)
	at org.apache.catalina.core.ApplicationFilterChain.doFilter(ApplicationFilterChain.java:149)
	at org.springframework.web.filter.CharacterEncodingFilter.doFilterInternal(CharacterEncodingFilter.java:201)
	at org.springframework.web.filter.OncePerRequestFilter.doFilter(OncePerRequestFilter.java:116)
	at org.apache.catalina.core.ApplicationFilterChain.internalDoFilter(ApplicationFilterChain.java:174)
	at org.apache.catalina.core.ApplicationFilterChain.doFilter(ApplicationFilterChain.java:149)
	at org.apache.catalina.core.StandardWrapperValve.invoke(StandardWrapperValve.java:167)
	at org.apache.catalina.core.StandardContextValve.invoke(StandardContextValve.java:90)
	at org.apache.catalina.authenticator.AuthenticatorBase.invoke(AuthenticatorBase.java:482)
	at org.apache.catalina.core.StandardHostValve.invoke(StandardHostValve.java:115)
	at org.apache.catalina.valves.ErrorReportValve.invoke(ErrorReportValve.java:93)
	at org.apache.catalina.core.StandardEngineValve.invoke(StandardEngineValve.java:74)
	at org.apache.catalina.connector.CoyoteAdapter.service(CoyoteAdapter.java:344)
	at org.apache.coyote.http11.Http11Processor.service(Http11Processor.java:391)
	at org.apache.coyote.AbstractProcessorLight.process(AbstractProcessorLight.java:63)
	at org.apache.coyote.AbstractProtocol$ConnectionHandler.process(AbstractProtocol.java:896)
	at org.apache.tomcat.util.net.NioEndpoint$SocketProcessor.doRun(NioEndpoint.java:1744)
	at org.apache.tomcat.util.net.SocketProcessorBase.run(SocketProcessorBase.java:52)
	at org.apache.tomcat.util.threads.ThreadPoolExecutor.runWorker(ThreadPoolExecutor.java:1191)
	at org.apache.tomcat.util.threads.ThreadPoolExecutor$Worker.run(ThreadPoolExecutor.java:659)
	at org.apache.tomcat.util.threads.TaskThread$WrappingRunnable.run(TaskThread.java:63)
	at java.base/java.lang.Thread.run(Thread.java:840)
2025-07-10 23:16:39 [http-nio-8082-exec-7] INFO  c.m.u.core.logging.LoggingService - TermsService: Aceptación múltiple completada - UserID: 1, Términos aceptados: 0, Cantidad: 0
2025-07-10 23:16:39 [http-nio-8082-exec-7] DEBUG o.s.w.s.m.m.a.HttpEntityMethodProcessor - Using 'application/json', given [application/json, application/*+json] and supported [application/json, application/*+json]
2025-07-10 23:16:39 [http-nio-8082-exec-7] DEBUG o.s.w.s.m.m.a.HttpEntityMethodProcessor - Writing [com.microserviceone.users.termsAndConditionsApi.web.dto.ApiResponse@381b7176]
2025-07-10 23:16:39 [http-nio-8082-exec-4] DEBUG o.s.web.client.RestTemplate - Response 200 OK
2025-07-10 23:16:39 [http-nio-8082-exec-7] DEBUG o.s.web.servlet.DispatcherServlet - Completed 200 OK
2025-07-10 23:16:39 [http-nio-8082-exec-4] DEBUG o.s.web.client.RestTemplate - Reading to [com.microserviceone.users.registrationApi.web.dto.ApiResponse<?>]
2025-07-10 23:16:39 [http-nio-8082-exec-4] INFO  c.m.u.core.logging.LoggingService - Términos y condiciones aceptados exitosamente para usuario ID: 1
2025-07-10 23:16:39 [http-nio-8082-exec-4] DEBUG c.m.u.core.logging.LoggingService - Mapeando respuesta para cliente ID: 1
2025-07-10 23:16:39 [http-nio-8082-exec-4] DEBUG c.m.u.core.logging.LoggingService - Mapeando User a UserResponse - ID: 1, Email: sebasagudelo1012@gmail.com, Tipo: Customer
2025-07-10 23:16:39 [http-nio-8082-exec-4] DEBUG c.m.u.core.logging.LoggingService - Campos específicos de Customer agregados - Fecha de nacimiento: 2006-04-02
2025-07-10 23:16:39 [http-nio-8082-exec-4] DEBUG c.m.u.core.logging.LoggingService - UserResponse mapeado exitosamente - ID: 1, Email: sebasagudelo1012@gmail.com, Rol: CUSTOMER
2025-07-10 23:16:39 [http-nio-8082-exec-4] INFO  c.m.u.core.logging.LoggingService - Cliente registrado exitosamente - ID: 1, Email: sebasagudelo1012@gmail.com, Rol: CUSTOMER
2025-07-10 23:16:39 [http-nio-8082-exec-4] DEBUG o.s.w.s.m.m.a.HttpEntityMethodProcessor - Using 'application/json', given [*/*] and supported [application/json, application/*+json]
2025-07-10 23:16:39 [http-nio-8082-exec-4] DEBUG o.s.w.s.m.m.a.HttpEntityMethodProcessor - Writing [ApiResponse(success=true, message=Customer registered successfully, data=UserResponse(id=1, name=See (truncated)...]
2025-07-10 23:16:39 [http-nio-8082-exec-4] DEBUG o.s.web.servlet.DispatcherServlet - Completed 201 CREATED
2025-07-10 23:16:39 [AsyncReporter{org.springframework.boot.actuate.autoconfigure.tracing.zipkin.ZipkinWebClientSender@4736c6fd}] DEBUG o.s.w.r.f.client.ExchangeFunctions - [2c0cf132] HTTP POST http://localhost:9411/api/v2/spans%20
2025-07-10 23:16:42 [http-nio-8082-exec-8] DEBUG c.m.u.core.logging.LoggingService - InternalJwtFilter: Procesando solicitud: /register/id/1
2025-07-10 23:16:42 [http-nio-8082-exec-8] DEBUG c.m.u.core.logging.LoggingService - InternalJwtFilter: Path '/register/id/1' requiere JWT: false
2025-07-10 23:16:42 [http-nio-8082-exec-8] DEBUG c.m.u.core.logging.LoggingService - InternalJwtFilter: Path no protegido, continuando sin validación JWT
2025-07-10 23:16:42 [http-nio-8082-exec-8] DEBUG o.s.web.servlet.DispatcherServlet - PATCH "/register/id/1", parameters={}
2025-07-10 23:16:42 [http-nio-8082-exec-8] DEBUG o.s.w.s.m.m.a.RequestMappingHandlerMapping - Mapped to com.microserviceone.users.registrationApi.web.controller.RegisterController#updateLastLogin(Long)
2025-07-10 23:16:42 [http-nio-8082-exec-8] INFO  c.m.u.core.logging.LoggingService - Validando existencia de usuario con ID: 1
2025-07-10 23:16:42 [http-nio-8082-exec-8] INFO  c.m.u.core.logging.LoggingService - AdapterRegister: Buscando usuario en la base de datos por ID: 1
2025-07-10 23:16:42 [http-nio-8082-exec-8] DEBUG c.m.u.core.logging.LoggingService - AdapterRegister: Usuario encontrado en la base de datos - ID: 1
2025-07-10 23:16:42 [http-nio-8082-exec-8] DEBUG c.m.u.core.logging.LoggingService - UserMapper: Convirtiendo entidad a dominio - ID: 1, Tipo: CustomerEntity
2025-07-10 23:16:42 [http-nio-8082-exec-8] DEBUG c.m.u.core.logging.LoggingService - UserMapper: CustomerEntity convertido a Customer - ID: 1, Email: sebasagudelo1012@gmail.com, Fecha nacimiento: 2006-04-02
2025-07-10 23:16:42 [http-nio-8082-exec-8] DEBUG c.m.u.core.logging.LoggingService - Usuario encontrado con ID: 1
2025-07-10 23:16:42 [http-nio-8082-exec-8] INFO  c.m.u.core.logging.LoggingService - AdapterRegister: Buscando usuario en la base de datos por ID: 1
2025-07-10 23:16:42 [http-nio-8082-exec-8] DEBUG c.m.u.core.logging.LoggingService - AdapterRegister: Usuario encontrado en la base de datos - ID: 1
2025-07-10 23:16:42 [http-nio-8082-exec-8] DEBUG c.m.u.core.logging.LoggingService - UserMapper: Convirtiendo entidad a dominio - ID: 1, Tipo: CustomerEntity
2025-07-10 23:16:42 [http-nio-8082-exec-8] DEBUG c.m.u.core.logging.LoggingService - UserMapper: CustomerEntity convertido a Customer - ID: 1, Email: sebasagudelo1012@gmail.com, Fecha nacimiento: 2006-04-02
2025-07-10 23:16:42 [http-nio-8082-exec-8] INFO  c.m.u.core.logging.LoggingService - AdapterRegister: Actualizando usuario en la base de datos - ID: 1, Email: sebasagudelo1012@gmail.com
2025-07-10 23:16:42 [AsyncReporter{org.springframework.boot.actuate.autoconfigure.tracing.zipkin.ZipkinWebClientSender@4736c6fd}] DEBUG o.s.w.r.f.client.ExchangeFunctions - [2aad7c8] HTTP POST http://localhost:9411/api/v2/spans%20
2025-07-10 23:16:54 [DiscoveryClient-CacheRefreshExecutor-0] DEBUG o.s.web.client.RestTemplate - HTTP GET http://localhost:8081/eureka/apps/delta
2025-07-10 23:16:54 [DiscoveryClient-CacheRefreshExecutor-0] DEBUG o.s.web.client.RestTemplate - Accept=[application/json, application/*+json]
2025-07-10 23:16:54 [DiscoveryClient-CacheRefreshExecutor-0] DEBUG o.s.web.client.RestTemplate - Response 200 OK
2025-07-10 23:16:54 [DiscoveryClient-CacheRefreshExecutor-0] DEBUG o.s.web.client.RestTemplate - Reading to [org.springframework.cloud.netflix.eureka.http.EurekaApplications]
2025-07-10 23:16:54 [DiscoveryClient-HeartbeatExecutor-0] DEBUG o.s.web.client.RestTemplate - HTTP PUT http://localhost:8081/eureka/apps/USERS-SERVICE/192.168.114.78:users-service:8082?status=UP&lastDirtyTimestamp=1752207354209
2025-07-10 23:16:54 [DiscoveryClient-HeartbeatExecutor-0] DEBUG o.s.web.client.RestTemplate - Accept=[application/json, application/*+json]
2025-07-10 23:16:54 [DiscoveryClient-HeartbeatExecutor-0] DEBUG o.s.web.client.RestTemplate - Response 200 OK
2025-07-10 23:17:24 [DiscoveryClient-CacheRefreshExecutor-0] DEBUG o.s.web.client.RestTemplate - HTTP GET http://localhost:8081/eureka/apps/delta
2025-07-10 23:17:24 [DiscoveryClient-CacheRefreshExecutor-0] DEBUG o.s.web.client.RestTemplate - Accept=[application/json, application/*+json]
2025-07-10 23:17:24 [DiscoveryClient-CacheRefreshExecutor-0] DEBUG o.s.web.client.RestTemplate - Response 200 OK
2025-07-10 23:17:24 [DiscoveryClient-CacheRefreshExecutor-0] DEBUG o.s.web.client.RestTemplate - Reading to [org.springframework.cloud.netflix.eureka.http.EurekaApplications]
2025-07-10 23:17:24 [DiscoveryClient-HeartbeatExecutor-0] DEBUG o.s.web.client.RestTemplate - HTTP PUT http://localhost:8081/eureka/apps/USERS-SERVICE/192.168.114.78:users-service:8082?status=UP&lastDirtyTimestamp=1752207354209
2025-07-10 23:17:24 [DiscoveryClient-HeartbeatExecutor-0] DEBUG o.s.web.client.RestTemplate - Accept=[application/json, application/*+json]
2025-07-10 23:17:24 [DiscoveryClient-HeartbeatExecutor-0] DEBUG o.s.web.client.RestTemplate - Response 200 OK
2025-07-10 23:17:54 [DiscoveryClient-CacheRefreshExecutor-0] DEBUG o.s.web.client.RestTemplate - HTTP GET http://localhost:8081/eureka/apps/delta
2025-07-10 23:17:54 [DiscoveryClient-CacheRefreshExecutor-0] DEBUG o.s.web.client.RestTemplate - Accept=[application/json, application/*+json]
2025-07-10 23:17:54 [DiscoveryClient-CacheRefreshExecutor-0] DEBUG o.s.web.client.RestTemplate - Response 200 OK
2025-07-10 23:17:54 [DiscoveryClient-CacheRefreshExecutor-0] DEBUG o.s.web.client.RestTemplate - Reading to [org.springframework.cloud.netflix.eureka.http.EurekaApplications]
2025-07-10 23:17:54 [DiscoveryClient-HeartbeatExecutor-0] DEBUG o.s.web.client.RestTemplate - HTTP PUT http://localhost:8081/eureka/apps/USERS-SERVICE/192.168.114.78:users-service:8082?status=UP&lastDirtyTimestamp=1752207354209
2025-07-10 23:17:54 [DiscoveryClient-HeartbeatExecutor-0] DEBUG o.s.web.client.RestTemplate - Accept=[application/json, application/*+json]
2025-07-10 23:17:54 [DiscoveryClient-HeartbeatExecutor-0] DEBUG o.s.web.client.RestTemplate - Response 200 OK
2025-07-10 23:18:24 [DiscoveryClient-CacheRefreshExecutor-0] DEBUG o.s.web.client.RestTemplate - HTTP GET http://localhost:8081/eureka/apps/delta
2025-07-10 23:18:24 [DiscoveryClient-CacheRefreshExecutor-0] DEBUG o.s.web.client.RestTemplate - Accept=[application/json, application/*+json]
2025-07-10 23:18:24 [DiscoveryClient-CacheRefreshExecutor-0] DEBUG o.s.web.client.RestTemplate - Response 200 OK
2025-07-10 23:18:24 [DiscoveryClient-CacheRefreshExecutor-0] DEBUG o.s.web.client.RestTemplate - Reading to [org.springframework.cloud.netflix.eureka.http.EurekaApplications]
2025-07-10 23:18:24 [DiscoveryClient-HeartbeatExecutor-0] DEBUG o.s.web.client.RestTemplate - HTTP PUT http://localhost:8081/eureka/apps/USERS-SERVICE/192.168.114.78:users-service:8082?status=UP&lastDirtyTimestamp=1752207354209
2025-07-10 23:18:24 [DiscoveryClient-HeartbeatExecutor-0] DEBUG o.s.web.client.RestTemplate - Accept=[application/json, application/*+json]
2025-07-10 23:18:24 [DiscoveryClient-HeartbeatExecutor-0] DEBUG o.s.web.client.RestTemplate - Response 200 OK
2025-07-10 23:18:54 [DiscoveryClient-CacheRefreshExecutor-0] DEBUG o.s.web.client.RestTemplate - HTTP GET http://localhost:8081/eureka/apps/delta
2025-07-10 23:18:54 [DiscoveryClient-CacheRefreshExecutor-0] DEBUG o.s.web.client.RestTemplate - Accept=[application/json, application/*+json]
2025-07-10 23:18:54 [DiscoveryClient-CacheRefreshExecutor-0] DEBUG o.s.web.client.RestTemplate - Response 200 OK
2025-07-10 23:18:54 [DiscoveryClient-CacheRefreshExecutor-0] DEBUG o.s.web.client.RestTemplate - Reading to [org.springframework.cloud.netflix.eureka.http.EurekaApplications]
2025-07-10 23:18:54 [DiscoveryClient-HeartbeatExecutor-0] DEBUG o.s.web.client.RestTemplate - HTTP PUT http://localhost:8081/eureka/apps/USERS-SERVICE/192.168.114.78:users-service:8082?status=UP&lastDirtyTimestamp=1752207354209
2025-07-10 23:18:54 [DiscoveryClient-HeartbeatExecutor-0] DEBUG o.s.web.client.RestTemplate - Accept=[application/json, application/*+json]
2025-07-10 23:18:54 [DiscoveryClient-HeartbeatExecutor-0] DEBUG o.s.web.client.RestTemplate - Response 200 OK
2025-07-10 23:19:24 [DiscoveryClient-CacheRefreshExecutor-0] DEBUG o.s.web.client.RestTemplate - HTTP GET http://localhost:8081/eureka/apps/delta
2025-07-10 23:19:24 [DiscoveryClient-CacheRefreshExecutor-0] DEBUG o.s.web.client.RestTemplate - Accept=[application/json, application/*+json]
2025-07-10 23:19:24 [DiscoveryClient-CacheRefreshExecutor-0] DEBUG o.s.web.client.RestTemplate - Response 200 OK
2025-07-10 23:19:24 [DiscoveryClient-CacheRefreshExecutor-0] DEBUG o.s.web.client.RestTemplate - Reading to [org.springframework.cloud.netflix.eureka.http.EurekaApplications]
2025-07-10 23:19:24 [DiscoveryClient-HeartbeatExecutor-0] DEBUG o.s.web.client.RestTemplate - HTTP PUT http://localhost:8081/eureka/apps/USERS-SERVICE/192.168.114.78:users-service:8082?status=UP&lastDirtyTimestamp=1752207354209
2025-07-10 23:19:24 [DiscoveryClient-HeartbeatExecutor-0] DEBUG o.s.web.client.RestTemplate - Accept=[application/json, application/*+json]
2025-07-10 23:19:24 [DiscoveryClient-HeartbeatExecutor-0] DEBUG o.s.web.client.RestTemplate - Response 200 OK
2025-07-10 23:19:31 [SpringApplicationShutdownHook] INFO  c.netflix.discovery.DiscoveryClient - Saw local status change event StatusChangeEvent [timestamp=1752207571980, current=DOWN, previous=UP]
2025-07-10 23:19:31 [DiscoveryClient-InstanceInfoReplicator-0] INFO  c.netflix.discovery.DiscoveryClient - DiscoveryClient_USERS-SERVICE/192.168.114.78:users-service:8082: registering service...
2025-07-10 23:19:31 [DiscoveryClient-InstanceInfoReplicator-0] DEBUG o.s.web.client.RestTemplate - HTTP POST http://localhost:8081/eureka/apps/USERS-SERVICE
2025-07-10 23:19:31 [DiscoveryClient-InstanceInfoReplicator-0] DEBUG o.s.web.client.RestTemplate - Accept=[application/json, application/*+json]
2025-07-10 23:19:31 [DiscoveryClient-InstanceInfoReplicator-0] DEBUG o.s.web.client.RestTemplate - Writing [InstanceInfo [instanceId = 192.168.114.78:users-service:8082, appName = USERS-SERVICE, hostName = 192.168.114.78, status = DOWN, ipAddr = 192.168.114.78, port = 8082, securePort = 443, dataCenterInfo = com.netflix.appinfo.MyDataCenterInfo@245d5fc0] as "application/json"
2025-07-10 23:19:31 [DiscoveryClient-InstanceInfoReplicator-0] DEBUG o.s.web.client.RestTemplate - Response 204 NO_CONTENT
2025-07-10 23:19:31 [DiscoveryClient-InstanceInfoReplicator-0] INFO  c.netflix.discovery.DiscoveryClient - DiscoveryClient_USERS-SERVICE/192.168.114.78:users-service:8082 - registration status: 204
2025-07-10 23:19:37 [AsyncReporter{org.springframework.boot.actuate.autoconfigure.tracing.zipkin.ZipkinWebClientSender@4736c6fd}] DEBUG o.s.w.r.f.client.ExchangeFunctions - [2e80c5d2] HTTP POST http://localhost:9411/api/v2/spans%20
2025-07-10 23:19:37 [SpringApplicationShutdownHook] INFO  c.netflix.discovery.DiscoveryClient - Shutting down DiscoveryClient ...
