2025-07-11 10:59:56 [restartedMain] INFO  c.m.users.UsersApplication - Starting UsersApplication using Java 17.0.15 with PID 6534 (/home/sebastian/Documentos/stranger-drug/users/target/classes started by sebastian in /home/sebastian/Documentos/stranger-drug/users)
2025-07-11 10:59:56 [restartedMain] INFO  c.m.users.UsersApplication - The following 5 profiles are active: "common", "database", "email", "logging", "security"
2025-07-11 10:59:58 [restartedMain] WARN  o.s.c.s.PostProcessorRegistrationDelegate$BeanPostProcessorChecker - Bean 'org.springframework.cloud.client.loadbalancer.LoadBalancerAutoConfiguration$LoadBalancerInterceptorConfig' of type [org.springframework.cloud.client.loadbalancer.LoadBalancerAutoConfiguration$LoadBalancerInterceptorConfig] is not eligible for getting processed by all BeanPostProcessors (for example: not eligible for auto-proxying). The currently created BeanPostProcessor [lbRestClientPostProcessor] is declared through a non-static factory method on that class; consider declaring it as static instead.
2025-07-11 10:59:58 [restartedMain] WARN  o.s.c.s.PostProcessorRegistrationDelegate$BeanPostProcessorChecker - Bean 'org.springframework.cloud.loadbalancer.config.BlockingLoadBalancerClientAutoConfiguration' of type [org.springframework.cloud.loadbalancer.config.BlockingLoadBalancerClientAutoConfiguration] is not eligible for getting processed by all BeanPostProcessors (for example: not eligible for auto-proxying). Is this bean getting eagerly injected into a currently created BeanPostProcessor [lbRestClientPostProcessor]? Check the corresponding BeanPostProcessor declaration and its dependencies.
2025-07-11 10:59:58 [restartedMain] WARN  o.s.c.s.PostProcessorRegistrationDelegate$BeanPostProcessorChecker - Bean 'org.springframework.cloud.loadbalancer.config.LoadBalancerAutoConfiguration' of type [org.springframework.cloud.loadbalancer.config.LoadBalancerAutoConfiguration] is not eligible for getting processed by all BeanPostProcessors (for example: not eligible for auto-proxying). Is this bean getting eagerly injected into a currently created BeanPostProcessor [lbRestClientPostProcessor]? Check the corresponding BeanPostProcessor declaration and its dependencies.
2025-07-11 10:59:58 [restartedMain] WARN  o.s.c.s.PostProcessorRegistrationDelegate$BeanPostProcessorChecker - Bean 'org.springframework.cloud.commons.config.CommonsConfigAutoConfiguration' of type [org.springframework.cloud.commons.config.CommonsConfigAutoConfiguration] is not eligible for getting processed by all BeanPostProcessors (for example: not eligible for auto-proxying). Is this bean getting eagerly injected into a currently created BeanPostProcessor [lbRestClientPostProcessor]? Check the corresponding BeanPostProcessor declaration and its dependencies.
2025-07-11 10:59:58 [restartedMain] WARN  o.s.c.s.PostProcessorRegistrationDelegate$BeanPostProcessorChecker - Bean 'org.springframework.cloud.client.loadbalancer.LoadBalancerDefaultMappingsProviderAutoConfiguration' of type [org.springframework.cloud.client.loadbalancer.LoadBalancerDefaultMappingsProviderAutoConfiguration] is not eligible for getting processed by all BeanPostProcessors (for example: not eligible for auto-proxying). Is this bean getting eagerly injected into a currently created BeanPostProcessor [lbRestClientPostProcessor]? Check the corresponding BeanPostProcessor declaration and its dependencies.
2025-07-11 10:59:58 [restartedMain] WARN  o.s.c.s.PostProcessorRegistrationDelegate$BeanPostProcessorChecker - Bean 'loadBalancerClientsDefaultsMappingsProvider' of type [org.springframework.cloud.client.loadbalancer.LoadBalancerDefaultMappingsProviderAutoConfiguration$$Lambda$762/0x00007f10e0562350] is not eligible for getting processed by all BeanPostProcessors (for example: not eligible for auto-proxying). Is this bean getting eagerly injected into a currently created BeanPostProcessor [lbRestClientPostProcessor]? Check the corresponding BeanPostProcessor declaration and its dependencies.
2025-07-11 10:59:58 [restartedMain] WARN  o.s.c.s.PostProcessorRegistrationDelegate$BeanPostProcessorChecker - Bean 'defaultsBindHandlerAdvisor' of type [org.springframework.cloud.commons.config.DefaultsBindHandlerAdvisor] is not eligible for getting processed by all BeanPostProcessors (for example: not eligible for auto-proxying). Is this bean getting eagerly injected into a currently created BeanPostProcessor [lbRestClientPostProcessor]? Check the corresponding BeanPostProcessor declaration and its dependencies.
2025-07-11 10:59:58 [restartedMain] WARN  o.s.c.s.PostProcessorRegistrationDelegate$BeanPostProcessorChecker - Bean 'spring.cloud.loadbalancer-org.springframework.cloud.client.loadbalancer.LoadBalancerClientsProperties' of type [org.springframework.cloud.client.loadbalancer.LoadBalancerClientsProperties] is not eligible for getting processed by all BeanPostProcessors (for example: not eligible for auto-proxying). Is this bean getting eagerly injected into a currently created BeanPostProcessor [lbRestClientPostProcessor]? Check the corresponding BeanPostProcessor declaration and its dependencies.
2025-07-11 10:59:58 [restartedMain] WARN  o.s.c.s.PostProcessorRegistrationDelegate$BeanPostProcessorChecker - Bean 'default.org.springframework.cloud.loadbalancer.config.LoadBalancerAutoConfiguration.LoadBalancerClientSpecification' of type [org.springframework.cloud.loadbalancer.annotation.LoadBalancerClientSpecification] is not eligible for getting processed by all BeanPostProcessors (for example: not eligible for auto-proxying). Is this bean getting eagerly injected into a currently created BeanPostProcessor [lbRestClientPostProcessor]? Check the corresponding BeanPostProcessor declaration and its dependencies.
2025-07-11 10:59:58 [restartedMain] WARN  o.s.c.s.PostProcessorRegistrationDelegate$BeanPostProcessorChecker - Bean 'default.org.springframework.cloud.loadbalancer.config.BlockingLoadBalancerClientAutoConfiguration.LoadBalancerClientSpecification' of type [org.springframework.cloud.loadbalancer.annotation.LoadBalancerClientSpecification] is not eligible for getting processed by all BeanPostProcessors (for example: not eligible for auto-proxying). Is this bean getting eagerly injected into a currently created BeanPostProcessor [lbRestClientPostProcessor]? Check the corresponding BeanPostProcessor declaration and its dependencies.
2025-07-11 10:59:58 [restartedMain] WARN  o.s.c.s.PostProcessorRegistrationDelegate$BeanPostProcessorChecker - Bean 'default.org.springframework.cloud.netflix.eureka.loadbalancer.LoadBalancerEurekaAutoConfiguration.LoadBalancerClientSpecification' of type [org.springframework.cloud.loadbalancer.annotation.LoadBalancerClientSpecification] is not eligible for getting processed by all BeanPostProcessors (for example: not eligible for auto-proxying). Is this bean getting eagerly injected into a currently created BeanPostProcessor [lbRestClientPostProcessor]? Check the corresponding BeanPostProcessor declaration and its dependencies.
2025-07-11 10:59:58 [restartedMain] WARN  o.s.c.s.PostProcessorRegistrationDelegate$BeanPostProcessorChecker - Bean 'loadBalancerClientFactory' of type [org.springframework.cloud.loadbalancer.support.LoadBalancerClientFactory] is not eligible for getting processed by all BeanPostProcessors (for example: not eligible for auto-proxying). Is this bean getting eagerly injected into a currently created BeanPostProcessor [lbRestClientPostProcessor]? Check the corresponding BeanPostProcessor declaration and its dependencies.
2025-07-11 10:59:58 [restartedMain] WARN  o.s.c.s.PostProcessorRegistrationDelegate$BeanPostProcessorChecker - Bean 'blockingLoadBalancerClient' of type [org.springframework.cloud.loadbalancer.blocking.client.BlockingLoadBalancerClient] is not eligible for getting processed by all BeanPostProcessors (for example: not eligible for auto-proxying). Is this bean getting eagerly injected into a currently created BeanPostProcessor [lbRestClientPostProcessor]? Check the corresponding BeanPostProcessor declaration and its dependencies.
2025-07-11 10:59:58 [restartedMain] WARN  o.s.c.s.PostProcessorRegistrationDelegate$BeanPostProcessorChecker - Bean 'loadBalancerServiceInstanceCookieTransformer' of type [org.springframework.cloud.loadbalancer.core.LoadBalancerServiceInstanceCookieTransformer] is not eligible for getting processed by all BeanPostProcessors (for example: not eligible for auto-proxying). Is this bean getting eagerly injected into a currently created BeanPostProcessor [lbRestClientPostProcessor]? Check the corresponding BeanPostProcessor declaration and its dependencies.
2025-07-11 10:59:58 [restartedMain] WARN  o.s.c.s.PostProcessorRegistrationDelegate$BeanPostProcessorChecker - Bean 'xForwarderHeadersTransformer' of type [org.springframework.cloud.loadbalancer.blocking.XForwardedHeadersTransformer] is not eligible for getting processed by all BeanPostProcessors (for example: not eligible for auto-proxying). Is this bean getting eagerly injected into a currently created BeanPostProcessor [lbRestClientPostProcessor]? Check the corresponding BeanPostProcessor declaration and its dependencies.
2025-07-11 10:59:58 [restartedMain] WARN  o.s.c.s.PostProcessorRegistrationDelegate$BeanPostProcessorChecker - Bean 'org.springframework.cloud.client.loadbalancer.LoadBalancerAutoConfiguration' of type [org.springframework.cloud.client.loadbalancer.LoadBalancerAutoConfiguration] is not eligible for getting processed by all BeanPostProcessors (for example: not eligible for auto-proxying). Is this bean getting eagerly injected into a currently created BeanPostProcessor [lbRestClientPostProcessor]? Check the corresponding BeanPostProcessor declaration and its dependencies.
2025-07-11 10:59:58 [restartedMain] WARN  o.s.c.s.PostProcessorRegistrationDelegate$BeanPostProcessorChecker - Bean 'loadBalancerRequestFactory' of type [org.springframework.cloud.client.loadbalancer.LoadBalancerRequestFactory] is not eligible for getting processed by all BeanPostProcessors (for example: not eligible for auto-proxying). Is this bean getting eagerly injected into a currently created BeanPostProcessor [lbRestClientPostProcessor]? Check the corresponding BeanPostProcessor declaration and its dependencies.
2025-07-11 10:59:58 [restartedMain] WARN  o.s.c.s.PostProcessorRegistrationDelegate$BeanPostProcessorChecker - Bean 'loadBalancerInterceptor' of type [org.springframework.cloud.client.loadbalancer.LoadBalancerInterceptor] is not eligible for getting processed by all BeanPostProcessors (for example: not eligible for auto-proxying). Is this bean getting eagerly injected into a currently created BeanPostProcessor [lbRestClientPostProcessor]? Check the corresponding BeanPostProcessor declaration and its dependencies.
2025-07-11 10:59:58 [restartedMain] WARN  o.s.c.s.PostProcessorRegistrationDelegate$BeanPostProcessorChecker - Bean 'org.springframework.cloud.client.loadbalancer.reactive.LoadBalancerBeanPostProcessorAutoConfiguration' of type [org.springframework.cloud.client.loadbalancer.reactive.LoadBalancerBeanPostProcessorAutoConfiguration] is not eligible for getting processed by all BeanPostProcessors (for example: not eligible for auto-proxying). The currently created BeanPostProcessor [loadBalancerWebClientBuilderBeanPostProcessor] is declared through a non-static factory method on that class; consider declaring it as static instead.
2025-07-11 10:59:58 [restartedMain] WARN  o.s.c.s.PostProcessorRegistrationDelegate$BeanPostProcessorChecker - Bean 'org.springframework.cloud.client.loadbalancer.reactive.LoadBalancerBeanPostProcessorAutoConfiguration$ReactorDeferringLoadBalancerFilterConfig' of type [org.springframework.cloud.client.loadbalancer.reactive.LoadBalancerBeanPostProcessorAutoConfiguration$ReactorDeferringLoadBalancerFilterConfig] is not eligible for getting processed by all BeanPostProcessors (for example: not eligible for auto-proxying). Is this bean getting eagerly injected into a currently created BeanPostProcessor [loadBalancerWebClientBuilderBeanPostProcessor]? Check the corresponding BeanPostProcessor declaration and its dependencies.
2025-07-11 10:59:58 [restartedMain] WARN  o.s.c.s.PostProcessorRegistrationDelegate$BeanPostProcessorChecker - Bean 'reactorDeferringLoadBalancerExchangeFilterFunction' of type [org.springframework.cloud.client.loadbalancer.reactive.DeferringLoadBalancerExchangeFilterFunction] is not eligible for getting processed by all BeanPostProcessors (for example: not eligible for auto-proxying). Is this bean getting eagerly injected into a currently created BeanPostProcessor [loadBalancerWebClientBuilderBeanPostProcessor]? Check the corresponding BeanPostProcessor declaration and its dependencies.
2025-07-11 10:59:59 [restartedMain] WARN  org.hibernate.orm.deprecation - HHH90000025: MariaDBDialect does not need to be specified explicitly using 'hibernate.dialect' (remove the property setting and it will be selected by default)
2025-07-11 11:00:00 [restartedMain] INFO  c.m.u.core.logging.LoggingService - CacheConfiguration: Cache manager configurado con 8 caches
2025-07-11 11:00:02 [restartedMain] WARN  o.s.b.a.o.j.JpaBaseConfiguration$JpaWebConfiguration - spring.jpa.open-in-view is enabled by default. Therefore, database queries may be performed during view rendering. Explicitly configure spring.jpa.open-in-view to disable this warning
2025-07-11 11:00:02 [restartedMain] WARN  o.s.b.a.s.s.UserDetailsServiceAutoConfiguration - 

Using generated security password: 040115b4-a749-46d8-9954-1b2bc3c17147

This generated password is for development use only. Your security configuration must be updated before running your application in production.

2025-07-11 11:00:02 [restartedMain] INFO  c.m.u.core.logging.LoggingService - SecurityConfig: Iniciando configuración de seguridad del microservicio users
2025-07-11 11:00:02 [restartedMain] INFO  c.m.u.core.logging.LoggingService - SecurityConfig: Configuración de seguridad completada - Todos los endpoints permitidos, filtro JWT interno configurado
2025-07-11 11:00:03 [restartedMain] INFO  c.netflix.discovery.DiscoveryClient - Initializing Eureka in region us-east-1
2025-07-11 11:00:03 [restartedMain] INFO  c.n.d.s.r.aws.ConfigClusterResolver - Resolving eureka endpoints via configuration
2025-07-11 11:00:03 [restartedMain] INFO  c.netflix.discovery.DiscoveryClient - Disable delta property : false
2025-07-11 11:00:03 [restartedMain] INFO  c.netflix.discovery.DiscoveryClient - Single vip registry refresh property : null
2025-07-11 11:00:03 [restartedMain] INFO  c.netflix.discovery.DiscoveryClient - Force full registry fetch : false
2025-07-11 11:00:03 [restartedMain] INFO  c.netflix.discovery.DiscoveryClient - Application is null : false
2025-07-11 11:00:03 [restartedMain] INFO  c.netflix.discovery.DiscoveryClient - Registered Applications size is zero : true
2025-07-11 11:00:03 [restartedMain] INFO  c.netflix.discovery.DiscoveryClient - Application version is -1: true
2025-07-11 11:00:03 [restartedMain] INFO  c.netflix.discovery.DiscoveryClient - Getting all instance registry info from the eureka server
2025-07-11 11:00:03 [restartedMain] INFO  c.netflix.discovery.DiscoveryClient - The response status is 200
2025-07-11 11:00:03 [restartedMain] INFO  c.netflix.discovery.DiscoveryClient - Starting heartbeat executor: renew interval is: 30
2025-07-11 11:00:03 [restartedMain] INFO  c.n.discovery.InstanceInfoReplicator - InstanceInfoReplicator onDemand update allowed rate per min is 4
2025-07-11 11:00:03 [restartedMain] INFO  c.netflix.discovery.DiscoveryClient - Discovery Client initialized at timestamp 1752249603641 with initial instances count: 0
2025-07-11 11:00:03 [restartedMain] INFO  c.netflix.discovery.DiscoveryClient - Saw local status change event StatusChangeEvent [timestamp=1752249603656, current=UP, previous=STARTING]
2025-07-11 11:00:03 [DiscoveryClient-InstanceInfoReplicator-0] INFO  c.netflix.discovery.DiscoveryClient - DiscoveryClient_USERS-SERVICE/192.168.41.141:users-service:8082: registering service...
2025-07-11 11:00:03 [restartedMain] INFO  c.m.users.UsersApplication - Started UsersApplication in 7.611 seconds (process running for 7.994)
2025-07-11 11:00:03 [DiscoveryClient-InstanceInfoReplicator-0] INFO  c.netflix.discovery.DiscoveryClient - DiscoveryClient_USERS-SERVICE/192.168.41.141:users-service:8082 - registration status: 204
2025-07-11 11:00:33 [DiscoveryClient-CacheRefreshExecutor-0] INFO  c.netflix.discovery.DiscoveryClient - Disable delta property : false
2025-07-11 11:00:33 [DiscoveryClient-CacheRefreshExecutor-0] INFO  c.netflix.discovery.DiscoveryClient - Single vip registry refresh property : null
2025-07-11 11:00:33 [DiscoveryClient-CacheRefreshExecutor-0] INFO  c.netflix.discovery.DiscoveryClient - Force full registry fetch : false
2025-07-11 11:00:33 [DiscoveryClient-CacheRefreshExecutor-0] INFO  c.netflix.discovery.DiscoveryClient - Application is null : false
2025-07-11 11:00:33 [DiscoveryClient-CacheRefreshExecutor-0] INFO  c.netflix.discovery.DiscoveryClient - Registered Applications size is zero : true
2025-07-11 11:00:33 [DiscoveryClient-CacheRefreshExecutor-0] INFO  c.netflix.discovery.DiscoveryClient - Application version is -1: false
2025-07-11 11:00:33 [DiscoveryClient-CacheRefreshExecutor-0] INFO  c.netflix.discovery.DiscoveryClient - Getting all instance registry info from the eureka server
2025-07-11 11:00:33 [DiscoveryClient-CacheRefreshExecutor-0] INFO  c.netflix.discovery.DiscoveryClient - The response status is 200
2025-07-11 11:01:49 [http-nio-8082-exec-7] INFO  o.s.api.AbstractOpenApiResource - Init duration for springdoc-openapi is: 715 ms
2025-07-11 11:01:49 [AsyncReporter{org.springframework.boot.actuate.autoconfigure.tracing.zipkin.ZipkinWebClientSender@f9be6cf}] WARN  z.r.AsyncReporter$BoundedAsyncReporter - Spans were dropped due to exceptions. All subsequent errors will be logged at FINE level.
2025-07-11 11:01:49 [AsyncReporter{org.springframework.boot.actuate.autoconfigure.tracing.zipkin.ZipkinWebClientSender@f9be6cf}] WARN  z.r.AsyncReporter$BoundedAsyncReporter - Dropped 37 spans due to WebClientRequestException(finishConnect(..) failed: Conexión rehusada: localhost/127.0.0.1:9411)
org.springframework.web.reactive.function.client.WebClientRequestException: finishConnect(..) failed: Conexión rehusada: localhost/127.0.0.1:9411
	at org.springframework.web.reactive.function.client.ExchangeFunctions$DefaultExchangeFunction.lambda$wrapException$9(ExchangeFunctions.java:136)
	Suppressed: reactor.core.publisher.FluxOnAssembly$OnAssemblyException: 
Error has been observed at the following site(s):
	*__checkpoint ⇢ Request to POST http://localhost:9411/api/v2/spans%20 [DefaultWebClient]
Original Stack Trace:
		at org.springframework.web.reactive.function.client.ExchangeFunctions$DefaultExchangeFunction.lambda$wrapException$9(ExchangeFunctions.java:136)
		at reactor.core.publisher.MonoErrorSupplied.subscribe(MonoErrorSupplied.java:55)
		at reactor.core.publisher.Mono.subscribe(Mono.java:4563)
		at reactor.core.publisher.FluxOnErrorResume$ResumeSubscriber.onError(FluxOnErrorResume.java:103)
		at reactor.core.publisher.FluxPeek$PeekSubscriber.onError(FluxPeek.java:222)
		at reactor.core.publisher.FluxPeek$PeekSubscriber.onError(FluxPeek.java:222)
		at reactor.core.publisher.FluxPeek$PeekSubscriber.onError(FluxPeek.java:222)
		at reactor.core.publisher.MonoNext$NextSubscriber.onError(MonoNext.java:93)
		at reactor.core.publisher.MonoFlatMapMany$FlatMapManyMain.onError(MonoFlatMapMany.java:205)
		at reactor.core.publisher.SerializedSubscriber.onError(SerializedSubscriber.java:124)
		at reactor.core.publisher.FluxRetryWhen$RetryWhenMainSubscriber.whenError(FluxRetryWhen.java:229)
		at reactor.core.publisher.FluxRetryWhen$RetryWhenOtherSubscriber.onError(FluxRetryWhen.java:279)
		at reactor.core.publisher.FluxContextWrite$ContextWriteSubscriber.onError(FluxContextWrite.java:121)
		at reactor.core.publisher.FluxConcatMapNoPrefetch$FluxConcatMapNoPrefetchSubscriber.maybeOnError(FluxConcatMapNoPrefetch.java:327)
		at reactor.core.publisher.FluxConcatMapNoPrefetch$FluxConcatMapNoPrefetchSubscriber.onNext(FluxConcatMapNoPrefetch.java:212)
		at reactor.core.publisher.FluxContextWrite$ContextWriteSubscriber.onNext(FluxContextWrite.java:107)
		at reactor.core.publisher.SinkManyEmitterProcessor.drain(SinkManyEmitterProcessor.java:476)
		at reactor.core.publisher.SinkManyEmitterProcessor$EmitterInner.drainParent(SinkManyEmitterProcessor.java:620)
		at reactor.core.publisher.FluxPublish$PubSubInner.request(FluxPublish.java:874)
		at reactor.core.publisher.FluxContextWrite$ContextWriteSubscriber.request(FluxContextWrite.java:136)
		at reactor.core.publisher.FluxConcatMapNoPrefetch$FluxConcatMapNoPrefetchSubscriber.request(FluxConcatMapNoPrefetch.java:337)
		at reactor.core.publisher.FluxContextWrite$ContextWriteSubscriber.request(FluxContextWrite.java:136)
		at reactor.core.publisher.Operators$DeferredSubscription.request(Operators.java:1743)
		at reactor.core.publisher.FluxRetryWhen$RetryWhenMainSubscriber.onError(FluxRetryWhen.java:196)
		at reactor.core.publisher.MonoCreate$DefaultMonoSink.error(MonoCreate.java:205)
		at reactor.netty.http.client.HttpClientConnect$MonoHttpConnect$ClientTransportSubscriber.onError(HttpClientConnect.java:311)
		at reactor.core.publisher.MonoCreate$DefaultMonoSink.error(MonoCreate.java:205)
		at reactor.netty.resources.DefaultPooledConnectionProvider$DisposableAcquire.onError(DefaultPooledConnectionProvider.java:172)
		at reactor.netty.internal.shaded.reactor.pool.AbstractPool$Borrower.fail(AbstractPool.java:488)
		at reactor.netty.internal.shaded.reactor.pool.SimpleDequePool.lambda$drainLoop$9(SimpleDequePool.java:436)
		at reactor.core.publisher.FluxDoOnEach$DoOnEachSubscriber.onError(FluxDoOnEach.java:186)
		at reactor.core.publisher.MonoCreate$DefaultMonoSink.error(MonoCreate.java:205)
		at reactor.netty.resources.DefaultPooledConnectionProvider$PooledConnectionAllocator$PooledConnectionInitializer.onError(DefaultPooledConnectionProvider.java:583)
		at reactor.core.publisher.MonoFlatMap$FlatMapMain.secondError(MonoFlatMap.java:241)
		at reactor.core.publisher.MonoFlatMap$FlatMapInner.onError(MonoFlatMap.java:315)
		at reactor.core.publisher.FluxOnErrorResume$ResumeSubscriber.onError(FluxOnErrorResume.java:106)
		at reactor.core.publisher.Operators.error(Operators.java:198)
		at reactor.core.publisher.MonoError.subscribe(MonoError.java:53)
		at reactor.core.publisher.Mono.subscribe(Mono.java:4563)
		at reactor.core.publisher.FluxOnErrorResume$ResumeSubscriber.onError(FluxOnErrorResume.java:103)
		at reactor.netty.transport.TransportConnector$MonoChannelPromise.tryFailure(TransportConnector.java:576)
		at reactor.netty.transport.TransportConnector$MonoChannelPromise.setFailure(TransportConnector.java:522)
		at reactor.netty.transport.TransportConnector.lambda$doConnect$7(TransportConnector.java:261)
		at io.netty.util.concurrent.DefaultPromise.notifyListener0(DefaultPromise.java:590)
		at io.netty.util.concurrent.DefaultPromise.notifyListeners0(DefaultPromise.java:583)
		at io.netty.util.concurrent.DefaultPromise.notifyListenersNow(DefaultPromise.java:559)
		at io.netty.util.concurrent.DefaultPromise.notifyListeners(DefaultPromise.java:492)
		at io.netty.util.concurrent.DefaultPromise.setValue0(DefaultPromise.java:636)
		at io.netty.util.concurrent.DefaultPromise.setFailure0(DefaultPromise.java:629)
		at io.netty.util.concurrent.DefaultPromise.tryFailure(DefaultPromise.java:118)
		at io.netty.channel.epoll.AbstractEpollChannel$AbstractEpollUnsafe.fulfillConnectPromise(AbstractEpollChannel.java:675)
		at io.netty.channel.epoll.AbstractEpollChannel$AbstractEpollUnsafe.finishConnect(AbstractEpollChannel.java:694)
		at io.netty.channel.epoll.AbstractEpollChannel$AbstractEpollUnsafe.epollOutReady(AbstractEpollChannel.java:567)
		at io.netty.channel.epoll.EpollEventLoop.processReady(EpollEventLoop.java:499)
		at io.netty.channel.epoll.EpollEventLoop.run(EpollEventLoop.java:407)
		at io.netty.util.concurrent.SingleThreadEventExecutor$4.run(SingleThreadEventExecutor.java:997)
		at io.netty.util.internal.ThreadExecutorMap$2.run(ThreadExecutorMap.java:74)
		at io.netty.util.concurrent.FastThreadLocalRunnable.run(FastThreadLocalRunnable.java:30)
		at java.base/java.lang.Thread.run(Thread.java:840)
	Suppressed: java.lang.Exception: #block terminated with an error
		at reactor.core.publisher.BlockingSingleSubscriber.blockingGet(BlockingSingleSubscriber.java:103)
		at reactor.core.publisher.Mono.block(Mono.java:1779)
		at org.springframework.boot.actuate.autoconfigure.tracing.zipkin.ZipkinWebClientSender$WebClientHttpPostCall.doExecute(ZipkinWebClientSender.java:76)
		at org.springframework.boot.actuate.autoconfigure.tracing.zipkin.ZipkinWebClientSender$WebClientHttpPostCall.doExecute(ZipkinWebClientSender.java:54)
		at zipkin2.Call$Base.execute(Call.java:391)
		at zipkin2.reporter.AsyncReporter$BoundedAsyncReporter.flush(AsyncReporter.java:299)
		at zipkin2.reporter.AsyncReporter$Flusher.run(AsyncReporter.java:378)
		at java.base/java.lang.Thread.run(Thread.java:840)
Caused by: io.netty.channel.AbstractChannel$AnnotatedConnectException: finishConnect(..) failed: Conexión rehusada: localhost/127.0.0.1:9411
Caused by: java.net.ConnectException: finishConnect(..) failed: Conexión rehusada
	at io.netty.channel.unix.Errors.newConnectException0(Errors.java:166)
	at io.netty.channel.unix.Errors.handleConnectErrno(Errors.java:131)
	at io.netty.channel.unix.Socket.finishConnect(Socket.java:359)
	at io.netty.channel.epoll.AbstractEpollChannel$AbstractEpollUnsafe.doFinishConnect(AbstractEpollChannel.java:711)
	at io.netty.channel.epoll.AbstractEpollChannel$AbstractEpollUnsafe.finishConnect(AbstractEpollChannel.java:688)
	at io.netty.channel.epoll.AbstractEpollChannel$AbstractEpollUnsafe.epollOutReady(AbstractEpollChannel.java:567)
	at io.netty.channel.epoll.EpollEventLoop.processReady(EpollEventLoop.java:499)
	at io.netty.channel.epoll.EpollEventLoop.run(EpollEventLoop.java:407)
	at io.netty.util.concurrent.SingleThreadEventExecutor$4.run(SingleThreadEventExecutor.java:997)
	at io.netty.util.internal.ThreadExecutorMap$2.run(ThreadExecutorMap.java:74)
	at io.netty.util.concurrent.FastThreadLocalRunnable.run(FastThreadLocalRunnable.java:30)
	at java.base/java.lang.Thread.run(Thread.java:840)
2025-07-11 11:05:03 [AsyncResolver-bootstrap-executor-0] INFO  c.n.d.s.r.aws.ConfigClusterResolver - Resolving eureka endpoints via configuration
2025-07-11 11:10:03 [AsyncResolver-bootstrap-executor-0] INFO  c.n.d.s.r.aws.ConfigClusterResolver - Resolving eureka endpoints via configuration
2025-07-11 11:10:08 [http-nio-8082-exec-2] INFO  c.m.u.core.logging.LoggingService - VerificationService: Enviando código de verificación - Email: sebasagudelo1012@gmail.com
2025-07-11 11:10:08 [http-nio-8082-exec-2] INFO  c.m.u.core.logging.LoggingService - SendVerificationCodeUseCase: Iniciando envío de código de verificación - Email: sebasagudelo1012@gmail.com
2025-07-11 11:10:10 [http-nio-8082-exec-2] INFO  c.m.u.v.i.email.EmailServiceUseCase - Código de verificación enviado exitosamente a: sebasagudelo1012@gmail.com
2025-07-11 11:10:10 [http-nio-8082-exec-2] INFO  c.m.u.core.logging.LoggingService - SendVerificationCodeUseCase: Código de verificación enviado exitosamente - Email: sebasagudelo1012@gmail.com, Código: 784513
2025-07-11 11:10:10 [http-nio-8082-exec-2] INFO  c.m.u.core.logging.LoggingService - VerificationService: Código de verificación enviado exitosamente - Email: sebasagudelo1012@gmail.com
2025-07-11 11:10:50 [http-nio-8082-exec-3] INFO  c.m.u.core.logging.LoggingService - VerificationService: Verificando código - Email: sebasagudelo1012@gmail.com
2025-07-11 11:10:50 [http-nio-8082-exec-3] INFO  c.m.u.core.logging.LoggingService - VerifyCodeUseCase: Iniciando verificación de código - Email: sebasagudelo1012@gmail.com, Código: 784513
2025-07-11 11:10:50 [http-nio-8082-exec-3] INFO  c.m.u.core.logging.LoggingService - CachedCheckEmailVerificationUseCase: Invalidando cache para verificación de email - Email: sebasagudelo1012@gmail.com
2025-07-11 11:10:50 [http-nio-8082-exec-3] INFO  c.m.u.core.logging.LoggingService - VerifyCodeUseCase: Verificación de código completada exitosamente - Email: sebasagudelo1012@gmail.com, Código: 784513
2025-07-11 11:10:50 [http-nio-8082-exec-3] INFO  c.m.u.core.logging.LoggingService - VerificationService: Verificación de código completada - Email: sebasagudelo1012@gmail.com, Válido: true
2025-07-11 11:11:02 [http-nio-8082-exec-5] INFO  c.m.u.core.logging.LoggingService - Iniciando registro de cliente - Email: sebasagudelo1012@gmail.com, Nombre: Seebastian Agudelo
2025-07-11 11:11:02 [http-nio-8082-exec-5] INFO  c.m.u.core.logging.LoggingService - Iniciando validación de email previa al registro para email: sebasagudelo1012@gmail.com
2025-07-11 11:11:02 [http-nio-8082-exec-5] INFO  c.m.u.core.logging.LoggingService - Validando verificación de email: sebasagudelo1012@gmail.com
2025-07-11 11:11:02 [http-nio-8082-exec-5] INFO  c.m.u.core.logging.LoggingService - InternalJwtService: Token JWT interno generado exitosamente - Servicio: user-service, Longitud: 169
2025-07-11 11:11:02 [http-nio-8082-exec-4] INFO  c.m.u.core.logging.LoggingService - InternalJwtFilter: Validación JWT interna exitosa - Issuer: user-service
2025-07-11 11:11:02 [http-nio-8082-exec-4] INFO  c.m.u.core.logging.LoggingService - VerificationService: Verificando estado de verificación de email - Email: sebasagudelo1012@gmail.com
2025-07-11 11:11:02 [http-nio-8082-exec-4] INFO  c.m.u.core.logging.LoggingService - CheckEmailVerificationUseCase: Verificando estado de verificación de email - Email: sebasagudelo1012@gmail.com
2025-07-11 11:11:02 [http-nio-8082-exec-4] INFO  c.m.u.core.logging.LoggingService - CheckEmailVerificationUseCase: Email verificado correctamente - Email: sebasagudelo1012@gmail.com
2025-07-11 11:11:02 [http-nio-8082-exec-4] INFO  c.m.u.core.logging.LoggingService - VerificationService: Verificación de email completada - Email: sebasagudelo1012@gmail.com
2025-07-11 11:11:02 [http-nio-8082-exec-5] INFO  c.m.u.core.logging.LoggingService - Email verificado exitosamente: sebasagudelo1012@gmail.com
2025-07-11 11:11:02 [http-nio-8082-exec-5] INFO  c.m.u.core.logging.LoggingService - Validación de email completada exitosamente para email: sebasagudelo1012@gmail.com
2025-07-11 11:11:02 [http-nio-8082-exec-5] INFO  c.m.u.core.logging.LoggingService - RegistrationService: Procesando registro de cliente - Email: sebasagudelo1012@gmail.com
2025-07-11 11:11:02 [http-nio-8082-exec-5] INFO  c.m.u.core.logging.LoggingService - Iniciando registro de cliente con email: sebasagudelo1012@gmail.com y edad: 19
2025-07-11 11:11:02 [http-nio-8082-exec-5] INFO  c.m.u.core.logging.LoggingService - Iniciando encriptación de contraseña para email: sebasagudelo1012@gmail.com
2025-07-11 11:11:02 [http-nio-8082-exec-5] INFO  c.m.u.core.logging.LoggingService - Contraseña encriptada exitosamente para email: sebasagudelo1012@gmail.com
2025-07-11 11:11:02 [http-nio-8082-exec-5] INFO  c.m.u.core.logging.LoggingService - Cliente registrado exitosamente con ID: 1, email: sebasagudelo1012@gmail.com y edad: 19
2025-07-11 11:11:02 [http-nio-8082-exec-5] INFO  c.m.u.core.logging.LoggingService - RegistrationService: Cliente registrado exitosamente - ID: 1, Email: sebasagudelo1012@gmail.com
2025-07-11 11:11:02 [http-nio-8082-exec-5] INFO  c.m.u.core.logging.LoggingService - Aceptando términos y condiciones para usuario ID: 1, Email: sebasagudelo1012@gmail.com
2025-07-11 11:11:02 [http-nio-8082-exec-6] INFO  c.m.u.core.logging.LoggingService - TermsService: Obteniendo todos los términos activos
2025-07-11 11:11:02 [http-nio-8082-exec-6] INFO  c.m.u.core.logging.LoggingService - CachedGetAllActiveTermsUseCase: Obteniendo términos activos con cache
2025-07-11 11:11:02 [http-nio-8082-exec-6] INFO  c.m.u.core.logging.LoggingService - GetAllActiveTermsUseCase: Obteniendo todos los términos activos
2025-07-11 11:11:02 [http-nio-8082-exec-6] INFO  c.m.u.core.logging.LoggingService - AdapterTerm: Obteniendo todos los términos activos
2025-07-11 11:11:02 [http-nio-8082-exec-6] INFO  c.m.u.core.logging.LoggingService - AdapterTerm: Términos activos obtenidos exitosamente - Cantidad: 0
2025-07-11 11:11:02 [http-nio-8082-exec-6] INFO  c.m.u.core.logging.LoggingService - GetAllActiveTermsUseCase: Términos activos obtenidos exitosamente - Cantidad: 0
2025-07-11 11:11:02 [http-nio-8082-exec-6] INFO  c.m.u.core.logging.LoggingService - CachedGetAllActiveTermsUseCase: Términos activos obtenidos - Cantidad: 0
2025-07-11 11:11:02 [http-nio-8082-exec-6] INFO  c.m.u.core.logging.LoggingService - TermsService: Términos activos obtenidos exitosamente - Cantidad: 0
2025-07-11 11:11:02 [http-nio-8082-exec-5] WARN  c.m.u.core.logging.LoggingService - No se encontraron términos activos, usando término por defecto
2025-07-11 11:11:02 [http-nio-8082-exec-5] INFO  c.m.u.core.logging.LoggingService - InternalJwtService: Token JWT interno generado exitosamente - Servicio: user-service, Longitud: 169
2025-07-11 11:11:02 [http-nio-8082-exec-7] INFO  c.m.u.core.logging.LoggingService - InternalJwtFilter: Validación JWT interna exitosa - Issuer: user-service
2025-07-11 11:11:02 [http-nio-8082-exec-7] INFO  c.m.u.core.logging.LoggingService - TermsService: Procesando aceptación múltiple de términos - UserID: 1, Email: sebasagudelo1012@gmail.com, Cantidad: 1, IP: 127.0.0.1
2025-07-11 11:11:02 [http-nio-8082-exec-7] INFO  c.m.u.core.logging.LoggingService - AcceptTermUseCase: Iniciando aceptación de término - UserID: 1, Email: sebasagudelo1012@gmail.com, TermID: 1, IP: 127.0.0.1
2025-07-11 11:11:02 [http-nio-8082-exec-7] WARN  c.m.u.core.logging.LoggingService - ValidateExistTermUseCase: Término no encontrado o inactivo - TermID: 1
2025-07-11 11:11:02 [http-nio-8082-exec-7] ERROR c.m.u.core.logging.LoggingService - AcceptTermUseCase: Error al aceptar término - UserID: 1, Email: sebasagudelo1012@gmail.com, TermID: 1
com.microserviceone.users.termsAndConditionsApi.application.exception.TermNotActiveOrNotFoundException: Term not found or not active
	at com.microserviceone.users.termsAndConditionsApi.application.usecase.ValidateExistTermUseCase.lambda$1(ValidateExistTermUseCase.java:23)
	at java.base/java.util.Optional.orElseThrow(Optional.java:403)
	at com.microserviceone.users.termsAndConditionsApi.application.usecase.ValidateExistTermUseCase.validateTerm(ValidateExistTermUseCase.java:23)
	at java.base/jdk.internal.reflect.NativeMethodAccessorImpl.invoke0(Native Method)
	at java.base/jdk.internal.reflect.NativeMethodAccessorImpl.invoke(NativeMethodAccessorImpl.java:77)
	at java.base/jdk.internal.reflect.DelegatingMethodAccessorImpl.invoke(DelegatingMethodAccessorImpl.java:43)
	at java.base/java.lang.reflect.Method.invoke(Method.java:569)
	at org.springframework.aop.support.AopUtils.invokeJoinpointUsingReflection(AopUtils.java:351)
	at org.springframework.aop.framework.ReflectiveMethodInvocation.invokeJoinpoint(ReflectiveMethodInvocation.java:196)
	at org.springframework.aop.framework.ReflectiveMethodInvocation.proceed(ReflectiveMethodInvocation.java:163)
	at org.springframework.aop.framework.CglibAopProxy$CglibMethodInvocation.proceed(CglibAopProxy.java:765)
	at org.springframework.transaction.interceptor.TransactionInterceptor$1.proceedWithInvocation(TransactionInterceptor.java:123)
	at org.springframework.transaction.interceptor.TransactionAspectSupport.invokeWithinTransaction(TransactionAspectSupport.java:385)
	at org.springframework.transaction.interceptor.TransactionInterceptor.invoke(TransactionInterceptor.java:119)
	at org.springframework.aop.framework.ReflectiveMethodInvocation.proceed(ReflectiveMethodInvocation.java:184)
	at org.springframework.aop.framework.CglibAopProxy$CglibMethodInvocation.proceed(CglibAopProxy.java:765)
	at org.springframework.aop.framework.CglibAopProxy$DynamicAdvisedInterceptor.intercept(CglibAopProxy.java:717)
	at com.microserviceone.users.termsAndConditionsApi.application.usecase.ValidateExistTermUseCase$$SpringCGLIB$$0.validateTerm(<generated>)
	at com.microserviceone.users.termsAndConditionsApi.application.usecase.AcceptTermUseCase.acceptTerm(AcceptTermUseCase.java:32)
	at java.base/jdk.internal.reflect.NativeMethodAccessorImpl.invoke0(Native Method)
	at java.base/jdk.internal.reflect.NativeMethodAccessorImpl.invoke(NativeMethodAccessorImpl.java:77)
	at java.base/jdk.internal.reflect.DelegatingMethodAccessorImpl.invoke(DelegatingMethodAccessorImpl.java:43)
	at java.base/java.lang.reflect.Method.invoke(Method.java:569)
	at org.springframework.aop.support.AopUtils.invokeJoinpointUsingReflection(AopUtils.java:351)
	at org.springframework.aop.framework.ReflectiveMethodInvocation.invokeJoinpoint(ReflectiveMethodInvocation.java:196)
	at org.springframework.aop.framework.ReflectiveMethodInvocation.proceed(ReflectiveMethodInvocation.java:163)
	at org.springframework.aop.framework.CglibAopProxy$CglibMethodInvocation.proceed(CglibAopProxy.java:765)
	at org.springframework.transaction.interceptor.TransactionInterceptor$1.proceedWithInvocation(TransactionInterceptor.java:123)
	at org.springframework.transaction.interceptor.TransactionAspectSupport.invokeWithinTransaction(TransactionAspectSupport.java:385)
	at org.springframework.transaction.interceptor.TransactionInterceptor.invoke(TransactionInterceptor.java:119)
	at org.springframework.aop.framework.ReflectiveMethodInvocation.proceed(ReflectiveMethodInvocation.java:184)
	at org.springframework.aop.framework.CglibAopProxy$CglibMethodInvocation.proceed(CglibAopProxy.java:765)
	at org.springframework.aop.framework.CglibAopProxy$DynamicAdvisedInterceptor.intercept(CglibAopProxy.java:717)
	at com.microserviceone.users.termsAndConditionsApi.application.usecase.AcceptTermUseCase$$SpringCGLIB$$0.acceptTerm(<generated>)
	at com.microserviceone.users.termsAndConditionsApi.application.usecase.AcceptAllTermsUseCase.acceptAll(AcceptAllTermsUseCase.java:29)
	at com.microserviceone.users.termsAndConditionsApi.application.service.TermsService.acceptAll(TermsService.java:169)
	at com.microserviceone.users.termsAndConditionsApi.web.controller.TermController.acceptMultipleTerms(TermController.java:97)
	at java.base/jdk.internal.reflect.NativeMethodAccessorImpl.invoke0(Native Method)
	at java.base/jdk.internal.reflect.NativeMethodAccessorImpl.invoke(NativeMethodAccessorImpl.java:77)
	at java.base/jdk.internal.reflect.DelegatingMethodAccessorImpl.invoke(DelegatingMethodAccessorImpl.java:43)
	at java.base/java.lang.reflect.Method.invoke(Method.java:569)
	at org.springframework.web.method.support.InvocableHandlerMethod.doInvoke(InvocableHandlerMethod.java:259)
	at org.springframework.web.method.support.InvocableHandlerMethod.invokeForRequest(InvocableHandlerMethod.java:192)
	at org.springframework.web.servlet.mvc.method.annotation.ServletInvocableHandlerMethod.invokeAndHandle(ServletInvocableHandlerMethod.java:118)
	at org.springframework.web.servlet.mvc.method.annotation.RequestMappingHandlerAdapter.invokeHandlerMethod(RequestMappingHandlerAdapter.java:920)
	at org.springframework.web.servlet.mvc.method.annotation.RequestMappingHandlerAdapter.handleInternal(RequestMappingHandlerAdapter.java:830)
	at org.springframework.web.servlet.mvc.method.AbstractHandlerMethodAdapter.handle(AbstractHandlerMethodAdapter.java:87)
	at org.springframework.web.servlet.DispatcherServlet.doDispatch(DispatcherServlet.java:1089)
	at org.springframework.web.servlet.DispatcherServlet.doService(DispatcherServlet.java:979)
	at org.springframework.web.servlet.FrameworkServlet.processRequest(FrameworkServlet.java:1014)
	at org.springframework.web.servlet.FrameworkServlet.doPost(FrameworkServlet.java:914)
	at jakarta.servlet.http.HttpServlet.service(HttpServlet.java:590)
	at org.springframework.web.servlet.FrameworkServlet.service(FrameworkServlet.java:885)
	at jakarta.servlet.http.HttpServlet.service(HttpServlet.java:658)
	at org.apache.catalina.core.ApplicationFilterChain.internalDoFilter(ApplicationFilterChain.java:205)
	at org.apache.catalina.core.ApplicationFilterChain.doFilter(ApplicationFilterChain.java:149)
	at org.apache.tomcat.websocket.server.WsFilter.doFilter(WsFilter.java:51)
	at org.apache.catalina.core.ApplicationFilterChain.internalDoFilter(ApplicationFilterChain.java:174)
	at org.apache.catalina.core.ApplicationFilterChain.doFilter(ApplicationFilterChain.java:149)
	at org.springframework.web.filter.OncePerRequestFilter.doFilter(OncePerRequestFilter.java:110)
	at org.apache.catalina.core.ApplicationFilterChain.internalDoFilter(ApplicationFilterChain.java:174)
	at org.apache.catalina.core.ApplicationFilterChain.doFilter(ApplicationFilterChain.java:149)
	at org.springframework.web.filter.CompositeFilter$VirtualFilterChain.doFilter(CompositeFilter.java:108)
	at org.springframework.security.web.FilterChainProxy.lambda$doFilterInternal$3(FilterChainProxy.java:231)
	at org.springframework.security.web.ObservationFilterChainDecorator$FilterObservation$SimpleFilterObservation.lambda$wrap$1(ObservationFilterChainDecorator.java:479)
	at org.springframework.security.web.ObservationFilterChainDecorator$AroundFilterObservation$SimpleAroundFilterObservation.lambda$wrap$1(ObservationFilterChainDecorator.java:340)
	at org.springframework.security.web.ObservationFilterChainDecorator.lambda$wrapSecured$0(ObservationFilterChainDecorator.java:82)
	at org.springframework.security.web.ObservationFilterChainDecorator$VirtualFilterChain.doFilter(ObservationFilterChainDecorator.java:128)
	at org.springframework.security.web.access.intercept.AuthorizationFilter.doFilter(AuthorizationFilter.java:100)
	at org.springframework.security.web.ObservationFilterChainDecorator$ObservationFilter.wrapFilter(ObservationFilterChainDecorator.java:240)
	at org.springframework.security.web.ObservationFilterChainDecorator$ObservationFilter.doFilter(ObservationFilterChainDecorator.java:227)
	at org.springframework.security.web.ObservationFilterChainDecorator$VirtualFilterChain.doFilter(ObservationFilterChainDecorator.java:137)
	at org.springframework.security.web.access.ExceptionTranslationFilter.doFilter(ExceptionTranslationFilter.java:126)
	at org.springframework.security.web.access.ExceptionTranslationFilter.doFilter(ExceptionTranslationFilter.java:120)
	at org.springframework.security.web.ObservationFilterChainDecorator$ObservationFilter.wrapFilter(ObservationFilterChainDecorator.java:240)
	at org.springframework.security.web.ObservationFilterChainDecorator$ObservationFilter.doFilter(ObservationFilterChainDecorator.java:227)
	at org.springframework.security.web.ObservationFilterChainDecorator$VirtualFilterChain.doFilter(ObservationFilterChainDecorator.java:137)
	at org.springframework.security.web.authentication.AnonymousAuthenticationFilter.doFilter(AnonymousAuthenticationFilter.java:100)
	at org.springframework.security.web.ObservationFilterChainDecorator$ObservationFilter.wrapFilter(ObservationFilterChainDecorator.java:240)
	at org.springframework.security.web.ObservationFilterChainDecorator$ObservationFilter.doFilter(ObservationFilterChainDecorator.java:227)
	at org.springframework.security.web.ObservationFilterChainDecorator$VirtualFilterChain.doFilter(ObservationFilterChainDecorator.java:137)
	at org.springframework.security.web.servletapi.SecurityContextHolderAwareRequestFilter.doFilter(SecurityContextHolderAwareRequestFilter.java:179)
	at org.springframework.security.web.ObservationFilterChainDecorator$ObservationFilter.wrapFilter(ObservationFilterChainDecorator.java:240)
	at org.springframework.security.web.ObservationFilterChainDecorator$ObservationFilter.doFilter(ObservationFilterChainDecorator.java:227)
	at org.springframework.security.web.ObservationFilterChainDecorator$VirtualFilterChain.doFilter(ObservationFilterChainDecorator.java:137)
	at org.springframework.security.web.savedrequest.RequestCacheAwareFilter.doFilter(RequestCacheAwareFilter.java:63)
	at org.springframework.security.web.ObservationFilterChainDecorator$ObservationFilter.wrapFilter(ObservationFilterChainDecorator.java:240)
	at org.springframework.security.web.ObservationFilterChainDecorator$ObservationFilter.doFilter(ObservationFilterChainDecorator.java:227)
	at org.springframework.security.web.ObservationFilterChainDecorator$VirtualFilterChain.doFilter(ObservationFilterChainDecorator.java:137)
	at com.microserviceone.users.core.config.internalSecurity.InternalJwtFilter.doFilterInternal(InternalJwtFilter.java:96)
	at org.springframework.web.filter.OncePerRequestFilter.doFilter(OncePerRequestFilter.java:116)
	at org.springframework.security.web.ObservationFilterChainDecorator$ObservationFilter.wrapFilter(ObservationFilterChainDecorator.java:240)
	at org.springframework.security.web.ObservationFilterChainDecorator$ObservationFilter.doFilter(ObservationFilterChainDecorator.java:227)
	at org.springframework.security.web.ObservationFilterChainDecorator$VirtualFilterChain.doFilter(ObservationFilterChainDecorator.java:137)
	at org.springframework.security.web.authentication.logout.LogoutFilter.doFilter(LogoutFilter.java:107)
	at org.springframework.security.web.authentication.logout.LogoutFilter.doFilter(LogoutFilter.java:93)
	at org.springframework.security.web.ObservationFilterChainDecorator$ObservationFilter.wrapFilter(ObservationFilterChainDecorator.java:240)
	at org.springframework.security.web.ObservationFilterChainDecorator$ObservationFilter.doFilter(ObservationFilterChainDecorator.java:227)
	at org.springframework.security.web.ObservationFilterChainDecorator$VirtualFilterChain.doFilter(ObservationFilterChainDecorator.java:137)
	at org.springframework.web.filter.CorsFilter.doFilterInternal(CorsFilter.java:91)
	at org.springframework.web.filter.OncePerRequestFilter.doFilter(OncePerRequestFilter.java:116)
	at org.springframework.security.web.ObservationFilterChainDecorator$ObservationFilter.wrapFilter(ObservationFilterChainDecorator.java:240)
	at org.springframework.security.web.ObservationFilterChainDecorator$ObservationFilter.doFilter(ObservationFilterChainDecorator.java:227)
	at org.springframework.security.web.ObservationFilterChainDecorator$VirtualFilterChain.doFilter(ObservationFilterChainDecorator.java:137)
	at org.springframework.security.web.header.HeaderWriterFilter.doHeadersAfter(HeaderWriterFilter.java:90)
	at org.springframework.security.web.header.HeaderWriterFilter.doFilterInternal(HeaderWriterFilter.java:75)
	at org.springframework.web.filter.OncePerRequestFilter.doFilter(OncePerRequestFilter.java:116)
	at org.springframework.security.web.ObservationFilterChainDecorator$ObservationFilter.wrapFilter(ObservationFilterChainDecorator.java:240)
	at org.springframework.security.web.ObservationFilterChainDecorator$ObservationFilter.doFilter(ObservationFilterChainDecorator.java:227)
	at org.springframework.security.web.ObservationFilterChainDecorator$VirtualFilterChain.doFilter(ObservationFilterChainDecorator.java:137)
	at org.springframework.security.web.context.SecurityContextHolderFilter.doFilter(SecurityContextHolderFilter.java:82)
	at org.springframework.security.web.context.SecurityContextHolderFilter.doFilter(SecurityContextHolderFilter.java:69)
	at org.springframework.security.web.ObservationFilterChainDecorator$ObservationFilter.wrapFilter(ObservationFilterChainDecorator.java:240)
	at org.springframework.security.web.ObservationFilterChainDecorator$ObservationFilter.doFilter(ObservationFilterChainDecorator.java:227)
	at org.springframework.security.web.ObservationFilterChainDecorator$VirtualFilterChain.doFilter(ObservationFilterChainDecorator.java:137)
	at org.springframework.security.web.context.request.async.WebAsyncManagerIntegrationFilter.doFilterInternal(WebAsyncManagerIntegrationFilter.java:62)
	at org.springframework.web.filter.OncePerRequestFilter.doFilter(OncePerRequestFilter.java:116)
	at org.springframework.security.web.ObservationFilterChainDecorator$ObservationFilter.wrapFilter(ObservationFilterChainDecorator.java:240)
	at org.springframework.security.web.ObservationFilterChainDecorator$ObservationFilter.doFilter(ObservationFilterChainDecorator.java:227)
	at org.springframework.security.web.ObservationFilterChainDecorator$VirtualFilterChain.doFilter(ObservationFilterChainDecorator.java:137)
	at org.springframework.security.web.session.DisableEncodeUrlFilter.doFilterInternal(DisableEncodeUrlFilter.java:42)
	at org.springframework.web.filter.OncePerRequestFilter.doFilter(OncePerRequestFilter.java:116)
	at org.springframework.security.web.ObservationFilterChainDecorator$ObservationFilter.wrapFilter(ObservationFilterChainDecorator.java:240)
	at org.springframework.security.web.ObservationFilterChainDecorator$AroundFilterObservation$SimpleAroundFilterObservation.lambda$wrap$0(ObservationFilterChainDecorator.java:323)
	at org.springframework.security.web.ObservationFilterChainDecorator$ObservationFilter.doFilter(ObservationFilterChainDecorator.java:224)
	at org.springframework.security.web.ObservationFilterChainDecorator$VirtualFilterChain.doFilter(ObservationFilterChainDecorator.java:137)
	at org.springframework.security.web.FilterChainProxy.doFilterInternal(FilterChainProxy.java:233)
	at org.springframework.security.web.FilterChainProxy.doFilter(FilterChainProxy.java:191)
	at org.springframework.web.filter.CompositeFilter$VirtualFilterChain.doFilter(CompositeFilter.java:113)
	at org.springframework.web.servlet.handler.HandlerMappingIntrospector.lambda$createCacheFilter$3(HandlerMappingIntrospector.java:195)
	at org.springframework.web.filter.CompositeFilter$VirtualFilterChain.doFilter(CompositeFilter.java:113)
	at org.springframework.web.filter.CompositeFilter.doFilter(CompositeFilter.java:74)
	at org.springframework.security.config.annotation.web.configuration.WebMvcSecurityConfiguration$CompositeFilterChainProxy.doFilter(WebMvcSecurityConfiguration.java:230)
	at org.springframework.web.filter.DelegatingFilterProxy.invokeDelegate(DelegatingFilterProxy.java:352)
	at org.springframework.web.filter.DelegatingFilterProxy.doFilter(DelegatingFilterProxy.java:268)
	at org.apache.catalina.core.ApplicationFilterChain.internalDoFilter(ApplicationFilterChain.java:174)
	at org.apache.catalina.core.ApplicationFilterChain.doFilter(ApplicationFilterChain.java:149)
	at org.springframework.web.filter.RequestContextFilter.doFilterInternal(RequestContextFilter.java:100)
	at org.springframework.web.filter.OncePerRequestFilter.doFilter(OncePerRequestFilter.java:116)
	at org.apache.catalina.core.ApplicationFilterChain.internalDoFilter(ApplicationFilterChain.java:174)
	at org.apache.catalina.core.ApplicationFilterChain.doFilter(ApplicationFilterChain.java:149)
	at org.springframework.web.filter.FormContentFilter.doFilterInternal(FormContentFilter.java:93)
	at org.springframework.web.filter.OncePerRequestFilter.doFilter(OncePerRequestFilter.java:116)
	at org.apache.catalina.core.ApplicationFilterChain.internalDoFilter(ApplicationFilterChain.java:174)
	at org.apache.catalina.core.ApplicationFilterChain.doFilter(ApplicationFilterChain.java:149)
	at org.springframework.web.filter.ServerHttpObservationFilter.doFilterInternal(ServerHttpObservationFilter.java:109)
	at org.springframework.web.filter.OncePerRequestFilter.doFilter(OncePerRequestFilter.java:116)
	at org.apache.catalina.core.ApplicationFilterChain.internalDoFilter(ApplicationFilterChain.java:174)
	at org.apache.catalina.core.ApplicationFilterChain.doFilter(ApplicationFilterChain.java:149)
	at org.springframework.web.filter.CharacterEncodingFilter.doFilterInternal(CharacterEncodingFilter.java:201)
	at org.springframework.web.filter.OncePerRequestFilter.doFilter(OncePerRequestFilter.java:116)
	at org.apache.catalina.core.ApplicationFilterChain.internalDoFilter(ApplicationFilterChain.java:174)
	at org.apache.catalina.core.ApplicationFilterChain.doFilter(ApplicationFilterChain.java:149)
	at org.apache.catalina.core.StandardWrapperValve.invoke(StandardWrapperValve.java:167)
	at org.apache.catalina.core.StandardContextValve.invoke(StandardContextValve.java:90)
	at org.apache.catalina.authenticator.AuthenticatorBase.invoke(AuthenticatorBase.java:482)
	at org.apache.catalina.core.StandardHostValve.invoke(StandardHostValve.java:115)
	at org.apache.catalina.valves.ErrorReportValve.invoke(ErrorReportValve.java:93)
	at org.apache.catalina.core.StandardEngineValve.invoke(StandardEngineValve.java:74)
	at org.apache.catalina.connector.CoyoteAdapter.service(CoyoteAdapter.java:344)
	at org.apache.coyote.http11.Http11Processor.service(Http11Processor.java:391)
	at org.apache.coyote.AbstractProcessorLight.process(AbstractProcessorLight.java:63)
	at org.apache.coyote.AbstractProtocol$ConnectionHandler.process(AbstractProtocol.java:896)
	at org.apache.tomcat.util.net.NioEndpoint$SocketProcessor.doRun(NioEndpoint.java:1744)
	at org.apache.tomcat.util.net.SocketProcessorBase.run(SocketProcessorBase.java:52)
	at org.apache.tomcat.util.threads.ThreadPoolExecutor.runWorker(ThreadPoolExecutor.java:1191)
	at org.apache.tomcat.util.threads.ThreadPoolExecutor$Worker.run(ThreadPoolExecutor.java:659)
	at org.apache.tomcat.util.threads.TaskThread$WrappingRunnable.run(TaskThread.java:63)
	at java.base/java.lang.Thread.run(Thread.java:840)
2025-07-11 11:11:02 [http-nio-8082-exec-7] INFO  c.m.u.core.logging.LoggingService - TermsService: Aceptación múltiple completada - UserID: 1, Términos aceptados: 0, Cantidad: 0
2025-07-11 11:11:02 [http-nio-8082-exec-5] INFO  c.m.u.core.logging.LoggingService - Términos y condiciones aceptados exitosamente para usuario ID: 1
2025-07-11 11:11:02 [http-nio-8082-exec-5] INFO  c.m.u.core.logging.LoggingService - Cliente registrado exitosamente - ID: 1, Email: sebasagudelo1012@gmail.com, Rol: CUSTOMER
2025-07-11 11:11:15 [http-nio-8082-exec-9] INFO  c.m.u.core.logging.LoggingService - Validando existencia de usuario con ID: 1
2025-07-11 11:11:15 [http-nio-8082-exec-9] INFO  c.m.u.core.logging.LoggingService - AdapterRegister: Buscando usuario en la base de datos por ID: 1
2025-07-11 11:11:15 [http-nio-8082-exec-9] INFO  c.m.u.core.logging.LoggingService - AdapterRegister: Buscando usuario en la base de datos por ID: 1
2025-07-11 11:11:15 [http-nio-8082-exec-9] INFO  c.m.u.core.logging.LoggingService - AdapterRegister: Actualizando usuario en la base de datos - ID: 1, Email: sebasagudelo1012@gmail.com
2025-07-11 11:15:03 [AsyncResolver-bootstrap-executor-0] INFO  c.n.d.s.r.aws.ConfigClusterResolver - Resolving eureka endpoints via configuration
2025-07-11 11:15:07 [SpringApplicationShutdownHook] INFO  c.netflix.discovery.DiscoveryClient - Saw local status change event StatusChangeEvent [timestamp=1752250507502, current=DOWN, previous=UP]
2025-07-11 11:15:07 [DiscoveryClient-InstanceInfoReplicator-0] INFO  c.netflix.discovery.DiscoveryClient - DiscoveryClient_USERS-SERVICE/192.168.41.141:users-service:8082: registering service...
2025-07-11 11:15:07 [DiscoveryClient-InstanceInfoReplicator-0] INFO  c.netflix.discovery.DiscoveryClient - DiscoveryClient_USERS-SERVICE/192.168.41.141:users-service:8082 - registration status: 204
2025-07-11 11:15:07 [SpringApplicationShutdownHook] INFO  c.netflix.discovery.DiscoveryClient - Shutting down DiscoveryClient ...
2025-07-11 11:15:10 [SpringApplicationShutdownHook] INFO  c.netflix.discovery.DiscoveryClient - Unregistering ...
2025-07-11 11:15:10 [SpringApplicationShutdownHook] INFO  c.n.d.s.t.d.RedirectingEurekaHttpClient - Request execution error. endpoint=DefaultEndpoint{ serviceUrl='http://localhost:8081/eureka/} exception=I/O error on DELETE request for "http://localhost:8081/eureka/apps/USERS-SERVICE/192.168.41.141:users-service:8082": Connect to http://localhost:8081 [localhost/127.0.0.1, localhost/0:0:0:0:0:0:0:1] failed: Conexión rehusada stacktrace=org.springframework.web.client.ResourceAccessException: I/O error on DELETE request for "http://localhost:8081/eureka/apps/USERS-SERVICE/192.168.41.141:users-service:8082": Connect to http://localhost:8081 [localhost/127.0.0.1, localhost/0:0:0:0:0:0:0:1] failed: Conexión rehusada
	at org.springframework.web.client.RestTemplate.createResourceAccessException(RestTemplate.java:915)
	at org.springframework.web.client.RestTemplate.doExecute(RestTemplate.java:895)
	at org.springframework.web.client.RestTemplate.execute(RestTemplate.java:790)
	at org.springframework.web.client.RestTemplate.exchange(RestTemplate.java:672)
	at org.springframework.cloud.netflix.eureka.http.RestTemplateEurekaHttpClient.cancel(RestTemplateEurekaHttpClient.java:87)
	at com.netflix.discovery.shared.transport.decorator.EurekaHttpClientDecorator$2.execute(EurekaHttpClientDecorator.java:74)
	at com.netflix.discovery.shared.transport.decorator.RedirectingEurekaHttpClient.execute(RedirectingEurekaHttpClient.java:91)
	at com.netflix.discovery.shared.transport.decorator.EurekaHttpClientDecorator.cancel(EurekaHttpClientDecorator.java:71)
	at com.netflix.discovery.shared.transport.decorator.EurekaHttpClientDecorator$2.execute(EurekaHttpClientDecorator.java:74)
	at com.netflix.discovery.shared.transport.decorator.RetryableEurekaHttpClient.execute(RetryableEurekaHttpClient.java:120)
	at com.netflix.discovery.shared.transport.decorator.EurekaHttpClientDecorator.cancel(EurekaHttpClientDecorator.java:71)
	at com.netflix.discovery.shared.transport.decorator.EurekaHttpClientDecorator$2.execute(EurekaHttpClientDecorator.java:74)
	at com.netflix.discovery.shared.transport.decorator.SessionedEurekaHttpClient.execute(SessionedEurekaHttpClient.java:77)
	at com.netflix.discovery.shared.transport.decorator.EurekaHttpClientDecorator.cancel(EurekaHttpClientDecorator.java:71)
	at com.netflix.discovery.DiscoveryClient.unregister(DiscoveryClient.java:916)
	at com.netflix.discovery.DiscoveryClient.shutdown(DiscoveryClient.java:892)
	at java.base/jdk.internal.reflect.NativeMethodAccessorImpl.invoke0(Native Method)
	at java.base/jdk.internal.reflect.NativeMethodAccessorImpl.invoke(NativeMethodAccessorImpl.java:77)
	at java.base/jdk.internal.reflect.DelegatingMethodAccessorImpl.invoke(DelegatingMethodAccessorImpl.java:43)
	at java.base/java.lang.reflect.Method.invoke(Method.java:569)
	at org.springframework.beans.factory.annotation.InitDestroyAnnotationBeanPostProcessor$LifecycleMethod.invoke(InitDestroyAnnotationBeanPostProcessor.java:457)
	at org.springframework.beans.factory.annotation.InitDestroyAnnotationBeanPostProcessor$LifecycleMetadata.invokeDestroyMethods(InitDestroyAnnotationBeanPostProcessor.java:415)
	at org.springframework.beans.factory.annotation.InitDestroyAnnotationBeanPostProcessor.postProcessBeforeDestruction(InitDestroyAnnotationBeanPostProcessor.java:239)
	at org.springframework.beans.factory.support.DisposableBeanAdapter.destroy(DisposableBeanAdapter.java:202)
	at org.springframework.beans.factory.support.DisposableBeanAdapter.run(DisposableBeanAdapter.java:195)
	at org.springframework.cloud.context.scope.GenericScope$BeanLifecycleWrapper.destroy(GenericScope.java:389)
	at org.springframework.cloud.context.scope.GenericScope.destroy(GenericScope.java:136)
	at org.springframework.beans.factory.support.DisposableBeanAdapter.destroy(DisposableBeanAdapter.java:211)
	at org.springframework.beans.factory.support.DefaultSingletonBeanRegistry.destroyBean(DefaultSingletonBeanRegistry.java:587)
	at org.springframework.beans.factory.support.DefaultSingletonBeanRegistry.destroySingleton(DefaultSingletonBeanRegistry.java:559)
	at org.springframework.beans.factory.support.DefaultListableBeanFactory.destroySingleton(DefaultListableBeanFactory.java:1202)
	at org.springframework.beans.factory.support.DefaultSingletonBeanRegistry.destroySingletons(DefaultSingletonBeanRegistry.java:520)
	at org.springframework.beans.factory.support.DefaultListableBeanFactory.destroySingletons(DefaultListableBeanFactory.java:1195)
	at org.springframework.context.support.AbstractApplicationContext.destroyBeans(AbstractApplicationContext.java:1183)
	at org.springframework.context.support.AbstractApplicationContext.doClose(AbstractApplicationContext.java:1144)
	at org.springframework.boot.web.servlet.context.ServletWebServerApplicationContext.doClose(ServletWebServerApplicationContext.java:174)
	at org.springframework.context.support.AbstractApplicationContext.close(AbstractApplicationContext.java:1090)
	at org.springframework.boot.SpringApplicationShutdownHook.closeAndWait(SpringApplicationShutdownHook.java:145)
	at java.base/java.lang.Iterable.forEach(Iterable.java:75)
	at org.springframework.boot.SpringApplicationShutdownHook.run(SpringApplicationShutdownHook.java:114)
	at java.base/java.lang.Thread.run(Thread.java:840)
Caused by: org.apache.hc.client5.http.HttpHostConnectException: Connect to http://localhost:8081 [localhost/127.0.0.1, localhost/0:0:0:0:0:0:0:1] failed: Conexión rehusada
	at java.base/sun.nio.ch.Net.pollConnect(Native Method)
	at java.base/sun.nio.ch.Net.pollConnectNow(Net.java:672)
	at java.base/sun.nio.ch.NioSocketImpl.timedFinishConnect(NioSocketImpl.java:547)
	at java.base/sun.nio.ch.NioSocketImpl.connect(NioSocketImpl.java:602)
	at java.base/java.net.SocksSocketImpl.connect(SocksSocketImpl.java:327)
	at java.base/java.net.Socket.connect(Socket.java:633)
	at org.apache.hc.client5.http.socket.PlainConnectionSocketFactory.lambda$connectSocket$0(PlainConnectionSocketFactory.java:91)
	at java.base/java.security.AccessController.doPrivileged(AccessController.java:569)
	at org.apache.hc.client5.http.socket.PlainConnectionSocketFactory.connectSocket(PlainConnectionSocketFactory.java:90)
	at org.apache.hc.client5.http.socket.ConnectionSocketFactory.connectSocket(ConnectionSocketFactory.java:123)
	at org.apache.hc.client5.http.impl.io.DefaultHttpClientConnectionOperator.connect(DefaultHttpClientConnectionOperator.java:184)
	at org.apache.hc.client5.http.impl.io.PoolingHttpClientConnectionManager.connect(PoolingHttpClientConnectionManager.java:447)
	at org.apache.hc.client5.http.impl.classic.InternalExecRuntime.connectEndpoint(InternalExecRuntime.java:162)
	at org.apache.hc.client5.http.impl.classic.InternalExecRuntime.connectEndpoint(InternalExecRuntime.java:172)
	at org.apache.hc.client5.http.impl.classic.ConnectExec.execute(ConnectExec.java:142)
	at org.apache.hc.client5.http.impl.classic.ExecChainElement.execute(ExecChainElement.java:51)
	at org.apache.hc.client5.http.impl.classic.ProtocolExec.execute(ProtocolExec.java:192)
	at org.apache.hc.client5.http.impl.classic.ExecChainElement.execute(ExecChainElement.java:51)
	at org.apache.hc.client5.http.impl.classic.HttpRequestRetryExec.execute(HttpRequestRetryExec.java:96)
	at org.apache.hc.client5.http.impl.classic.ExecChainElement.execute(ExecChainElement.java:51)
	at org.apache.hc.client5.http.impl.classic.ContentCompressionExec.execute(ContentCompressionExec.java:152)
	at org.apache.hc.client5.http.impl.classic.ExecChainElement.execute(ExecChainElement.java:51)
	at org.apache.hc.client5.http.impl.classic.RedirectExec.execute(RedirectExec.java:115)
	at org.apache.hc.client5.http.impl.classic.ExecChainElement.execute(ExecChainElement.java:51)
	at org.apache.hc.client5.http.impl.classic.InternalHttpClient.doExecute(InternalHttpClient.java:170)
	at org.apache.hc.client5.http.impl.classic.CloseableHttpClient.execute(CloseableHttpClient.java:87)
	at org.apache.hc.client5.http.impl.classic.CloseableHttpClient.execute(CloseableHttpClient.java:55)
	at org.apache.hc.client5.http.classic.HttpClient.executeOpen(HttpClient.java:183)
	at org.springframework.http.client.HttpComponentsClientHttpRequest.executeInternal(HttpComponentsClientHttpRequest.java:95)
	at org.springframework.http.client.AbstractStreamingClientHttpRequest.executeInternal(AbstractStreamingClientHttpRequest.java:70)
	at org.springframework.http.client.AbstractClientHttpRequest.execute(AbstractClientHttpRequest.java:66)
	at org.springframework.http.client.InterceptingClientHttpRequest$InterceptingRequestExecution.execute(InterceptingClientHttpRequest.java:112)
	at org.springframework.cloud.netflix.eureka.http.RestTemplateTransportClientFactory.lambda$restTemplate$0(RestTemplateTransportClientFactory.java:143)
	at org.springframework.http.client.InterceptingClientHttpRequest$InterceptingRequestExecution.execute(InterceptingClientHttpRequest.java:88)
	at org.springframework.http.client.InterceptingClientHttpRequest.executeInternal(InterceptingClientHttpRequest.java:72)
	at org.springframework.http.client.AbstractBufferingClientHttpRequest.executeInternal(AbstractBufferingClientHttpRequest.java:48)
	at org.springframework.http.client.AbstractClientHttpRequest.execute(AbstractClientHttpRequest.java:66)
	at org.springframework.web.client.RestTemplate.doExecute(RestTemplate.java:889)
	... 39 more

2025-07-11 11:15:10 [SpringApplicationShutdownHook] WARN  c.n.d.s.t.d.RetryableEurekaHttpClient - Request execution failed with message: I/O error on DELETE request for "http://localhost:8081/eureka/apps/USERS-SERVICE/192.168.41.141:users-service:8082": Connect to http://localhost:8081 [localhost/127.0.0.1, localhost/0:0:0:0:0:0:0:1] failed: Conexión rehusada
2025-07-11 11:15:10 [SpringApplicationShutdownHook] INFO  c.n.d.s.t.d.RedirectingEurekaHttpClient - Request execution error. endpoint=DefaultEndpoint{ serviceUrl='http://localhost:8081/eureka/}, exception=I/O error on DELETE request for "http://localhost:8081/eureka/apps/USERS-SERVICE/192.168.41.141:users-service:8082": Connect to http://localhost:8081 [localhost/127.0.0.1, localhost/0:0:0:0:0:0:0:1] failed: Conexión rehusada stacktrace=org.springframework.web.client.ResourceAccessException: I/O error on DELETE request for "http://localhost:8081/eureka/apps/USERS-SERVICE/192.168.41.141:users-service:8082": Connect to http://localhost:8081 [localhost/127.0.0.1, localhost/0:0:0:0:0:0:0:1] failed: Conexión rehusada
	at org.springframework.web.client.RestTemplate.createResourceAccessException(RestTemplate.java:915)
	at org.springframework.web.client.RestTemplate.doExecute(RestTemplate.java:895)
	at org.springframework.web.client.RestTemplate.execute(RestTemplate.java:790)
	at org.springframework.web.client.RestTemplate.exchange(RestTemplate.java:672)
	at org.springframework.cloud.netflix.eureka.http.RestTemplateEurekaHttpClient.cancel(RestTemplateEurekaHttpClient.java:87)
	at com.netflix.discovery.shared.transport.decorator.EurekaHttpClientDecorator$2.execute(EurekaHttpClientDecorator.java:74)
	at com.netflix.discovery.shared.transport.decorator.RedirectingEurekaHttpClient.executeOnNewServer(RedirectingEurekaHttpClient.java:121)
	at com.netflix.discovery.shared.transport.decorator.RedirectingEurekaHttpClient.execute(RedirectingEurekaHttpClient.java:80)
	at com.netflix.discovery.shared.transport.decorator.EurekaHttpClientDecorator.cancel(EurekaHttpClientDecorator.java:71)
	at com.netflix.discovery.shared.transport.decorator.EurekaHttpClientDecorator$2.execute(EurekaHttpClientDecorator.java:74)
	at com.netflix.discovery.shared.transport.decorator.RetryableEurekaHttpClient.execute(RetryableEurekaHttpClient.java:120)
	at com.netflix.discovery.shared.transport.decorator.EurekaHttpClientDecorator.cancel(EurekaHttpClientDecorator.java:71)
	at com.netflix.discovery.shared.transport.decorator.EurekaHttpClientDecorator$2.execute(EurekaHttpClientDecorator.java:74)
	at com.netflix.discovery.shared.transport.decorator.SessionedEurekaHttpClient.execute(SessionedEurekaHttpClient.java:77)
	at com.netflix.discovery.shared.transport.decorator.EurekaHttpClientDecorator.cancel(EurekaHttpClientDecorator.java:71)
	at com.netflix.discovery.DiscoveryClient.unregister(DiscoveryClient.java:916)
	at com.netflix.discovery.DiscoveryClient.shutdown(DiscoveryClient.java:892)
	at java.base/jdk.internal.reflect.NativeMethodAccessorImpl.invoke0(Native Method)
	at java.base/jdk.internal.reflect.NativeMethodAccessorImpl.invoke(NativeMethodAccessorImpl.java:77)
	at java.base/jdk.internal.reflect.DelegatingMethodAccessorImpl.invoke(DelegatingMethodAccessorImpl.java:43)
	at java.base/java.lang.reflect.Method.invoke(Method.java:569)
	at org.springframework.beans.factory.annotation.InitDestroyAnnotationBeanPostProcessor$LifecycleMethod.invoke(InitDestroyAnnotationBeanPostProcessor.java:457)
	at org.springframework.beans.factory.annotation.InitDestroyAnnotationBeanPostProcessor$LifecycleMetadata.invokeDestroyMethods(InitDestroyAnnotationBeanPostProcessor.java:415)
	at org.springframework.beans.factory.annotation.InitDestroyAnnotationBeanPostProcessor.postProcessBeforeDestruction(InitDestroyAnnotationBeanPostProcessor.java:239)
	at org.springframework.beans.factory.support.DisposableBeanAdapter.destroy(DisposableBeanAdapter.java:202)
	at org.springframework.beans.factory.support.DisposableBeanAdapter.run(DisposableBeanAdapter.java:195)
	at org.springframework.cloud.context.scope.GenericScope$BeanLifecycleWrapper.destroy(GenericScope.java:389)
	at org.springframework.cloud.context.scope.GenericScope.destroy(GenericScope.java:136)
	at org.springframework.beans.factory.support.DisposableBeanAdapter.destroy(DisposableBeanAdapter.java:211)
	at org.springframework.beans.factory.support.DefaultSingletonBeanRegistry.destroyBean(DefaultSingletonBeanRegistry.java:587)
	at org.springframework.beans.factory.support.DefaultSingletonBeanRegistry.destroySingleton(DefaultSingletonBeanRegistry.java:559)
	at org.springframework.beans.factory.support.DefaultListableBeanFactory.destroySingleton(DefaultListableBeanFactory.java:1202)
	at org.springframework.beans.factory.support.DefaultSingletonBeanRegistry.destroySingletons(DefaultSingletonBeanRegistry.java:520)
	at org.springframework.beans.factory.support.DefaultListableBeanFactory.destroySingletons(DefaultListableBeanFactory.java:1195)
	at org.springframework.context.support.AbstractApplicationContext.destroyBeans(AbstractApplicationContext.java:1183)
	at org.springframework.context.support.AbstractApplicationContext.doClose(AbstractApplicationContext.java:1144)
	at org.springframework.boot.web.servlet.context.ServletWebServerApplicationContext.doClose(ServletWebServerApplicationContext.java:174)
	at org.springframework.context.support.AbstractApplicationContext.close(AbstractApplicationContext.java:1090)
	at org.springframework.boot.SpringApplicationShutdownHook.closeAndWait(SpringApplicationShutdownHook.java:145)
	at java.base/java.lang.Iterable.forEach(Iterable.java:75)
	at org.springframework.boot.SpringApplicationShutdownHook.run(SpringApplicationShutdownHook.java:114)
	at java.base/java.lang.Thread.run(Thread.java:840)
Caused by: org.apache.hc.client5.http.HttpHostConnectException: Connect to http://localhost:8081 [localhost/127.0.0.1, localhost/0:0:0:0:0:0:0:1] failed: Conexión rehusada
	at java.base/sun.nio.ch.Net.pollConnect(Native Method)
	at java.base/sun.nio.ch.Net.pollConnectNow(Net.java:672)
	at java.base/sun.nio.ch.NioSocketImpl.timedFinishConnect(NioSocketImpl.java:547)
	at java.base/sun.nio.ch.NioSocketImpl.connect(NioSocketImpl.java:602)
	at java.base/java.net.SocksSocketImpl.connect(SocksSocketImpl.java:327)
	at java.base/java.net.Socket.connect(Socket.java:633)
	at org.apache.hc.client5.http.socket.PlainConnectionSocketFactory.lambda$connectSocket$0(PlainConnectionSocketFactory.java:91)
	at java.base/java.security.AccessController.doPrivileged(AccessController.java:569)
	at org.apache.hc.client5.http.socket.PlainConnectionSocketFactory.connectSocket(PlainConnectionSocketFactory.java:90)
	at org.apache.hc.client5.http.socket.ConnectionSocketFactory.connectSocket(ConnectionSocketFactory.java:123)
	at org.apache.hc.client5.http.impl.io.DefaultHttpClientConnectionOperator.connect(DefaultHttpClientConnectionOperator.java:184)
	at org.apache.hc.client5.http.impl.io.PoolingHttpClientConnectionManager.connect(PoolingHttpClientConnectionManager.java:447)
	at org.apache.hc.client5.http.impl.classic.InternalExecRuntime.connectEndpoint(InternalExecRuntime.java:162)
	at org.apache.hc.client5.http.impl.classic.InternalExecRuntime.connectEndpoint(InternalExecRuntime.java:172)
	at org.apache.hc.client5.http.impl.classic.ConnectExec.execute(ConnectExec.java:142)
	at org.apache.hc.client5.http.impl.classic.ExecChainElement.execute(ExecChainElement.java:51)
	at org.apache.hc.client5.http.impl.classic.ProtocolExec.execute(ProtocolExec.java:192)
	at org.apache.hc.client5.http.impl.classic.ExecChainElement.execute(ExecChainElement.java:51)
	at org.apache.hc.client5.http.impl.classic.HttpRequestRetryExec.execute(HttpRequestRetryExec.java:96)
	at org.apache.hc.client5.http.impl.classic.ExecChainElement.execute(ExecChainElement.java:51)
	at org.apache.hc.client5.http.impl.classic.ContentCompressionExec.execute(ContentCompressionExec.java:152)
	at org.apache.hc.client5.http.impl.classic.ExecChainElement.execute(ExecChainElement.java:51)
	at org.apache.hc.client5.http.impl.classic.RedirectExec.execute(RedirectExec.java:115)
	at org.apache.hc.client5.http.impl.classic.ExecChainElement.execute(ExecChainElement.java:51)
	at org.apache.hc.client5.http.impl.classic.InternalHttpClient.doExecute(InternalHttpClient.java:170)
	at org.apache.hc.client5.http.impl.classic.CloseableHttpClient.execute(CloseableHttpClient.java:87)
	at org.apache.hc.client5.http.impl.classic.CloseableHttpClient.execute(CloseableHttpClient.java:55)
	at org.apache.hc.client5.http.classic.HttpClient.executeOpen(HttpClient.java:183)
	at org.springframework.http.client.HttpComponentsClientHttpRequest.executeInternal(HttpComponentsClientHttpRequest.java:95)
	at org.springframework.http.client.AbstractStreamingClientHttpRequest.executeInternal(AbstractStreamingClientHttpRequest.java:70)
	at org.springframework.http.client.AbstractClientHttpRequest.execute(AbstractClientHttpRequest.java:66)
	at org.springframework.http.client.InterceptingClientHttpRequest$InterceptingRequestExecution.execute(InterceptingClientHttpRequest.java:112)
	at org.springframework.cloud.netflix.eureka.http.RestTemplateTransportClientFactory.lambda$restTemplate$0(RestTemplateTransportClientFactory.java:143)
	at org.springframework.http.client.InterceptingClientHttpRequest$InterceptingRequestExecution.execute(InterceptingClientHttpRequest.java:88)
	at org.springframework.http.client.InterceptingClientHttpRequest.executeInternal(InterceptingClientHttpRequest.java:72)
	at org.springframework.http.client.AbstractBufferingClientHttpRequest.executeInternal(AbstractBufferingClientHttpRequest.java:48)
	at org.springframework.http.client.AbstractClientHttpRequest.execute(AbstractClientHttpRequest.java:66)
	at org.springframework.web.client.RestTemplate.doExecute(RestTemplate.java:889)
	... 40 more

2025-07-11 11:15:10 [SpringApplicationShutdownHook] WARN  c.n.d.s.t.d.RetryableEurekaHttpClient - Request execution failed with message: I/O error on DELETE request for "http://localhost:8081/eureka/apps/USERS-SERVICE/192.168.41.141:users-service:8082": Connect to http://localhost:8081 [localhost/127.0.0.1, localhost/0:0:0:0:0:0:0:1] failed: Conexión rehusada
2025-07-11 11:15:10 [SpringApplicationShutdownHook] ERROR c.netflix.discovery.DiscoveryClient - DiscoveryClient_USERS-SERVICE/192.168.41.141:users-service:8082 - de-registration failedCannot execute request on any known server
com.netflix.discovery.shared.transport.TransportException: Cannot execute request on any known server
	at com.netflix.discovery.shared.transport.decorator.RetryableEurekaHttpClient.execute(RetryableEurekaHttpClient.java:112)
	at com.netflix.discovery.shared.transport.decorator.EurekaHttpClientDecorator.cancel(EurekaHttpClientDecorator.java:71)
	at com.netflix.discovery.shared.transport.decorator.EurekaHttpClientDecorator$2.execute(EurekaHttpClientDecorator.java:74)
	at com.netflix.discovery.shared.transport.decorator.SessionedEurekaHttpClient.execute(SessionedEurekaHttpClient.java:77)
	at com.netflix.discovery.shared.transport.decorator.EurekaHttpClientDecorator.cancel(EurekaHttpClientDecorator.java:71)
	at com.netflix.discovery.DiscoveryClient.unregister(DiscoveryClient.java:916)
	at com.netflix.discovery.DiscoveryClient.shutdown(DiscoveryClient.java:892)
	at java.base/jdk.internal.reflect.NativeMethodAccessorImpl.invoke0(Native Method)
	at java.base/jdk.internal.reflect.NativeMethodAccessorImpl.invoke(NativeMethodAccessorImpl.java:77)
	at java.base/jdk.internal.reflect.DelegatingMethodAccessorImpl.invoke(DelegatingMethodAccessorImpl.java:43)
	at java.base/java.lang.reflect.Method.invoke(Method.java:569)
	at org.springframework.beans.factory.annotation.InitDestroyAnnotationBeanPostProcessor$LifecycleMethod.invoke(InitDestroyAnnotationBeanPostProcessor.java:457)
	at org.springframework.beans.factory.annotation.InitDestroyAnnotationBeanPostProcessor$LifecycleMetadata.invokeDestroyMethods(InitDestroyAnnotationBeanPostProcessor.java:415)
	at org.springframework.beans.factory.annotation.InitDestroyAnnotationBeanPostProcessor.postProcessBeforeDestruction(InitDestroyAnnotationBeanPostProcessor.java:239)
	at org.springframework.beans.factory.support.DisposableBeanAdapter.destroy(DisposableBeanAdapter.java:202)
	at org.springframework.beans.factory.support.DisposableBeanAdapter.run(DisposableBeanAdapter.java:195)
	at org.springframework.cloud.context.scope.GenericScope$BeanLifecycleWrapper.destroy(GenericScope.java:389)
	at org.springframework.cloud.context.scope.GenericScope.destroy(GenericScope.java:136)
	at org.springframework.beans.factory.support.DisposableBeanAdapter.destroy(DisposableBeanAdapter.java:211)
	at org.springframework.beans.factory.support.DefaultSingletonBeanRegistry.destroyBean(DefaultSingletonBeanRegistry.java:587)
	at org.springframework.beans.factory.support.DefaultSingletonBeanRegistry.destroySingleton(DefaultSingletonBeanRegistry.java:559)
	at org.springframework.beans.factory.support.DefaultListableBeanFactory.destroySingleton(DefaultListableBeanFactory.java:1202)
	at org.springframework.beans.factory.support.DefaultSingletonBeanRegistry.destroySingletons(DefaultSingletonBeanRegistry.java:520)
	at org.springframework.beans.factory.support.DefaultListableBeanFactory.destroySingletons(DefaultListableBeanFactory.java:1195)
	at org.springframework.context.support.AbstractApplicationContext.destroyBeans(AbstractApplicationContext.java:1183)
	at org.springframework.context.support.AbstractApplicationContext.doClose(AbstractApplicationContext.java:1144)
	at org.springframework.boot.web.servlet.context.ServletWebServerApplicationContext.doClose(ServletWebServerApplicationContext.java:174)
	at org.springframework.context.support.AbstractApplicationContext.close(AbstractApplicationContext.java:1090)
	at org.springframework.boot.SpringApplicationShutdownHook.closeAndWait(SpringApplicationShutdownHook.java:145)
	at java.base/java.lang.Iterable.forEach(Iterable.java:75)
	at org.springframework.boot.SpringApplicationShutdownHook.run(SpringApplicationShutdownHook.java:114)
	at java.base/java.lang.Thread.run(Thread.java:840)
2025-07-11 11:15:10 [SpringApplicationShutdownHook] INFO  c.netflix.discovery.DiscoveryClient - Completed shut down of DiscoveryClient
2025-07-11 11:55:05 [restartedMain] INFO  c.m.users.UsersApplication - Starting UsersApplication using Java 17.0.15 with PID 27928 (/home/sebastian/Documentos/stranger-drug/users/target/classes started by sebastian in /home/sebastian/Documentos/stranger-drug/users)
2025-07-11 11:55:05 [restartedMain] INFO  c.m.users.UsersApplication - The following 5 profiles are active: "common", "database", "email", "logging", "security"
2025-07-11 11:55:06 [restartedMain] WARN  o.s.c.s.PostProcessorRegistrationDelegate$BeanPostProcessorChecker - Bean 'org.springframework.cloud.client.loadbalancer.LoadBalancerAutoConfiguration$LoadBalancerInterceptorConfig' of type [org.springframework.cloud.client.loadbalancer.LoadBalancerAutoConfiguration$LoadBalancerInterceptorConfig] is not eligible for getting processed by all BeanPostProcessors (for example: not eligible for auto-proxying). The currently created BeanPostProcessor [lbRestClientPostProcessor] is declared through a non-static factory method on that class; consider declaring it as static instead.
2025-07-11 11:55:06 [restartedMain] WARN  o.s.c.s.PostProcessorRegistrationDelegate$BeanPostProcessorChecker - Bean 'org.springframework.cloud.loadbalancer.config.BlockingLoadBalancerClientAutoConfiguration' of type [org.springframework.cloud.loadbalancer.config.BlockingLoadBalancerClientAutoConfiguration] is not eligible for getting processed by all BeanPostProcessors (for example: not eligible for auto-proxying). Is this bean getting eagerly injected into a currently created BeanPostProcessor [lbRestClientPostProcessor]? Check the corresponding BeanPostProcessor declaration and its dependencies.
2025-07-11 11:55:06 [restartedMain] WARN  o.s.c.s.PostProcessorRegistrationDelegate$BeanPostProcessorChecker - Bean 'org.springframework.cloud.loadbalancer.config.LoadBalancerAutoConfiguration' of type [org.springframework.cloud.loadbalancer.config.LoadBalancerAutoConfiguration] is not eligible for getting processed by all BeanPostProcessors (for example: not eligible for auto-proxying). Is this bean getting eagerly injected into a currently created BeanPostProcessor [lbRestClientPostProcessor]? Check the corresponding BeanPostProcessor declaration and its dependencies.
2025-07-11 11:55:06 [restartedMain] WARN  o.s.c.s.PostProcessorRegistrationDelegate$BeanPostProcessorChecker - Bean 'org.springframework.cloud.commons.config.CommonsConfigAutoConfiguration' of type [org.springframework.cloud.commons.config.CommonsConfigAutoConfiguration] is not eligible for getting processed by all BeanPostProcessors (for example: not eligible for auto-proxying). Is this bean getting eagerly injected into a currently created BeanPostProcessor [lbRestClientPostProcessor]? Check the corresponding BeanPostProcessor declaration and its dependencies.
2025-07-11 11:55:06 [restartedMain] WARN  o.s.c.s.PostProcessorRegistrationDelegate$BeanPostProcessorChecker - Bean 'org.springframework.cloud.client.loadbalancer.LoadBalancerDefaultMappingsProviderAutoConfiguration' of type [org.springframework.cloud.client.loadbalancer.LoadBalancerDefaultMappingsProviderAutoConfiguration] is not eligible for getting processed by all BeanPostProcessors (for example: not eligible for auto-proxying). Is this bean getting eagerly injected into a currently created BeanPostProcessor [lbRestClientPostProcessor]? Check the corresponding BeanPostProcessor declaration and its dependencies.
2025-07-11 11:55:06 [restartedMain] WARN  o.s.c.s.PostProcessorRegistrationDelegate$BeanPostProcessorChecker - Bean 'loadBalancerClientsDefaultsMappingsProvider' of type [org.springframework.cloud.client.loadbalancer.LoadBalancerDefaultMappingsProviderAutoConfiguration$$Lambda$762/0x00007fd910567da8] is not eligible for getting processed by all BeanPostProcessors (for example: not eligible for auto-proxying). Is this bean getting eagerly injected into a currently created BeanPostProcessor [lbRestClientPostProcessor]? Check the corresponding BeanPostProcessor declaration and its dependencies.
2025-07-11 11:55:06 [restartedMain] WARN  o.s.c.s.PostProcessorRegistrationDelegate$BeanPostProcessorChecker - Bean 'defaultsBindHandlerAdvisor' of type [org.springframework.cloud.commons.config.DefaultsBindHandlerAdvisor] is not eligible for getting processed by all BeanPostProcessors (for example: not eligible for auto-proxying). Is this bean getting eagerly injected into a currently created BeanPostProcessor [lbRestClientPostProcessor]? Check the corresponding BeanPostProcessor declaration and its dependencies.
2025-07-11 11:55:06 [restartedMain] WARN  o.s.c.s.PostProcessorRegistrationDelegate$BeanPostProcessorChecker - Bean 'spring.cloud.loadbalancer-org.springframework.cloud.client.loadbalancer.LoadBalancerClientsProperties' of type [org.springframework.cloud.client.loadbalancer.LoadBalancerClientsProperties] is not eligible for getting processed by all BeanPostProcessors (for example: not eligible for auto-proxying). Is this bean getting eagerly injected into a currently created BeanPostProcessor [lbRestClientPostProcessor]? Check the corresponding BeanPostProcessor declaration and its dependencies.
2025-07-11 11:55:06 [restartedMain] WARN  o.s.c.s.PostProcessorRegistrationDelegate$BeanPostProcessorChecker - Bean 'default.org.springframework.cloud.loadbalancer.config.LoadBalancerAutoConfiguration.LoadBalancerClientSpecification' of type [org.springframework.cloud.loadbalancer.annotation.LoadBalancerClientSpecification] is not eligible for getting processed by all BeanPostProcessors (for example: not eligible for auto-proxying). Is this bean getting eagerly injected into a currently created BeanPostProcessor [lbRestClientPostProcessor]? Check the corresponding BeanPostProcessor declaration and its dependencies.
2025-07-11 11:55:06 [restartedMain] WARN  o.s.c.s.PostProcessorRegistrationDelegate$BeanPostProcessorChecker - Bean 'default.org.springframework.cloud.loadbalancer.config.BlockingLoadBalancerClientAutoConfiguration.LoadBalancerClientSpecification' of type [org.springframework.cloud.loadbalancer.annotation.LoadBalancerClientSpecification] is not eligible for getting processed by all BeanPostProcessors (for example: not eligible for auto-proxying). Is this bean getting eagerly injected into a currently created BeanPostProcessor [lbRestClientPostProcessor]? Check the corresponding BeanPostProcessor declaration and its dependencies.
2025-07-11 11:55:06 [restartedMain] WARN  o.s.c.s.PostProcessorRegistrationDelegate$BeanPostProcessorChecker - Bean 'default.org.springframework.cloud.netflix.eureka.loadbalancer.LoadBalancerEurekaAutoConfiguration.LoadBalancerClientSpecification' of type [org.springframework.cloud.loadbalancer.annotation.LoadBalancerClientSpecification] is not eligible for getting processed by all BeanPostProcessors (for example: not eligible for auto-proxying). Is this bean getting eagerly injected into a currently created BeanPostProcessor [lbRestClientPostProcessor]? Check the corresponding BeanPostProcessor declaration and its dependencies.
2025-07-11 11:55:06 [restartedMain] WARN  o.s.c.s.PostProcessorRegistrationDelegate$BeanPostProcessorChecker - Bean 'loadBalancerClientFactory' of type [org.springframework.cloud.loadbalancer.support.LoadBalancerClientFactory] is not eligible for getting processed by all BeanPostProcessors (for example: not eligible for auto-proxying). Is this bean getting eagerly injected into a currently created BeanPostProcessor [lbRestClientPostProcessor]? Check the corresponding BeanPostProcessor declaration and its dependencies.
2025-07-11 11:55:06 [restartedMain] WARN  o.s.c.s.PostProcessorRegistrationDelegate$BeanPostProcessorChecker - Bean 'blockingLoadBalancerClient' of type [org.springframework.cloud.loadbalancer.blocking.client.BlockingLoadBalancerClient] is not eligible for getting processed by all BeanPostProcessors (for example: not eligible for auto-proxying). Is this bean getting eagerly injected into a currently created BeanPostProcessor [lbRestClientPostProcessor]? Check the corresponding BeanPostProcessor declaration and its dependencies.
2025-07-11 11:55:06 [restartedMain] WARN  o.s.c.s.PostProcessorRegistrationDelegate$BeanPostProcessorChecker - Bean 'loadBalancerServiceInstanceCookieTransformer' of type [org.springframework.cloud.loadbalancer.core.LoadBalancerServiceInstanceCookieTransformer] is not eligible for getting processed by all BeanPostProcessors (for example: not eligible for auto-proxying). Is this bean getting eagerly injected into a currently created BeanPostProcessor [lbRestClientPostProcessor]? Check the corresponding BeanPostProcessor declaration and its dependencies.
2025-07-11 11:55:06 [restartedMain] WARN  o.s.c.s.PostProcessorRegistrationDelegate$BeanPostProcessorChecker - Bean 'xForwarderHeadersTransformer' of type [org.springframework.cloud.loadbalancer.blocking.XForwardedHeadersTransformer] is not eligible for getting processed by all BeanPostProcessors (for example: not eligible for auto-proxying). Is this bean getting eagerly injected into a currently created BeanPostProcessor [lbRestClientPostProcessor]? Check the corresponding BeanPostProcessor declaration and its dependencies.
2025-07-11 11:55:06 [restartedMain] WARN  o.s.c.s.PostProcessorRegistrationDelegate$BeanPostProcessorChecker - Bean 'org.springframework.cloud.client.loadbalancer.LoadBalancerAutoConfiguration' of type [org.springframework.cloud.client.loadbalancer.LoadBalancerAutoConfiguration] is not eligible for getting processed by all BeanPostProcessors (for example: not eligible for auto-proxying). Is this bean getting eagerly injected into a currently created BeanPostProcessor [lbRestClientPostProcessor]? Check the corresponding BeanPostProcessor declaration and its dependencies.
2025-07-11 11:55:06 [restartedMain] WARN  o.s.c.s.PostProcessorRegistrationDelegate$BeanPostProcessorChecker - Bean 'loadBalancerRequestFactory' of type [org.springframework.cloud.client.loadbalancer.LoadBalancerRequestFactory] is not eligible for getting processed by all BeanPostProcessors (for example: not eligible for auto-proxying). Is this bean getting eagerly injected into a currently created BeanPostProcessor [lbRestClientPostProcessor]? Check the corresponding BeanPostProcessor declaration and its dependencies.
2025-07-11 11:55:06 [restartedMain] WARN  o.s.c.s.PostProcessorRegistrationDelegate$BeanPostProcessorChecker - Bean 'loadBalancerInterceptor' of type [org.springframework.cloud.client.loadbalancer.LoadBalancerInterceptor] is not eligible for getting processed by all BeanPostProcessors (for example: not eligible for auto-proxying). Is this bean getting eagerly injected into a currently created BeanPostProcessor [lbRestClientPostProcessor]? Check the corresponding BeanPostProcessor declaration and its dependencies.
2025-07-11 11:55:06 [restartedMain] WARN  o.s.c.s.PostProcessorRegistrationDelegate$BeanPostProcessorChecker - Bean 'org.springframework.cloud.client.loadbalancer.reactive.LoadBalancerBeanPostProcessorAutoConfiguration' of type [org.springframework.cloud.client.loadbalancer.reactive.LoadBalancerBeanPostProcessorAutoConfiguration] is not eligible for getting processed by all BeanPostProcessors (for example: not eligible for auto-proxying). The currently created BeanPostProcessor [loadBalancerWebClientBuilderBeanPostProcessor] is declared through a non-static factory method on that class; consider declaring it as static instead.
2025-07-11 11:55:06 [restartedMain] WARN  o.s.c.s.PostProcessorRegistrationDelegate$BeanPostProcessorChecker - Bean 'org.springframework.cloud.client.loadbalancer.reactive.LoadBalancerBeanPostProcessorAutoConfiguration$ReactorDeferringLoadBalancerFilterConfig' of type [org.springframework.cloud.client.loadbalancer.reactive.LoadBalancerBeanPostProcessorAutoConfiguration$ReactorDeferringLoadBalancerFilterConfig] is not eligible for getting processed by all BeanPostProcessors (for example: not eligible for auto-proxying). Is this bean getting eagerly injected into a currently created BeanPostProcessor [loadBalancerWebClientBuilderBeanPostProcessor]? Check the corresponding BeanPostProcessor declaration and its dependencies.
2025-07-11 11:55:06 [restartedMain] WARN  o.s.c.s.PostProcessorRegistrationDelegate$BeanPostProcessorChecker - Bean 'reactorDeferringLoadBalancerExchangeFilterFunction' of type [org.springframework.cloud.client.loadbalancer.reactive.DeferringLoadBalancerExchangeFilterFunction] is not eligible for getting processed by all BeanPostProcessors (for example: not eligible for auto-proxying). Is this bean getting eagerly injected into a currently created BeanPostProcessor [loadBalancerWebClientBuilderBeanPostProcessor]? Check the corresponding BeanPostProcessor declaration and its dependencies.
2025-07-11 11:55:08 [restartedMain] WARN  org.hibernate.orm.deprecation - HHH90000025: MariaDBDialect does not need to be specified explicitly using 'hibernate.dialect' (remove the property setting and it will be selected by default)
2025-07-11 11:55:09 [restartedMain] INFO  c.m.u.core.logging.LoggingService - CacheConfiguration: Cache manager configurado con 8 caches
2025-07-11 11:55:10 [restartedMain] WARN  o.s.b.a.o.j.JpaBaseConfiguration$JpaWebConfiguration - spring.jpa.open-in-view is enabled by default. Therefore, database queries may be performed during view rendering. Explicitly configure spring.jpa.open-in-view to disable this warning
2025-07-11 11:55:10 [restartedMain] WARN  o.s.b.a.s.s.UserDetailsServiceAutoConfiguration - 

Using generated security password: 9ade1fd7-c25b-43f4-a276-0f6f6931aa27

This generated password is for development use only. Your security configuration must be updated before running your application in production.

2025-07-11 11:55:10 [restartedMain] INFO  c.m.u.core.logging.LoggingService - SecurityConfig: Iniciando configuración de seguridad del microservicio users
2025-07-11 11:55:11 [restartedMain] INFO  c.m.u.core.logging.LoggingService - SecurityConfig: Configuración de seguridad completada - Todos los endpoints permitidos, filtro JWT interno configurado
2025-07-11 11:55:12 [restartedMain] WARN  o.s.b.d.a.OptionalLiveReloadServer - Unable to start LiveReload server
2025-07-11 11:55:12 [restartedMain] INFO  c.netflix.discovery.DiscoveryClient - Initializing Eureka in region us-east-1
2025-07-11 11:55:12 [restartedMain] INFO  c.n.d.s.r.aws.ConfigClusterResolver - Resolving eureka endpoints via configuration
2025-07-11 11:55:12 [restartedMain] INFO  c.netflix.discovery.DiscoveryClient - Disable delta property : false
2025-07-11 11:55:12 [restartedMain] INFO  c.netflix.discovery.DiscoveryClient - Single vip registry refresh property : null
2025-07-11 11:55:12 [restartedMain] INFO  c.netflix.discovery.DiscoveryClient - Force full registry fetch : false
2025-07-11 11:55:12 [restartedMain] INFO  c.netflix.discovery.DiscoveryClient - Application is null : false
2025-07-11 11:55:12 [restartedMain] INFO  c.netflix.discovery.DiscoveryClient - Registered Applications size is zero : true
2025-07-11 11:55:12 [restartedMain] INFO  c.netflix.discovery.DiscoveryClient - Application version is -1: true
2025-07-11 11:55:12 [restartedMain] INFO  c.netflix.discovery.DiscoveryClient - Getting all instance registry info from the eureka server
2025-07-11 11:55:12 [restartedMain] INFO  c.netflix.discovery.DiscoveryClient - The response status is 200
2025-07-11 11:55:12 [restartedMain] INFO  c.netflix.discovery.DiscoveryClient - Starting heartbeat executor: renew interval is: 30
2025-07-11 11:55:12 [restartedMain] INFO  c.n.discovery.InstanceInfoReplicator - InstanceInfoReplicator onDemand update allowed rate per min is 4
2025-07-11 11:55:12 [restartedMain] INFO  c.netflix.discovery.DiscoveryClient - Discovery Client initialized at timestamp 1752252912487 with initial instances count: 1
2025-07-11 11:55:12 [restartedMain] INFO  c.netflix.discovery.DiscoveryClient - Saw local status change event StatusChangeEvent [timestamp=1752252912496, current=UP, previous=STARTING]
2025-07-11 11:55:12 [DiscoveryClient-InstanceInfoReplicator-0] INFO  c.netflix.discovery.DiscoveryClient - DiscoveryClient_USERS-SERVICE/192.168.41.141:users-service:8082: registering service...
2025-07-11 11:55:12 [DiscoveryClient-InstanceInfoReplicator-0] INFO  c.netflix.discovery.DiscoveryClient - DiscoveryClient_USERS-SERVICE/192.168.41.141:users-service:8082 - registration status: 204
2025-07-11 11:55:12 [restartedMain] INFO  c.m.users.UsersApplication - Started UsersApplication in 7.994 seconds (process running for 8.434)
2025-07-11 11:55:29 [http-nio-8082-exec-2] WARN  c.m.u.core.logging.LoggingService - InternalJwtFilter: Issuer inválido: null - Esperado: user-service
2025-07-11 11:55:29 [http-nio-8082-exec-2] ERROR c.m.u.core.logging.LoggingService - InternalJwtFilter: Validación JWT interna fallida: Issuer inválido: null
2025-07-11 11:55:30 [AsyncReporter{org.springframework.boot.actuate.autoconfigure.tracing.zipkin.ZipkinWebClientSender@129e4439}] WARN  z.r.AsyncReporter$BoundedAsyncReporter - Spans were dropped due to exceptions. All subsequent errors will be logged at FINE level.
2025-07-11 11:55:30 [AsyncReporter{org.springframework.boot.actuate.autoconfigure.tracing.zipkin.ZipkinWebClientSender@129e4439}] WARN  z.r.AsyncReporter$BoundedAsyncReporter - Dropped 7 spans due to WebClientRequestException(finishConnect(..) failed: Conexión rehusada: localhost/127.0.0.1:9411)
org.springframework.web.reactive.function.client.WebClientRequestException: finishConnect(..) failed: Conexión rehusada: localhost/127.0.0.1:9411
	at org.springframework.web.reactive.function.client.ExchangeFunctions$DefaultExchangeFunction.lambda$wrapException$9(ExchangeFunctions.java:136)
	Suppressed: reactor.core.publisher.FluxOnAssembly$OnAssemblyException: 
Error has been observed at the following site(s):
	*__checkpoint ⇢ Request to POST http://localhost:9411/api/v2/spans%20 [DefaultWebClient]
Original Stack Trace:
		at org.springframework.web.reactive.function.client.ExchangeFunctions$DefaultExchangeFunction.lambda$wrapException$9(ExchangeFunctions.java:136)
		at reactor.core.publisher.MonoErrorSupplied.subscribe(MonoErrorSupplied.java:55)
		at reactor.core.publisher.Mono.subscribe(Mono.java:4563)
		at reactor.core.publisher.FluxOnErrorResume$ResumeSubscriber.onError(FluxOnErrorResume.java:103)
		at reactor.core.publisher.FluxPeek$PeekSubscriber.onError(FluxPeek.java:222)
		at reactor.core.publisher.FluxPeek$PeekSubscriber.onError(FluxPeek.java:222)
		at reactor.core.publisher.FluxPeek$PeekSubscriber.onError(FluxPeek.java:222)
		at reactor.core.publisher.MonoNext$NextSubscriber.onError(MonoNext.java:93)
		at reactor.core.publisher.MonoFlatMapMany$FlatMapManyMain.onError(MonoFlatMapMany.java:205)
		at reactor.core.publisher.SerializedSubscriber.onError(SerializedSubscriber.java:124)
		at reactor.core.publisher.FluxRetryWhen$RetryWhenMainSubscriber.whenError(FluxRetryWhen.java:229)
		at reactor.core.publisher.FluxRetryWhen$RetryWhenOtherSubscriber.onError(FluxRetryWhen.java:279)
		at reactor.core.publisher.FluxContextWrite$ContextWriteSubscriber.onError(FluxContextWrite.java:121)
		at reactor.core.publisher.FluxConcatMapNoPrefetch$FluxConcatMapNoPrefetchSubscriber.maybeOnError(FluxConcatMapNoPrefetch.java:327)
		at reactor.core.publisher.FluxConcatMapNoPrefetch$FluxConcatMapNoPrefetchSubscriber.onNext(FluxConcatMapNoPrefetch.java:212)
		at reactor.core.publisher.FluxContextWrite$ContextWriteSubscriber.onNext(FluxContextWrite.java:107)
		at reactor.core.publisher.SinkManyEmitterProcessor.drain(SinkManyEmitterProcessor.java:476)
		at reactor.core.publisher.SinkManyEmitterProcessor$EmitterInner.drainParent(SinkManyEmitterProcessor.java:620)
		at reactor.core.publisher.FluxPublish$PubSubInner.request(FluxPublish.java:874)
		at reactor.core.publisher.FluxContextWrite$ContextWriteSubscriber.request(FluxContextWrite.java:136)
		at reactor.core.publisher.FluxConcatMapNoPrefetch$FluxConcatMapNoPrefetchSubscriber.request(FluxConcatMapNoPrefetch.java:337)
		at reactor.core.publisher.FluxContextWrite$ContextWriteSubscriber.request(FluxContextWrite.java:136)
		at reactor.core.publisher.Operators$DeferredSubscription.request(Operators.java:1743)
		at reactor.core.publisher.FluxRetryWhen$RetryWhenMainSubscriber.onError(FluxRetryWhen.java:196)
		at reactor.core.publisher.MonoCreate$DefaultMonoSink.error(MonoCreate.java:205)
		at reactor.netty.http.client.HttpClientConnect$MonoHttpConnect$ClientTransportSubscriber.onError(HttpClientConnect.java:311)
		at reactor.core.publisher.MonoCreate$DefaultMonoSink.error(MonoCreate.java:205)
		at reactor.netty.resources.DefaultPooledConnectionProvider$DisposableAcquire.onError(DefaultPooledConnectionProvider.java:172)
		at reactor.netty.internal.shaded.reactor.pool.AbstractPool$Borrower.fail(AbstractPool.java:488)
		at reactor.netty.internal.shaded.reactor.pool.SimpleDequePool.lambda$drainLoop$9(SimpleDequePool.java:436)
		at reactor.core.publisher.FluxDoOnEach$DoOnEachSubscriber.onError(FluxDoOnEach.java:186)
		at reactor.core.publisher.MonoCreate$DefaultMonoSink.error(MonoCreate.java:205)
		at reactor.netty.resources.DefaultPooledConnectionProvider$PooledConnectionAllocator$PooledConnectionInitializer.onError(DefaultPooledConnectionProvider.java:583)
		at reactor.core.publisher.MonoFlatMap$FlatMapMain.secondError(MonoFlatMap.java:241)
		at reactor.core.publisher.MonoFlatMap$FlatMapInner.onError(MonoFlatMap.java:315)
		at reactor.core.publisher.FluxOnErrorResume$ResumeSubscriber.onError(FluxOnErrorResume.java:106)
		at reactor.core.publisher.Operators.error(Operators.java:198)
		at reactor.core.publisher.MonoError.subscribe(MonoError.java:53)
		at reactor.core.publisher.Mono.subscribe(Mono.java:4563)
		at reactor.core.publisher.FluxOnErrorResume$ResumeSubscriber.onError(FluxOnErrorResume.java:103)
		at reactor.netty.transport.TransportConnector$MonoChannelPromise.tryFailure(TransportConnector.java:576)
		at reactor.netty.transport.TransportConnector$MonoChannelPromise.setFailure(TransportConnector.java:522)
		at reactor.netty.transport.TransportConnector.lambda$doConnect$7(TransportConnector.java:261)
		at io.netty.util.concurrent.DefaultPromise.notifyListener0(DefaultPromise.java:590)
		at io.netty.util.concurrent.DefaultPromise.notifyListeners0(DefaultPromise.java:583)
		at io.netty.util.concurrent.DefaultPromise.notifyListenersNow(DefaultPromise.java:559)
		at io.netty.util.concurrent.DefaultPromise.notifyListeners(DefaultPromise.java:492)
		at io.netty.util.concurrent.DefaultPromise.setValue0(DefaultPromise.java:636)
		at io.netty.util.concurrent.DefaultPromise.setFailure0(DefaultPromise.java:629)
		at io.netty.util.concurrent.DefaultPromise.tryFailure(DefaultPromise.java:118)
		at io.netty.channel.epoll.AbstractEpollChannel$AbstractEpollUnsafe.fulfillConnectPromise(AbstractEpollChannel.java:675)
		at io.netty.channel.epoll.AbstractEpollChannel$AbstractEpollUnsafe.finishConnect(AbstractEpollChannel.java:694)
		at io.netty.channel.epoll.AbstractEpollChannel$AbstractEpollUnsafe.epollOutReady(AbstractEpollChannel.java:567)
		at io.netty.channel.epoll.EpollEventLoop.processReady(EpollEventLoop.java:499)
		at io.netty.channel.epoll.EpollEventLoop.run(EpollEventLoop.java:407)
		at io.netty.util.concurrent.SingleThreadEventExecutor$4.run(SingleThreadEventExecutor.java:997)
		at io.netty.util.internal.ThreadExecutorMap$2.run(ThreadExecutorMap.java:74)
		at io.netty.util.concurrent.FastThreadLocalRunnable.run(FastThreadLocalRunnable.java:30)
		at java.base/java.lang.Thread.run(Thread.java:840)
	Suppressed: java.lang.Exception: #block terminated with an error
		at reactor.core.publisher.BlockingSingleSubscriber.blockingGet(BlockingSingleSubscriber.java:103)
		at reactor.core.publisher.Mono.block(Mono.java:1779)
		at org.springframework.boot.actuate.autoconfigure.tracing.zipkin.ZipkinWebClientSender$WebClientHttpPostCall.doExecute(ZipkinWebClientSender.java:76)
		at org.springframework.boot.actuate.autoconfigure.tracing.zipkin.ZipkinWebClientSender$WebClientHttpPostCall.doExecute(ZipkinWebClientSender.java:54)
		at zipkin2.Call$Base.execute(Call.java:391)
		at zipkin2.reporter.AsyncReporter$BoundedAsyncReporter.flush(AsyncReporter.java:299)
		at zipkin2.reporter.AsyncReporter$Flusher.run(AsyncReporter.java:378)
		at java.base/java.lang.Thread.run(Thread.java:840)
Caused by: io.netty.channel.AbstractChannel$AnnotatedConnectException: finishConnect(..) failed: Conexión rehusada: localhost/127.0.0.1:9411
Caused by: java.net.ConnectException: finishConnect(..) failed: Conexión rehusada
	at io.netty.channel.unix.Errors.newConnectException0(Errors.java:166)
	at io.netty.channel.unix.Errors.handleConnectErrno(Errors.java:131)
	at io.netty.channel.unix.Socket.finishConnect(Socket.java:359)
	at io.netty.channel.epoll.AbstractEpollChannel$AbstractEpollUnsafe.doFinishConnect(AbstractEpollChannel.java:711)
	at io.netty.channel.epoll.AbstractEpollChannel$AbstractEpollUnsafe.finishConnect(AbstractEpollChannel.java:688)
	at io.netty.channel.epoll.AbstractEpollChannel$AbstractEpollUnsafe.epollOutReady(AbstractEpollChannel.java:567)
	at io.netty.channel.epoll.EpollEventLoop.processReady(EpollEventLoop.java:499)
	at io.netty.channel.epoll.EpollEventLoop.run(EpollEventLoop.java:407)
	at io.netty.util.concurrent.SingleThreadEventExecutor$4.run(SingleThreadEventExecutor.java:997)
	at io.netty.util.internal.ThreadExecutorMap$2.run(ThreadExecutorMap.java:74)
	at io.netty.util.concurrent.FastThreadLocalRunnable.run(FastThreadLocalRunnable.java:30)
	at java.base/java.lang.Thread.run(Thread.java:840)
2025-07-11 11:55:52 [http-nio-8082-exec-3] WARN  c.m.u.core.logging.LoggingService - InternalJwtFilter: Issuer inválido: null - Esperado: user-service
2025-07-11 11:55:52 [http-nio-8082-exec-3] ERROR c.m.u.core.logging.LoggingService - InternalJwtFilter: Validación JWT interna fallida: Issuer inválido: null
2025-07-11 12:00:12 [AsyncResolver-bootstrap-executor-0] INFO  c.n.d.s.r.aws.ConfigClusterResolver - Resolving eureka endpoints via configuration
2025-07-11 12:05:12 [AsyncResolver-bootstrap-executor-0] INFO  c.n.d.s.r.aws.ConfigClusterResolver - Resolving eureka endpoints via configuration
2025-07-11 12:06:07 [http-nio-8082-exec-6] WARN  c.m.u.core.logging.LoggingService - InternalJwtFilter: Issuer inválido: null - Esperado: user-service
2025-07-11 12:06:07 [http-nio-8082-exec-6] ERROR c.m.u.core.logging.LoggingService - InternalJwtFilter: Validación JWT interna fallida: Issuer inválido: null
2025-07-11 12:06:15 [http-nio-8082-exec-7] INFO  c.m.u.core.logging.LoggingService - Iniciando registro de cliente - Email: sebasagudelo1012@gmail.com, Nombre: Seebastian Agudelo
2025-07-11 12:06:15 [http-nio-8082-exec-7] INFO  c.m.u.core.logging.LoggingService - Iniciando validación de email previa al registro para email: sebasagudelo1012@gmail.com
2025-07-11 12:06:15 [http-nio-8082-exec-7] INFO  c.m.u.core.logging.LoggingService - Validando verificación de email: sebasagudelo1012@gmail.com
2025-07-11 12:06:15 [http-nio-8082-exec-7] INFO  c.m.u.core.logging.LoggingService - InternalJwtService: Token JWT interno generado exitosamente - Servicio: user-service, Longitud: 169
2025-07-11 12:06:15 [http-nio-8082-exec-8] INFO  c.m.u.core.logging.LoggingService - InternalJwtFilter: Validación JWT interna exitosa - Issuer: user-service
2025-07-11 12:06:15 [http-nio-8082-exec-8] INFO  c.m.u.core.logging.LoggingService - VerificationService: Verificando estado de verificación de email - Email: sebasagudelo1012@gmail.com
2025-07-11 12:06:15 [http-nio-8082-exec-8] INFO  c.m.u.core.logging.LoggingService - CheckEmailVerificationUseCase: Verificando estado de verificación de email - Email: sebasagudelo1012@gmail.com
2025-07-11 12:06:15 [http-nio-8082-exec-8] WARN  c.m.u.core.logging.LoggingService - CheckEmailVerificationUseCase: Email no verificado - Email: sebasagudelo1012@gmail.com
2025-07-11 12:06:15 [http-nio-8082-exec-8] ERROR c.m.u.core.logging.LoggingService - CheckEmailVerificationUseCase: Excepción de email no verificado - Email: sebasagudelo1012@gmail.com
com.microserviceone.users.verificationCodeApi.application.exception.EmailNotVerifiedException: El correo electrónico aún no ha sido verificado
	at com.microserviceone.users.verificationCodeApi.application.usecase.CheckEmailVerificationUseCase.checkEmailVerification(CheckEmailVerificationUseCase.java:30)
	at java.base/jdk.internal.reflect.NativeMethodAccessorImpl.invoke0(Native Method)
	at java.base/jdk.internal.reflect.NativeMethodAccessorImpl.invoke(NativeMethodAccessorImpl.java:77)
	at java.base/jdk.internal.reflect.DelegatingMethodAccessorImpl.invoke(DelegatingMethodAccessorImpl.java:43)
	at java.base/java.lang.reflect.Method.invoke(Method.java:569)
	at org.springframework.aop.support.AopUtils.invokeJoinpointUsingReflection(AopUtils.java:351)
	at org.springframework.aop.framework.ReflectiveMethodInvocation.invokeJoinpoint(ReflectiveMethodInvocation.java:196)
	at org.springframework.aop.framework.ReflectiveMethodInvocation.proceed(ReflectiveMethodInvocation.java:163)
	at org.springframework.aop.framework.CglibAopProxy$CglibMethodInvocation.proceed(CglibAopProxy.java:765)
	at org.springframework.transaction.interceptor.TransactionInterceptor$1.proceedWithInvocation(TransactionInterceptor.java:123)
	at org.springframework.transaction.interceptor.TransactionAspectSupport.invokeWithinTransaction(TransactionAspectSupport.java:385)
	at org.springframework.transaction.interceptor.TransactionInterceptor.invoke(TransactionInterceptor.java:119)
	at org.springframework.aop.framework.ReflectiveMethodInvocation.proceed(ReflectiveMethodInvocation.java:184)
	at org.springframework.aop.framework.CglibAopProxy$CglibMethodInvocation.proceed(CglibAopProxy.java:765)
	at org.springframework.aop.framework.CglibAopProxy$DynamicAdvisedInterceptor.intercept(CglibAopProxy.java:717)
	at com.microserviceone.users.verificationCodeApi.application.usecase.CheckEmailVerificationUseCase$$SpringCGLIB$$0.checkEmailVerification(<generated>)
	at com.microserviceone.users.verificationCodeApi.application.usecase.cached.CachedCheckEmailVerificationUseCase.lambda$0(CachedCheckEmailVerificationUseCase.java:36)
	at com.microserviceone.users.core.cache.service.CacheServiceImpl.getOrCompute(CacheServiceImpl.java:40)
	at com.microserviceone.users.verificationCodeApi.application.usecase.cached.CachedCheckEmailVerificationUseCase.checkEmailVerification(CachedCheckEmailVerificationUseCase.java:31)
	at com.microserviceone.users.verificationCodeApi.application.service.VerificationService.checkEmailVerification(VerificationService.java:55)
	at com.microserviceone.users.verificationCodeApi.web.controller.VerificationCodeController.checkEmailVerification(VerificationCodeController.java:65)
	at java.base/jdk.internal.reflect.NativeMethodAccessorImpl.invoke0(Native Method)
	at java.base/jdk.internal.reflect.NativeMethodAccessorImpl.invoke(NativeMethodAccessorImpl.java:77)
	at java.base/jdk.internal.reflect.DelegatingMethodAccessorImpl.invoke(DelegatingMethodAccessorImpl.java:43)
	at java.base/java.lang.reflect.Method.invoke(Method.java:569)
	at org.springframework.web.method.support.InvocableHandlerMethod.doInvoke(InvocableHandlerMethod.java:259)
	at org.springframework.web.method.support.InvocableHandlerMethod.invokeForRequest(InvocableHandlerMethod.java:192)
	at org.springframework.web.servlet.mvc.method.annotation.ServletInvocableHandlerMethod.invokeAndHandle(ServletInvocableHandlerMethod.java:118)
	at org.springframework.web.servlet.mvc.method.annotation.RequestMappingHandlerAdapter.invokeHandlerMethod(RequestMappingHandlerAdapter.java:920)
	at org.springframework.web.servlet.mvc.method.annotation.RequestMappingHandlerAdapter.handleInternal(RequestMappingHandlerAdapter.java:830)
	at org.springframework.web.servlet.mvc.method.AbstractHandlerMethodAdapter.handle(AbstractHandlerMethodAdapter.java:87)
	at org.springframework.web.servlet.DispatcherServlet.doDispatch(DispatcherServlet.java:1089)
	at org.springframework.web.servlet.DispatcherServlet.doService(DispatcherServlet.java:979)
	at org.springframework.web.servlet.FrameworkServlet.processRequest(FrameworkServlet.java:1014)
	at org.springframework.web.servlet.FrameworkServlet.doPost(FrameworkServlet.java:914)
	at jakarta.servlet.http.HttpServlet.service(HttpServlet.java:590)
	at org.springframework.web.servlet.FrameworkServlet.service(FrameworkServlet.java:885)
	at jakarta.servlet.http.HttpServlet.service(HttpServlet.java:658)
	at org.apache.catalina.core.ApplicationFilterChain.internalDoFilter(ApplicationFilterChain.java:205)
	at org.apache.catalina.core.ApplicationFilterChain.doFilter(ApplicationFilterChain.java:149)
	at org.apache.tomcat.websocket.server.WsFilter.doFilter(WsFilter.java:51)
	at org.apache.catalina.core.ApplicationFilterChain.internalDoFilter(ApplicationFilterChain.java:174)
	at org.apache.catalina.core.ApplicationFilterChain.doFilter(ApplicationFilterChain.java:149)
	at org.springframework.web.filter.OncePerRequestFilter.doFilter(OncePerRequestFilter.java:110)
	at org.apache.catalina.core.ApplicationFilterChain.internalDoFilter(ApplicationFilterChain.java:174)
	at org.apache.catalina.core.ApplicationFilterChain.doFilter(ApplicationFilterChain.java:149)
	at org.springframework.web.filter.CompositeFilter$VirtualFilterChain.doFilter(CompositeFilter.java:108)
	at org.springframework.security.web.FilterChainProxy.lambda$doFilterInternal$3(FilterChainProxy.java:231)
	at org.springframework.security.web.ObservationFilterChainDecorator$FilterObservation$SimpleFilterObservation.lambda$wrap$1(ObservationFilterChainDecorator.java:479)
	at org.springframework.security.web.ObservationFilterChainDecorator$AroundFilterObservation$SimpleAroundFilterObservation.lambda$wrap$1(ObservationFilterChainDecorator.java:340)
	at org.springframework.security.web.ObservationFilterChainDecorator.lambda$wrapSecured$0(ObservationFilterChainDecorator.java:82)
	at org.springframework.security.web.ObservationFilterChainDecorator$VirtualFilterChain.doFilter(ObservationFilterChainDecorator.java:128)
	at org.springframework.security.web.access.intercept.AuthorizationFilter.doFilter(AuthorizationFilter.java:100)
	at org.springframework.security.web.ObservationFilterChainDecorator$ObservationFilter.wrapFilter(ObservationFilterChainDecorator.java:240)
	at org.springframework.security.web.ObservationFilterChainDecorator$ObservationFilter.doFilter(ObservationFilterChainDecorator.java:227)
	at org.springframework.security.web.ObservationFilterChainDecorator$VirtualFilterChain.doFilter(ObservationFilterChainDecorator.java:137)
	at org.springframework.security.web.access.ExceptionTranslationFilter.doFilter(ExceptionTranslationFilter.java:126)
	at org.springframework.security.web.access.ExceptionTranslationFilter.doFilter(ExceptionTranslationFilter.java:120)
	at org.springframework.security.web.ObservationFilterChainDecorator$ObservationFilter.wrapFilter(ObservationFilterChainDecorator.java:240)
	at org.springframework.security.web.ObservationFilterChainDecorator$ObservationFilter.doFilter(ObservationFilterChainDecorator.java:227)
	at org.springframework.security.web.ObservationFilterChainDecorator$VirtualFilterChain.doFilter(ObservationFilterChainDecorator.java:137)
	at org.springframework.security.web.authentication.AnonymousAuthenticationFilter.doFilter(AnonymousAuthenticationFilter.java:100)
	at org.springframework.security.web.ObservationFilterChainDecorator$ObservationFilter.wrapFilter(ObservationFilterChainDecorator.java:240)
	at org.springframework.security.web.ObservationFilterChainDecorator$ObservationFilter.doFilter(ObservationFilterChainDecorator.java:227)
	at org.springframework.security.web.ObservationFilterChainDecorator$VirtualFilterChain.doFilter(ObservationFilterChainDecorator.java:137)
	at org.springframework.security.web.servletapi.SecurityContextHolderAwareRequestFilter.doFilter(SecurityContextHolderAwareRequestFilter.java:179)
	at org.springframework.security.web.ObservationFilterChainDecorator$ObservationFilter.wrapFilter(ObservationFilterChainDecorator.java:240)
	at org.springframework.security.web.ObservationFilterChainDecorator$ObservationFilter.doFilter(ObservationFilterChainDecorator.java:227)
	at org.springframework.security.web.ObservationFilterChainDecorator$VirtualFilterChain.doFilter(ObservationFilterChainDecorator.java:137)
	at org.springframework.security.web.savedrequest.RequestCacheAwareFilter.doFilter(RequestCacheAwareFilter.java:63)
	at org.springframework.security.web.ObservationFilterChainDecorator$ObservationFilter.wrapFilter(ObservationFilterChainDecorator.java:240)
	at org.springframework.security.web.ObservationFilterChainDecorator$ObservationFilter.doFilter(ObservationFilterChainDecorator.java:227)
	at org.springframework.security.web.ObservationFilterChainDecorator$VirtualFilterChain.doFilter(ObservationFilterChainDecorator.java:137)
	at com.microserviceone.users.core.config.internalSecurity.InternalJwtFilter.doFilterInternal(InternalJwtFilter.java:96)
	at org.springframework.web.filter.OncePerRequestFilter.doFilter(OncePerRequestFilter.java:116)
	at org.springframework.security.web.ObservationFilterChainDecorator$ObservationFilter.wrapFilter(ObservationFilterChainDecorator.java:240)
	at org.springframework.security.web.ObservationFilterChainDecorator$ObservationFilter.doFilter(ObservationFilterChainDecorator.java:227)
	at org.springframework.security.web.ObservationFilterChainDecorator$VirtualFilterChain.doFilter(ObservationFilterChainDecorator.java:137)
	at org.springframework.security.web.authentication.logout.LogoutFilter.doFilter(LogoutFilter.java:107)
	at org.springframework.security.web.authentication.logout.LogoutFilter.doFilter(LogoutFilter.java:93)
	at org.springframework.security.web.ObservationFilterChainDecorator$ObservationFilter.wrapFilter(ObservationFilterChainDecorator.java:240)
	at org.springframework.security.web.ObservationFilterChainDecorator$ObservationFilter.doFilter(ObservationFilterChainDecorator.java:227)
	at org.springframework.security.web.ObservationFilterChainDecorator$VirtualFilterChain.doFilter(ObservationFilterChainDecorator.java:137)
	at org.springframework.web.filter.CorsFilter.doFilterInternal(CorsFilter.java:91)
	at org.springframework.web.filter.OncePerRequestFilter.doFilter(OncePerRequestFilter.java:116)
	at org.springframework.security.web.ObservationFilterChainDecorator$ObservationFilter.wrapFilter(ObservationFilterChainDecorator.java:240)
	at org.springframework.security.web.ObservationFilterChainDecorator$ObservationFilter.doFilter(ObservationFilterChainDecorator.java:227)
	at org.springframework.security.web.ObservationFilterChainDecorator$VirtualFilterChain.doFilter(ObservationFilterChainDecorator.java:137)
	at org.springframework.security.web.header.HeaderWriterFilter.doHeadersAfter(HeaderWriterFilter.java:90)
	at org.springframework.security.web.header.HeaderWriterFilter.doFilterInternal(HeaderWriterFilter.java:75)
	at org.springframework.web.filter.OncePerRequestFilter.doFilter(OncePerRequestFilter.java:116)
	at org.springframework.security.web.ObservationFilterChainDecorator$ObservationFilter.wrapFilter(ObservationFilterChainDecorator.java:240)
	at org.springframework.security.web.ObservationFilterChainDecorator$ObservationFilter.doFilter(ObservationFilterChainDecorator.java:227)
	at org.springframework.security.web.ObservationFilterChainDecorator$VirtualFilterChain.doFilter(ObservationFilterChainDecorator.java:137)
	at org.springframework.security.web.context.SecurityContextHolderFilter.doFilter(SecurityContextHolderFilter.java:82)
	at org.springframework.security.web.context.SecurityContextHolderFilter.doFilter(SecurityContextHolderFilter.java:69)
	at org.springframework.security.web.ObservationFilterChainDecorator$ObservationFilter.wrapFilter(ObservationFilterChainDecorator.java:240)
	at org.springframework.security.web.ObservationFilterChainDecorator$ObservationFilter.doFilter(ObservationFilterChainDecorator.java:227)
	at org.springframework.security.web.ObservationFilterChainDecorator$VirtualFilterChain.doFilter(ObservationFilterChainDecorator.java:137)
	at org.springframework.security.web.context.request.async.WebAsyncManagerIntegrationFilter.doFilterInternal(WebAsyncManagerIntegrationFilter.java:62)
	at org.springframework.web.filter.OncePerRequestFilter.doFilter(OncePerRequestFilter.java:116)
	at org.springframework.security.web.ObservationFilterChainDecorator$ObservationFilter.wrapFilter(ObservationFilterChainDecorator.java:240)
	at org.springframework.security.web.ObservationFilterChainDecorator$ObservationFilter.doFilter(ObservationFilterChainDecorator.java:227)
	at org.springframework.security.web.ObservationFilterChainDecorator$VirtualFilterChain.doFilter(ObservationFilterChainDecorator.java:137)
	at org.springframework.security.web.session.DisableEncodeUrlFilter.doFilterInternal(DisableEncodeUrlFilter.java:42)
	at org.springframework.web.filter.OncePerRequestFilter.doFilter(OncePerRequestFilter.java:116)
	at org.springframework.security.web.ObservationFilterChainDecorator$ObservationFilter.wrapFilter(ObservationFilterChainDecorator.java:240)
	at org.springframework.security.web.ObservationFilterChainDecorator$AroundFilterObservation$SimpleAroundFilterObservation.lambda$wrap$0(ObservationFilterChainDecorator.java:323)
	at org.springframework.security.web.ObservationFilterChainDecorator$ObservationFilter.doFilter(ObservationFilterChainDecorator.java:224)
	at org.springframework.security.web.ObservationFilterChainDecorator$VirtualFilterChain.doFilter(ObservationFilterChainDecorator.java:137)
	at org.springframework.security.web.FilterChainProxy.doFilterInternal(FilterChainProxy.java:233)
	at org.springframework.security.web.FilterChainProxy.doFilter(FilterChainProxy.java:191)
	at org.springframework.web.filter.CompositeFilter$VirtualFilterChain.doFilter(CompositeFilter.java:113)
	at org.springframework.web.servlet.handler.HandlerMappingIntrospector.lambda$createCacheFilter$3(HandlerMappingIntrospector.java:195)
	at org.springframework.web.filter.CompositeFilter$VirtualFilterChain.doFilter(CompositeFilter.java:113)
	at org.springframework.web.filter.CompositeFilter.doFilter(CompositeFilter.java:74)
	at org.springframework.security.config.annotation.web.configuration.WebMvcSecurityConfiguration$CompositeFilterChainProxy.doFilter(WebMvcSecurityConfiguration.java:230)
	at org.springframework.web.filter.DelegatingFilterProxy.invokeDelegate(DelegatingFilterProxy.java:352)
	at org.springframework.web.filter.DelegatingFilterProxy.doFilter(DelegatingFilterProxy.java:268)
	at org.apache.catalina.core.ApplicationFilterChain.internalDoFilter(ApplicationFilterChain.java:174)
	at org.apache.catalina.core.ApplicationFilterChain.doFilter(ApplicationFilterChain.java:149)
	at org.springframework.web.filter.RequestContextFilter.doFilterInternal(RequestContextFilter.java:100)
	at org.springframework.web.filter.OncePerRequestFilter.doFilter(OncePerRequestFilter.java:116)
	at org.apache.catalina.core.ApplicationFilterChain.internalDoFilter(ApplicationFilterChain.java:174)
	at org.apache.catalina.core.ApplicationFilterChain.doFilter(ApplicationFilterChain.java:149)
	at org.springframework.web.filter.FormContentFilter.doFilterInternal(FormContentFilter.java:93)
	at org.springframework.web.filter.OncePerRequestFilter.doFilter(OncePerRequestFilter.java:116)
	at org.apache.catalina.core.ApplicationFilterChain.internalDoFilter(ApplicationFilterChain.java:174)
	at org.apache.catalina.core.ApplicationFilterChain.doFilter(ApplicationFilterChain.java:149)
	at org.springframework.web.filter.ServerHttpObservationFilter.doFilterInternal(ServerHttpObservationFilter.java:109)
	at org.springframework.web.filter.OncePerRequestFilter.doFilter(OncePerRequestFilter.java:116)
	at org.apache.catalina.core.ApplicationFilterChain.internalDoFilter(ApplicationFilterChain.java:174)
	at org.apache.catalina.core.ApplicationFilterChain.doFilter(ApplicationFilterChain.java:149)
	at org.springframework.web.filter.CharacterEncodingFilter.doFilterInternal(CharacterEncodingFilter.java:201)
	at org.springframework.web.filter.OncePerRequestFilter.doFilter(OncePerRequestFilter.java:116)
	at org.apache.catalina.core.ApplicationFilterChain.internalDoFilter(ApplicationFilterChain.java:174)
	at org.apache.catalina.core.ApplicationFilterChain.doFilter(ApplicationFilterChain.java:149)
	at org.apache.catalina.core.StandardWrapperValve.invoke(StandardWrapperValve.java:167)
	at org.apache.catalina.core.StandardContextValve.invoke(StandardContextValve.java:90)
	at org.apache.catalina.authenticator.AuthenticatorBase.invoke(AuthenticatorBase.java:482)
	at org.apache.catalina.core.StandardHostValve.invoke(StandardHostValve.java:115)
	at org.apache.catalina.valves.ErrorReportValve.invoke(ErrorReportValve.java:93)
	at org.apache.catalina.core.StandardEngineValve.invoke(StandardEngineValve.java:74)
	at org.apache.catalina.connector.CoyoteAdapter.service(CoyoteAdapter.java:344)
	at org.apache.coyote.http11.Http11Processor.service(Http11Processor.java:391)
	at org.apache.coyote.AbstractProcessorLight.process(AbstractProcessorLight.java:63)
	at org.apache.coyote.AbstractProtocol$ConnectionHandler.process(AbstractProtocol.java:896)
	at org.apache.tomcat.util.net.NioEndpoint$SocketProcessor.doRun(NioEndpoint.java:1744)
	at org.apache.tomcat.util.net.SocketProcessorBase.run(SocketProcessorBase.java:52)
	at org.apache.tomcat.util.threads.ThreadPoolExecutor.runWorker(ThreadPoolExecutor.java:1191)
	at org.apache.tomcat.util.threads.ThreadPoolExecutor$Worker.run(ThreadPoolExecutor.java:659)
	at org.apache.tomcat.util.threads.TaskThread$WrappingRunnable.run(TaskThread.java:63)
	at java.base/java.lang.Thread.run(Thread.java:840)
2025-07-11 12:06:15 [http-nio-8082-exec-8] ERROR c.m.u.core.logging.LoggingService - CacheService: Error en getOrCompute - Cache: emailVerified, Key: emailVerified:sebasagudelo1012@gmail.com
com.microserviceone.users.verificationCodeApi.application.exception.EmailNotVerifiedException: El correo electrónico aún no ha sido verificado
	at com.microserviceone.users.verificationCodeApi.application.usecase.CheckEmailVerificationUseCase.checkEmailVerification(CheckEmailVerificationUseCase.java:30)
	at java.base/jdk.internal.reflect.NativeMethodAccessorImpl.invoke0(Native Method)
	at java.base/jdk.internal.reflect.NativeMethodAccessorImpl.invoke(NativeMethodAccessorImpl.java:77)
	at java.base/jdk.internal.reflect.DelegatingMethodAccessorImpl.invoke(DelegatingMethodAccessorImpl.java:43)
	at java.base/java.lang.reflect.Method.invoke(Method.java:569)
	at org.springframework.aop.support.AopUtils.invokeJoinpointUsingReflection(AopUtils.java:351)
	at org.springframework.aop.framework.ReflectiveMethodInvocation.invokeJoinpoint(ReflectiveMethodInvocation.java:196)
	at org.springframework.aop.framework.ReflectiveMethodInvocation.proceed(ReflectiveMethodInvocation.java:163)
	at org.springframework.aop.framework.CglibAopProxy$CglibMethodInvocation.proceed(CglibAopProxy.java:765)
	at org.springframework.transaction.interceptor.TransactionInterceptor$1.proceedWithInvocation(TransactionInterceptor.java:123)
	at org.springframework.transaction.interceptor.TransactionAspectSupport.invokeWithinTransaction(TransactionAspectSupport.java:385)
	at org.springframework.transaction.interceptor.TransactionInterceptor.invoke(TransactionInterceptor.java:119)
	at org.springframework.aop.framework.ReflectiveMethodInvocation.proceed(ReflectiveMethodInvocation.java:184)
	at org.springframework.aop.framework.CglibAopProxy$CglibMethodInvocation.proceed(CglibAopProxy.java:765)
	at org.springframework.aop.framework.CglibAopProxy$DynamicAdvisedInterceptor.intercept(CglibAopProxy.java:717)
	at com.microserviceone.users.verificationCodeApi.application.usecase.CheckEmailVerificationUseCase$$SpringCGLIB$$0.checkEmailVerification(<generated>)
	at com.microserviceone.users.verificationCodeApi.application.usecase.cached.CachedCheckEmailVerificationUseCase.lambda$0(CachedCheckEmailVerificationUseCase.java:36)
	at com.microserviceone.users.core.cache.service.CacheServiceImpl.getOrCompute(CacheServiceImpl.java:40)
	at com.microserviceone.users.verificationCodeApi.application.usecase.cached.CachedCheckEmailVerificationUseCase.checkEmailVerification(CachedCheckEmailVerificationUseCase.java:31)
	at com.microserviceone.users.verificationCodeApi.application.service.VerificationService.checkEmailVerification(VerificationService.java:55)
	at com.microserviceone.users.verificationCodeApi.web.controller.VerificationCodeController.checkEmailVerification(VerificationCodeController.java:65)
	at java.base/jdk.internal.reflect.NativeMethodAccessorImpl.invoke0(Native Method)
	at java.base/jdk.internal.reflect.NativeMethodAccessorImpl.invoke(NativeMethodAccessorImpl.java:77)
	at java.base/jdk.internal.reflect.DelegatingMethodAccessorImpl.invoke(DelegatingMethodAccessorImpl.java:43)
	at java.base/java.lang.reflect.Method.invoke(Method.java:569)
	at org.springframework.web.method.support.InvocableHandlerMethod.doInvoke(InvocableHandlerMethod.java:259)
	at org.springframework.web.method.support.InvocableHandlerMethod.invokeForRequest(InvocableHandlerMethod.java:192)
	at org.springframework.web.servlet.mvc.method.annotation.ServletInvocableHandlerMethod.invokeAndHandle(ServletInvocableHandlerMethod.java:118)
	at org.springframework.web.servlet.mvc.method.annotation.RequestMappingHandlerAdapter.invokeHandlerMethod(RequestMappingHandlerAdapter.java:920)
	at org.springframework.web.servlet.mvc.method.annotation.RequestMappingHandlerAdapter.handleInternal(RequestMappingHandlerAdapter.java:830)
	at org.springframework.web.servlet.mvc.method.AbstractHandlerMethodAdapter.handle(AbstractHandlerMethodAdapter.java:87)
	at org.springframework.web.servlet.DispatcherServlet.doDispatch(DispatcherServlet.java:1089)
	at org.springframework.web.servlet.DispatcherServlet.doService(DispatcherServlet.java:979)
	at org.springframework.web.servlet.FrameworkServlet.processRequest(FrameworkServlet.java:1014)
	at org.springframework.web.servlet.FrameworkServlet.doPost(FrameworkServlet.java:914)
	at jakarta.servlet.http.HttpServlet.service(HttpServlet.java:590)
	at org.springframework.web.servlet.FrameworkServlet.service(FrameworkServlet.java:885)
	at jakarta.servlet.http.HttpServlet.service(HttpServlet.java:658)
	at org.apache.catalina.core.ApplicationFilterChain.internalDoFilter(ApplicationFilterChain.java:205)
	at org.apache.catalina.core.ApplicationFilterChain.doFilter(ApplicationFilterChain.java:149)
	at org.apache.tomcat.websocket.server.WsFilter.doFilter(WsFilter.java:51)
	at org.apache.catalina.core.ApplicationFilterChain.internalDoFilter(ApplicationFilterChain.java:174)
	at org.apache.catalina.core.ApplicationFilterChain.doFilter(ApplicationFilterChain.java:149)
	at org.springframework.web.filter.OncePerRequestFilter.doFilter(OncePerRequestFilter.java:110)
	at org.apache.catalina.core.ApplicationFilterChain.internalDoFilter(ApplicationFilterChain.java:174)
	at org.apache.catalina.core.ApplicationFilterChain.doFilter(ApplicationFilterChain.java:149)
	at org.springframework.web.filter.CompositeFilter$VirtualFilterChain.doFilter(CompositeFilter.java:108)
	at org.springframework.security.web.FilterChainProxy.lambda$doFilterInternal$3(FilterChainProxy.java:231)
	at org.springframework.security.web.ObservationFilterChainDecorator$FilterObservation$SimpleFilterObservation.lambda$wrap$1(ObservationFilterChainDecorator.java:479)
	at org.springframework.security.web.ObservationFilterChainDecorator$AroundFilterObservation$SimpleAroundFilterObservation.lambda$wrap$1(ObservationFilterChainDecorator.java:340)
	at org.springframework.security.web.ObservationFilterChainDecorator.lambda$wrapSecured$0(ObservationFilterChainDecorator.java:82)
	at org.springframework.security.web.ObservationFilterChainDecorator$VirtualFilterChain.doFilter(ObservationFilterChainDecorator.java:128)
	at org.springframework.security.web.access.intercept.AuthorizationFilter.doFilter(AuthorizationFilter.java:100)
	at org.springframework.security.web.ObservationFilterChainDecorator$ObservationFilter.wrapFilter(ObservationFilterChainDecorator.java:240)
	at org.springframework.security.web.ObservationFilterChainDecorator$ObservationFilter.doFilter(ObservationFilterChainDecorator.java:227)
	at org.springframework.security.web.ObservationFilterChainDecorator$VirtualFilterChain.doFilter(ObservationFilterChainDecorator.java:137)
	at org.springframework.security.web.access.ExceptionTranslationFilter.doFilter(ExceptionTranslationFilter.java:126)
	at org.springframework.security.web.access.ExceptionTranslationFilter.doFilter(ExceptionTranslationFilter.java:120)
	at org.springframework.security.web.ObservationFilterChainDecorator$ObservationFilter.wrapFilter(ObservationFilterChainDecorator.java:240)
	at org.springframework.security.web.ObservationFilterChainDecorator$ObservationFilter.doFilter(ObservationFilterChainDecorator.java:227)
	at org.springframework.security.web.ObservationFilterChainDecorator$VirtualFilterChain.doFilter(ObservationFilterChainDecorator.java:137)
	at org.springframework.security.web.authentication.AnonymousAuthenticationFilter.doFilter(AnonymousAuthenticationFilter.java:100)
	at org.springframework.security.web.ObservationFilterChainDecorator$ObservationFilter.wrapFilter(ObservationFilterChainDecorator.java:240)
	at org.springframework.security.web.ObservationFilterChainDecorator$ObservationFilter.doFilter(ObservationFilterChainDecorator.java:227)
	at org.springframework.security.web.ObservationFilterChainDecorator$VirtualFilterChain.doFilter(ObservationFilterChainDecorator.java:137)
	at org.springframework.security.web.servletapi.SecurityContextHolderAwareRequestFilter.doFilter(SecurityContextHolderAwareRequestFilter.java:179)
	at org.springframework.security.web.ObservationFilterChainDecorator$ObservationFilter.wrapFilter(ObservationFilterChainDecorator.java:240)
	at org.springframework.security.web.ObservationFilterChainDecorator$ObservationFilter.doFilter(ObservationFilterChainDecorator.java:227)
	at org.springframework.security.web.ObservationFilterChainDecorator$VirtualFilterChain.doFilter(ObservationFilterChainDecorator.java:137)
	at org.springframework.security.web.savedrequest.RequestCacheAwareFilter.doFilter(RequestCacheAwareFilter.java:63)
	at org.springframework.security.web.ObservationFilterChainDecorator$ObservationFilter.wrapFilter(ObservationFilterChainDecorator.java:240)
	at org.springframework.security.web.ObservationFilterChainDecorator$ObservationFilter.doFilter(ObservationFilterChainDecorator.java:227)
	at org.springframework.security.web.ObservationFilterChainDecorator$VirtualFilterChain.doFilter(ObservationFilterChainDecorator.java:137)
	at com.microserviceone.users.core.config.internalSecurity.InternalJwtFilter.doFilterInternal(InternalJwtFilter.java:96)
	at org.springframework.web.filter.OncePerRequestFilter.doFilter(OncePerRequestFilter.java:116)
	at org.springframework.security.web.ObservationFilterChainDecorator$ObservationFilter.wrapFilter(ObservationFilterChainDecorator.java:240)
	at org.springframework.security.web.ObservationFilterChainDecorator$ObservationFilter.doFilter(ObservationFilterChainDecorator.java:227)
	at org.springframework.security.web.ObservationFilterChainDecorator$VirtualFilterChain.doFilter(ObservationFilterChainDecorator.java:137)
	at org.springframework.security.web.authentication.logout.LogoutFilter.doFilter(LogoutFilter.java:107)
	at org.springframework.security.web.authentication.logout.LogoutFilter.doFilter(LogoutFilter.java:93)
	at org.springframework.security.web.ObservationFilterChainDecorator$ObservationFilter.wrapFilter(ObservationFilterChainDecorator.java:240)
	at org.springframework.security.web.ObservationFilterChainDecorator$ObservationFilter.doFilter(ObservationFilterChainDecorator.java:227)
	at org.springframework.security.web.ObservationFilterChainDecorator$VirtualFilterChain.doFilter(ObservationFilterChainDecorator.java:137)
	at org.springframework.web.filter.CorsFilter.doFilterInternal(CorsFilter.java:91)
	at org.springframework.web.filter.OncePerRequestFilter.doFilter(OncePerRequestFilter.java:116)
	at org.springframework.security.web.ObservationFilterChainDecorator$ObservationFilter.wrapFilter(ObservationFilterChainDecorator.java:240)
	at org.springframework.security.web.ObservationFilterChainDecorator$ObservationFilter.doFilter(ObservationFilterChainDecorator.java:227)
	at org.springframework.security.web.ObservationFilterChainDecorator$VirtualFilterChain.doFilter(ObservationFilterChainDecorator.java:137)
	at org.springframework.security.web.header.HeaderWriterFilter.doHeadersAfter(HeaderWriterFilter.java:90)
	at org.springframework.security.web.header.HeaderWriterFilter.doFilterInternal(HeaderWriterFilter.java:75)
	at org.springframework.web.filter.OncePerRequestFilter.doFilter(OncePerRequestFilter.java:116)
	at org.springframework.security.web.ObservationFilterChainDecorator$ObservationFilter.wrapFilter(ObservationFilterChainDecorator.java:240)
	at org.springframework.security.web.ObservationFilterChainDecorator$ObservationFilter.doFilter(ObservationFilterChainDecorator.java:227)
	at org.springframework.security.web.ObservationFilterChainDecorator$VirtualFilterChain.doFilter(ObservationFilterChainDecorator.java:137)
	at org.springframework.security.web.context.SecurityContextHolderFilter.doFilter(SecurityContextHolderFilter.java:82)
	at org.springframework.security.web.context.SecurityContextHolderFilter.doFilter(SecurityContextHolderFilter.java:69)
	at org.springframework.security.web.ObservationFilterChainDecorator$ObservationFilter.wrapFilter(ObservationFilterChainDecorator.java:240)
	at org.springframework.security.web.ObservationFilterChainDecorator$ObservationFilter.doFilter(ObservationFilterChainDecorator.java:227)
	at org.springframework.security.web.ObservationFilterChainDecorator$VirtualFilterChain.doFilter(ObservationFilterChainDecorator.java:137)
	at org.springframework.security.web.context.request.async.WebAsyncManagerIntegrationFilter.doFilterInternal(WebAsyncManagerIntegrationFilter.java:62)
	at org.springframework.web.filter.OncePerRequestFilter.doFilter(OncePerRequestFilter.java:116)
	at org.springframework.security.web.ObservationFilterChainDecorator$ObservationFilter.wrapFilter(ObservationFilterChainDecorator.java:240)
	at org.springframework.security.web.ObservationFilterChainDecorator$ObservationFilter.doFilter(ObservationFilterChainDecorator.java:227)
	at org.springframework.security.web.ObservationFilterChainDecorator$VirtualFilterChain.doFilter(ObservationFilterChainDecorator.java:137)
	at org.springframework.security.web.session.DisableEncodeUrlFilter.doFilterInternal(DisableEncodeUrlFilter.java:42)
	at org.springframework.web.filter.OncePerRequestFilter.doFilter(OncePerRequestFilter.java:116)
	at org.springframework.security.web.ObservationFilterChainDecorator$ObservationFilter.wrapFilter(ObservationFilterChainDecorator.java:240)
	at org.springframework.security.web.ObservationFilterChainDecorator$AroundFilterObservation$SimpleAroundFilterObservation.lambda$wrap$0(ObservationFilterChainDecorator.java:323)
	at org.springframework.security.web.ObservationFilterChainDecorator$ObservationFilter.doFilter(ObservationFilterChainDecorator.java:224)
	at org.springframework.security.web.ObservationFilterChainDecorator$VirtualFilterChain.doFilter(ObservationFilterChainDecorator.java:137)
	at org.springframework.security.web.FilterChainProxy.doFilterInternal(FilterChainProxy.java:233)
	at org.springframework.security.web.FilterChainProxy.doFilter(FilterChainProxy.java:191)
	at org.springframework.web.filter.CompositeFilter$VirtualFilterChain.doFilter(CompositeFilter.java:113)
	at org.springframework.web.servlet.handler.HandlerMappingIntrospector.lambda$createCacheFilter$3(HandlerMappingIntrospector.java:195)
	at org.springframework.web.filter.CompositeFilter$VirtualFilterChain.doFilter(CompositeFilter.java:113)
	at org.springframework.web.filter.CompositeFilter.doFilter(CompositeFilter.java:74)
	at org.springframework.security.config.annotation.web.configuration.WebMvcSecurityConfiguration$CompositeFilterChainProxy.doFilter(WebMvcSecurityConfiguration.java:230)
	at org.springframework.web.filter.DelegatingFilterProxy.invokeDelegate(DelegatingFilterProxy.java:352)
	at org.springframework.web.filter.DelegatingFilterProxy.doFilter(DelegatingFilterProxy.java:268)
	at org.apache.catalina.core.ApplicationFilterChain.internalDoFilter(ApplicationFilterChain.java:174)
	at org.apache.catalina.core.ApplicationFilterChain.doFilter(ApplicationFilterChain.java:149)
	at org.springframework.web.filter.RequestContextFilter.doFilterInternal(RequestContextFilter.java:100)
	at org.springframework.web.filter.OncePerRequestFilter.doFilter(OncePerRequestFilter.java:116)
	at org.apache.catalina.core.ApplicationFilterChain.internalDoFilter(ApplicationFilterChain.java:174)
	at org.apache.catalina.core.ApplicationFilterChain.doFilter(ApplicationFilterChain.java:149)
	at org.springframework.web.filter.FormContentFilter.doFilterInternal(FormContentFilter.java:93)
	at org.springframework.web.filter.OncePerRequestFilter.doFilter(OncePerRequestFilter.java:116)
	at org.apache.catalina.core.ApplicationFilterChain.internalDoFilter(ApplicationFilterChain.java:174)
	at org.apache.catalina.core.ApplicationFilterChain.doFilter(ApplicationFilterChain.java:149)
	at org.springframework.web.filter.ServerHttpObservationFilter.doFilterInternal(ServerHttpObservationFilter.java:109)
	at org.springframework.web.filter.OncePerRequestFilter.doFilter(OncePerRequestFilter.java:116)
	at org.apache.catalina.core.ApplicationFilterChain.internalDoFilter(ApplicationFilterChain.java:174)
	at org.apache.catalina.core.ApplicationFilterChain.doFilter(ApplicationFilterChain.java:149)
	at org.springframework.web.filter.CharacterEncodingFilter.doFilterInternal(CharacterEncodingFilter.java:201)
	at org.springframework.web.filter.OncePerRequestFilter.doFilter(OncePerRequestFilter.java:116)
	at org.apache.catalina.core.ApplicationFilterChain.internalDoFilter(ApplicationFilterChain.java:174)
	at org.apache.catalina.core.ApplicationFilterChain.doFilter(ApplicationFilterChain.java:149)
	at org.apache.catalina.core.StandardWrapperValve.invoke(StandardWrapperValve.java:167)
	at org.apache.catalina.core.StandardContextValve.invoke(StandardContextValve.java:90)
	at org.apache.catalina.authenticator.AuthenticatorBase.invoke(AuthenticatorBase.java:482)
	at org.apache.catalina.core.StandardHostValve.invoke(StandardHostValve.java:115)
	at org.apache.catalina.valves.ErrorReportValve.invoke(ErrorReportValve.java:93)
	at org.apache.catalina.core.StandardEngineValve.invoke(StandardEngineValve.java:74)
	at org.apache.catalina.connector.CoyoteAdapter.service(CoyoteAdapter.java:344)
	at org.apache.coyote.http11.Http11Processor.service(Http11Processor.java:391)
	at org.apache.coyote.AbstractProcessorLight.process(AbstractProcessorLight.java:63)
	at org.apache.coyote.AbstractProtocol$ConnectionHandler.process(AbstractProtocol.java:896)
	at org.apache.tomcat.util.net.NioEndpoint$SocketProcessor.doRun(NioEndpoint.java:1744)
	at org.apache.tomcat.util.net.SocketProcessorBase.run(SocketProcessorBase.java:52)
	at org.apache.tomcat.util.threads.ThreadPoolExecutor.runWorker(ThreadPoolExecutor.java:1191)
	at org.apache.tomcat.util.threads.ThreadPoolExecutor$Worker.run(ThreadPoolExecutor.java:659)
	at org.apache.tomcat.util.threads.TaskThread$WrappingRunnable.run(TaskThread.java:63)
	at java.base/java.lang.Thread.run(Thread.java:840)
2025-07-11 12:06:15 [http-nio-8082-exec-8] INFO  c.m.u.core.logging.LoggingService - CheckEmailVerificationUseCase: Verificando estado de verificación de email - Email: sebasagudelo1012@gmail.com
2025-07-11 12:06:15 [http-nio-8082-exec-8] WARN  c.m.u.core.logging.LoggingService - CheckEmailVerificationUseCase: Email no verificado - Email: sebasagudelo1012@gmail.com
2025-07-11 12:06:15 [http-nio-8082-exec-8] ERROR c.m.u.core.logging.LoggingService - CheckEmailVerificationUseCase: Excepción de email no verificado - Email: sebasagudelo1012@gmail.com
com.microserviceone.users.verificationCodeApi.application.exception.EmailNotVerifiedException: El correo electrónico aún no ha sido verificado
	at com.microserviceone.users.verificationCodeApi.application.usecase.CheckEmailVerificationUseCase.checkEmailVerification(CheckEmailVerificationUseCase.java:30)
	at java.base/jdk.internal.reflect.NativeMethodAccessorImpl.invoke0(Native Method)
	at java.base/jdk.internal.reflect.NativeMethodAccessorImpl.invoke(NativeMethodAccessorImpl.java:77)
	at java.base/jdk.internal.reflect.DelegatingMethodAccessorImpl.invoke(DelegatingMethodAccessorImpl.java:43)
	at java.base/java.lang.reflect.Method.invoke(Method.java:569)
	at org.springframework.aop.support.AopUtils.invokeJoinpointUsingReflection(AopUtils.java:351)
	at org.springframework.aop.framework.ReflectiveMethodInvocation.invokeJoinpoint(ReflectiveMethodInvocation.java:196)
	at org.springframework.aop.framework.ReflectiveMethodInvocation.proceed(ReflectiveMethodInvocation.java:163)
	at org.springframework.aop.framework.CglibAopProxy$CglibMethodInvocation.proceed(CglibAopProxy.java:765)
	at org.springframework.transaction.interceptor.TransactionInterceptor$1.proceedWithInvocation(TransactionInterceptor.java:123)
	at org.springframework.transaction.interceptor.TransactionAspectSupport.invokeWithinTransaction(TransactionAspectSupport.java:385)
	at org.springframework.transaction.interceptor.TransactionInterceptor.invoke(TransactionInterceptor.java:119)
	at org.springframework.aop.framework.ReflectiveMethodInvocation.proceed(ReflectiveMethodInvocation.java:184)
	at org.springframework.aop.framework.CglibAopProxy$CglibMethodInvocation.proceed(CglibAopProxy.java:765)
	at org.springframework.aop.framework.CglibAopProxy$DynamicAdvisedInterceptor.intercept(CglibAopProxy.java:717)
	at com.microserviceone.users.verificationCodeApi.application.usecase.CheckEmailVerificationUseCase$$SpringCGLIB$$0.checkEmailVerification(<generated>)
	at com.microserviceone.users.verificationCodeApi.application.usecase.cached.CachedCheckEmailVerificationUseCase.lambda$0(CachedCheckEmailVerificationUseCase.java:36)
	at com.microserviceone.users.core.cache.service.CacheServiceImpl.getOrCompute(CacheServiceImpl.java:52)
	at com.microserviceone.users.verificationCodeApi.application.usecase.cached.CachedCheckEmailVerificationUseCase.checkEmailVerification(CachedCheckEmailVerificationUseCase.java:31)
	at com.microserviceone.users.verificationCodeApi.application.service.VerificationService.checkEmailVerification(VerificationService.java:55)
	at com.microserviceone.users.verificationCodeApi.web.controller.VerificationCodeController.checkEmailVerification(VerificationCodeController.java:65)
	at java.base/jdk.internal.reflect.NativeMethodAccessorImpl.invoke0(Native Method)
	at java.base/jdk.internal.reflect.NativeMethodAccessorImpl.invoke(NativeMethodAccessorImpl.java:77)
	at java.base/jdk.internal.reflect.DelegatingMethodAccessorImpl.invoke(DelegatingMethodAccessorImpl.java:43)
	at java.base/java.lang.reflect.Method.invoke(Method.java:569)
	at org.springframework.web.method.support.InvocableHandlerMethod.doInvoke(InvocableHandlerMethod.java:259)
	at org.springframework.web.method.support.InvocableHandlerMethod.invokeForRequest(InvocableHandlerMethod.java:192)
	at org.springframework.web.servlet.mvc.method.annotation.ServletInvocableHandlerMethod.invokeAndHandle(ServletInvocableHandlerMethod.java:118)
	at org.springframework.web.servlet.mvc.method.annotation.RequestMappingHandlerAdapter.invokeHandlerMethod(RequestMappingHandlerAdapter.java:920)
	at org.springframework.web.servlet.mvc.method.annotation.RequestMappingHandlerAdapter.handleInternal(RequestMappingHandlerAdapter.java:830)
	at org.springframework.web.servlet.mvc.method.AbstractHandlerMethodAdapter.handle(AbstractHandlerMethodAdapter.java:87)
	at org.springframework.web.servlet.DispatcherServlet.doDispatch(DispatcherServlet.java:1089)
	at org.springframework.web.servlet.DispatcherServlet.doService(DispatcherServlet.java:979)
	at org.springframework.web.servlet.FrameworkServlet.processRequest(FrameworkServlet.java:1014)
	at org.springframework.web.servlet.FrameworkServlet.doPost(FrameworkServlet.java:914)
	at jakarta.servlet.http.HttpServlet.service(HttpServlet.java:590)
	at org.springframework.web.servlet.FrameworkServlet.service(FrameworkServlet.java:885)
	at jakarta.servlet.http.HttpServlet.service(HttpServlet.java:658)
	at org.apache.catalina.core.ApplicationFilterChain.internalDoFilter(ApplicationFilterChain.java:205)
	at org.apache.catalina.core.ApplicationFilterChain.doFilter(ApplicationFilterChain.java:149)
	at org.apache.tomcat.websocket.server.WsFilter.doFilter(WsFilter.java:51)
	at org.apache.catalina.core.ApplicationFilterChain.internalDoFilter(ApplicationFilterChain.java:174)
	at org.apache.catalina.core.ApplicationFilterChain.doFilter(ApplicationFilterChain.java:149)
	at org.springframework.web.filter.OncePerRequestFilter.doFilter(OncePerRequestFilter.java:110)
	at org.apache.catalina.core.ApplicationFilterChain.internalDoFilter(ApplicationFilterChain.java:174)
	at org.apache.catalina.core.ApplicationFilterChain.doFilter(ApplicationFilterChain.java:149)
	at org.springframework.web.filter.CompositeFilter$VirtualFilterChain.doFilter(CompositeFilter.java:108)
	at org.springframework.security.web.FilterChainProxy.lambda$doFilterInternal$3(FilterChainProxy.java:231)
	at org.springframework.security.web.ObservationFilterChainDecorator$FilterObservation$SimpleFilterObservation.lambda$wrap$1(ObservationFilterChainDecorator.java:479)
	at org.springframework.security.web.ObservationFilterChainDecorator$AroundFilterObservation$SimpleAroundFilterObservation.lambda$wrap$1(ObservationFilterChainDecorator.java:340)
	at org.springframework.security.web.ObservationFilterChainDecorator.lambda$wrapSecured$0(ObservationFilterChainDecorator.java:82)
	at org.springframework.security.web.ObservationFilterChainDecorator$VirtualFilterChain.doFilter(ObservationFilterChainDecorator.java:128)
	at org.springframework.security.web.access.intercept.AuthorizationFilter.doFilter(AuthorizationFilter.java:100)
	at org.springframework.security.web.ObservationFilterChainDecorator$ObservationFilter.wrapFilter(ObservationFilterChainDecorator.java:240)
	at org.springframework.security.web.ObservationFilterChainDecorator$ObservationFilter.doFilter(ObservationFilterChainDecorator.java:227)
	at org.springframework.security.web.ObservationFilterChainDecorator$VirtualFilterChain.doFilter(ObservationFilterChainDecorator.java:137)
	at org.springframework.security.web.access.ExceptionTranslationFilter.doFilter(ExceptionTranslationFilter.java:126)
	at org.springframework.security.web.access.ExceptionTranslationFilter.doFilter(ExceptionTranslationFilter.java:120)
	at org.springframework.security.web.ObservationFilterChainDecorator$ObservationFilter.wrapFilter(ObservationFilterChainDecorator.java:240)
	at org.springframework.security.web.ObservationFilterChainDecorator$ObservationFilter.doFilter(ObservationFilterChainDecorator.java:227)
	at org.springframework.security.web.ObservationFilterChainDecorator$VirtualFilterChain.doFilter(ObservationFilterChainDecorator.java:137)
	at org.springframework.security.web.authentication.AnonymousAuthenticationFilter.doFilter(AnonymousAuthenticationFilter.java:100)
	at org.springframework.security.web.ObservationFilterChainDecorator$ObservationFilter.wrapFilter(ObservationFilterChainDecorator.java:240)
	at org.springframework.security.web.ObservationFilterChainDecorator$ObservationFilter.doFilter(ObservationFilterChainDecorator.java:227)
	at org.springframework.security.web.ObservationFilterChainDecorator$VirtualFilterChain.doFilter(ObservationFilterChainDecorator.java:137)
	at org.springframework.security.web.servletapi.SecurityContextHolderAwareRequestFilter.doFilter(SecurityContextHolderAwareRequestFilter.java:179)
	at org.springframework.security.web.ObservationFilterChainDecorator$ObservationFilter.wrapFilter(ObservationFilterChainDecorator.java:240)
	at org.springframework.security.web.ObservationFilterChainDecorator$ObservationFilter.doFilter(ObservationFilterChainDecorator.java:227)
	at org.springframework.security.web.ObservationFilterChainDecorator$VirtualFilterChain.doFilter(ObservationFilterChainDecorator.java:137)
	at org.springframework.security.web.savedrequest.RequestCacheAwareFilter.doFilter(RequestCacheAwareFilter.java:63)
	at org.springframework.security.web.ObservationFilterChainDecorator$ObservationFilter.wrapFilter(ObservationFilterChainDecorator.java:240)
	at org.springframework.security.web.ObservationFilterChainDecorator$ObservationFilter.doFilter(ObservationFilterChainDecorator.java:227)
	at org.springframework.security.web.ObservationFilterChainDecorator$VirtualFilterChain.doFilter(ObservationFilterChainDecorator.java:137)
	at com.microserviceone.users.core.config.internalSecurity.InternalJwtFilter.doFilterInternal(InternalJwtFilter.java:96)
	at org.springframework.web.filter.OncePerRequestFilter.doFilter(OncePerRequestFilter.java:116)
	at org.springframework.security.web.ObservationFilterChainDecorator$ObservationFilter.wrapFilter(ObservationFilterChainDecorator.java:240)
	at org.springframework.security.web.ObservationFilterChainDecorator$ObservationFilter.doFilter(ObservationFilterChainDecorator.java:227)
	at org.springframework.security.web.ObservationFilterChainDecorator$VirtualFilterChain.doFilter(ObservationFilterChainDecorator.java:137)
	at org.springframework.security.web.authentication.logout.LogoutFilter.doFilter(LogoutFilter.java:107)
	at org.springframework.security.web.authentication.logout.LogoutFilter.doFilter(LogoutFilter.java:93)
	at org.springframework.security.web.ObservationFilterChainDecorator$ObservationFilter.wrapFilter(ObservationFilterChainDecorator.java:240)
	at org.springframework.security.web.ObservationFilterChainDecorator$ObservationFilter.doFilter(ObservationFilterChainDecorator.java:227)
	at org.springframework.security.web.ObservationFilterChainDecorator$VirtualFilterChain.doFilter(ObservationFilterChainDecorator.java:137)
	at org.springframework.web.filter.CorsFilter.doFilterInternal(CorsFilter.java:91)
	at org.springframework.web.filter.OncePerRequestFilter.doFilter(OncePerRequestFilter.java:116)
	at org.springframework.security.web.ObservationFilterChainDecorator$ObservationFilter.wrapFilter(ObservationFilterChainDecorator.java:240)
	at org.springframework.security.web.ObservationFilterChainDecorator$ObservationFilter.doFilter(ObservationFilterChainDecorator.java:227)
	at org.springframework.security.web.ObservationFilterChainDecorator$VirtualFilterChain.doFilter(ObservationFilterChainDecorator.java:137)
	at org.springframework.security.web.header.HeaderWriterFilter.doHeadersAfter(HeaderWriterFilter.java:90)
	at org.springframework.security.web.header.HeaderWriterFilter.doFilterInternal(HeaderWriterFilter.java:75)
	at org.springframework.web.filter.OncePerRequestFilter.doFilter(OncePerRequestFilter.java:116)
	at org.springframework.security.web.ObservationFilterChainDecorator$ObservationFilter.wrapFilter(ObservationFilterChainDecorator.java:240)
	at org.springframework.security.web.ObservationFilterChainDecorator$ObservationFilter.doFilter(ObservationFilterChainDecorator.java:227)
	at org.springframework.security.web.ObservationFilterChainDecorator$VirtualFilterChain.doFilter(ObservationFilterChainDecorator.java:137)
	at org.springframework.security.web.context.SecurityContextHolderFilter.doFilter(SecurityContextHolderFilter.java:82)
	at org.springframework.security.web.context.SecurityContextHolderFilter.doFilter(SecurityContextHolderFilter.java:69)
	at org.springframework.security.web.ObservationFilterChainDecorator$ObservationFilter.wrapFilter(ObservationFilterChainDecorator.java:240)
	at org.springframework.security.web.ObservationFilterChainDecorator$ObservationFilter.doFilter(ObservationFilterChainDecorator.java:227)
	at org.springframework.security.web.ObservationFilterChainDecorator$VirtualFilterChain.doFilter(ObservationFilterChainDecorator.java:137)
	at org.springframework.security.web.context.request.async.WebAsyncManagerIntegrationFilter.doFilterInternal(WebAsyncManagerIntegrationFilter.java:62)
	at org.springframework.web.filter.OncePerRequestFilter.doFilter(OncePerRequestFilter.java:116)
	at org.springframework.security.web.ObservationFilterChainDecorator$ObservationFilter.wrapFilter(ObservationFilterChainDecorator.java:240)
	at org.springframework.security.web.ObservationFilterChainDecorator$ObservationFilter.doFilter(ObservationFilterChainDecorator.java:227)
	at org.springframework.security.web.ObservationFilterChainDecorator$VirtualFilterChain.doFilter(ObservationFilterChainDecorator.java:137)
	at org.springframework.security.web.session.DisableEncodeUrlFilter.doFilterInternal(DisableEncodeUrlFilter.java:42)
	at org.springframework.web.filter.OncePerRequestFilter.doFilter(OncePerRequestFilter.java:116)
	at org.springframework.security.web.ObservationFilterChainDecorator$ObservationFilter.wrapFilter(ObservationFilterChainDecorator.java:240)
	at org.springframework.security.web.ObservationFilterChainDecorator$AroundFilterObservation$SimpleAroundFilterObservation.lambda$wrap$0(ObservationFilterChainDecorator.java:323)
	at org.springframework.security.web.ObservationFilterChainDecorator$ObservationFilter.doFilter(ObservationFilterChainDecorator.java:224)
	at org.springframework.security.web.ObservationFilterChainDecorator$VirtualFilterChain.doFilter(ObservationFilterChainDecorator.java:137)
	at org.springframework.security.web.FilterChainProxy.doFilterInternal(FilterChainProxy.java:233)
	at org.springframework.security.web.FilterChainProxy.doFilter(FilterChainProxy.java:191)
	at org.springframework.web.filter.CompositeFilter$VirtualFilterChain.doFilter(CompositeFilter.java:113)
	at org.springframework.web.servlet.handler.HandlerMappingIntrospector.lambda$createCacheFilter$3(HandlerMappingIntrospector.java:195)
	at org.springframework.web.filter.CompositeFilter$VirtualFilterChain.doFilter(CompositeFilter.java:113)
	at org.springframework.web.filter.CompositeFilter.doFilter(CompositeFilter.java:74)
	at org.springframework.security.config.annotation.web.configuration.WebMvcSecurityConfiguration$CompositeFilterChainProxy.doFilter(WebMvcSecurityConfiguration.java:230)
	at org.springframework.web.filter.DelegatingFilterProxy.invokeDelegate(DelegatingFilterProxy.java:352)
	at org.springframework.web.filter.DelegatingFilterProxy.doFilter(DelegatingFilterProxy.java:268)
	at org.apache.catalina.core.ApplicationFilterChain.internalDoFilter(ApplicationFilterChain.java:174)
	at org.apache.catalina.core.ApplicationFilterChain.doFilter(ApplicationFilterChain.java:149)
	at org.springframework.web.filter.RequestContextFilter.doFilterInternal(RequestContextFilter.java:100)
	at org.springframework.web.filter.OncePerRequestFilter.doFilter(OncePerRequestFilter.java:116)
	at org.apache.catalina.core.ApplicationFilterChain.internalDoFilter(ApplicationFilterChain.java:174)
	at org.apache.catalina.core.ApplicationFilterChain.doFilter(ApplicationFilterChain.java:149)
	at org.springframework.web.filter.FormContentFilter.doFilterInternal(FormContentFilter.java:93)
	at org.springframework.web.filter.OncePerRequestFilter.doFilter(OncePerRequestFilter.java:116)
	at org.apache.catalina.core.ApplicationFilterChain.internalDoFilter(ApplicationFilterChain.java:174)
	at org.apache.catalina.core.ApplicationFilterChain.doFilter(ApplicationFilterChain.java:149)
	at org.springframework.web.filter.ServerHttpObservationFilter.doFilterInternal(ServerHttpObservationFilter.java:109)
	at org.springframework.web.filter.OncePerRequestFilter.doFilter(OncePerRequestFilter.java:116)
	at org.apache.catalina.core.ApplicationFilterChain.internalDoFilter(ApplicationFilterChain.java:174)
	at org.apache.catalina.core.ApplicationFilterChain.doFilter(ApplicationFilterChain.java:149)
	at org.springframework.web.filter.CharacterEncodingFilter.doFilterInternal(CharacterEncodingFilter.java:201)
	at org.springframework.web.filter.OncePerRequestFilter.doFilter(OncePerRequestFilter.java:116)
	at org.apache.catalina.core.ApplicationFilterChain.internalDoFilter(ApplicationFilterChain.java:174)
	at org.apache.catalina.core.ApplicationFilterChain.doFilter(ApplicationFilterChain.java:149)
	at org.apache.catalina.core.StandardWrapperValve.invoke(StandardWrapperValve.java:167)
	at org.apache.catalina.core.StandardContextValve.invoke(StandardContextValve.java:90)
	at org.apache.catalina.authenticator.AuthenticatorBase.invoke(AuthenticatorBase.java:482)
	at org.apache.catalina.core.StandardHostValve.invoke(StandardHostValve.java:115)
	at org.apache.catalina.valves.ErrorReportValve.invoke(ErrorReportValve.java:93)
	at org.apache.catalina.core.StandardEngineValve.invoke(StandardEngineValve.java:74)
	at org.apache.catalina.connector.CoyoteAdapter.service(CoyoteAdapter.java:344)
	at org.apache.coyote.http11.Http11Processor.service(Http11Processor.java:391)
	at org.apache.coyote.AbstractProcessorLight.process(AbstractProcessorLight.java:63)
	at org.apache.coyote.AbstractProtocol$ConnectionHandler.process(AbstractProtocol.java:896)
	at org.apache.tomcat.util.net.NioEndpoint$SocketProcessor.doRun(NioEndpoint.java:1744)
	at org.apache.tomcat.util.net.SocketProcessorBase.run(SocketProcessorBase.java:52)
	at org.apache.tomcat.util.threads.ThreadPoolExecutor.runWorker(ThreadPoolExecutor.java:1191)
	at org.apache.tomcat.util.threads.ThreadPoolExecutor$Worker.run(ThreadPoolExecutor.java:659)
	at org.apache.tomcat.util.threads.TaskThread$WrappingRunnable.run(TaskThread.java:63)
	at java.base/java.lang.Thread.run(Thread.java:840)
2025-07-11 12:06:15 [http-nio-8082-exec-8] ERROR c.m.u.core.logging.LoggingService - CachedCheckEmailVerificationUseCase: Error en verificación con cache - Email: sebasagudelo1012@gmail.com
com.microserviceone.users.verificationCodeApi.application.exception.EmailNotVerifiedException: El correo electrónico aún no ha sido verificado
	at com.microserviceone.users.verificationCodeApi.application.usecase.CheckEmailVerificationUseCase.checkEmailVerification(CheckEmailVerificationUseCase.java:30)
	at java.base/jdk.internal.reflect.NativeMethodAccessorImpl.invoke0(Native Method)
	at java.base/jdk.internal.reflect.NativeMethodAccessorImpl.invoke(NativeMethodAccessorImpl.java:77)
	at java.base/jdk.internal.reflect.DelegatingMethodAccessorImpl.invoke(DelegatingMethodAccessorImpl.java:43)
	at java.base/java.lang.reflect.Method.invoke(Method.java:569)
	at org.springframework.aop.support.AopUtils.invokeJoinpointUsingReflection(AopUtils.java:351)
	at org.springframework.aop.framework.ReflectiveMethodInvocation.invokeJoinpoint(ReflectiveMethodInvocation.java:196)
	at org.springframework.aop.framework.ReflectiveMethodInvocation.proceed(ReflectiveMethodInvocation.java:163)
	at org.springframework.aop.framework.CglibAopProxy$CglibMethodInvocation.proceed(CglibAopProxy.java:765)
	at org.springframework.transaction.interceptor.TransactionInterceptor$1.proceedWithInvocation(TransactionInterceptor.java:123)
	at org.springframework.transaction.interceptor.TransactionAspectSupport.invokeWithinTransaction(TransactionAspectSupport.java:385)
	at org.springframework.transaction.interceptor.TransactionInterceptor.invoke(TransactionInterceptor.java:119)
	at org.springframework.aop.framework.ReflectiveMethodInvocation.proceed(ReflectiveMethodInvocation.java:184)
	at org.springframework.aop.framework.CglibAopProxy$CglibMethodInvocation.proceed(CglibAopProxy.java:765)
	at org.springframework.aop.framework.CglibAopProxy$DynamicAdvisedInterceptor.intercept(CglibAopProxy.java:717)
	at com.microserviceone.users.verificationCodeApi.application.usecase.CheckEmailVerificationUseCase$$SpringCGLIB$$0.checkEmailVerification(<generated>)
	at com.microserviceone.users.verificationCodeApi.application.usecase.cached.CachedCheckEmailVerificationUseCase.lambda$0(CachedCheckEmailVerificationUseCase.java:36)
	at com.microserviceone.users.core.cache.service.CacheServiceImpl.getOrCompute(CacheServiceImpl.java:52)
	at com.microserviceone.users.verificationCodeApi.application.usecase.cached.CachedCheckEmailVerificationUseCase.checkEmailVerification(CachedCheckEmailVerificationUseCase.java:31)
	at com.microserviceone.users.verificationCodeApi.application.service.VerificationService.checkEmailVerification(VerificationService.java:55)
	at com.microserviceone.users.verificationCodeApi.web.controller.VerificationCodeController.checkEmailVerification(VerificationCodeController.java:65)
	at java.base/jdk.internal.reflect.NativeMethodAccessorImpl.invoke0(Native Method)
	at java.base/jdk.internal.reflect.NativeMethodAccessorImpl.invoke(NativeMethodAccessorImpl.java:77)
	at java.base/jdk.internal.reflect.DelegatingMethodAccessorImpl.invoke(DelegatingMethodAccessorImpl.java:43)
	at java.base/java.lang.reflect.Method.invoke(Method.java:569)
	at org.springframework.web.method.support.InvocableHandlerMethod.doInvoke(InvocableHandlerMethod.java:259)
	at org.springframework.web.method.support.InvocableHandlerMethod.invokeForRequest(InvocableHandlerMethod.java:192)
	at org.springframework.web.servlet.mvc.method.annotation.ServletInvocableHandlerMethod.invokeAndHandle(ServletInvocableHandlerMethod.java:118)
	at org.springframework.web.servlet.mvc.method.annotation.RequestMappingHandlerAdapter.invokeHandlerMethod(RequestMappingHandlerAdapter.java:920)
	at org.springframework.web.servlet.mvc.method.annotation.RequestMappingHandlerAdapter.handleInternal(RequestMappingHandlerAdapter.java:830)
	at org.springframework.web.servlet.mvc.method.AbstractHandlerMethodAdapter.handle(AbstractHandlerMethodAdapter.java:87)
	at org.springframework.web.servlet.DispatcherServlet.doDispatch(DispatcherServlet.java:1089)
	at org.springframework.web.servlet.DispatcherServlet.doService(DispatcherServlet.java:979)
	at org.springframework.web.servlet.FrameworkServlet.processRequest(FrameworkServlet.java:1014)
	at org.springframework.web.servlet.FrameworkServlet.doPost(FrameworkServlet.java:914)
	at jakarta.servlet.http.HttpServlet.service(HttpServlet.java:590)
	at org.springframework.web.servlet.FrameworkServlet.service(FrameworkServlet.java:885)
	at jakarta.servlet.http.HttpServlet.service(HttpServlet.java:658)
	at org.apache.catalina.core.ApplicationFilterChain.internalDoFilter(ApplicationFilterChain.java:205)
	at org.apache.catalina.core.ApplicationFilterChain.doFilter(ApplicationFilterChain.java:149)
	at org.apache.tomcat.websocket.server.WsFilter.doFilter(WsFilter.java:51)
	at org.apache.catalina.core.ApplicationFilterChain.internalDoFilter(ApplicationFilterChain.java:174)
	at org.apache.catalina.core.ApplicationFilterChain.doFilter(ApplicationFilterChain.java:149)
	at org.springframework.web.filter.OncePerRequestFilter.doFilter(OncePerRequestFilter.java:110)
	at org.apache.catalina.core.ApplicationFilterChain.internalDoFilter(ApplicationFilterChain.java:174)
	at org.apache.catalina.core.ApplicationFilterChain.doFilter(ApplicationFilterChain.java:149)
	at org.springframework.web.filter.CompositeFilter$VirtualFilterChain.doFilter(CompositeFilter.java:108)
	at org.springframework.security.web.FilterChainProxy.lambda$doFilterInternal$3(FilterChainProxy.java:231)
	at org.springframework.security.web.ObservationFilterChainDecorator$FilterObservation$SimpleFilterObservation.lambda$wrap$1(ObservationFilterChainDecorator.java:479)
	at org.springframework.security.web.ObservationFilterChainDecorator$AroundFilterObservation$SimpleAroundFilterObservation.lambda$wrap$1(ObservationFilterChainDecorator.java:340)
	at org.springframework.security.web.ObservationFilterChainDecorator.lambda$wrapSecured$0(ObservationFilterChainDecorator.java:82)
	at org.springframework.security.web.ObservationFilterChainDecorator$VirtualFilterChain.doFilter(ObservationFilterChainDecorator.java:128)
	at org.springframework.security.web.access.intercept.AuthorizationFilter.doFilter(AuthorizationFilter.java:100)
	at org.springframework.security.web.ObservationFilterChainDecorator$ObservationFilter.wrapFilter(ObservationFilterChainDecorator.java:240)
	at org.springframework.security.web.ObservationFilterChainDecorator$ObservationFilter.doFilter(ObservationFilterChainDecorator.java:227)
	at org.springframework.security.web.ObservationFilterChainDecorator$VirtualFilterChain.doFilter(ObservationFilterChainDecorator.java:137)
	at org.springframework.security.web.access.ExceptionTranslationFilter.doFilter(ExceptionTranslationFilter.java:126)
	at org.springframework.security.web.access.ExceptionTranslationFilter.doFilter(ExceptionTranslationFilter.java:120)
	at org.springframework.security.web.ObservationFilterChainDecorator$ObservationFilter.wrapFilter(ObservationFilterChainDecorator.java:240)
	at org.springframework.security.web.ObservationFilterChainDecorator$ObservationFilter.doFilter(ObservationFilterChainDecorator.java:227)
	at org.springframework.security.web.ObservationFilterChainDecorator$VirtualFilterChain.doFilter(ObservationFilterChainDecorator.java:137)
	at org.springframework.security.web.authentication.AnonymousAuthenticationFilter.doFilter(AnonymousAuthenticationFilter.java:100)
	at org.springframework.security.web.ObservationFilterChainDecorator$ObservationFilter.wrapFilter(ObservationFilterChainDecorator.java:240)
	at org.springframework.security.web.ObservationFilterChainDecorator$ObservationFilter.doFilter(ObservationFilterChainDecorator.java:227)
	at org.springframework.security.web.ObservationFilterChainDecorator$VirtualFilterChain.doFilter(ObservationFilterChainDecorator.java:137)
	at org.springframework.security.web.servletapi.SecurityContextHolderAwareRequestFilter.doFilter(SecurityContextHolderAwareRequestFilter.java:179)
	at org.springframework.security.web.ObservationFilterChainDecorator$ObservationFilter.wrapFilter(ObservationFilterChainDecorator.java:240)
	at org.springframework.security.web.ObservationFilterChainDecorator$ObservationFilter.doFilter(ObservationFilterChainDecorator.java:227)
	at org.springframework.security.web.ObservationFilterChainDecorator$VirtualFilterChain.doFilter(ObservationFilterChainDecorator.java:137)
	at org.springframework.security.web.savedrequest.RequestCacheAwareFilter.doFilter(RequestCacheAwareFilter.java:63)
	at org.springframework.security.web.ObservationFilterChainDecorator$ObservationFilter.wrapFilter(ObservationFilterChainDecorator.java:240)
	at org.springframework.security.web.ObservationFilterChainDecorator$ObservationFilter.doFilter(ObservationFilterChainDecorator.java:227)
	at org.springframework.security.web.ObservationFilterChainDecorator$VirtualFilterChain.doFilter(ObservationFilterChainDecorator.java:137)
	at com.microserviceone.users.core.config.internalSecurity.InternalJwtFilter.doFilterInternal(InternalJwtFilter.java:96)
	at org.springframework.web.filter.OncePerRequestFilter.doFilter(OncePerRequestFilter.java:116)
	at org.springframework.security.web.ObservationFilterChainDecorator$ObservationFilter.wrapFilter(ObservationFilterChainDecorator.java:240)
	at org.springframework.security.web.ObservationFilterChainDecorator$ObservationFilter.doFilter(ObservationFilterChainDecorator.java:227)
	at org.springframework.security.web.ObservationFilterChainDecorator$VirtualFilterChain.doFilter(ObservationFilterChainDecorator.java:137)
	at org.springframework.security.web.authentication.logout.LogoutFilter.doFilter(LogoutFilter.java:107)
	at org.springframework.security.web.authentication.logout.LogoutFilter.doFilter(LogoutFilter.java:93)
	at org.springframework.security.web.ObservationFilterChainDecorator$ObservationFilter.wrapFilter(ObservationFilterChainDecorator.java:240)
	at org.springframework.security.web.ObservationFilterChainDecorator$ObservationFilter.doFilter(ObservationFilterChainDecorator.java:227)
	at org.springframework.security.web.ObservationFilterChainDecorator$VirtualFilterChain.doFilter(ObservationFilterChainDecorator.java:137)
	at org.springframework.web.filter.CorsFilter.doFilterInternal(CorsFilter.java:91)
	at org.springframework.web.filter.OncePerRequestFilter.doFilter(OncePerRequestFilter.java:116)
	at org.springframework.security.web.ObservationFilterChainDecorator$ObservationFilter.wrapFilter(ObservationFilterChainDecorator.java:240)
	at org.springframework.security.web.ObservationFilterChainDecorator$ObservationFilter.doFilter(ObservationFilterChainDecorator.java:227)
	at org.springframework.security.web.ObservationFilterChainDecorator$VirtualFilterChain.doFilter(ObservationFilterChainDecorator.java:137)
	at org.springframework.security.web.header.HeaderWriterFilter.doHeadersAfter(HeaderWriterFilter.java:90)
	at org.springframework.security.web.header.HeaderWriterFilter.doFilterInternal(HeaderWriterFilter.java:75)
	at org.springframework.web.filter.OncePerRequestFilter.doFilter(OncePerRequestFilter.java:116)
	at org.springframework.security.web.ObservationFilterChainDecorator$ObservationFilter.wrapFilter(ObservationFilterChainDecorator.java:240)
	at org.springframework.security.web.ObservationFilterChainDecorator$ObservationFilter.doFilter(ObservationFilterChainDecorator.java:227)
	at org.springframework.security.web.ObservationFilterChainDecorator$VirtualFilterChain.doFilter(ObservationFilterChainDecorator.java:137)
	at org.springframework.security.web.context.SecurityContextHolderFilter.doFilter(SecurityContextHolderFilter.java:82)
	at org.springframework.security.web.context.SecurityContextHolderFilter.doFilter(SecurityContextHolderFilter.java:69)
	at org.springframework.security.web.ObservationFilterChainDecorator$ObservationFilter.wrapFilter(ObservationFilterChainDecorator.java:240)
	at org.springframework.security.web.ObservationFilterChainDecorator$ObservationFilter.doFilter(ObservationFilterChainDecorator.java:227)
	at org.springframework.security.web.ObservationFilterChainDecorator$VirtualFilterChain.doFilter(ObservationFilterChainDecorator.java:137)
	at org.springframework.security.web.context.request.async.WebAsyncManagerIntegrationFilter.doFilterInternal(WebAsyncManagerIntegrationFilter.java:62)
	at org.springframework.web.filter.OncePerRequestFilter.doFilter(OncePerRequestFilter.java:116)
	at org.springframework.security.web.ObservationFilterChainDecorator$ObservationFilter.wrapFilter(ObservationFilterChainDecorator.java:240)
	at org.springframework.security.web.ObservationFilterChainDecorator$ObservationFilter.doFilter(ObservationFilterChainDecorator.java:227)
	at org.springframework.security.web.ObservationFilterChainDecorator$VirtualFilterChain.doFilter(ObservationFilterChainDecorator.java:137)
	at org.springframework.security.web.session.DisableEncodeUrlFilter.doFilterInternal(DisableEncodeUrlFilter.java:42)
	at org.springframework.web.filter.OncePerRequestFilter.doFilter(OncePerRequestFilter.java:116)
	at org.springframework.security.web.ObservationFilterChainDecorator$ObservationFilter.wrapFilter(ObservationFilterChainDecorator.java:240)
	at org.springframework.security.web.ObservationFilterChainDecorator$AroundFilterObservation$SimpleAroundFilterObservation.lambda$wrap$0(ObservationFilterChainDecorator.java:323)
	at org.springframework.security.web.ObservationFilterChainDecorator$ObservationFilter.doFilter(ObservationFilterChainDecorator.java:224)
	at org.springframework.security.web.ObservationFilterChainDecorator$VirtualFilterChain.doFilter(ObservationFilterChainDecorator.java:137)
	at org.springframework.security.web.FilterChainProxy.doFilterInternal(FilterChainProxy.java:233)
	at org.springframework.security.web.FilterChainProxy.doFilter(FilterChainProxy.java:191)
	at org.springframework.web.filter.CompositeFilter$VirtualFilterChain.doFilter(CompositeFilter.java:113)
	at org.springframework.web.servlet.handler.HandlerMappingIntrospector.lambda$createCacheFilter$3(HandlerMappingIntrospector.java:195)
	at org.springframework.web.filter.CompositeFilter$VirtualFilterChain.doFilter(CompositeFilter.java:113)
	at org.springframework.web.filter.CompositeFilter.doFilter(CompositeFilter.java:74)
	at org.springframework.security.config.annotation.web.configuration.WebMvcSecurityConfiguration$CompositeFilterChainProxy.doFilter(WebMvcSecurityConfiguration.java:230)
	at org.springframework.web.filter.DelegatingFilterProxy.invokeDelegate(DelegatingFilterProxy.java:352)
	at org.springframework.web.filter.DelegatingFilterProxy.doFilter(DelegatingFilterProxy.java:268)
	at org.apache.catalina.core.ApplicationFilterChain.internalDoFilter(ApplicationFilterChain.java:174)
	at org.apache.catalina.core.ApplicationFilterChain.doFilter(ApplicationFilterChain.java:149)
	at org.springframework.web.filter.RequestContextFilter.doFilterInternal(RequestContextFilter.java:100)
	at org.springframework.web.filter.OncePerRequestFilter.doFilter(OncePerRequestFilter.java:116)
	at org.apache.catalina.core.ApplicationFilterChain.internalDoFilter(ApplicationFilterChain.java:174)
	at org.apache.catalina.core.ApplicationFilterChain.doFilter(ApplicationFilterChain.java:149)
	at org.springframework.web.filter.FormContentFilter.doFilterInternal(FormContentFilter.java:93)
	at org.springframework.web.filter.OncePerRequestFilter.doFilter(OncePerRequestFilter.java:116)
	at org.apache.catalina.core.ApplicationFilterChain.internalDoFilter(ApplicationFilterChain.java:174)
	at org.apache.catalina.core.ApplicationFilterChain.doFilter(ApplicationFilterChain.java:149)
	at org.springframework.web.filter.ServerHttpObservationFilter.doFilterInternal(ServerHttpObservationFilter.java:109)
	at org.springframework.web.filter.OncePerRequestFilter.doFilter(OncePerRequestFilter.java:116)
	at org.apache.catalina.core.ApplicationFilterChain.internalDoFilter(ApplicationFilterChain.java:174)
	at org.apache.catalina.core.ApplicationFilterChain.doFilter(ApplicationFilterChain.java:149)
	at org.springframework.web.filter.CharacterEncodingFilter.doFilterInternal(CharacterEncodingFilter.java:201)
	at org.springframework.web.filter.OncePerRequestFilter.doFilter(OncePerRequestFilter.java:116)
	at org.apache.catalina.core.ApplicationFilterChain.internalDoFilter(ApplicationFilterChain.java:174)
	at org.apache.catalina.core.ApplicationFilterChain.doFilter(ApplicationFilterChain.java:149)
	at org.apache.catalina.core.StandardWrapperValve.invoke(StandardWrapperValve.java:167)
	at org.apache.catalina.core.StandardContextValve.invoke(StandardContextValve.java:90)
	at org.apache.catalina.authenticator.AuthenticatorBase.invoke(AuthenticatorBase.java:482)
	at org.apache.catalina.core.StandardHostValve.invoke(StandardHostValve.java:115)
	at org.apache.catalina.valves.ErrorReportValve.invoke(ErrorReportValve.java:93)
	at org.apache.catalina.core.StandardEngineValve.invoke(StandardEngineValve.java:74)
	at org.apache.catalina.connector.CoyoteAdapter.service(CoyoteAdapter.java:344)
	at org.apache.coyote.http11.Http11Processor.service(Http11Processor.java:391)
	at org.apache.coyote.AbstractProcessorLight.process(AbstractProcessorLight.java:63)
	at org.apache.coyote.AbstractProtocol$ConnectionHandler.process(AbstractProtocol.java:896)
	at org.apache.tomcat.util.net.NioEndpoint$SocketProcessor.doRun(NioEndpoint.java:1744)
	at org.apache.tomcat.util.net.SocketProcessorBase.run(SocketProcessorBase.java:52)
	at org.apache.tomcat.util.threads.ThreadPoolExecutor.runWorker(ThreadPoolExecutor.java:1191)
	at org.apache.tomcat.util.threads.ThreadPoolExecutor$Worker.run(ThreadPoolExecutor.java:659)
	at org.apache.tomcat.util.threads.TaskThread$WrappingRunnable.run(TaskThread.java:63)
	at java.base/java.lang.Thread.run(Thread.java:840)
2025-07-11 12:06:15 [http-nio-8082-exec-8] INFO  c.m.u.core.logging.LoggingService - CheckEmailVerificationUseCase: Verificando estado de verificación de email - Email: sebasagudelo1012@gmail.com
2025-07-11 12:06:15 [http-nio-8082-exec-8] WARN  c.m.u.core.logging.LoggingService - CheckEmailVerificationUseCase: Email no verificado - Email: sebasagudelo1012@gmail.com
2025-07-11 12:06:15 [http-nio-8082-exec-8] ERROR c.m.u.core.logging.LoggingService - CheckEmailVerificationUseCase: Excepción de email no verificado - Email: sebasagudelo1012@gmail.com
com.microserviceone.users.verificationCodeApi.application.exception.EmailNotVerifiedException: El correo electrónico aún no ha sido verificado
	at com.microserviceone.users.verificationCodeApi.application.usecase.CheckEmailVerificationUseCase.checkEmailVerification(CheckEmailVerificationUseCase.java:30)
	at java.base/jdk.internal.reflect.NativeMethodAccessorImpl.invoke0(Native Method)
	at java.base/jdk.internal.reflect.NativeMethodAccessorImpl.invoke(NativeMethodAccessorImpl.java:77)
	at java.base/jdk.internal.reflect.DelegatingMethodAccessorImpl.invoke(DelegatingMethodAccessorImpl.java:43)
	at java.base/java.lang.reflect.Method.invoke(Method.java:569)
	at org.springframework.aop.support.AopUtils.invokeJoinpointUsingReflection(AopUtils.java:351)
	at org.springframework.aop.framework.ReflectiveMethodInvocation.invokeJoinpoint(ReflectiveMethodInvocation.java:196)
	at org.springframework.aop.framework.ReflectiveMethodInvocation.proceed(ReflectiveMethodInvocation.java:163)
	at org.springframework.aop.framework.CglibAopProxy$CglibMethodInvocation.proceed(CglibAopProxy.java:765)
	at org.springframework.transaction.interceptor.TransactionInterceptor$1.proceedWithInvocation(TransactionInterceptor.java:123)
	at org.springframework.transaction.interceptor.TransactionAspectSupport.invokeWithinTransaction(TransactionAspectSupport.java:385)
	at org.springframework.transaction.interceptor.TransactionInterceptor.invoke(TransactionInterceptor.java:119)
	at org.springframework.aop.framework.ReflectiveMethodInvocation.proceed(ReflectiveMethodInvocation.java:184)
	at org.springframework.aop.framework.CglibAopProxy$CglibMethodInvocation.proceed(CglibAopProxy.java:765)
	at org.springframework.aop.framework.CglibAopProxy$DynamicAdvisedInterceptor.intercept(CglibAopProxy.java:717)
	at com.microserviceone.users.verificationCodeApi.application.usecase.CheckEmailVerificationUseCase$$SpringCGLIB$$0.checkEmailVerification(<generated>)
	at com.microserviceone.users.verificationCodeApi.application.usecase.cached.CachedCheckEmailVerificationUseCase.checkEmailVerification(CachedCheckEmailVerificationUseCase.java:53)
	at com.microserviceone.users.verificationCodeApi.application.service.VerificationService.checkEmailVerification(VerificationService.java:55)
	at com.microserviceone.users.verificationCodeApi.web.controller.VerificationCodeController.checkEmailVerification(VerificationCodeController.java:65)
	at java.base/jdk.internal.reflect.NativeMethodAccessorImpl.invoke0(Native Method)
	at java.base/jdk.internal.reflect.NativeMethodAccessorImpl.invoke(NativeMethodAccessorImpl.java:77)
	at java.base/jdk.internal.reflect.DelegatingMethodAccessorImpl.invoke(DelegatingMethodAccessorImpl.java:43)
	at java.base/java.lang.reflect.Method.invoke(Method.java:569)
	at org.springframework.web.method.support.InvocableHandlerMethod.doInvoke(InvocableHandlerMethod.java:259)
	at org.springframework.web.method.support.InvocableHandlerMethod.invokeForRequest(InvocableHandlerMethod.java:192)
	at org.springframework.web.servlet.mvc.method.annotation.ServletInvocableHandlerMethod.invokeAndHandle(ServletInvocableHandlerMethod.java:118)
	at org.springframework.web.servlet.mvc.method.annotation.RequestMappingHandlerAdapter.invokeHandlerMethod(RequestMappingHandlerAdapter.java:920)
	at org.springframework.web.servlet.mvc.method.annotation.RequestMappingHandlerAdapter.handleInternal(RequestMappingHandlerAdapter.java:830)
	at org.springframework.web.servlet.mvc.method.AbstractHandlerMethodAdapter.handle(AbstractHandlerMethodAdapter.java:87)
	at org.springframework.web.servlet.DispatcherServlet.doDispatch(DispatcherServlet.java:1089)
	at org.springframework.web.servlet.DispatcherServlet.doService(DispatcherServlet.java:979)
	at org.springframework.web.servlet.FrameworkServlet.processRequest(FrameworkServlet.java:1014)
	at org.springframework.web.servlet.FrameworkServlet.doPost(FrameworkServlet.java:914)
	at jakarta.servlet.http.HttpServlet.service(HttpServlet.java:590)
	at org.springframework.web.servlet.FrameworkServlet.service(FrameworkServlet.java:885)
	at jakarta.servlet.http.HttpServlet.service(HttpServlet.java:658)
	at org.apache.catalina.core.ApplicationFilterChain.internalDoFilter(ApplicationFilterChain.java:205)
	at org.apache.catalina.core.ApplicationFilterChain.doFilter(ApplicationFilterChain.java:149)
	at org.apache.tomcat.websocket.server.WsFilter.doFilter(WsFilter.java:51)
	at org.apache.catalina.core.ApplicationFilterChain.internalDoFilter(ApplicationFilterChain.java:174)
	at org.apache.catalina.core.ApplicationFilterChain.doFilter(ApplicationFilterChain.java:149)
	at org.springframework.web.filter.OncePerRequestFilter.doFilter(OncePerRequestFilter.java:110)
	at org.apache.catalina.core.ApplicationFilterChain.internalDoFilter(ApplicationFilterChain.java:174)
	at org.apache.catalina.core.ApplicationFilterChain.doFilter(ApplicationFilterChain.java:149)
	at org.springframework.web.filter.CompositeFilter$VirtualFilterChain.doFilter(CompositeFilter.java:108)
	at org.springframework.security.web.FilterChainProxy.lambda$doFilterInternal$3(FilterChainProxy.java:231)
	at org.springframework.security.web.ObservationFilterChainDecorator$FilterObservation$SimpleFilterObservation.lambda$wrap$1(ObservationFilterChainDecorator.java:479)
	at org.springframework.security.web.ObservationFilterChainDecorator$AroundFilterObservation$SimpleAroundFilterObservation.lambda$wrap$1(ObservationFilterChainDecorator.java:340)
	at org.springframework.security.web.ObservationFilterChainDecorator.lambda$wrapSecured$0(ObservationFilterChainDecorator.java:82)
	at org.springframework.security.web.ObservationFilterChainDecorator$VirtualFilterChain.doFilter(ObservationFilterChainDecorator.java:128)
	at org.springframework.security.web.access.intercept.AuthorizationFilter.doFilter(AuthorizationFilter.java:100)
	at org.springframework.security.web.ObservationFilterChainDecorator$ObservationFilter.wrapFilter(ObservationFilterChainDecorator.java:240)
	at org.springframework.security.web.ObservationFilterChainDecorator$ObservationFilter.doFilter(ObservationFilterChainDecorator.java:227)
	at org.springframework.security.web.ObservationFilterChainDecorator$VirtualFilterChain.doFilter(ObservationFilterChainDecorator.java:137)
	at org.springframework.security.web.access.ExceptionTranslationFilter.doFilter(ExceptionTranslationFilter.java:126)
	at org.springframework.security.web.access.ExceptionTranslationFilter.doFilter(ExceptionTranslationFilter.java:120)
	at org.springframework.security.web.ObservationFilterChainDecorator$ObservationFilter.wrapFilter(ObservationFilterChainDecorator.java:240)
	at org.springframework.security.web.ObservationFilterChainDecorator$ObservationFilter.doFilter(ObservationFilterChainDecorator.java:227)
	at org.springframework.security.web.ObservationFilterChainDecorator$VirtualFilterChain.doFilter(ObservationFilterChainDecorator.java:137)
	at org.springframework.security.web.authentication.AnonymousAuthenticationFilter.doFilter(AnonymousAuthenticationFilter.java:100)
	at org.springframework.security.web.ObservationFilterChainDecorator$ObservationFilter.wrapFilter(ObservationFilterChainDecorator.java:240)
	at org.springframework.security.web.ObservationFilterChainDecorator$ObservationFilter.doFilter(ObservationFilterChainDecorator.java:227)
	at org.springframework.security.web.ObservationFilterChainDecorator$VirtualFilterChain.doFilter(ObservationFilterChainDecorator.java:137)
	at org.springframework.security.web.servletapi.SecurityContextHolderAwareRequestFilter.doFilter(SecurityContextHolderAwareRequestFilter.java:179)
	at org.springframework.security.web.ObservationFilterChainDecorator$ObservationFilter.wrapFilter(ObservationFilterChainDecorator.java:240)
	at org.springframework.security.web.ObservationFilterChainDecorator$ObservationFilter.doFilter(ObservationFilterChainDecorator.java:227)
	at org.springframework.security.web.ObservationFilterChainDecorator$VirtualFilterChain.doFilter(ObservationFilterChainDecorator.java:137)
	at org.springframework.security.web.savedrequest.RequestCacheAwareFilter.doFilter(RequestCacheAwareFilter.java:63)
	at org.springframework.security.web.ObservationFilterChainDecorator$ObservationFilter.wrapFilter(ObservationFilterChainDecorator.java:240)
	at org.springframework.security.web.ObservationFilterChainDecorator$ObservationFilter.doFilter(ObservationFilterChainDecorator.java:227)
	at org.springframework.security.web.ObservationFilterChainDecorator$VirtualFilterChain.doFilter(ObservationFilterChainDecorator.java:137)
	at com.microserviceone.users.core.config.internalSecurity.InternalJwtFilter.doFilterInternal(InternalJwtFilter.java:96)
	at org.springframework.web.filter.OncePerRequestFilter.doFilter(OncePerRequestFilter.java:116)
	at org.springframework.security.web.ObservationFilterChainDecorator$ObservationFilter.wrapFilter(ObservationFilterChainDecorator.java:240)
	at org.springframework.security.web.ObservationFilterChainDecorator$ObservationFilter.doFilter(ObservationFilterChainDecorator.java:227)
	at org.springframework.security.web.ObservationFilterChainDecorator$VirtualFilterChain.doFilter(ObservationFilterChainDecorator.java:137)
	at org.springframework.security.web.authentication.logout.LogoutFilter.doFilter(LogoutFilter.java:107)
	at org.springframework.security.web.authentication.logout.LogoutFilter.doFilter(LogoutFilter.java:93)
	at org.springframework.security.web.ObservationFilterChainDecorator$ObservationFilter.wrapFilter(ObservationFilterChainDecorator.java:240)
	at org.springframework.security.web.ObservationFilterChainDecorator$ObservationFilter.doFilter(ObservationFilterChainDecorator.java:227)
	at org.springframework.security.web.ObservationFilterChainDecorator$VirtualFilterChain.doFilter(ObservationFilterChainDecorator.java:137)
	at org.springframework.web.filter.CorsFilter.doFilterInternal(CorsFilter.java:91)
	at org.springframework.web.filter.OncePerRequestFilter.doFilter(OncePerRequestFilter.java:116)
	at org.springframework.security.web.ObservationFilterChainDecorator$ObservationFilter.wrapFilter(ObservationFilterChainDecorator.java:240)
	at org.springframework.security.web.ObservationFilterChainDecorator$ObservationFilter.doFilter(ObservationFilterChainDecorator.java:227)
	at org.springframework.security.web.ObservationFilterChainDecorator$VirtualFilterChain.doFilter(ObservationFilterChainDecorator.java:137)
	at org.springframework.security.web.header.HeaderWriterFilter.doHeadersAfter(HeaderWriterFilter.java:90)
	at org.springframework.security.web.header.HeaderWriterFilter.doFilterInternal(HeaderWriterFilter.java:75)
	at org.springframework.web.filter.OncePerRequestFilter.doFilter(OncePerRequestFilter.java:116)
	at org.springframework.security.web.ObservationFilterChainDecorator$ObservationFilter.wrapFilter(ObservationFilterChainDecorator.java:240)
	at org.springframework.security.web.ObservationFilterChainDecorator$ObservationFilter.doFilter(ObservationFilterChainDecorator.java:227)
	at org.springframework.security.web.ObservationFilterChainDecorator$VirtualFilterChain.doFilter(ObservationFilterChainDecorator.java:137)
	at org.springframework.security.web.context.SecurityContextHolderFilter.doFilter(SecurityContextHolderFilter.java:82)
	at org.springframework.security.web.context.SecurityContextHolderFilter.doFilter(SecurityContextHolderFilter.java:69)
	at org.springframework.security.web.ObservationFilterChainDecorator$ObservationFilter.wrapFilter(ObservationFilterChainDecorator.java:240)
	at org.springframework.security.web.ObservationFilterChainDecorator$ObservationFilter.doFilter(ObservationFilterChainDecorator.java:227)
	at org.springframework.security.web.ObservationFilterChainDecorator$VirtualFilterChain.doFilter(ObservationFilterChainDecorator.java:137)
	at org.springframework.security.web.context.request.async.WebAsyncManagerIntegrationFilter.doFilterInternal(WebAsyncManagerIntegrationFilter.java:62)
	at org.springframework.web.filter.OncePerRequestFilter.doFilter(OncePerRequestFilter.java:116)
	at org.springframework.security.web.ObservationFilterChainDecorator$ObservationFilter.wrapFilter(ObservationFilterChainDecorator.java:240)
	at org.springframework.security.web.ObservationFilterChainDecorator$ObservationFilter.doFilter(ObservationFilterChainDecorator.java:227)
	at org.springframework.security.web.ObservationFilterChainDecorator$VirtualFilterChain.doFilter(ObservationFilterChainDecorator.java:137)
	at org.springframework.security.web.session.DisableEncodeUrlFilter.doFilterInternal(DisableEncodeUrlFilter.java:42)
	at org.springframework.web.filter.OncePerRequestFilter.doFilter(OncePerRequestFilter.java:116)
	at org.springframework.security.web.ObservationFilterChainDecorator$ObservationFilter.wrapFilter(ObservationFilterChainDecorator.java:240)
	at org.springframework.security.web.ObservationFilterChainDecorator$AroundFilterObservation$SimpleAroundFilterObservation.lambda$wrap$0(ObservationFilterChainDecorator.java:323)
	at org.springframework.security.web.ObservationFilterChainDecorator$ObservationFilter.doFilter(ObservationFilterChainDecorator.java:224)
	at org.springframework.security.web.ObservationFilterChainDecorator$VirtualFilterChain.doFilter(ObservationFilterChainDecorator.java:137)
	at org.springframework.security.web.FilterChainProxy.doFilterInternal(FilterChainProxy.java:233)
	at org.springframework.security.web.FilterChainProxy.doFilter(FilterChainProxy.java:191)
	at org.springframework.web.filter.CompositeFilter$VirtualFilterChain.doFilter(CompositeFilter.java:113)
	at org.springframework.web.servlet.handler.HandlerMappingIntrospector.lambda$createCacheFilter$3(HandlerMappingIntrospector.java:195)
	at org.springframework.web.filter.CompositeFilter$VirtualFilterChain.doFilter(CompositeFilter.java:113)
	at org.springframework.web.filter.CompositeFilter.doFilter(CompositeFilter.java:74)
	at org.springframework.security.config.annotation.web.configuration.WebMvcSecurityConfiguration$CompositeFilterChainProxy.doFilter(WebMvcSecurityConfiguration.java:230)
	at org.springframework.web.filter.DelegatingFilterProxy.invokeDelegate(DelegatingFilterProxy.java:352)
	at org.springframework.web.filter.DelegatingFilterProxy.doFilter(DelegatingFilterProxy.java:268)
	at org.apache.catalina.core.ApplicationFilterChain.internalDoFilter(ApplicationFilterChain.java:174)
	at org.apache.catalina.core.ApplicationFilterChain.doFilter(ApplicationFilterChain.java:149)
	at org.springframework.web.filter.RequestContextFilter.doFilterInternal(RequestContextFilter.java:100)
	at org.springframework.web.filter.OncePerRequestFilter.doFilter(OncePerRequestFilter.java:116)
	at org.apache.catalina.core.ApplicationFilterChain.internalDoFilter(ApplicationFilterChain.java:174)
	at org.apache.catalina.core.ApplicationFilterChain.doFilter(ApplicationFilterChain.java:149)
	at org.springframework.web.filter.FormContentFilter.doFilterInternal(FormContentFilter.java:93)
	at org.springframework.web.filter.OncePerRequestFilter.doFilter(OncePerRequestFilter.java:116)
	at org.apache.catalina.core.ApplicationFilterChain.internalDoFilter(ApplicationFilterChain.java:174)
	at org.apache.catalina.core.ApplicationFilterChain.doFilter(ApplicationFilterChain.java:149)
	at org.springframework.web.filter.ServerHttpObservationFilter.doFilterInternal(ServerHttpObservationFilter.java:109)
	at org.springframework.web.filter.OncePerRequestFilter.doFilter(OncePerRequestFilter.java:116)
	at org.apache.catalina.core.ApplicationFilterChain.internalDoFilter(ApplicationFilterChain.java:174)
	at org.apache.catalina.core.ApplicationFilterChain.doFilter(ApplicationFilterChain.java:149)
	at org.springframework.web.filter.CharacterEncodingFilter.doFilterInternal(CharacterEncodingFilter.java:201)
	at org.springframework.web.filter.OncePerRequestFilter.doFilter(OncePerRequestFilter.java:116)
	at org.apache.catalina.core.ApplicationFilterChain.internalDoFilter(ApplicationFilterChain.java:174)
	at org.apache.catalina.core.ApplicationFilterChain.doFilter(ApplicationFilterChain.java:149)
	at org.apache.catalina.core.StandardWrapperValve.invoke(StandardWrapperValve.java:167)
	at org.apache.catalina.core.StandardContextValve.invoke(StandardContextValve.java:90)
	at org.apache.catalina.authenticator.AuthenticatorBase.invoke(AuthenticatorBase.java:482)
	at org.apache.catalina.core.StandardHostValve.invoke(StandardHostValve.java:115)
	at org.apache.catalina.valves.ErrorReportValve.invoke(ErrorReportValve.java:93)
	at org.apache.catalina.core.StandardEngineValve.invoke(StandardEngineValve.java:74)
	at org.apache.catalina.connector.CoyoteAdapter.service(CoyoteAdapter.java:344)
	at org.apache.coyote.http11.Http11Processor.service(Http11Processor.java:391)
	at org.apache.coyote.AbstractProcessorLight.process(AbstractProcessorLight.java:63)
	at org.apache.coyote.AbstractProtocol$ConnectionHandler.process(AbstractProtocol.java:896)
	at org.apache.tomcat.util.net.NioEndpoint$SocketProcessor.doRun(NioEndpoint.java:1744)
	at org.apache.tomcat.util.net.SocketProcessorBase.run(SocketProcessorBase.java:52)
	at org.apache.tomcat.util.threads.ThreadPoolExecutor.runWorker(ThreadPoolExecutor.java:1191)
	at org.apache.tomcat.util.threads.ThreadPoolExecutor$Worker.run(ThreadPoolExecutor.java:659)
	at org.apache.tomcat.util.threads.TaskThread$WrappingRunnable.run(TaskThread.java:63)
	at java.base/java.lang.Thread.run(Thread.java:840)
2025-07-11 12:06:15 [http-nio-8082-exec-8] ERROR c.m.u.core.logging.LoggingService - VerificationService: Error al verificar estado de email - Email: sebasagudelo1012@gmail.com
com.microserviceone.users.verificationCodeApi.application.exception.EmailNotVerifiedException: El correo electrónico aún no ha sido verificado
	at com.microserviceone.users.verificationCodeApi.application.usecase.CheckEmailVerificationUseCase.checkEmailVerification(CheckEmailVerificationUseCase.java:30)
	at java.base/jdk.internal.reflect.NativeMethodAccessorImpl.invoke0(Native Method)
	at java.base/jdk.internal.reflect.NativeMethodAccessorImpl.invoke(NativeMethodAccessorImpl.java:77)
	at java.base/jdk.internal.reflect.DelegatingMethodAccessorImpl.invoke(DelegatingMethodAccessorImpl.java:43)
	at java.base/java.lang.reflect.Method.invoke(Method.java:569)
	at org.springframework.aop.support.AopUtils.invokeJoinpointUsingReflection(AopUtils.java:351)
	at org.springframework.aop.framework.ReflectiveMethodInvocation.invokeJoinpoint(ReflectiveMethodInvocation.java:196)
	at org.springframework.aop.framework.ReflectiveMethodInvocation.proceed(ReflectiveMethodInvocation.java:163)
	at org.springframework.aop.framework.CglibAopProxy$CglibMethodInvocation.proceed(CglibAopProxy.java:765)
	at org.springframework.transaction.interceptor.TransactionInterceptor$1.proceedWithInvocation(TransactionInterceptor.java:123)
	at org.springframework.transaction.interceptor.TransactionAspectSupport.invokeWithinTransaction(TransactionAspectSupport.java:385)
	at org.springframework.transaction.interceptor.TransactionInterceptor.invoke(TransactionInterceptor.java:119)
	at org.springframework.aop.framework.ReflectiveMethodInvocation.proceed(ReflectiveMethodInvocation.java:184)
	at org.springframework.aop.framework.CglibAopProxy$CglibMethodInvocation.proceed(CglibAopProxy.java:765)
	at org.springframework.aop.framework.CglibAopProxy$DynamicAdvisedInterceptor.intercept(CglibAopProxy.java:717)
	at com.microserviceone.users.verificationCodeApi.application.usecase.CheckEmailVerificationUseCase$$SpringCGLIB$$0.checkEmailVerification(<generated>)
	at com.microserviceone.users.verificationCodeApi.application.usecase.cached.CachedCheckEmailVerificationUseCase.checkEmailVerification(CachedCheckEmailVerificationUseCase.java:53)
	at com.microserviceone.users.verificationCodeApi.application.service.VerificationService.checkEmailVerification(VerificationService.java:55)
	at com.microserviceone.users.verificationCodeApi.web.controller.VerificationCodeController.checkEmailVerification(VerificationCodeController.java:65)
	at java.base/jdk.internal.reflect.NativeMethodAccessorImpl.invoke0(Native Method)
	at java.base/jdk.internal.reflect.NativeMethodAccessorImpl.invoke(NativeMethodAccessorImpl.java:77)
	at java.base/jdk.internal.reflect.DelegatingMethodAccessorImpl.invoke(DelegatingMethodAccessorImpl.java:43)
	at java.base/java.lang.reflect.Method.invoke(Method.java:569)
	at org.springframework.web.method.support.InvocableHandlerMethod.doInvoke(InvocableHandlerMethod.java:259)
	at org.springframework.web.method.support.InvocableHandlerMethod.invokeForRequest(InvocableHandlerMethod.java:192)
	at org.springframework.web.servlet.mvc.method.annotation.ServletInvocableHandlerMethod.invokeAndHandle(ServletInvocableHandlerMethod.java:118)
	at org.springframework.web.servlet.mvc.method.annotation.RequestMappingHandlerAdapter.invokeHandlerMethod(RequestMappingHandlerAdapter.java:920)
	at org.springframework.web.servlet.mvc.method.annotation.RequestMappingHandlerAdapter.handleInternal(RequestMappingHandlerAdapter.java:830)
	at org.springframework.web.servlet.mvc.method.AbstractHandlerMethodAdapter.handle(AbstractHandlerMethodAdapter.java:87)
	at org.springframework.web.servlet.DispatcherServlet.doDispatch(DispatcherServlet.java:1089)
	at org.springframework.web.servlet.DispatcherServlet.doService(DispatcherServlet.java:979)
	at org.springframework.web.servlet.FrameworkServlet.processRequest(FrameworkServlet.java:1014)
	at org.springframework.web.servlet.FrameworkServlet.doPost(FrameworkServlet.java:914)
	at jakarta.servlet.http.HttpServlet.service(HttpServlet.java:590)
	at org.springframework.web.servlet.FrameworkServlet.service(FrameworkServlet.java:885)
	at jakarta.servlet.http.HttpServlet.service(HttpServlet.java:658)
	at org.apache.catalina.core.ApplicationFilterChain.internalDoFilter(ApplicationFilterChain.java:205)
	at org.apache.catalina.core.ApplicationFilterChain.doFilter(ApplicationFilterChain.java:149)
	at org.apache.tomcat.websocket.server.WsFilter.doFilter(WsFilter.java:51)
	at org.apache.catalina.core.ApplicationFilterChain.internalDoFilter(ApplicationFilterChain.java:174)
	at org.apache.catalina.core.ApplicationFilterChain.doFilter(ApplicationFilterChain.java:149)
	at org.springframework.web.filter.OncePerRequestFilter.doFilter(OncePerRequestFilter.java:110)
	at org.apache.catalina.core.ApplicationFilterChain.internalDoFilter(ApplicationFilterChain.java:174)
	at org.apache.catalina.core.ApplicationFilterChain.doFilter(ApplicationFilterChain.java:149)
	at org.springframework.web.filter.CompositeFilter$VirtualFilterChain.doFilter(CompositeFilter.java:108)
	at org.springframework.security.web.FilterChainProxy.lambda$doFilterInternal$3(FilterChainProxy.java:231)
	at org.springframework.security.web.ObservationFilterChainDecorator$FilterObservation$SimpleFilterObservation.lambda$wrap$1(ObservationFilterChainDecorator.java:479)
	at org.springframework.security.web.ObservationFilterChainDecorator$AroundFilterObservation$SimpleAroundFilterObservation.lambda$wrap$1(ObservationFilterChainDecorator.java:340)
	at org.springframework.security.web.ObservationFilterChainDecorator.lambda$wrapSecured$0(ObservationFilterChainDecorator.java:82)
	at org.springframework.security.web.ObservationFilterChainDecorator$VirtualFilterChain.doFilter(ObservationFilterChainDecorator.java:128)
	at org.springframework.security.web.access.intercept.AuthorizationFilter.doFilter(AuthorizationFilter.java:100)
	at org.springframework.security.web.ObservationFilterChainDecorator$ObservationFilter.wrapFilter(ObservationFilterChainDecorator.java:240)
	at org.springframework.security.web.ObservationFilterChainDecorator$ObservationFilter.doFilter(ObservationFilterChainDecorator.java:227)
	at org.springframework.security.web.ObservationFilterChainDecorator$VirtualFilterChain.doFilter(ObservationFilterChainDecorator.java:137)
	at org.springframework.security.web.access.ExceptionTranslationFilter.doFilter(ExceptionTranslationFilter.java:126)
	at org.springframework.security.web.access.ExceptionTranslationFilter.doFilter(ExceptionTranslationFilter.java:120)
	at org.springframework.security.web.ObservationFilterChainDecorator$ObservationFilter.wrapFilter(ObservationFilterChainDecorator.java:240)
	at org.springframework.security.web.ObservationFilterChainDecorator$ObservationFilter.doFilter(ObservationFilterChainDecorator.java:227)
	at org.springframework.security.web.ObservationFilterChainDecorator$VirtualFilterChain.doFilter(ObservationFilterChainDecorator.java:137)
	at org.springframework.security.web.authentication.AnonymousAuthenticationFilter.doFilter(AnonymousAuthenticationFilter.java:100)
	at org.springframework.security.web.ObservationFilterChainDecorator$ObservationFilter.wrapFilter(ObservationFilterChainDecorator.java:240)
	at org.springframework.security.web.ObservationFilterChainDecorator$ObservationFilter.doFilter(ObservationFilterChainDecorator.java:227)
	at org.springframework.security.web.ObservationFilterChainDecorator$VirtualFilterChain.doFilter(ObservationFilterChainDecorator.java:137)
	at org.springframework.security.web.servletapi.SecurityContextHolderAwareRequestFilter.doFilter(SecurityContextHolderAwareRequestFilter.java:179)
	at org.springframework.security.web.ObservationFilterChainDecorator$ObservationFilter.wrapFilter(ObservationFilterChainDecorator.java:240)
	at org.springframework.security.web.ObservationFilterChainDecorator$ObservationFilter.doFilter(ObservationFilterChainDecorator.java:227)
	at org.springframework.security.web.ObservationFilterChainDecorator$VirtualFilterChain.doFilter(ObservationFilterChainDecorator.java:137)
	at org.springframework.security.web.savedrequest.RequestCacheAwareFilter.doFilter(RequestCacheAwareFilter.java:63)
	at org.springframework.security.web.ObservationFilterChainDecorator$ObservationFilter.wrapFilter(ObservationFilterChainDecorator.java:240)
	at org.springframework.security.web.ObservationFilterChainDecorator$ObservationFilter.doFilter(ObservationFilterChainDecorator.java:227)
	at org.springframework.security.web.ObservationFilterChainDecorator$VirtualFilterChain.doFilter(ObservationFilterChainDecorator.java:137)
	at com.microserviceone.users.core.config.internalSecurity.InternalJwtFilter.doFilterInternal(InternalJwtFilter.java:96)
	at org.springframework.web.filter.OncePerRequestFilter.doFilter(OncePerRequestFilter.java:116)
	at org.springframework.security.web.ObservationFilterChainDecorator$ObservationFilter.wrapFilter(ObservationFilterChainDecorator.java:240)
	at org.springframework.security.web.ObservationFilterChainDecorator$ObservationFilter.doFilter(ObservationFilterChainDecorator.java:227)
	at org.springframework.security.web.ObservationFilterChainDecorator$VirtualFilterChain.doFilter(ObservationFilterChainDecorator.java:137)
	at org.springframework.security.web.authentication.logout.LogoutFilter.doFilter(LogoutFilter.java:107)
	at org.springframework.security.web.authentication.logout.LogoutFilter.doFilter(LogoutFilter.java:93)
	at org.springframework.security.web.ObservationFilterChainDecorator$ObservationFilter.wrapFilter(ObservationFilterChainDecorator.java:240)
	at org.springframework.security.web.ObservationFilterChainDecorator$ObservationFilter.doFilter(ObservationFilterChainDecorator.java:227)
	at org.springframework.security.web.ObservationFilterChainDecorator$VirtualFilterChain.doFilter(ObservationFilterChainDecorator.java:137)
	at org.springframework.web.filter.CorsFilter.doFilterInternal(CorsFilter.java:91)
	at org.springframework.web.filter.OncePerRequestFilter.doFilter(OncePerRequestFilter.java:116)
	at org.springframework.security.web.ObservationFilterChainDecorator$ObservationFilter.wrapFilter(ObservationFilterChainDecorator.java:240)
	at org.springframework.security.web.ObservationFilterChainDecorator$ObservationFilter.doFilter(ObservationFilterChainDecorator.java:227)
	at org.springframework.security.web.ObservationFilterChainDecorator$VirtualFilterChain.doFilter(ObservationFilterChainDecorator.java:137)
	at org.springframework.security.web.header.HeaderWriterFilter.doHeadersAfter(HeaderWriterFilter.java:90)
	at org.springframework.security.web.header.HeaderWriterFilter.doFilterInternal(HeaderWriterFilter.java:75)
	at org.springframework.web.filter.OncePerRequestFilter.doFilter(OncePerRequestFilter.java:116)
	at org.springframework.security.web.ObservationFilterChainDecorator$ObservationFilter.wrapFilter(ObservationFilterChainDecorator.java:240)
	at org.springframework.security.web.ObservationFilterChainDecorator$ObservationFilter.doFilter(ObservationFilterChainDecorator.java:227)
	at org.springframework.security.web.ObservationFilterChainDecorator$VirtualFilterChain.doFilter(ObservationFilterChainDecorator.java:137)
	at org.springframework.security.web.context.SecurityContextHolderFilter.doFilter(SecurityContextHolderFilter.java:82)
	at org.springframework.security.web.context.SecurityContextHolderFilter.doFilter(SecurityContextHolderFilter.java:69)
	at org.springframework.security.web.ObservationFilterChainDecorator$ObservationFilter.wrapFilter(ObservationFilterChainDecorator.java:240)
	at org.springframework.security.web.ObservationFilterChainDecorator$ObservationFilter.doFilter(ObservationFilterChainDecorator.java:227)
	at org.springframework.security.web.ObservationFilterChainDecorator$VirtualFilterChain.doFilter(ObservationFilterChainDecorator.java:137)
	at org.springframework.security.web.context.request.async.WebAsyncManagerIntegrationFilter.doFilterInternal(WebAsyncManagerIntegrationFilter.java:62)
	at org.springframework.web.filter.OncePerRequestFilter.doFilter(OncePerRequestFilter.java:116)
	at org.springframework.security.web.ObservationFilterChainDecorator$ObservationFilter.wrapFilter(ObservationFilterChainDecorator.java:240)
	at org.springframework.security.web.ObservationFilterChainDecorator$ObservationFilter.doFilter(ObservationFilterChainDecorator.java:227)
	at org.springframework.security.web.ObservationFilterChainDecorator$VirtualFilterChain.doFilter(ObservationFilterChainDecorator.java:137)
	at org.springframework.security.web.session.DisableEncodeUrlFilter.doFilterInternal(DisableEncodeUrlFilter.java:42)
	at org.springframework.web.filter.OncePerRequestFilter.doFilter(OncePerRequestFilter.java:116)
	at org.springframework.security.web.ObservationFilterChainDecorator$ObservationFilter.wrapFilter(ObservationFilterChainDecorator.java:240)
	at org.springframework.security.web.ObservationFilterChainDecorator$AroundFilterObservation$SimpleAroundFilterObservation.lambda$wrap$0(ObservationFilterChainDecorator.java:323)
	at org.springframework.security.web.ObservationFilterChainDecorator$ObservationFilter.doFilter(ObservationFilterChainDecorator.java:224)
	at org.springframework.security.web.ObservationFilterChainDecorator$VirtualFilterChain.doFilter(ObservationFilterChainDecorator.java:137)
	at org.springframework.security.web.FilterChainProxy.doFilterInternal(FilterChainProxy.java:233)
	at org.springframework.security.web.FilterChainProxy.doFilter(FilterChainProxy.java:191)
	at org.springframework.web.filter.CompositeFilter$VirtualFilterChain.doFilter(CompositeFilter.java:113)
	at org.springframework.web.servlet.handler.HandlerMappingIntrospector.lambda$createCacheFilter$3(HandlerMappingIntrospector.java:195)
	at org.springframework.web.filter.CompositeFilter$VirtualFilterChain.doFilter(CompositeFilter.java:113)
	at org.springframework.web.filter.CompositeFilter.doFilter(CompositeFilter.java:74)
	at org.springframework.security.config.annotation.web.configuration.WebMvcSecurityConfiguration$CompositeFilterChainProxy.doFilter(WebMvcSecurityConfiguration.java:230)
	at org.springframework.web.filter.DelegatingFilterProxy.invokeDelegate(DelegatingFilterProxy.java:352)
	at org.springframework.web.filter.DelegatingFilterProxy.doFilter(DelegatingFilterProxy.java:268)
	at org.apache.catalina.core.ApplicationFilterChain.internalDoFilter(ApplicationFilterChain.java:174)
	at org.apache.catalina.core.ApplicationFilterChain.doFilter(ApplicationFilterChain.java:149)
	at org.springframework.web.filter.RequestContextFilter.doFilterInternal(RequestContextFilter.java:100)
	at org.springframework.web.filter.OncePerRequestFilter.doFilter(OncePerRequestFilter.java:116)
	at org.apache.catalina.core.ApplicationFilterChain.internalDoFilter(ApplicationFilterChain.java:174)
	at org.apache.catalina.core.ApplicationFilterChain.doFilter(ApplicationFilterChain.java:149)
	at org.springframework.web.filter.FormContentFilter.doFilterInternal(FormContentFilter.java:93)
	at org.springframework.web.filter.OncePerRequestFilter.doFilter(OncePerRequestFilter.java:116)
	at org.apache.catalina.core.ApplicationFilterChain.internalDoFilter(ApplicationFilterChain.java:174)
	at org.apache.catalina.core.ApplicationFilterChain.doFilter(ApplicationFilterChain.java:149)
	at org.springframework.web.filter.ServerHttpObservationFilter.doFilterInternal(ServerHttpObservationFilter.java:109)
	at org.springframework.web.filter.OncePerRequestFilter.doFilter(OncePerRequestFilter.java:116)
	at org.apache.catalina.core.ApplicationFilterChain.internalDoFilter(ApplicationFilterChain.java:174)
	at org.apache.catalina.core.ApplicationFilterChain.doFilter(ApplicationFilterChain.java:149)
	at org.springframework.web.filter.CharacterEncodingFilter.doFilterInternal(CharacterEncodingFilter.java:201)
	at org.springframework.web.filter.OncePerRequestFilter.doFilter(OncePerRequestFilter.java:116)
	at org.apache.catalina.core.ApplicationFilterChain.internalDoFilter(ApplicationFilterChain.java:174)
	at org.apache.catalina.core.ApplicationFilterChain.doFilter(ApplicationFilterChain.java:149)
	at org.apache.catalina.core.StandardWrapperValve.invoke(StandardWrapperValve.java:167)
	at org.apache.catalina.core.StandardContextValve.invoke(StandardContextValve.java:90)
	at org.apache.catalina.authenticator.AuthenticatorBase.invoke(AuthenticatorBase.java:482)
	at org.apache.catalina.core.StandardHostValve.invoke(StandardHostValve.java:115)
	at org.apache.catalina.valves.ErrorReportValve.invoke(ErrorReportValve.java:93)
	at org.apache.catalina.core.StandardEngineValve.invoke(StandardEngineValve.java:74)
	at org.apache.catalina.connector.CoyoteAdapter.service(CoyoteAdapter.java:344)
	at org.apache.coyote.http11.Http11Processor.service(Http11Processor.java:391)
	at org.apache.coyote.AbstractProcessorLight.process(AbstractProcessorLight.java:63)
	at org.apache.coyote.AbstractProtocol$ConnectionHandler.process(AbstractProtocol.java:896)
	at org.apache.tomcat.util.net.NioEndpoint$SocketProcessor.doRun(NioEndpoint.java:1744)
	at org.apache.tomcat.util.net.SocketProcessorBase.run(SocketProcessorBase.java:52)
	at org.apache.tomcat.util.threads.ThreadPoolExecutor.runWorker(ThreadPoolExecutor.java:1191)
	at org.apache.tomcat.util.threads.ThreadPoolExecutor$Worker.run(ThreadPoolExecutor.java:659)
	at org.apache.tomcat.util.threads.TaskThread$WrappingRunnable.run(TaskThread.java:63)
	at java.base/java.lang.Thread.run(Thread.java:840)
2025-07-11 12:06:15 [http-nio-8082-exec-8] WARN  o.s.w.s.m.m.a.ExceptionHandlerExceptionResolver - Resolved [com.microserviceone.users.verificationCodeApi.application.exception.EmailNotVerifiedException: El correo electrónico aún no ha sido verificado]
2025-07-11 12:06:15 [http-nio-8082-exec-7] ERROR c.m.u.core.logging.LoggingService - Error HTTP al validar verificación de email: sebasagudelo1012@gmail.com - Status: 400 BAD_REQUEST
2025-07-11 12:06:15 [http-nio-8082-exec-7] ERROR c.m.u.core.logging.LoggingService - Error al registrar cliente con email: sebasagudelo1012@gmail.com
com.microserviceone.users.registrationApi.application.exception.UserPrerequisitesNotMetException: El email no ha sido verificado: 400 : "{"error":"Email no verificado","message":"El correo electrónico aún no ha sido verificado","timestamp":[2025,7,11,12,6,15,864166288],"status":400}"
	at com.microserviceone.users.registrationApi.application.service.UserValidationService.validateEmailVerification(UserValidationService.java:119)
	at com.microserviceone.users.registrationApi.application.service.UserValidationService.validateUserPrerequisites(UserValidationService.java:133)
	at com.microserviceone.users.registrationApi.web.controller.RegisterController.registerCustomer(RegisterController.java:64)
	at java.base/jdk.internal.reflect.NativeMethodAccessorImpl.invoke0(Native Method)
	at java.base/jdk.internal.reflect.NativeMethodAccessorImpl.invoke(NativeMethodAccessorImpl.java:77)
	at java.base/jdk.internal.reflect.DelegatingMethodAccessorImpl.invoke(DelegatingMethodAccessorImpl.java:43)
	at java.base/java.lang.reflect.Method.invoke(Method.java:569)
	at org.springframework.web.method.support.InvocableHandlerMethod.doInvoke(InvocableHandlerMethod.java:259)
	at org.springframework.web.method.support.InvocableHandlerMethod.invokeForRequest(InvocableHandlerMethod.java:192)
	at org.springframework.web.servlet.mvc.method.annotation.ServletInvocableHandlerMethod.invokeAndHandle(ServletInvocableHandlerMethod.java:118)
	at org.springframework.web.servlet.mvc.method.annotation.RequestMappingHandlerAdapter.invokeHandlerMethod(RequestMappingHandlerAdapter.java:920)
	at org.springframework.web.servlet.mvc.method.annotation.RequestMappingHandlerAdapter.handleInternal(RequestMappingHandlerAdapter.java:830)
	at org.springframework.web.servlet.mvc.method.AbstractHandlerMethodAdapter.handle(AbstractHandlerMethodAdapter.java:87)
	at org.springframework.web.servlet.DispatcherServlet.doDispatch(DispatcherServlet.java:1089)
	at org.springframework.web.servlet.DispatcherServlet.doService(DispatcherServlet.java:979)
	at org.springframework.web.servlet.FrameworkServlet.processRequest(FrameworkServlet.java:1014)
	at org.springframework.web.servlet.FrameworkServlet.doPost(FrameworkServlet.java:914)
	at jakarta.servlet.http.HttpServlet.service(HttpServlet.java:590)
	at org.springframework.web.servlet.FrameworkServlet.service(FrameworkServlet.java:885)
	at jakarta.servlet.http.HttpServlet.service(HttpServlet.java:658)
	at org.apache.catalina.core.ApplicationFilterChain.internalDoFilter(ApplicationFilterChain.java:205)
	at org.apache.catalina.core.ApplicationFilterChain.doFilter(ApplicationFilterChain.java:149)
	at org.apache.tomcat.websocket.server.WsFilter.doFilter(WsFilter.java:51)
	at org.apache.catalina.core.ApplicationFilterChain.internalDoFilter(ApplicationFilterChain.java:174)
	at org.apache.catalina.core.ApplicationFilterChain.doFilter(ApplicationFilterChain.java:149)
	at org.springframework.web.filter.OncePerRequestFilter.doFilter(OncePerRequestFilter.java:110)
	at org.apache.catalina.core.ApplicationFilterChain.internalDoFilter(ApplicationFilterChain.java:174)
	at org.apache.catalina.core.ApplicationFilterChain.doFilter(ApplicationFilterChain.java:149)
	at org.springframework.web.filter.CompositeFilter$VirtualFilterChain.doFilter(CompositeFilter.java:108)
	at org.springframework.security.web.FilterChainProxy.lambda$doFilterInternal$3(FilterChainProxy.java:231)
	at org.springframework.security.web.ObservationFilterChainDecorator$FilterObservation$SimpleFilterObservation.lambda$wrap$1(ObservationFilterChainDecorator.java:479)
	at org.springframework.security.web.ObservationFilterChainDecorator$AroundFilterObservation$SimpleAroundFilterObservation.lambda$wrap$1(ObservationFilterChainDecorator.java:340)
	at org.springframework.security.web.ObservationFilterChainDecorator.lambda$wrapSecured$0(ObservationFilterChainDecorator.java:82)
	at org.springframework.security.web.ObservationFilterChainDecorator$VirtualFilterChain.doFilter(ObservationFilterChainDecorator.java:128)
	at org.springframework.security.web.access.intercept.AuthorizationFilter.doFilter(AuthorizationFilter.java:100)
	at org.springframework.security.web.ObservationFilterChainDecorator$ObservationFilter.wrapFilter(ObservationFilterChainDecorator.java:240)
	at org.springframework.security.web.ObservationFilterChainDecorator$ObservationFilter.doFilter(ObservationFilterChainDecorator.java:227)
	at org.springframework.security.web.ObservationFilterChainDecorator$VirtualFilterChain.doFilter(ObservationFilterChainDecorator.java:137)
	at org.springframework.security.web.access.ExceptionTranslationFilter.doFilter(ExceptionTranslationFilter.java:126)
	at org.springframework.security.web.access.ExceptionTranslationFilter.doFilter(ExceptionTranslationFilter.java:120)
	at org.springframework.security.web.ObservationFilterChainDecorator$ObservationFilter.wrapFilter(ObservationFilterChainDecorator.java:240)
	at org.springframework.security.web.ObservationFilterChainDecorator$ObservationFilter.doFilter(ObservationFilterChainDecorator.java:227)
	at org.springframework.security.web.ObservationFilterChainDecorator$VirtualFilterChain.doFilter(ObservationFilterChainDecorator.java:137)
	at org.springframework.security.web.authentication.AnonymousAuthenticationFilter.doFilter(AnonymousAuthenticationFilter.java:100)
	at org.springframework.security.web.ObservationFilterChainDecorator$ObservationFilter.wrapFilter(ObservationFilterChainDecorator.java:240)
	at org.springframework.security.web.ObservationFilterChainDecorator$ObservationFilter.doFilter(ObservationFilterChainDecorator.java:227)
	at org.springframework.security.web.ObservationFilterChainDecorator$VirtualFilterChain.doFilter(ObservationFilterChainDecorator.java:137)
	at org.springframework.security.web.servletapi.SecurityContextHolderAwareRequestFilter.doFilter(SecurityContextHolderAwareRequestFilter.java:179)
	at org.springframework.security.web.ObservationFilterChainDecorator$ObservationFilter.wrapFilter(ObservationFilterChainDecorator.java:240)
	at org.springframework.security.web.ObservationFilterChainDecorator$ObservationFilter.doFilter(ObservationFilterChainDecorator.java:227)
	at org.springframework.security.web.ObservationFilterChainDecorator$VirtualFilterChain.doFilter(ObservationFilterChainDecorator.java:137)
	at org.springframework.security.web.savedrequest.RequestCacheAwareFilter.doFilter(RequestCacheAwareFilter.java:63)
	at org.springframework.security.web.ObservationFilterChainDecorator$ObservationFilter.wrapFilter(ObservationFilterChainDecorator.java:240)
	at org.springframework.security.web.ObservationFilterChainDecorator$ObservationFilter.doFilter(ObservationFilterChainDecorator.java:227)
	at org.springframework.security.web.ObservationFilterChainDecorator$VirtualFilterChain.doFilter(ObservationFilterChainDecorator.java:137)
	at com.microserviceone.users.core.config.internalSecurity.InternalJwtFilter.doFilterInternal(InternalJwtFilter.java:51)
	at org.springframework.web.filter.OncePerRequestFilter.doFilter(OncePerRequestFilter.java:116)
	at org.springframework.security.web.ObservationFilterChainDecorator$ObservationFilter.wrapFilter(ObservationFilterChainDecorator.java:240)
	at org.springframework.security.web.ObservationFilterChainDecorator$ObservationFilter.doFilter(ObservationFilterChainDecorator.java:227)
	at org.springframework.security.web.ObservationFilterChainDecorator$VirtualFilterChain.doFilter(ObservationFilterChainDecorator.java:137)
	at org.springframework.security.web.authentication.logout.LogoutFilter.doFilter(LogoutFilter.java:107)
	at org.springframework.security.web.authentication.logout.LogoutFilter.doFilter(LogoutFilter.java:93)
	at org.springframework.security.web.ObservationFilterChainDecorator$ObservationFilter.wrapFilter(ObservationFilterChainDecorator.java:240)
	at org.springframework.security.web.ObservationFilterChainDecorator$ObservationFilter.doFilter(ObservationFilterChainDecorator.java:227)
	at org.springframework.security.web.ObservationFilterChainDecorator$VirtualFilterChain.doFilter(ObservationFilterChainDecorator.java:137)
	at org.springframework.web.filter.CorsFilter.doFilterInternal(CorsFilter.java:91)
	at org.springframework.web.filter.OncePerRequestFilter.doFilter(OncePerRequestFilter.java:116)
	at org.springframework.security.web.ObservationFilterChainDecorator$ObservationFilter.wrapFilter(ObservationFilterChainDecorator.java:240)
	at org.springframework.security.web.ObservationFilterChainDecorator$ObservationFilter.doFilter(ObservationFilterChainDecorator.java:227)
	at org.springframework.security.web.ObservationFilterChainDecorator$VirtualFilterChain.doFilter(ObservationFilterChainDecorator.java:137)
	at org.springframework.security.web.header.HeaderWriterFilter.doHeadersAfter(HeaderWriterFilter.java:90)
	at org.springframework.security.web.header.HeaderWriterFilter.doFilterInternal(HeaderWriterFilter.java:75)
	at org.springframework.web.filter.OncePerRequestFilter.doFilter(OncePerRequestFilter.java:116)
	at org.springframework.security.web.ObservationFilterChainDecorator$ObservationFilter.wrapFilter(ObservationFilterChainDecorator.java:240)
	at org.springframework.security.web.ObservationFilterChainDecorator$ObservationFilter.doFilter(ObservationFilterChainDecorator.java:227)
	at org.springframework.security.web.ObservationFilterChainDecorator$VirtualFilterChain.doFilter(ObservationFilterChainDecorator.java:137)
	at org.springframework.security.web.context.SecurityContextHolderFilter.doFilter(SecurityContextHolderFilter.java:82)
	at org.springframework.security.web.context.SecurityContextHolderFilter.doFilter(SecurityContextHolderFilter.java:69)
	at org.springframework.security.web.ObservationFilterChainDecorator$ObservationFilter.wrapFilter(ObservationFilterChainDecorator.java:240)
	at org.springframework.security.web.ObservationFilterChainDecorator$ObservationFilter.doFilter(ObservationFilterChainDecorator.java:227)
	at org.springframework.security.web.ObservationFilterChainDecorator$VirtualFilterChain.doFilter(ObservationFilterChainDecorator.java:137)
	at org.springframework.security.web.context.request.async.WebAsyncManagerIntegrationFilter.doFilterInternal(WebAsyncManagerIntegrationFilter.java:62)
	at org.springframework.web.filter.OncePerRequestFilter.doFilter(OncePerRequestFilter.java:116)
	at org.springframework.security.web.ObservationFilterChainDecorator$ObservationFilter.wrapFilter(ObservationFilterChainDecorator.java:240)
	at org.springframework.security.web.ObservationFilterChainDecorator$ObservationFilter.doFilter(ObservationFilterChainDecorator.java:227)
	at org.springframework.security.web.ObservationFilterChainDecorator$VirtualFilterChain.doFilter(ObservationFilterChainDecorator.java:137)
	at org.springframework.security.web.session.DisableEncodeUrlFilter.doFilterInternal(DisableEncodeUrlFilter.java:42)
	at org.springframework.web.filter.OncePerRequestFilter.doFilter(OncePerRequestFilter.java:116)
	at org.springframework.security.web.ObservationFilterChainDecorator$ObservationFilter.wrapFilter(ObservationFilterChainDecorator.java:240)
	at org.springframework.security.web.ObservationFilterChainDecorator$AroundFilterObservation$SimpleAroundFilterObservation.lambda$wrap$0(ObservationFilterChainDecorator.java:323)
	at org.springframework.security.web.ObservationFilterChainDecorator$ObservationFilter.doFilter(ObservationFilterChainDecorator.java:224)
	at org.springframework.security.web.ObservationFilterChainDecorator$VirtualFilterChain.doFilter(ObservationFilterChainDecorator.java:137)
	at org.springframework.security.web.FilterChainProxy.doFilterInternal(FilterChainProxy.java:233)
	at org.springframework.security.web.FilterChainProxy.doFilter(FilterChainProxy.java:191)
	at org.springframework.web.filter.CompositeFilter$VirtualFilterChain.doFilter(CompositeFilter.java:113)
	at org.springframework.web.servlet.handler.HandlerMappingIntrospector.lambda$createCacheFilter$3(HandlerMappingIntrospector.java:195)
	at org.springframework.web.filter.CompositeFilter$VirtualFilterChain.doFilter(CompositeFilter.java:113)
	at org.springframework.web.filter.CompositeFilter.doFilter(CompositeFilter.java:74)
	at org.springframework.security.config.annotation.web.configuration.WebMvcSecurityConfiguration$CompositeFilterChainProxy.doFilter(WebMvcSecurityConfiguration.java:230)
	at org.springframework.web.filter.DelegatingFilterProxy.invokeDelegate(DelegatingFilterProxy.java:352)
	at org.springframework.web.filter.DelegatingFilterProxy.doFilter(DelegatingFilterProxy.java:268)
	at org.apache.catalina.core.ApplicationFilterChain.internalDoFilter(ApplicationFilterChain.java:174)
	at org.apache.catalina.core.ApplicationFilterChain.doFilter(ApplicationFilterChain.java:149)
	at org.springframework.web.filter.RequestContextFilter.doFilterInternal(RequestContextFilter.java:100)
	at org.springframework.web.filter.OncePerRequestFilter.doFilter(OncePerRequestFilter.java:116)
	at org.apache.catalina.core.ApplicationFilterChain.internalDoFilter(ApplicationFilterChain.java:174)
	at org.apache.catalina.core.ApplicationFilterChain.doFilter(ApplicationFilterChain.java:149)
	at org.springframework.web.filter.FormContentFilter.doFilterInternal(FormContentFilter.java:93)
	at org.springframework.web.filter.OncePerRequestFilter.doFilter(OncePerRequestFilter.java:116)
	at org.apache.catalina.core.ApplicationFilterChain.internalDoFilter(ApplicationFilterChain.java:174)
	at org.apache.catalina.core.ApplicationFilterChain.doFilter(ApplicationFilterChain.java:149)
	at org.springframework.web.filter.ServerHttpObservationFilter.doFilterInternal(ServerHttpObservationFilter.java:109)
	at org.springframework.web.filter.OncePerRequestFilter.doFilter(OncePerRequestFilter.java:116)
	at org.apache.catalina.core.ApplicationFilterChain.internalDoFilter(ApplicationFilterChain.java:174)
	at org.apache.catalina.core.ApplicationFilterChain.doFilter(ApplicationFilterChain.java:149)
	at org.springframework.web.filter.CharacterEncodingFilter.doFilterInternal(CharacterEncodingFilter.java:201)
	at org.springframework.web.filter.OncePerRequestFilter.doFilter(OncePerRequestFilter.java:116)
	at org.apache.catalina.core.ApplicationFilterChain.internalDoFilter(ApplicationFilterChain.java:174)
	at org.apache.catalina.core.ApplicationFilterChain.doFilter(ApplicationFilterChain.java:149)
	at org.apache.catalina.core.StandardWrapperValve.invoke(StandardWrapperValve.java:167)
	at org.apache.catalina.core.StandardContextValve.invoke(StandardContextValve.java:90)
	at org.apache.catalina.authenticator.AuthenticatorBase.invoke(AuthenticatorBase.java:482)
	at org.apache.catalina.core.StandardHostValve.invoke(StandardHostValve.java:115)
	at org.apache.catalina.valves.ErrorReportValve.invoke(ErrorReportValve.java:93)
	at org.apache.catalina.core.StandardEngineValve.invoke(StandardEngineValve.java:74)
	at org.apache.catalina.connector.CoyoteAdapter.service(CoyoteAdapter.java:344)
	at org.apache.coyote.http11.Http11Processor.service(Http11Processor.java:391)
	at org.apache.coyote.AbstractProcessorLight.process(AbstractProcessorLight.java:63)
	at org.apache.coyote.AbstractProtocol$ConnectionHandler.process(AbstractProtocol.java:896)
	at org.apache.tomcat.util.net.NioEndpoint$SocketProcessor.doRun(NioEndpoint.java:1744)
	at org.apache.tomcat.util.net.SocketProcessorBase.run(SocketProcessorBase.java:52)
	at org.apache.tomcat.util.threads.ThreadPoolExecutor.runWorker(ThreadPoolExecutor.java:1191)
	at org.apache.tomcat.util.threads.ThreadPoolExecutor$Worker.run(ThreadPoolExecutor.java:659)
	at org.apache.tomcat.util.threads.TaskThread$WrappingRunnable.run(TaskThread.java:63)
	at java.base/java.lang.Thread.run(Thread.java:840)
Caused by: org.springframework.web.client.HttpClientErrorException$BadRequest: 400 : "{"error":"Email no verificado","message":"El correo electrónico aún no ha sido verificado","timestamp":[2025,7,11,12,6,15,864166288],"status":400}"
	at org.springframework.web.client.HttpClientErrorException.create(HttpClientErrorException.java:103)
	at org.springframework.web.client.DefaultResponseErrorHandler.handleError(DefaultResponseErrorHandler.java:183)
	at org.springframework.web.client.DefaultResponseErrorHandler.handleError(DefaultResponseErrorHandler.java:137)
	at org.springframework.web.client.ResponseErrorHandler.handleError(ResponseErrorHandler.java:63)
	at org.springframework.web.client.RestTemplate.handleResponse(RestTemplate.java:942)
	at org.springframework.web.client.RestTemplate.doExecute(RestTemplate.java:891)
	at org.springframework.web.client.RestTemplate.execute(RestTemplate.java:790)
	at org.springframework.web.client.RestTemplate.postForEntity(RestTemplate.java:538)
	at com.microserviceone.users.registrationApi.application.service.UserValidationService.validateEmailVerification(UserValidationService.java:103)
	... 134 common frames omitted
2025-07-11 12:06:15 [http-nio-8082-exec-7] WARN  o.s.w.s.m.m.a.ExceptionHandlerExceptionResolver - Resolved [com.microserviceone.users.registrationApi.application.exception.UserPrerequisitesNotMetException: El email no ha sido verificado: 400 : "{"error":"Email no verificado","message":"El correo electrónico aún no ha sido verificado","timestamp":[2025,7,11,12,6,15,864166288],"status":400}"]
2025-07-11 12:06:23 [http-nio-8082-exec-9] INFO  c.m.u.core.logging.LoggingService - VerificationService: Enviando código de verificación - Email: sebasagudelo1012@gmail.com
2025-07-11 12:06:23 [http-nio-8082-exec-9] INFO  c.m.u.core.logging.LoggingService - SendVerificationCodeUseCase: Iniciando envío de código de verificación - Email: sebasagudelo1012@gmail.com
2025-07-11 12:06:35 [http-nio-8082-exec-9] INFO  c.m.u.v.i.email.EmailServiceUseCase - Código de verificación enviado exitosamente a: sebasagudelo1012@gmail.com
2025-07-11 12:06:35 [http-nio-8082-exec-9] INFO  c.m.u.core.logging.LoggingService - SendVerificationCodeUseCase: Código de verificación enviado exitosamente - Email: sebasagudelo1012@gmail.com, Código: 353652
2025-07-11 12:06:35 [http-nio-8082-exec-9] INFO  c.m.u.core.logging.LoggingService - VerificationService: Código de verificación enviado exitosamente - Email: sebasagudelo1012@gmail.com
2025-07-11 12:08:26 [http-nio-8082-exec-3] INFO  c.m.u.core.logging.LoggingService - VerificationService: Verificando código - Email: sebasagudelo1012@gmail.com
2025-07-11 12:08:26 [http-nio-8082-exec-3] INFO  c.m.u.core.logging.LoggingService - VerifyCodeUseCase: Iniciando verificación de código - Email: sebasagudelo1012@gmail.com, Código: 353652
2025-07-11 12:08:26 [http-nio-8082-exec-3] INFO  c.m.u.core.logging.LoggingService - CachedCheckEmailVerificationUseCase: Invalidando cache para verificación de email - Email: sebasagudelo1012@gmail.com
2025-07-11 12:08:26 [http-nio-8082-exec-3] INFO  c.m.u.core.logging.LoggingService - VerifyCodeUseCase: Verificación de código completada exitosamente - Email: sebasagudelo1012@gmail.com, Código: 353652
2025-07-11 12:08:26 [http-nio-8082-exec-3] INFO  c.m.u.core.logging.LoggingService - VerificationService: Verificación de código completada - Email: sebasagudelo1012@gmail.com, Válido: true
2025-07-11 12:08:32 [http-nio-8082-exec-4] INFO  c.m.u.core.logging.LoggingService - Iniciando registro de cliente - Email: sebasagudelo1012@gmail.com, Nombre: Seebastian Agudelo
2025-07-11 12:08:32 [http-nio-8082-exec-4] INFO  c.m.u.core.logging.LoggingService - Iniciando validación de email previa al registro para email: sebasagudelo1012@gmail.com
2025-07-11 12:08:32 [http-nio-8082-exec-4] INFO  c.m.u.core.logging.LoggingService - Validando verificación de email: sebasagudelo1012@gmail.com
2025-07-11 12:08:32 [http-nio-8082-exec-4] INFO  c.m.u.core.logging.LoggingService - InternalJwtService: Token JWT interno generado exitosamente - Servicio: user-service, Longitud: 169
2025-07-11 12:08:32 [http-nio-8082-exec-5] INFO  c.m.u.core.logging.LoggingService - InternalJwtFilter: Validación JWT interna exitosa - Issuer: user-service
2025-07-11 12:08:32 [http-nio-8082-exec-5] INFO  c.m.u.core.logging.LoggingService - VerificationService: Verificando estado de verificación de email - Email: sebasagudelo1012@gmail.com
2025-07-11 12:08:32 [http-nio-8082-exec-5] INFO  c.m.u.core.logging.LoggingService - CheckEmailVerificationUseCase: Verificando estado de verificación de email - Email: sebasagudelo1012@gmail.com
2025-07-11 12:08:32 [http-nio-8082-exec-5] INFO  c.m.u.core.logging.LoggingService - CheckEmailVerificationUseCase: Email verificado correctamente - Email: sebasagudelo1012@gmail.com
2025-07-11 12:08:32 [http-nio-8082-exec-5] INFO  c.m.u.core.logging.LoggingService - VerificationService: Verificación de email completada - Email: sebasagudelo1012@gmail.com
2025-07-11 12:08:32 [http-nio-8082-exec-4] INFO  c.m.u.core.logging.LoggingService - Email verificado exitosamente: sebasagudelo1012@gmail.com
2025-07-11 12:08:32 [http-nio-8082-exec-4] INFO  c.m.u.core.logging.LoggingService - Validación de email completada exitosamente para email: sebasagudelo1012@gmail.com
2025-07-11 12:08:32 [http-nio-8082-exec-4] INFO  c.m.u.core.logging.LoggingService - RegistrationService: Procesando registro de cliente - Email: sebasagudelo1012@gmail.com
2025-07-11 12:08:32 [http-nio-8082-exec-4] INFO  c.m.u.core.logging.LoggingService - Iniciando registro de cliente con email: sebasagudelo1012@gmail.com y edad: 19
2025-07-11 12:08:32 [http-nio-8082-exec-4] INFO  c.m.u.core.logging.LoggingService - Iniciando encriptación de contraseña para email: sebasagudelo1012@gmail.com
2025-07-11 12:08:32 [http-nio-8082-exec-4] INFO  c.m.u.core.logging.LoggingService - Contraseña encriptada exitosamente para email: sebasagudelo1012@gmail.com
2025-07-11 12:08:32 [http-nio-8082-exec-4] INFO  c.m.u.core.logging.LoggingService - Cliente registrado exitosamente con ID: 1, email: sebasagudelo1012@gmail.com y edad: 19
2025-07-11 12:08:32 [http-nio-8082-exec-4] INFO  c.m.u.core.logging.LoggingService - RegistrationService: Cliente registrado exitosamente - ID: 1, Email: sebasagudelo1012@gmail.com
2025-07-11 12:08:32 [http-nio-8082-exec-4] INFO  c.m.u.core.logging.LoggingService - Aceptando términos y condiciones para usuario ID: 1, Email: sebasagudelo1012@gmail.com
2025-07-11 12:08:32 [http-nio-8082-exec-6] INFO  c.m.u.core.logging.LoggingService - TermsService: Obteniendo todos los términos activos
2025-07-11 12:08:32 [http-nio-8082-exec-6] INFO  c.m.u.core.logging.LoggingService - CachedGetAllActiveTermsUseCase: Obteniendo términos activos con cache
2025-07-11 12:08:32 [http-nio-8082-exec-6] INFO  c.m.u.core.logging.LoggingService - GetAllActiveTermsUseCase: Obteniendo todos los términos activos
2025-07-11 12:08:32 [http-nio-8082-exec-6] INFO  c.m.u.core.logging.LoggingService - AdapterTerm: Obteniendo todos los términos activos
2025-07-11 12:08:32 [http-nio-8082-exec-6] INFO  c.m.u.core.logging.LoggingService - AdapterTerm: Términos activos obtenidos exitosamente - Cantidad: 0
2025-07-11 12:08:32 [http-nio-8082-exec-6] INFO  c.m.u.core.logging.LoggingService - GetAllActiveTermsUseCase: Términos activos obtenidos exitosamente - Cantidad: 0
2025-07-11 12:08:32 [http-nio-8082-exec-6] INFO  c.m.u.core.logging.LoggingService - CachedGetAllActiveTermsUseCase: Términos activos obtenidos - Cantidad: 0
2025-07-11 12:08:32 [http-nio-8082-exec-6] INFO  c.m.u.core.logging.LoggingService - TermsService: Términos activos obtenidos exitosamente - Cantidad: 0
2025-07-11 12:08:32 [http-nio-8082-exec-4] WARN  c.m.u.core.logging.LoggingService - No se encontraron términos activos, usando término por defecto
2025-07-11 12:08:32 [http-nio-8082-exec-4] INFO  c.m.u.core.logging.LoggingService - InternalJwtService: Token JWT interno generado exitosamente - Servicio: user-service, Longitud: 169
2025-07-11 12:08:32 [http-nio-8082-exec-8] INFO  c.m.u.core.logging.LoggingService - InternalJwtFilter: Validación JWT interna exitosa - Issuer: user-service
2025-07-11 12:08:32 [http-nio-8082-exec-8] INFO  c.m.u.core.logging.LoggingService - TermsService: Procesando aceptación múltiple de términos - UserID: 1, Email: sebasagudelo1012@gmail.com, Cantidad: 1, IP: 127.0.0.1
2025-07-11 12:08:32 [http-nio-8082-exec-8] INFO  c.m.u.core.logging.LoggingService - AcceptTermUseCase: Iniciando aceptación de término - UserID: 1, Email: sebasagudelo1012@gmail.com, TermID: 1, IP: 127.0.0.1
2025-07-11 12:08:32 [http-nio-8082-exec-8] WARN  c.m.u.core.logging.LoggingService - ValidateExistTermUseCase: Término no encontrado o inactivo - TermID: 1
2025-07-11 12:08:32 [http-nio-8082-exec-8] ERROR c.m.u.core.logging.LoggingService - AcceptTermUseCase: Error al aceptar término - UserID: 1, Email: sebasagudelo1012@gmail.com, TermID: 1
com.microserviceone.users.termsAndConditionsApi.application.exception.TermNotActiveOrNotFoundException: Term not found or not active
	at com.microserviceone.users.termsAndConditionsApi.application.usecase.ValidateExistTermUseCase.lambda$1(ValidateExistTermUseCase.java:23)
	at java.base/java.util.Optional.orElseThrow(Optional.java:403)
	at com.microserviceone.users.termsAndConditionsApi.application.usecase.ValidateExistTermUseCase.validateTerm(ValidateExistTermUseCase.java:23)
	at java.base/jdk.internal.reflect.NativeMethodAccessorImpl.invoke0(Native Method)
	at java.base/jdk.internal.reflect.NativeMethodAccessorImpl.invoke(NativeMethodAccessorImpl.java:77)
	at java.base/jdk.internal.reflect.DelegatingMethodAccessorImpl.invoke(DelegatingMethodAccessorImpl.java:43)
	at java.base/java.lang.reflect.Method.invoke(Method.java:569)
	at org.springframework.aop.support.AopUtils.invokeJoinpointUsingReflection(AopUtils.java:351)
	at org.springframework.aop.framework.ReflectiveMethodInvocation.invokeJoinpoint(ReflectiveMethodInvocation.java:196)
	at org.springframework.aop.framework.ReflectiveMethodInvocation.proceed(ReflectiveMethodInvocation.java:163)
	at org.springframework.aop.framework.CglibAopProxy$CglibMethodInvocation.proceed(CglibAopProxy.java:765)
	at org.springframework.transaction.interceptor.TransactionInterceptor$1.proceedWithInvocation(TransactionInterceptor.java:123)
	at org.springframework.transaction.interceptor.TransactionAspectSupport.invokeWithinTransaction(TransactionAspectSupport.java:385)
	at org.springframework.transaction.interceptor.TransactionInterceptor.invoke(TransactionInterceptor.java:119)
	at org.springframework.aop.framework.ReflectiveMethodInvocation.proceed(ReflectiveMethodInvocation.java:184)
	at org.springframework.aop.framework.CglibAopProxy$CglibMethodInvocation.proceed(CglibAopProxy.java:765)
	at org.springframework.aop.framework.CglibAopProxy$DynamicAdvisedInterceptor.intercept(CglibAopProxy.java:717)
	at com.microserviceone.users.termsAndConditionsApi.application.usecase.ValidateExistTermUseCase$$SpringCGLIB$$0.validateTerm(<generated>)
	at com.microserviceone.users.termsAndConditionsApi.application.usecase.AcceptTermUseCase.acceptTerm(AcceptTermUseCase.java:32)
	at java.base/jdk.internal.reflect.NativeMethodAccessorImpl.invoke0(Native Method)
	at java.base/jdk.internal.reflect.NativeMethodAccessorImpl.invoke(NativeMethodAccessorImpl.java:77)
	at java.base/jdk.internal.reflect.DelegatingMethodAccessorImpl.invoke(DelegatingMethodAccessorImpl.java:43)
	at java.base/java.lang.reflect.Method.invoke(Method.java:569)
	at org.springframework.aop.support.AopUtils.invokeJoinpointUsingReflection(AopUtils.java:351)
	at org.springframework.aop.framework.ReflectiveMethodInvocation.invokeJoinpoint(ReflectiveMethodInvocation.java:196)
	at org.springframework.aop.framework.ReflectiveMethodInvocation.proceed(ReflectiveMethodInvocation.java:163)
	at org.springframework.aop.framework.CglibAopProxy$CglibMethodInvocation.proceed(CglibAopProxy.java:765)
	at org.springframework.transaction.interceptor.TransactionInterceptor$1.proceedWithInvocation(TransactionInterceptor.java:123)
	at org.springframework.transaction.interceptor.TransactionAspectSupport.invokeWithinTransaction(TransactionAspectSupport.java:385)
	at org.springframework.transaction.interceptor.TransactionInterceptor.invoke(TransactionInterceptor.java:119)
	at org.springframework.aop.framework.ReflectiveMethodInvocation.proceed(ReflectiveMethodInvocation.java:184)
	at org.springframework.aop.framework.CglibAopProxy$CglibMethodInvocation.proceed(CglibAopProxy.java:765)
	at org.springframework.aop.framework.CglibAopProxy$DynamicAdvisedInterceptor.intercept(CglibAopProxy.java:717)
	at com.microserviceone.users.termsAndConditionsApi.application.usecase.AcceptTermUseCase$$SpringCGLIB$$0.acceptTerm(<generated>)
	at com.microserviceone.users.termsAndConditionsApi.application.usecase.AcceptAllTermsUseCase.acceptAll(AcceptAllTermsUseCase.java:29)
	at com.microserviceone.users.termsAndConditionsApi.application.service.TermsService.acceptAll(TermsService.java:169)
	at com.microserviceone.users.termsAndConditionsApi.web.controller.TermController.acceptMultipleTerms(TermController.java:97)
	at java.base/jdk.internal.reflect.NativeMethodAccessorImpl.invoke0(Native Method)
	at java.base/jdk.internal.reflect.NativeMethodAccessorImpl.invoke(NativeMethodAccessorImpl.java:77)
	at java.base/jdk.internal.reflect.DelegatingMethodAccessorImpl.invoke(DelegatingMethodAccessorImpl.java:43)
	at java.base/java.lang.reflect.Method.invoke(Method.java:569)
	at org.springframework.web.method.support.InvocableHandlerMethod.doInvoke(InvocableHandlerMethod.java:259)
	at org.springframework.web.method.support.InvocableHandlerMethod.invokeForRequest(InvocableHandlerMethod.java:192)
	at org.springframework.web.servlet.mvc.method.annotation.ServletInvocableHandlerMethod.invokeAndHandle(ServletInvocableHandlerMethod.java:118)
	at org.springframework.web.servlet.mvc.method.annotation.RequestMappingHandlerAdapter.invokeHandlerMethod(RequestMappingHandlerAdapter.java:920)
	at org.springframework.web.servlet.mvc.method.annotation.RequestMappingHandlerAdapter.handleInternal(RequestMappingHandlerAdapter.java:830)
	at org.springframework.web.servlet.mvc.method.AbstractHandlerMethodAdapter.handle(AbstractHandlerMethodAdapter.java:87)
	at org.springframework.web.servlet.DispatcherServlet.doDispatch(DispatcherServlet.java:1089)
	at org.springframework.web.servlet.DispatcherServlet.doService(DispatcherServlet.java:979)
	at org.springframework.web.servlet.FrameworkServlet.processRequest(FrameworkServlet.java:1014)
	at org.springframework.web.servlet.FrameworkServlet.doPost(FrameworkServlet.java:914)
	at jakarta.servlet.http.HttpServlet.service(HttpServlet.java:590)
	at org.springframework.web.servlet.FrameworkServlet.service(FrameworkServlet.java:885)
	at jakarta.servlet.http.HttpServlet.service(HttpServlet.java:658)
	at org.apache.catalina.core.ApplicationFilterChain.internalDoFilter(ApplicationFilterChain.java:205)
	at org.apache.catalina.core.ApplicationFilterChain.doFilter(ApplicationFilterChain.java:149)
	at org.apache.tomcat.websocket.server.WsFilter.doFilter(WsFilter.java:51)
	at org.apache.catalina.core.ApplicationFilterChain.internalDoFilter(ApplicationFilterChain.java:174)
	at org.apache.catalina.core.ApplicationFilterChain.doFilter(ApplicationFilterChain.java:149)
	at org.springframework.web.filter.OncePerRequestFilter.doFilter(OncePerRequestFilter.java:110)
	at org.apache.catalina.core.ApplicationFilterChain.internalDoFilter(ApplicationFilterChain.java:174)
	at org.apache.catalina.core.ApplicationFilterChain.doFilter(ApplicationFilterChain.java:149)
	at org.springframework.web.filter.CompositeFilter$VirtualFilterChain.doFilter(CompositeFilter.java:108)
	at org.springframework.security.web.FilterChainProxy.lambda$doFilterInternal$3(FilterChainProxy.java:231)
	at org.springframework.security.web.ObservationFilterChainDecorator$FilterObservation$SimpleFilterObservation.lambda$wrap$1(ObservationFilterChainDecorator.java:479)
	at org.springframework.security.web.ObservationFilterChainDecorator$AroundFilterObservation$SimpleAroundFilterObservation.lambda$wrap$1(ObservationFilterChainDecorator.java:340)
	at org.springframework.security.web.ObservationFilterChainDecorator.lambda$wrapSecured$0(ObservationFilterChainDecorator.java:82)
	at org.springframework.security.web.ObservationFilterChainDecorator$VirtualFilterChain.doFilter(ObservationFilterChainDecorator.java:128)
	at org.springframework.security.web.access.intercept.AuthorizationFilter.doFilter(AuthorizationFilter.java:100)
	at org.springframework.security.web.ObservationFilterChainDecorator$ObservationFilter.wrapFilter(ObservationFilterChainDecorator.java:240)
	at org.springframework.security.web.ObservationFilterChainDecorator$ObservationFilter.doFilter(ObservationFilterChainDecorator.java:227)
	at org.springframework.security.web.ObservationFilterChainDecorator$VirtualFilterChain.doFilter(ObservationFilterChainDecorator.java:137)
	at org.springframework.security.web.access.ExceptionTranslationFilter.doFilter(ExceptionTranslationFilter.java:126)
	at org.springframework.security.web.access.ExceptionTranslationFilter.doFilter(ExceptionTranslationFilter.java:120)
	at org.springframework.security.web.ObservationFilterChainDecorator$ObservationFilter.wrapFilter(ObservationFilterChainDecorator.java:240)
	at org.springframework.security.web.ObservationFilterChainDecorator$ObservationFilter.doFilter(ObservationFilterChainDecorator.java:227)
	at org.springframework.security.web.ObservationFilterChainDecorator$VirtualFilterChain.doFilter(ObservationFilterChainDecorator.java:137)
	at org.springframework.security.web.authentication.AnonymousAuthenticationFilter.doFilter(AnonymousAuthenticationFilter.java:100)
	at org.springframework.security.web.ObservationFilterChainDecorator$ObservationFilter.wrapFilter(ObservationFilterChainDecorator.java:240)
	at org.springframework.security.web.ObservationFilterChainDecorator$ObservationFilter.doFilter(ObservationFilterChainDecorator.java:227)
	at org.springframework.security.web.ObservationFilterChainDecorator$VirtualFilterChain.doFilter(ObservationFilterChainDecorator.java:137)
	at org.springframework.security.web.servletapi.SecurityContextHolderAwareRequestFilter.doFilter(SecurityContextHolderAwareRequestFilter.java:179)
	at org.springframework.security.web.ObservationFilterChainDecorator$ObservationFilter.wrapFilter(ObservationFilterChainDecorator.java:240)
	at org.springframework.security.web.ObservationFilterChainDecorator$ObservationFilter.doFilter(ObservationFilterChainDecorator.java:227)
	at org.springframework.security.web.ObservationFilterChainDecorator$VirtualFilterChain.doFilter(ObservationFilterChainDecorator.java:137)
	at org.springframework.security.web.savedrequest.RequestCacheAwareFilter.doFilter(RequestCacheAwareFilter.java:63)
	at org.springframework.security.web.ObservationFilterChainDecorator$ObservationFilter.wrapFilter(ObservationFilterChainDecorator.java:240)
	at org.springframework.security.web.ObservationFilterChainDecorator$ObservationFilter.doFilter(ObservationFilterChainDecorator.java:227)
	at org.springframework.security.web.ObservationFilterChainDecorator$VirtualFilterChain.doFilter(ObservationFilterChainDecorator.java:137)
	at com.microserviceone.users.core.config.internalSecurity.InternalJwtFilter.doFilterInternal(InternalJwtFilter.java:96)
	at org.springframework.web.filter.OncePerRequestFilter.doFilter(OncePerRequestFilter.java:116)
	at org.springframework.security.web.ObservationFilterChainDecorator$ObservationFilter.wrapFilter(ObservationFilterChainDecorator.java:240)
	at org.springframework.security.web.ObservationFilterChainDecorator$ObservationFilter.doFilter(ObservationFilterChainDecorator.java:227)
	at org.springframework.security.web.ObservationFilterChainDecorator$VirtualFilterChain.doFilter(ObservationFilterChainDecorator.java:137)
	at org.springframework.security.web.authentication.logout.LogoutFilter.doFilter(LogoutFilter.java:107)
	at org.springframework.security.web.authentication.logout.LogoutFilter.doFilter(LogoutFilter.java:93)
	at org.springframework.security.web.ObservationFilterChainDecorator$ObservationFilter.wrapFilter(ObservationFilterChainDecorator.java:240)
	at org.springframework.security.web.ObservationFilterChainDecorator$ObservationFilter.doFilter(ObservationFilterChainDecorator.java:227)
	at org.springframework.security.web.ObservationFilterChainDecorator$VirtualFilterChain.doFilter(ObservationFilterChainDecorator.java:137)
	at org.springframework.web.filter.CorsFilter.doFilterInternal(CorsFilter.java:91)
	at org.springframework.web.filter.OncePerRequestFilter.doFilter(OncePerRequestFilter.java:116)
	at org.springframework.security.web.ObservationFilterChainDecorator$ObservationFilter.wrapFilter(ObservationFilterChainDecorator.java:240)
	at org.springframework.security.web.ObservationFilterChainDecorator$ObservationFilter.doFilter(ObservationFilterChainDecorator.java:227)
	at org.springframework.security.web.ObservationFilterChainDecorator$VirtualFilterChain.doFilter(ObservationFilterChainDecorator.java:137)
	at org.springframework.security.web.header.HeaderWriterFilter.doHeadersAfter(HeaderWriterFilter.java:90)
	at org.springframework.security.web.header.HeaderWriterFilter.doFilterInternal(HeaderWriterFilter.java:75)
	at org.springframework.web.filter.OncePerRequestFilter.doFilter(OncePerRequestFilter.java:116)
	at org.springframework.security.web.ObservationFilterChainDecorator$ObservationFilter.wrapFilter(ObservationFilterChainDecorator.java:240)
	at org.springframework.security.web.ObservationFilterChainDecorator$ObservationFilter.doFilter(ObservationFilterChainDecorator.java:227)
	at org.springframework.security.web.ObservationFilterChainDecorator$VirtualFilterChain.doFilter(ObservationFilterChainDecorator.java:137)
	at org.springframework.security.web.context.SecurityContextHolderFilter.doFilter(SecurityContextHolderFilter.java:82)
	at org.springframework.security.web.context.SecurityContextHolderFilter.doFilter(SecurityContextHolderFilter.java:69)
	at org.springframework.security.web.ObservationFilterChainDecorator$ObservationFilter.wrapFilter(ObservationFilterChainDecorator.java:240)
	at org.springframework.security.web.ObservationFilterChainDecorator$ObservationFilter.doFilter(ObservationFilterChainDecorator.java:227)
	at org.springframework.security.web.ObservationFilterChainDecorator$VirtualFilterChain.doFilter(ObservationFilterChainDecorator.java:137)
	at org.springframework.security.web.context.request.async.WebAsyncManagerIntegrationFilter.doFilterInternal(WebAsyncManagerIntegrationFilter.java:62)
	at org.springframework.web.filter.OncePerRequestFilter.doFilter(OncePerRequestFilter.java:116)
	at org.springframework.security.web.ObservationFilterChainDecorator$ObservationFilter.wrapFilter(ObservationFilterChainDecorator.java:240)
	at org.springframework.security.web.ObservationFilterChainDecorator$ObservationFilter.doFilter(ObservationFilterChainDecorator.java:227)
	at org.springframework.security.web.ObservationFilterChainDecorator$VirtualFilterChain.doFilter(ObservationFilterChainDecorator.java:137)
	at org.springframework.security.web.session.DisableEncodeUrlFilter.doFilterInternal(DisableEncodeUrlFilter.java:42)
	at org.springframework.web.filter.OncePerRequestFilter.doFilter(OncePerRequestFilter.java:116)
	at org.springframework.security.web.ObservationFilterChainDecorator$ObservationFilter.wrapFilter(ObservationFilterChainDecorator.java:240)
	at org.springframework.security.web.ObservationFilterChainDecorator$AroundFilterObservation$SimpleAroundFilterObservation.lambda$wrap$0(ObservationFilterChainDecorator.java:323)
	at org.springframework.security.web.ObservationFilterChainDecorator$ObservationFilter.doFilter(ObservationFilterChainDecorator.java:224)
	at org.springframework.security.web.ObservationFilterChainDecorator$VirtualFilterChain.doFilter(ObservationFilterChainDecorator.java:137)
	at org.springframework.security.web.FilterChainProxy.doFilterInternal(FilterChainProxy.java:233)
	at org.springframework.security.web.FilterChainProxy.doFilter(FilterChainProxy.java:191)
	at org.springframework.web.filter.CompositeFilter$VirtualFilterChain.doFilter(CompositeFilter.java:113)
	at org.springframework.web.servlet.handler.HandlerMappingIntrospector.lambda$createCacheFilter$3(HandlerMappingIntrospector.java:195)
	at org.springframework.web.filter.CompositeFilter$VirtualFilterChain.doFilter(CompositeFilter.java:113)
	at org.springframework.web.filter.CompositeFilter.doFilter(CompositeFilter.java:74)
	at org.springframework.security.config.annotation.web.configuration.WebMvcSecurityConfiguration$CompositeFilterChainProxy.doFilter(WebMvcSecurityConfiguration.java:230)
	at org.springframework.web.filter.DelegatingFilterProxy.invokeDelegate(DelegatingFilterProxy.java:352)
	at org.springframework.web.filter.DelegatingFilterProxy.doFilter(DelegatingFilterProxy.java:268)
	at org.apache.catalina.core.ApplicationFilterChain.internalDoFilter(ApplicationFilterChain.java:174)
	at org.apache.catalina.core.ApplicationFilterChain.doFilter(ApplicationFilterChain.java:149)
	at org.springframework.web.filter.RequestContextFilter.doFilterInternal(RequestContextFilter.java:100)
	at org.springframework.web.filter.OncePerRequestFilter.doFilter(OncePerRequestFilter.java:116)
	at org.apache.catalina.core.ApplicationFilterChain.internalDoFilter(ApplicationFilterChain.java:174)
	at org.apache.catalina.core.ApplicationFilterChain.doFilter(ApplicationFilterChain.java:149)
	at org.springframework.web.filter.FormContentFilter.doFilterInternal(FormContentFilter.java:93)
	at org.springframework.web.filter.OncePerRequestFilter.doFilter(OncePerRequestFilter.java:116)
	at org.apache.catalina.core.ApplicationFilterChain.internalDoFilter(ApplicationFilterChain.java:174)
	at org.apache.catalina.core.ApplicationFilterChain.doFilter(ApplicationFilterChain.java:149)
	at org.springframework.web.filter.ServerHttpObservationFilter.doFilterInternal(ServerHttpObservationFilter.java:109)
	at org.springframework.web.filter.OncePerRequestFilter.doFilter(OncePerRequestFilter.java:116)
	at org.apache.catalina.core.ApplicationFilterChain.internalDoFilter(ApplicationFilterChain.java:174)
	at org.apache.catalina.core.ApplicationFilterChain.doFilter(ApplicationFilterChain.java:149)
	at org.springframework.web.filter.CharacterEncodingFilter.doFilterInternal(CharacterEncodingFilter.java:201)
	at org.springframework.web.filter.OncePerRequestFilter.doFilter(OncePerRequestFilter.java:116)
	at org.apache.catalina.core.ApplicationFilterChain.internalDoFilter(ApplicationFilterChain.java:174)
	at org.apache.catalina.core.ApplicationFilterChain.doFilter(ApplicationFilterChain.java:149)
	at org.apache.catalina.core.StandardWrapperValve.invoke(StandardWrapperValve.java:167)
	at org.apache.catalina.core.StandardContextValve.invoke(StandardContextValve.java:90)
	at org.apache.catalina.authenticator.AuthenticatorBase.invoke(AuthenticatorBase.java:482)
	at org.apache.catalina.core.StandardHostValve.invoke(StandardHostValve.java:115)
	at org.apache.catalina.valves.ErrorReportValve.invoke(ErrorReportValve.java:93)
	at org.apache.catalina.core.StandardEngineValve.invoke(StandardEngineValve.java:74)
	at org.apache.catalina.connector.CoyoteAdapter.service(CoyoteAdapter.java:344)
	at org.apache.coyote.http11.Http11Processor.service(Http11Processor.java:391)
	at org.apache.coyote.AbstractProcessorLight.process(AbstractProcessorLight.java:63)
	at org.apache.coyote.AbstractProtocol$ConnectionHandler.process(AbstractProtocol.java:896)
	at org.apache.tomcat.util.net.NioEndpoint$SocketProcessor.doRun(NioEndpoint.java:1744)
	at org.apache.tomcat.util.net.SocketProcessorBase.run(SocketProcessorBase.java:52)
	at org.apache.tomcat.util.threads.ThreadPoolExecutor.runWorker(ThreadPoolExecutor.java:1191)
	at org.apache.tomcat.util.threads.ThreadPoolExecutor$Worker.run(ThreadPoolExecutor.java:659)
	at org.apache.tomcat.util.threads.TaskThread$WrappingRunnable.run(TaskThread.java:63)
	at java.base/java.lang.Thread.run(Thread.java:840)
2025-07-11 12:08:32 [http-nio-8082-exec-8] INFO  c.m.u.core.logging.LoggingService - TermsService: Aceptación múltiple completada - UserID: 1, Términos aceptados: 0, Cantidad: 0
2025-07-11 12:08:32 [http-nio-8082-exec-4] INFO  c.m.u.core.logging.LoggingService - Términos y condiciones aceptados exitosamente para usuario ID: 1
2025-07-11 12:08:32 [http-nio-8082-exec-4] INFO  c.m.u.core.logging.LoggingService - Cliente registrado exitosamente - ID: 1, Email: sebasagudelo1012@gmail.com, Rol: CUSTOMER
2025-07-11 12:10:12 [AsyncResolver-bootstrap-executor-0] INFO  c.n.d.s.r.aws.ConfigClusterResolver - Resolving eureka endpoints via configuration
2025-07-11 12:13:14 [SpringApplicationShutdownHook] INFO  c.netflix.discovery.DiscoveryClient - Saw local status change event StatusChangeEvent [timestamp=1752253994762, current=DOWN, previous=UP]
2025-07-11 12:13:14 [DiscoveryClient-InstanceInfoReplicator-0] INFO  c.netflix.discovery.DiscoveryClient - DiscoveryClient_USERS-SERVICE/192.168.41.141:users-service:8082: registering service...
2025-07-11 12:13:14 [DiscoveryClient-InstanceInfoReplicator-0] INFO  c.netflix.discovery.DiscoveryClient - DiscoveryClient_USERS-SERVICE/192.168.41.141:users-service:8082 - registration status: 204
2025-07-11 12:13:14 [SpringApplicationShutdownHook] INFO  c.netflix.discovery.DiscoveryClient - Shutting down DiscoveryClient ...
2025-07-11 12:13:17 [SpringApplicationShutdownHook] INFO  c.netflix.discovery.DiscoveryClient - Unregistering ...
2025-07-11 12:13:17 [SpringApplicationShutdownHook] INFO  c.netflix.discovery.DiscoveryClient - DiscoveryClient_USERS-SERVICE/192.168.41.141:users-service:8082 - deregister  status: 200
2025-07-11 12:13:17 [SpringApplicationShutdownHook] INFO  c.netflix.discovery.DiscoveryClient - Completed shut down of DiscoveryClient
2025-07-11 12:13:36 [restartedMain] INFO  c.m.users.UsersApplication - Starting UsersApplication using Java 17.0.15 with PID 37646 (/home/sebastian/Documentos/stranger-drug/users/target/classes started by sebastian in /home/sebastian/Documentos/stranger-drug/users)
2025-07-11 12:13:36 [restartedMain] INFO  c.m.users.UsersApplication - The following 5 profiles are active: "common", "database", "email", "logging", "security"
2025-07-11 12:13:37 [restartedMain] WARN  o.s.c.s.PostProcessorRegistrationDelegate$BeanPostProcessorChecker - Bean 'org.springframework.cloud.client.loadbalancer.LoadBalancerAutoConfiguration$LoadBalancerInterceptorConfig' of type [org.springframework.cloud.client.loadbalancer.LoadBalancerAutoConfiguration$LoadBalancerInterceptorConfig] is not eligible for getting processed by all BeanPostProcessors (for example: not eligible for auto-proxying). The currently created BeanPostProcessor [lbRestClientPostProcessor] is declared through a non-static factory method on that class; consider declaring it as static instead.
2025-07-11 12:13:37 [restartedMain] WARN  o.s.c.s.PostProcessorRegistrationDelegate$BeanPostProcessorChecker - Bean 'org.springframework.cloud.loadbalancer.config.BlockingLoadBalancerClientAutoConfiguration' of type [org.springframework.cloud.loadbalancer.config.BlockingLoadBalancerClientAutoConfiguration] is not eligible for getting processed by all BeanPostProcessors (for example: not eligible for auto-proxying). Is this bean getting eagerly injected into a currently created BeanPostProcessor [lbRestClientPostProcessor]? Check the corresponding BeanPostProcessor declaration and its dependencies.
2025-07-11 12:13:37 [restartedMain] WARN  o.s.c.s.PostProcessorRegistrationDelegate$BeanPostProcessorChecker - Bean 'org.springframework.cloud.loadbalancer.config.LoadBalancerAutoConfiguration' of type [org.springframework.cloud.loadbalancer.config.LoadBalancerAutoConfiguration] is not eligible for getting processed by all BeanPostProcessors (for example: not eligible for auto-proxying). Is this bean getting eagerly injected into a currently created BeanPostProcessor [lbRestClientPostProcessor]? Check the corresponding BeanPostProcessor declaration and its dependencies.
2025-07-11 12:13:38 [restartedMain] WARN  o.s.c.s.PostProcessorRegistrationDelegate$BeanPostProcessorChecker - Bean 'org.springframework.cloud.commons.config.CommonsConfigAutoConfiguration' of type [org.springframework.cloud.commons.config.CommonsConfigAutoConfiguration] is not eligible for getting processed by all BeanPostProcessors (for example: not eligible for auto-proxying). Is this bean getting eagerly injected into a currently created BeanPostProcessor [lbRestClientPostProcessor]? Check the corresponding BeanPostProcessor declaration and its dependencies.
2025-07-11 12:13:38 [restartedMain] WARN  o.s.c.s.PostProcessorRegistrationDelegate$BeanPostProcessorChecker - Bean 'org.springframework.cloud.client.loadbalancer.LoadBalancerDefaultMappingsProviderAutoConfiguration' of type [org.springframework.cloud.client.loadbalancer.LoadBalancerDefaultMappingsProviderAutoConfiguration] is not eligible for getting processed by all BeanPostProcessors (for example: not eligible for auto-proxying). Is this bean getting eagerly injected into a currently created BeanPostProcessor [lbRestClientPostProcessor]? Check the corresponding BeanPostProcessor declaration and its dependencies.
2025-07-11 12:13:38 [restartedMain] WARN  o.s.c.s.PostProcessorRegistrationDelegate$BeanPostProcessorChecker - Bean 'loadBalancerClientsDefaultsMappingsProvider' of type [org.springframework.cloud.client.loadbalancer.LoadBalancerDefaultMappingsProviderAutoConfiguration$$Lambda$762/0x00007f6f34567da8] is not eligible for getting processed by all BeanPostProcessors (for example: not eligible for auto-proxying). Is this bean getting eagerly injected into a currently created BeanPostProcessor [lbRestClientPostProcessor]? Check the corresponding BeanPostProcessor declaration and its dependencies.
2025-07-11 12:13:38 [restartedMain] WARN  o.s.c.s.PostProcessorRegistrationDelegate$BeanPostProcessorChecker - Bean 'defaultsBindHandlerAdvisor' of type [org.springframework.cloud.commons.config.DefaultsBindHandlerAdvisor] is not eligible for getting processed by all BeanPostProcessors (for example: not eligible for auto-proxying). Is this bean getting eagerly injected into a currently created BeanPostProcessor [lbRestClientPostProcessor]? Check the corresponding BeanPostProcessor declaration and its dependencies.
2025-07-11 12:13:38 [restartedMain] WARN  o.s.c.s.PostProcessorRegistrationDelegate$BeanPostProcessorChecker - Bean 'spring.cloud.loadbalancer-org.springframework.cloud.client.loadbalancer.LoadBalancerClientsProperties' of type [org.springframework.cloud.client.loadbalancer.LoadBalancerClientsProperties] is not eligible for getting processed by all BeanPostProcessors (for example: not eligible for auto-proxying). Is this bean getting eagerly injected into a currently created BeanPostProcessor [lbRestClientPostProcessor]? Check the corresponding BeanPostProcessor declaration and its dependencies.
2025-07-11 12:13:38 [restartedMain] WARN  o.s.c.s.PostProcessorRegistrationDelegate$BeanPostProcessorChecker - Bean 'default.org.springframework.cloud.loadbalancer.config.LoadBalancerAutoConfiguration.LoadBalancerClientSpecification' of type [org.springframework.cloud.loadbalancer.annotation.LoadBalancerClientSpecification] is not eligible for getting processed by all BeanPostProcessors (for example: not eligible for auto-proxying). Is this bean getting eagerly injected into a currently created BeanPostProcessor [lbRestClientPostProcessor]? Check the corresponding BeanPostProcessor declaration and its dependencies.
2025-07-11 12:13:38 [restartedMain] WARN  o.s.c.s.PostProcessorRegistrationDelegate$BeanPostProcessorChecker - Bean 'default.org.springframework.cloud.loadbalancer.config.BlockingLoadBalancerClientAutoConfiguration.LoadBalancerClientSpecification' of type [org.springframework.cloud.loadbalancer.annotation.LoadBalancerClientSpecification] is not eligible for getting processed by all BeanPostProcessors (for example: not eligible for auto-proxying). Is this bean getting eagerly injected into a currently created BeanPostProcessor [lbRestClientPostProcessor]? Check the corresponding BeanPostProcessor declaration and its dependencies.
2025-07-11 12:13:38 [restartedMain] WARN  o.s.c.s.PostProcessorRegistrationDelegate$BeanPostProcessorChecker - Bean 'default.org.springframework.cloud.netflix.eureka.loadbalancer.LoadBalancerEurekaAutoConfiguration.LoadBalancerClientSpecification' of type [org.springframework.cloud.loadbalancer.annotation.LoadBalancerClientSpecification] is not eligible for getting processed by all BeanPostProcessors (for example: not eligible for auto-proxying). Is this bean getting eagerly injected into a currently created BeanPostProcessor [lbRestClientPostProcessor]? Check the corresponding BeanPostProcessor declaration and its dependencies.
2025-07-11 12:13:38 [restartedMain] WARN  o.s.c.s.PostProcessorRegistrationDelegate$BeanPostProcessorChecker - Bean 'loadBalancerClientFactory' of type [org.springframework.cloud.loadbalancer.support.LoadBalancerClientFactory] is not eligible for getting processed by all BeanPostProcessors (for example: not eligible for auto-proxying). Is this bean getting eagerly injected into a currently created BeanPostProcessor [lbRestClientPostProcessor]? Check the corresponding BeanPostProcessor declaration and its dependencies.
2025-07-11 12:13:38 [restartedMain] WARN  o.s.c.s.PostProcessorRegistrationDelegate$BeanPostProcessorChecker - Bean 'blockingLoadBalancerClient' of type [org.springframework.cloud.loadbalancer.blocking.client.BlockingLoadBalancerClient] is not eligible for getting processed by all BeanPostProcessors (for example: not eligible for auto-proxying). Is this bean getting eagerly injected into a currently created BeanPostProcessor [lbRestClientPostProcessor]? Check the corresponding BeanPostProcessor declaration and its dependencies.
2025-07-11 12:13:38 [restartedMain] WARN  o.s.c.s.PostProcessorRegistrationDelegate$BeanPostProcessorChecker - Bean 'loadBalancerServiceInstanceCookieTransformer' of type [org.springframework.cloud.loadbalancer.core.LoadBalancerServiceInstanceCookieTransformer] is not eligible for getting processed by all BeanPostProcessors (for example: not eligible for auto-proxying). Is this bean getting eagerly injected into a currently created BeanPostProcessor [lbRestClientPostProcessor]? Check the corresponding BeanPostProcessor declaration and its dependencies.
2025-07-11 12:13:38 [restartedMain] WARN  o.s.c.s.PostProcessorRegistrationDelegate$BeanPostProcessorChecker - Bean 'xForwarderHeadersTransformer' of type [org.springframework.cloud.loadbalancer.blocking.XForwardedHeadersTransformer] is not eligible for getting processed by all BeanPostProcessors (for example: not eligible for auto-proxying). Is this bean getting eagerly injected into a currently created BeanPostProcessor [lbRestClientPostProcessor]? Check the corresponding BeanPostProcessor declaration and its dependencies.
2025-07-11 12:13:38 [restartedMain] WARN  o.s.c.s.PostProcessorRegistrationDelegate$BeanPostProcessorChecker - Bean 'org.springframework.cloud.client.loadbalancer.LoadBalancerAutoConfiguration' of type [org.springframework.cloud.client.loadbalancer.LoadBalancerAutoConfiguration] is not eligible for getting processed by all BeanPostProcessors (for example: not eligible for auto-proxying). Is this bean getting eagerly injected into a currently created BeanPostProcessor [lbRestClientPostProcessor]? Check the corresponding BeanPostProcessor declaration and its dependencies.
2025-07-11 12:13:38 [restartedMain] WARN  o.s.c.s.PostProcessorRegistrationDelegate$BeanPostProcessorChecker - Bean 'loadBalancerRequestFactory' of type [org.springframework.cloud.client.loadbalancer.LoadBalancerRequestFactory] is not eligible for getting processed by all BeanPostProcessors (for example: not eligible for auto-proxying). Is this bean getting eagerly injected into a currently created BeanPostProcessor [lbRestClientPostProcessor]? Check the corresponding BeanPostProcessor declaration and its dependencies.
2025-07-11 12:13:38 [restartedMain] WARN  o.s.c.s.PostProcessorRegistrationDelegate$BeanPostProcessorChecker - Bean 'loadBalancerInterceptor' of type [org.springframework.cloud.client.loadbalancer.LoadBalancerInterceptor] is not eligible for getting processed by all BeanPostProcessors (for example: not eligible for auto-proxying). Is this bean getting eagerly injected into a currently created BeanPostProcessor [lbRestClientPostProcessor]? Check the corresponding BeanPostProcessor declaration and its dependencies.
2025-07-11 12:13:38 [restartedMain] WARN  o.s.c.s.PostProcessorRegistrationDelegate$BeanPostProcessorChecker - Bean 'org.springframework.cloud.client.loadbalancer.reactive.LoadBalancerBeanPostProcessorAutoConfiguration' of type [org.springframework.cloud.client.loadbalancer.reactive.LoadBalancerBeanPostProcessorAutoConfiguration] is not eligible for getting processed by all BeanPostProcessors (for example: not eligible for auto-proxying). The currently created BeanPostProcessor [loadBalancerWebClientBuilderBeanPostProcessor] is declared through a non-static factory method on that class; consider declaring it as static instead.
2025-07-11 12:13:38 [restartedMain] WARN  o.s.c.s.PostProcessorRegistrationDelegate$BeanPostProcessorChecker - Bean 'org.springframework.cloud.client.loadbalancer.reactive.LoadBalancerBeanPostProcessorAutoConfiguration$ReactorDeferringLoadBalancerFilterConfig' of type [org.springframework.cloud.client.loadbalancer.reactive.LoadBalancerBeanPostProcessorAutoConfiguration$ReactorDeferringLoadBalancerFilterConfig] is not eligible for getting processed by all BeanPostProcessors (for example: not eligible for auto-proxying). Is this bean getting eagerly injected into a currently created BeanPostProcessor [loadBalancerWebClientBuilderBeanPostProcessor]? Check the corresponding BeanPostProcessor declaration and its dependencies.
2025-07-11 12:13:38 [restartedMain] WARN  o.s.c.s.PostProcessorRegistrationDelegate$BeanPostProcessorChecker - Bean 'reactorDeferringLoadBalancerExchangeFilterFunction' of type [org.springframework.cloud.client.loadbalancer.reactive.DeferringLoadBalancerExchangeFilterFunction] is not eligible for getting processed by all BeanPostProcessors (for example: not eligible for auto-proxying). Is this bean getting eagerly injected into a currently created BeanPostProcessor [loadBalancerWebClientBuilderBeanPostProcessor]? Check the corresponding BeanPostProcessor declaration and its dependencies.
2025-07-11 12:13:39 [restartedMain] WARN  org.hibernate.orm.deprecation - HHH90000025: MariaDBDialect does not need to be specified explicitly using 'hibernate.dialect' (remove the property setting and it will be selected by default)
2025-07-11 12:13:40 [restartedMain] INFO  c.m.u.core.logging.LoggingService - CacheConfiguration: Cache manager configurado con 8 caches
2025-07-11 12:13:42 [restartedMain] WARN  o.s.b.a.o.j.JpaBaseConfiguration$JpaWebConfiguration - spring.jpa.open-in-view is enabled by default. Therefore, database queries may be performed during view rendering. Explicitly configure spring.jpa.open-in-view to disable this warning
2025-07-11 12:13:42 [restartedMain] WARN  o.s.b.a.s.s.UserDetailsServiceAutoConfiguration - 

Using generated security password: 90974415-55e0-4bb0-abfb-45956dc7a44c

This generated password is for development use only. Your security configuration must be updated before running your application in production.

2025-07-11 12:13:42 [restartedMain] INFO  c.m.u.core.logging.LoggingService - SecurityConfig: Iniciando configuración de seguridad del microservicio users
2025-07-11 12:13:42 [restartedMain] INFO  c.m.u.core.logging.LoggingService - SecurityConfig: Configuración de seguridad completada - Todos los endpoints permitidos, filtro JWT interno configurado
2025-07-11 12:13:43 [restartedMain] WARN  o.s.b.d.a.OptionalLiveReloadServer - Unable to start LiveReload server
2025-07-11 12:13:43 [restartedMain] INFO  c.netflix.discovery.DiscoveryClient - Initializing Eureka in region us-east-1
2025-07-11 12:13:43 [restartedMain] INFO  c.n.d.s.r.aws.ConfigClusterResolver - Resolving eureka endpoints via configuration
2025-07-11 12:13:43 [restartedMain] INFO  c.netflix.discovery.DiscoveryClient - Disable delta property : false
2025-07-11 12:13:43 [restartedMain] INFO  c.netflix.discovery.DiscoveryClient - Single vip registry refresh property : null
2025-07-11 12:13:43 [restartedMain] INFO  c.netflix.discovery.DiscoveryClient - Force full registry fetch : false
2025-07-11 12:13:43 [restartedMain] INFO  c.netflix.discovery.DiscoveryClient - Application is null : false
2025-07-11 12:13:43 [restartedMain] INFO  c.netflix.discovery.DiscoveryClient - Registered Applications size is zero : true
2025-07-11 12:13:43 [restartedMain] INFO  c.netflix.discovery.DiscoveryClient - Application version is -1: true
2025-07-11 12:13:43 [restartedMain] INFO  c.netflix.discovery.DiscoveryClient - Getting all instance registry info from the eureka server
2025-07-11 12:13:43 [restartedMain] INFO  c.netflix.discovery.DiscoveryClient - The response status is 200
2025-07-11 12:13:43 [restartedMain] INFO  c.netflix.discovery.DiscoveryClient - Starting heartbeat executor: renew interval is: 30
2025-07-11 12:13:43 [restartedMain] INFO  c.n.discovery.InstanceInfoReplicator - InstanceInfoReplicator onDemand update allowed rate per min is 4
2025-07-11 12:13:43 [restartedMain] INFO  c.netflix.discovery.DiscoveryClient - Discovery Client initialized at timestamp 1752254023574 with initial instances count: 1
2025-07-11 12:13:43 [restartedMain] INFO  c.netflix.discovery.DiscoveryClient - Saw local status change event StatusChangeEvent [timestamp=1752254023582, current=UP, previous=STARTING]
2025-07-11 12:13:43 [DiscoveryClient-InstanceInfoReplicator-0] INFO  c.netflix.discovery.DiscoveryClient - DiscoveryClient_USERS-SERVICE/192.168.41.141:users-service:8082: registering service...
2025-07-11 12:13:43 [DiscoveryClient-InstanceInfoReplicator-0] INFO  c.netflix.discovery.DiscoveryClient - DiscoveryClient_USERS-SERVICE/192.168.41.141:users-service:8082 - registration status: 204
2025-07-11 12:13:43 [restartedMain] INFO  c.m.users.UsersApplication - Started UsersApplication in 7.875 seconds (process running for 8.267)
2025-07-11 12:13:48 [SpringApplicationShutdownHook] INFO  c.netflix.discovery.DiscoveryClient - Saw local status change event StatusChangeEvent [timestamp=1752254028077, current=DOWN, previous=UP]
2025-07-11 12:13:48 [DiscoveryClient-InstanceInfoReplicator-0] INFO  c.netflix.discovery.DiscoveryClient - DiscoveryClient_USERS-SERVICE/192.168.41.141:users-service:8082: registering service...
2025-07-11 12:13:48 [DiscoveryClient-InstanceInfoReplicator-0] INFO  c.netflix.discovery.DiscoveryClient - DiscoveryClient_USERS-SERVICE/192.168.41.141:users-service:8082 - registration status: 204
2025-07-11 12:13:49 [SpringApplicationShutdownHook] INFO  c.netflix.discovery.DiscoveryClient - Shutting down DiscoveryClient ...
2025-07-11 12:13:52 [SpringApplicationShutdownHook] INFO  c.netflix.discovery.DiscoveryClient - Unregistering ...
2025-07-11 12:13:52 [SpringApplicationShutdownHook] INFO  c.netflix.discovery.DiscoveryClient - DiscoveryClient_USERS-SERVICE/192.168.41.141:users-service:8082 - deregister  status: 200
2025-07-11 12:13:52 [SpringApplicationShutdownHook] INFO  c.netflix.discovery.DiscoveryClient - Completed shut down of DiscoveryClient
2025-07-11 12:33:39 [restartedMain] INFO  c.m.users.UsersApplication - Starting UsersApplication using Java 17.0.15 with PID 49326 (/home/sebastian/Documentos/stranger-drug/users/target/classes started by sebastian in /home/sebastian/Documentos/stranger-drug/users)
2025-07-11 12:33:39 [restartedMain] DEBUG c.m.users.UsersApplication - Running with Spring Boot v3.2.3, Spring v6.1.4
2025-07-11 12:33:39 [restartedMain] INFO  c.m.users.UsersApplication - The following 6 profiles are active: "common", "database", "email", "logging", "security", "local"
2025-07-11 12:33:41 [restartedMain] WARN  o.s.c.s.PostProcessorRegistrationDelegate$BeanPostProcessorChecker - Bean 'org.springframework.cloud.client.loadbalancer.LoadBalancerAutoConfiguration$LoadBalancerInterceptorConfig' of type [org.springframework.cloud.client.loadbalancer.LoadBalancerAutoConfiguration$LoadBalancerInterceptorConfig] is not eligible for getting processed by all BeanPostProcessors (for example: not eligible for auto-proxying). The currently created BeanPostProcessor [lbRestClientPostProcessor] is declared through a non-static factory method on that class; consider declaring it as static instead.
2025-07-11 12:33:41 [restartedMain] WARN  o.s.c.s.PostProcessorRegistrationDelegate$BeanPostProcessorChecker - Bean 'org.springframework.cloud.loadbalancer.config.BlockingLoadBalancerClientAutoConfiguration' of type [org.springframework.cloud.loadbalancer.config.BlockingLoadBalancerClientAutoConfiguration] is not eligible for getting processed by all BeanPostProcessors (for example: not eligible for auto-proxying). Is this bean getting eagerly injected into a currently created BeanPostProcessor [lbRestClientPostProcessor]? Check the corresponding BeanPostProcessor declaration and its dependencies.
2025-07-11 12:33:41 [restartedMain] WARN  o.s.c.s.PostProcessorRegistrationDelegate$BeanPostProcessorChecker - Bean 'org.springframework.cloud.loadbalancer.config.LoadBalancerAutoConfiguration' of type [org.springframework.cloud.loadbalancer.config.LoadBalancerAutoConfiguration] is not eligible for getting processed by all BeanPostProcessors (for example: not eligible for auto-proxying). Is this bean getting eagerly injected into a currently created BeanPostProcessor [lbRestClientPostProcessor]? Check the corresponding BeanPostProcessor declaration and its dependencies.
2025-07-11 12:33:41 [restartedMain] WARN  o.s.c.s.PostProcessorRegistrationDelegate$BeanPostProcessorChecker - Bean 'org.springframework.cloud.commons.config.CommonsConfigAutoConfiguration' of type [org.springframework.cloud.commons.config.CommonsConfigAutoConfiguration] is not eligible for getting processed by all BeanPostProcessors (for example: not eligible for auto-proxying). Is this bean getting eagerly injected into a currently created BeanPostProcessor [lbRestClientPostProcessor]? Check the corresponding BeanPostProcessor declaration and its dependencies.
2025-07-11 12:33:41 [restartedMain] WARN  o.s.c.s.PostProcessorRegistrationDelegate$BeanPostProcessorChecker - Bean 'org.springframework.cloud.client.loadbalancer.LoadBalancerDefaultMappingsProviderAutoConfiguration' of type [org.springframework.cloud.client.loadbalancer.LoadBalancerDefaultMappingsProviderAutoConfiguration] is not eligible for getting processed by all BeanPostProcessors (for example: not eligible for auto-proxying). Is this bean getting eagerly injected into a currently created BeanPostProcessor [lbRestClientPostProcessor]? Check the corresponding BeanPostProcessor declaration and its dependencies.
2025-07-11 12:33:41 [restartedMain] WARN  o.s.c.s.PostProcessorRegistrationDelegate$BeanPostProcessorChecker - Bean 'loadBalancerClientsDefaultsMappingsProvider' of type [org.springframework.cloud.client.loadbalancer.LoadBalancerDefaultMappingsProviderAutoConfiguration$$Lambda$762/0x00007f2660561808] is not eligible for getting processed by all BeanPostProcessors (for example: not eligible for auto-proxying). Is this bean getting eagerly injected into a currently created BeanPostProcessor [lbRestClientPostProcessor]? Check the corresponding BeanPostProcessor declaration and its dependencies.
2025-07-11 12:33:41 [restartedMain] WARN  o.s.c.s.PostProcessorRegistrationDelegate$BeanPostProcessorChecker - Bean 'defaultsBindHandlerAdvisor' of type [org.springframework.cloud.commons.config.DefaultsBindHandlerAdvisor] is not eligible for getting processed by all BeanPostProcessors (for example: not eligible for auto-proxying). Is this bean getting eagerly injected into a currently created BeanPostProcessor [lbRestClientPostProcessor]? Check the corresponding BeanPostProcessor declaration and its dependencies.
2025-07-11 12:33:41 [restartedMain] WARN  o.s.c.s.PostProcessorRegistrationDelegate$BeanPostProcessorChecker - Bean 'spring.cloud.loadbalancer-org.springframework.cloud.client.loadbalancer.LoadBalancerClientsProperties' of type [org.springframework.cloud.client.loadbalancer.LoadBalancerClientsProperties] is not eligible for getting processed by all BeanPostProcessors (for example: not eligible for auto-proxying). Is this bean getting eagerly injected into a currently created BeanPostProcessor [lbRestClientPostProcessor]? Check the corresponding BeanPostProcessor declaration and its dependencies.
2025-07-11 12:33:41 [restartedMain] WARN  o.s.c.s.PostProcessorRegistrationDelegate$BeanPostProcessorChecker - Bean 'default.org.springframework.cloud.loadbalancer.config.LoadBalancerAutoConfiguration.LoadBalancerClientSpecification' of type [org.springframework.cloud.loadbalancer.annotation.LoadBalancerClientSpecification] is not eligible for getting processed by all BeanPostProcessors (for example: not eligible for auto-proxying). Is this bean getting eagerly injected into a currently created BeanPostProcessor [lbRestClientPostProcessor]? Check the corresponding BeanPostProcessor declaration and its dependencies.
2025-07-11 12:33:41 [restartedMain] WARN  o.s.c.s.PostProcessorRegistrationDelegate$BeanPostProcessorChecker - Bean 'default.org.springframework.cloud.loadbalancer.config.BlockingLoadBalancerClientAutoConfiguration.LoadBalancerClientSpecification' of type [org.springframework.cloud.loadbalancer.annotation.LoadBalancerClientSpecification] is not eligible for getting processed by all BeanPostProcessors (for example: not eligible for auto-proxying). Is this bean getting eagerly injected into a currently created BeanPostProcessor [lbRestClientPostProcessor]? Check the corresponding BeanPostProcessor declaration and its dependencies.
2025-07-11 12:33:41 [restartedMain] WARN  o.s.c.s.PostProcessorRegistrationDelegate$BeanPostProcessorChecker - Bean 'default.org.springframework.cloud.netflix.eureka.loadbalancer.LoadBalancerEurekaAutoConfiguration.LoadBalancerClientSpecification' of type [org.springframework.cloud.loadbalancer.annotation.LoadBalancerClientSpecification] is not eligible for getting processed by all BeanPostProcessors (for example: not eligible for auto-proxying). Is this bean getting eagerly injected into a currently created BeanPostProcessor [lbRestClientPostProcessor]? Check the corresponding BeanPostProcessor declaration and its dependencies.
2025-07-11 12:33:41 [restartedMain] WARN  o.s.c.s.PostProcessorRegistrationDelegate$BeanPostProcessorChecker - Bean 'loadBalancerClientFactory' of type [org.springframework.cloud.loadbalancer.support.LoadBalancerClientFactory] is not eligible for getting processed by all BeanPostProcessors (for example: not eligible for auto-proxying). Is this bean getting eagerly injected into a currently created BeanPostProcessor [lbRestClientPostProcessor]? Check the corresponding BeanPostProcessor declaration and its dependencies.
2025-07-11 12:33:41 [restartedMain] WARN  o.s.c.s.PostProcessorRegistrationDelegate$BeanPostProcessorChecker - Bean 'blockingLoadBalancerClient' of type [org.springframework.cloud.loadbalancer.blocking.client.BlockingLoadBalancerClient] is not eligible for getting processed by all BeanPostProcessors (for example: not eligible for auto-proxying). Is this bean getting eagerly injected into a currently created BeanPostProcessor [lbRestClientPostProcessor]? Check the corresponding BeanPostProcessor declaration and its dependencies.
2025-07-11 12:33:41 [restartedMain] WARN  o.s.c.s.PostProcessorRegistrationDelegate$BeanPostProcessorChecker - Bean 'loadBalancerServiceInstanceCookieTransformer' of type [org.springframework.cloud.loadbalancer.core.LoadBalancerServiceInstanceCookieTransformer] is not eligible for getting processed by all BeanPostProcessors (for example: not eligible for auto-proxying). Is this bean getting eagerly injected into a currently created BeanPostProcessor [lbRestClientPostProcessor]? Check the corresponding BeanPostProcessor declaration and its dependencies.
2025-07-11 12:33:41 [restartedMain] WARN  o.s.c.s.PostProcessorRegistrationDelegate$BeanPostProcessorChecker - Bean 'xForwarderHeadersTransformer' of type [org.springframework.cloud.loadbalancer.blocking.XForwardedHeadersTransformer] is not eligible for getting processed by all BeanPostProcessors (for example: not eligible for auto-proxying). Is this bean getting eagerly injected into a currently created BeanPostProcessor [lbRestClientPostProcessor]? Check the corresponding BeanPostProcessor declaration and its dependencies.
2025-07-11 12:33:41 [restartedMain] WARN  o.s.c.s.PostProcessorRegistrationDelegate$BeanPostProcessorChecker - Bean 'org.springframework.cloud.client.loadbalancer.LoadBalancerAutoConfiguration' of type [org.springframework.cloud.client.loadbalancer.LoadBalancerAutoConfiguration] is not eligible for getting processed by all BeanPostProcessors (for example: not eligible for auto-proxying). Is this bean getting eagerly injected into a currently created BeanPostProcessor [lbRestClientPostProcessor]? Check the corresponding BeanPostProcessor declaration and its dependencies.
2025-07-11 12:33:41 [restartedMain] WARN  o.s.c.s.PostProcessorRegistrationDelegate$BeanPostProcessorChecker - Bean 'loadBalancerRequestFactory' of type [org.springframework.cloud.client.loadbalancer.LoadBalancerRequestFactory] is not eligible for getting processed by all BeanPostProcessors (for example: not eligible for auto-proxying). Is this bean getting eagerly injected into a currently created BeanPostProcessor [lbRestClientPostProcessor]? Check the corresponding BeanPostProcessor declaration and its dependencies.
2025-07-11 12:33:41 [restartedMain] WARN  o.s.c.s.PostProcessorRegistrationDelegate$BeanPostProcessorChecker - Bean 'loadBalancerInterceptor' of type [org.springframework.cloud.client.loadbalancer.LoadBalancerInterceptor] is not eligible for getting processed by all BeanPostProcessors (for example: not eligible for auto-proxying). Is this bean getting eagerly injected into a currently created BeanPostProcessor [lbRestClientPostProcessor]? Check the corresponding BeanPostProcessor declaration and its dependencies.
2025-07-11 12:33:41 [restartedMain] WARN  o.s.c.s.PostProcessorRegistrationDelegate$BeanPostProcessorChecker - Bean 'org.springframework.cloud.client.loadbalancer.reactive.LoadBalancerBeanPostProcessorAutoConfiguration' of type [org.springframework.cloud.client.loadbalancer.reactive.LoadBalancerBeanPostProcessorAutoConfiguration] is not eligible for getting processed by all BeanPostProcessors (for example: not eligible for auto-proxying). The currently created BeanPostProcessor [loadBalancerWebClientBuilderBeanPostProcessor] is declared through a non-static factory method on that class; consider declaring it as static instead.
2025-07-11 12:33:41 [restartedMain] WARN  o.s.c.s.PostProcessorRegistrationDelegate$BeanPostProcessorChecker - Bean 'org.springframework.cloud.client.loadbalancer.reactive.LoadBalancerBeanPostProcessorAutoConfiguration$ReactorDeferringLoadBalancerFilterConfig' of type [org.springframework.cloud.client.loadbalancer.reactive.LoadBalancerBeanPostProcessorAutoConfiguration$ReactorDeferringLoadBalancerFilterConfig] is not eligible for getting processed by all BeanPostProcessors (for example: not eligible for auto-proxying). Is this bean getting eagerly injected into a currently created BeanPostProcessor [loadBalancerWebClientBuilderBeanPostProcessor]? Check the corresponding BeanPostProcessor declaration and its dependencies.
2025-07-11 12:33:41 [restartedMain] WARN  o.s.c.s.PostProcessorRegistrationDelegate$BeanPostProcessorChecker - Bean 'reactorDeferringLoadBalancerExchangeFilterFunction' of type [org.springframework.cloud.client.loadbalancer.reactive.DeferringLoadBalancerExchangeFilterFunction] is not eligible for getting processed by all BeanPostProcessors (for example: not eligible for auto-proxying). Is this bean getting eagerly injected into a currently created BeanPostProcessor [loadBalancerWebClientBuilderBeanPostProcessor]? Check the corresponding BeanPostProcessor declaration and its dependencies.
2025-07-11 12:33:42 [restartedMain] DEBUG o.s.w.f.ServerHttpObservationFilter - Filter 'webMvcObservationFilter' configured for use
2025-07-11 12:33:42 [restartedMain] DEBUG c.m.u.c.c.i.InternalJwtFilter - Filter 'internalJwtFilter' configured for use
2025-07-11 12:33:42 [restartedMain] WARN  org.hibernate.orm.deprecation - HHH90000025: MariaDBDialect does not need to be specified explicitly using 'hibernate.dialect' (remove the property setting and it will be selected by default)
2025-07-11 12:33:44 [restartedMain] INFO  c.m.u.core.logging.LoggingService - CacheConfiguration: Cache manager configurado con 8 caches
2025-07-11 12:33:45 [restartedMain] WARN  o.s.b.a.o.j.JpaBaseConfiguration$JpaWebConfiguration - spring.jpa.open-in-view is enabled by default. Therefore, database queries may be performed during view rendering. Explicitly configure spring.jpa.open-in-view to disable this warning
2025-07-11 12:33:45 [restartedMain] WARN  o.s.b.a.s.s.UserDetailsServiceAutoConfiguration - 

Using generated security password: d00c3851-974c-4ba3-beb8-16bf78a67b7e

This generated password is for development use only. Your security configuration must be updated before running your application in production.

2025-07-11 12:33:45 [restartedMain] INFO  c.m.u.core.logging.LoggingService - SecurityConfig: Iniciando configuración de seguridad del microservicio users
2025-07-11 12:33:45 [restartedMain] DEBUG o.s.w.s.m.m.a.RequestMappingHandlerMapping - 26 mappings in 'requestMappingHandlerMapping'
2025-07-11 12:33:45 [restartedMain] DEBUG o.s.w.s.h.SimpleUrlHandlerMapping - Patterns [/webjars/**, /**, /swagger-ui*/*swagger-initializer.js, /swagger-ui*/**] in 'resourceHandlerMapping'
2025-07-11 12:33:45 [restartedMain] INFO  c.m.u.core.logging.LoggingService - SecurityConfig: Configuración de seguridad completada - Todos los endpoints permitidos, filtro JWT interno configurado
2025-07-11 12:33:46 [restartedMain] DEBUG o.s.w.s.m.m.a.RequestMappingHandlerAdapter - ControllerAdvice beans: 0 @ModelAttribute, 0 @InitBinder, 1 RequestBodyAdvice, 1 ResponseBodyAdvice
2025-07-11 12:33:46 [restartedMain] DEBUG o.s.w.s.m.m.a.ExceptionHandlerExceptionResolver - ControllerAdvice beans: 2 @ExceptionHandler, 1 ResponseBodyAdvice
2025-07-11 12:33:46 [restartedMain] WARN  o.s.b.d.a.OptionalLiveReloadServer - Unable to start LiveReload server
2025-07-11 12:33:46 [restartedMain] INFO  c.netflix.discovery.DiscoveryClient - Initializing Eureka in region us-east-1
2025-07-11 12:33:46 [restartedMain] INFO  c.n.d.s.r.aws.ConfigClusterResolver - Resolving eureka endpoints via configuration
2025-07-11 12:33:46 [restartedMain] INFO  c.netflix.discovery.DiscoveryClient - Disable delta property : false
2025-07-11 12:33:46 [restartedMain] INFO  c.netflix.discovery.DiscoveryClient - Single vip registry refresh property : null
2025-07-11 12:33:46 [restartedMain] INFO  c.netflix.discovery.DiscoveryClient - Force full registry fetch : false
2025-07-11 12:33:46 [restartedMain] INFO  c.netflix.discovery.DiscoveryClient - Application is null : false
2025-07-11 12:33:46 [restartedMain] INFO  c.netflix.discovery.DiscoveryClient - Registered Applications size is zero : true
2025-07-11 12:33:46 [restartedMain] INFO  c.netflix.discovery.DiscoveryClient - Application version is -1: true
2025-07-11 12:33:46 [restartedMain] INFO  c.netflix.discovery.DiscoveryClient - Getting all instance registry info from the eureka server
2025-07-11 12:33:46 [restartedMain] DEBUG o.s.web.client.RestTemplate - HTTP GET http://localhost:8081/eureka/apps/
2025-07-11 12:33:47 [restartedMain] DEBUG o.s.web.client.RestTemplate - Accept=[application/json, application/*+json]
2025-07-11 12:33:47 [restartedMain] DEBUG o.s.web.client.RestTemplate - Response 200 OK
2025-07-11 12:33:47 [restartedMain] DEBUG o.s.web.client.RestTemplate - Reading to [org.springframework.cloud.netflix.eureka.http.EurekaApplications]
2025-07-11 12:33:47 [restartedMain] INFO  c.netflix.discovery.DiscoveryClient - The response status is 200
2025-07-11 12:33:47 [restartedMain] INFO  c.netflix.discovery.DiscoveryClient - Starting heartbeat executor: renew interval is: 30
2025-07-11 12:33:47 [restartedMain] INFO  c.n.discovery.InstanceInfoReplicator - InstanceInfoReplicator onDemand update allowed rate per min is 4
2025-07-11 12:33:47 [restartedMain] INFO  c.netflix.discovery.DiscoveryClient - Discovery Client initialized at timestamp 1752255227121 with initial instances count: 1
2025-07-11 12:33:47 [restartedMain] INFO  c.netflix.discovery.DiscoveryClient - Saw local status change event StatusChangeEvent [timestamp=1752255227132, current=UP, previous=STARTING]
2025-07-11 12:33:47 [DiscoveryClient-InstanceInfoReplicator-0] INFO  c.netflix.discovery.DiscoveryClient - DiscoveryClient_USERS-SERVICE/192.168.41.141:users-service:8082: registering service...
2025-07-11 12:33:47 [DiscoveryClient-InstanceInfoReplicator-0] DEBUG o.s.web.client.RestTemplate - HTTP POST http://localhost:8081/eureka/apps/USERS-SERVICE
2025-07-11 12:33:47 [DiscoveryClient-InstanceInfoReplicator-0] DEBUG o.s.web.client.RestTemplate - Accept=[application/json, application/*+json]
2025-07-11 12:33:47 [DiscoveryClient-InstanceInfoReplicator-0] DEBUG o.s.web.client.RestTemplate - Writing [InstanceInfo [instanceId = 192.168.41.141:users-service:8082, appName = USERS-SERVICE, hostName = 192.168.41.141, status = UP, ipAddr = 192.168.41.141, port = 8082, securePort = 443, dataCenterInfo = com.netflix.appinfo.MyDataCenterInfo@7bfbbedf] as "application/json"
2025-07-11 12:33:47 [DiscoveryClient-InstanceInfoReplicator-0] DEBUG o.s.web.client.RestTemplate - Response 204 NO_CONTENT
2025-07-11 12:33:47 [DiscoveryClient-InstanceInfoReplicator-0] INFO  c.netflix.discovery.DiscoveryClient - DiscoveryClient_USERS-SERVICE/192.168.41.141:users-service:8082 - registration status: 204
2025-07-11 12:33:47 [restartedMain] INFO  c.m.users.UsersApplication - Started UsersApplication in 8.081 seconds (process running for 8.514)
2025-07-11 12:33:56 [http-nio-8082-exec-1] INFO  o.s.web.servlet.DispatcherServlet - Initializing Servlet 'dispatcherServlet'
2025-07-11 12:33:56 [http-nio-8082-exec-1] DEBUG o.s.web.servlet.DispatcherServlet - Detected StandardServletMultipartResolver
2025-07-11 12:33:56 [http-nio-8082-exec-1] DEBUG o.s.web.servlet.DispatcherServlet - Detected AcceptHeaderLocaleResolver
2025-07-11 12:33:56 [http-nio-8082-exec-1] DEBUG o.s.web.servlet.DispatcherServlet - Detected FixedThemeResolver
2025-07-11 12:33:56 [http-nio-8082-exec-1] DEBUG o.s.web.servlet.DispatcherServlet - Detected org.springframework.web.servlet.view.DefaultRequestToViewNameTranslator@7ca5e6aa
2025-07-11 12:33:56 [http-nio-8082-exec-1] DEBUG o.s.web.servlet.DispatcherServlet - Detected org.springframework.web.servlet.support.SessionFlashMapManager@13e0c886
2025-07-11 12:33:56 [http-nio-8082-exec-1] DEBUG o.s.web.servlet.DispatcherServlet - enableLoggingRequestDetails='false': request parameters and headers will be masked to prevent unsafe logging of potentially sensitive data
2025-07-11 12:33:56 [http-nio-8082-exec-1] INFO  o.s.web.servlet.DispatcherServlet - Completed initialization in 6 ms
2025-07-11 12:33:56 [http-nio-8082-exec-1] DEBUG c.m.u.core.logging.LoggingService - InternalJwtFilter: Procesando solicitud: /verification/status
2025-07-11 12:33:56 [http-nio-8082-exec-1] DEBUG c.m.u.core.logging.LoggingService - InternalJwtFilter: Path '/verification/status' requiere JWT: true
2025-07-11 12:33:56 [http-nio-8082-exec-1] DEBUG c.m.u.core.logging.LoggingService - InternalJwtFilter: Path protegido detectado, validando JWT interno
2025-07-11 12:33:56 [http-nio-8082-exec-1] DEBUG c.m.u.core.logging.LoggingService - InternalJwtFilter: Header Authorization: Presente
2025-07-11 12:33:56 [http-nio-8082-exec-1] DEBUG c.m.u.core.logging.LoggingService - InternalJwtFilter: Token recibido: ewogICJhbGciOiAiSFMy...
2025-07-11 12:33:56 [http-nio-8082-exec-1] ERROR c.m.u.core.logging.LoggingService - InternalJwtFilter: Validación JWT interna fallida: JWT expired at 2025-07-11T17:32:52Z. Current time: 2025-07-11T17:33:56Z, a difference of 64602 milliseconds.  Allowed clock skew: 0 milliseconds.
2025-07-11 12:33:56 [http-nio-8082-exec-1] DEBUG o.s.web.servlet.DispatcherServlet - "ERROR" dispatch for POST "/error", parameters={}
2025-07-11 12:33:56 [http-nio-8082-exec-1] DEBUG o.s.w.s.m.m.a.RequestMappingHandlerMapping - Mapped to org.springframework.boot.autoconfigure.web.servlet.error.BasicErrorController#error(HttpServletRequest)
2025-07-11 12:33:56 [http-nio-8082-exec-1] DEBUG o.s.w.s.m.m.a.HttpEntityMethodProcessor - Using 'application/json', given [*/*] and supported [application/json, application/*+json]
2025-07-11 12:33:56 [http-nio-8082-exec-1] DEBUG o.s.w.s.m.m.a.HttpEntityMethodProcessor - Writing [{timestamp=Fri Jul 11 12:33:56 COT 2025, status=401, error=Unauthorized, message={"error": "Token in (truncated)...]
2025-07-11 12:33:56 [http-nio-8082-exec-1] DEBUG o.s.web.servlet.DispatcherServlet - Exiting from "ERROR" dispatch, status 401
2025-07-11 12:33:57 [AsyncReporter{org.springframework.boot.actuate.autoconfigure.tracing.zipkin.ZipkinWebClientSender@5dabb08c}] DEBUG o.s.w.r.f.client.ExchangeFunctions - [2c853346] HTTP POST http://localhost:9411/api/v2/spans%20
2025-07-11 12:33:57 [AsyncReporter{org.springframework.boot.actuate.autoconfigure.tracing.zipkin.ZipkinWebClientSender@5dabb08c}] WARN  z.r.AsyncReporter$BoundedAsyncReporter - Spans were dropped due to exceptions. All subsequent errors will be logged at FINE level.
2025-07-11 12:33:57 [AsyncReporter{org.springframework.boot.actuate.autoconfigure.tracing.zipkin.ZipkinWebClientSender@5dabb08c}] WARN  z.r.AsyncReporter$BoundedAsyncReporter - Dropped 7 spans due to WebClientRequestException(finishConnect(..) failed: Conexión rehusada: localhost/127.0.0.1:9411)
org.springframework.web.reactive.function.client.WebClientRequestException: finishConnect(..) failed: Conexión rehusada: localhost/127.0.0.1:9411
	at org.springframework.web.reactive.function.client.ExchangeFunctions$DefaultExchangeFunction.lambda$wrapException$9(ExchangeFunctions.java:136)
	Suppressed: reactor.core.publisher.FluxOnAssembly$OnAssemblyException: 
Error has been observed at the following site(s):
	*__checkpoint ⇢ Request to POST http://localhost:9411/api/v2/spans%20 [DefaultWebClient]
Original Stack Trace:
		at org.springframework.web.reactive.function.client.ExchangeFunctions$DefaultExchangeFunction.lambda$wrapException$9(ExchangeFunctions.java:136)
		at reactor.core.publisher.MonoErrorSupplied.subscribe(MonoErrorSupplied.java:55)
		at reactor.core.publisher.Mono.subscribe(Mono.java:4563)
		at reactor.core.publisher.FluxOnErrorResume$ResumeSubscriber.onError(FluxOnErrorResume.java:103)
		at reactor.core.publisher.FluxPeek$PeekSubscriber.onError(FluxPeek.java:222)
		at reactor.core.publisher.FluxPeek$PeekSubscriber.onError(FluxPeek.java:222)
		at reactor.core.publisher.FluxPeek$PeekSubscriber.onError(FluxPeek.java:222)
		at reactor.core.publisher.MonoNext$NextSubscriber.onError(MonoNext.java:93)
		at reactor.core.publisher.MonoFlatMapMany$FlatMapManyMain.onError(MonoFlatMapMany.java:205)
		at reactor.core.publisher.SerializedSubscriber.onError(SerializedSubscriber.java:124)
		at reactor.core.publisher.FluxRetryWhen$RetryWhenMainSubscriber.whenError(FluxRetryWhen.java:229)
		at reactor.core.publisher.FluxRetryWhen$RetryWhenOtherSubscriber.onError(FluxRetryWhen.java:279)
		at reactor.core.publisher.FluxContextWrite$ContextWriteSubscriber.onError(FluxContextWrite.java:121)
		at reactor.core.publisher.FluxConcatMapNoPrefetch$FluxConcatMapNoPrefetchSubscriber.maybeOnError(FluxConcatMapNoPrefetch.java:327)
		at reactor.core.publisher.FluxConcatMapNoPrefetch$FluxConcatMapNoPrefetchSubscriber.onNext(FluxConcatMapNoPrefetch.java:212)
		at reactor.core.publisher.FluxContextWrite$ContextWriteSubscriber.onNext(FluxContextWrite.java:107)
		at reactor.core.publisher.SinkManyEmitterProcessor.drain(SinkManyEmitterProcessor.java:476)
		at reactor.core.publisher.SinkManyEmitterProcessor$EmitterInner.drainParent(SinkManyEmitterProcessor.java:620)
		at reactor.core.publisher.FluxPublish$PubSubInner.request(FluxPublish.java:874)
		at reactor.core.publisher.FluxContextWrite$ContextWriteSubscriber.request(FluxContextWrite.java:136)
		at reactor.core.publisher.FluxConcatMapNoPrefetch$FluxConcatMapNoPrefetchSubscriber.request(FluxConcatMapNoPrefetch.java:337)
		at reactor.core.publisher.FluxContextWrite$ContextWriteSubscriber.request(FluxContextWrite.java:136)
		at reactor.core.publisher.Operators$DeferredSubscription.request(Operators.java:1743)
		at reactor.core.publisher.FluxRetryWhen$RetryWhenMainSubscriber.onError(FluxRetryWhen.java:196)
		at reactor.core.publisher.MonoCreate$DefaultMonoSink.error(MonoCreate.java:205)
		at reactor.netty.http.client.HttpClientConnect$MonoHttpConnect$ClientTransportSubscriber.onError(HttpClientConnect.java:311)
		at reactor.core.publisher.MonoCreate$DefaultMonoSink.error(MonoCreate.java:205)
		at reactor.netty.resources.DefaultPooledConnectionProvider$DisposableAcquire.onError(DefaultPooledConnectionProvider.java:172)
		at reactor.netty.internal.shaded.reactor.pool.AbstractPool$Borrower.fail(AbstractPool.java:488)
		at reactor.netty.internal.shaded.reactor.pool.SimpleDequePool.lambda$drainLoop$9(SimpleDequePool.java:436)
		at reactor.core.publisher.FluxDoOnEach$DoOnEachSubscriber.onError(FluxDoOnEach.java:186)
		at reactor.core.publisher.MonoCreate$DefaultMonoSink.error(MonoCreate.java:205)
		at reactor.netty.resources.DefaultPooledConnectionProvider$PooledConnectionAllocator$PooledConnectionInitializer.onError(DefaultPooledConnectionProvider.java:583)
		at reactor.core.publisher.MonoFlatMap$FlatMapMain.secondError(MonoFlatMap.java:241)
		at reactor.core.publisher.MonoFlatMap$FlatMapInner.onError(MonoFlatMap.java:315)
		at reactor.core.publisher.FluxOnErrorResume$ResumeSubscriber.onError(FluxOnErrorResume.java:106)
		at reactor.core.publisher.Operators.error(Operators.java:198)
		at reactor.core.publisher.MonoError.subscribe(MonoError.java:53)
		at reactor.core.publisher.Mono.subscribe(Mono.java:4563)
		at reactor.core.publisher.FluxOnErrorResume$ResumeSubscriber.onError(FluxOnErrorResume.java:103)
		at reactor.netty.transport.TransportConnector$MonoChannelPromise.tryFailure(TransportConnector.java:576)
		at reactor.netty.transport.TransportConnector$MonoChannelPromise.setFailure(TransportConnector.java:522)
		at reactor.netty.transport.TransportConnector.lambda$doConnect$7(TransportConnector.java:261)
		at io.netty.util.concurrent.DefaultPromise.notifyListener0(DefaultPromise.java:590)
		at io.netty.util.concurrent.DefaultPromise.notifyListeners0(DefaultPromise.java:583)
		at io.netty.util.concurrent.DefaultPromise.notifyListenersNow(DefaultPromise.java:559)
		at io.netty.util.concurrent.DefaultPromise.notifyListeners(DefaultPromise.java:492)
		at io.netty.util.concurrent.DefaultPromise.setValue0(DefaultPromise.java:636)
		at io.netty.util.concurrent.DefaultPromise.setFailure0(DefaultPromise.java:629)
		at io.netty.util.concurrent.DefaultPromise.tryFailure(DefaultPromise.java:118)
		at io.netty.channel.epoll.AbstractEpollChannel$AbstractEpollUnsafe.fulfillConnectPromise(AbstractEpollChannel.java:675)
		at io.netty.channel.epoll.AbstractEpollChannel$AbstractEpollUnsafe.finishConnect(AbstractEpollChannel.java:694)
		at io.netty.channel.epoll.AbstractEpollChannel$AbstractEpollUnsafe.epollOutReady(AbstractEpollChannel.java:567)
		at io.netty.channel.epoll.EpollEventLoop.processReady(EpollEventLoop.java:499)
		at io.netty.channel.epoll.EpollEventLoop.run(EpollEventLoop.java:407)
		at io.netty.util.concurrent.SingleThreadEventExecutor$4.run(SingleThreadEventExecutor.java:997)
		at io.netty.util.internal.ThreadExecutorMap$2.run(ThreadExecutorMap.java:74)
		at io.netty.util.concurrent.FastThreadLocalRunnable.run(FastThreadLocalRunnable.java:30)
		at java.base/java.lang.Thread.run(Thread.java:840)
	Suppressed: java.lang.Exception: #block terminated with an error
		at reactor.core.publisher.BlockingSingleSubscriber.blockingGet(BlockingSingleSubscriber.java:103)
		at reactor.core.publisher.Mono.block(Mono.java:1779)
		at org.springframework.boot.actuate.autoconfigure.tracing.zipkin.ZipkinWebClientSender$WebClientHttpPostCall.doExecute(ZipkinWebClientSender.java:76)
		at org.springframework.boot.actuate.autoconfigure.tracing.zipkin.ZipkinWebClientSender$WebClientHttpPostCall.doExecute(ZipkinWebClientSender.java:54)
		at zipkin2.Call$Base.execute(Call.java:391)
		at zipkin2.reporter.AsyncReporter$BoundedAsyncReporter.flush(AsyncReporter.java:299)
		at zipkin2.reporter.AsyncReporter$Flusher.run(AsyncReporter.java:378)
		at java.base/java.lang.Thread.run(Thread.java:840)
Caused by: io.netty.channel.AbstractChannel$AnnotatedConnectException: finishConnect(..) failed: Conexión rehusada: localhost/127.0.0.1:9411
Caused by: java.net.ConnectException: finishConnect(..) failed: Conexión rehusada
	at io.netty.channel.unix.Errors.newConnectException0(Errors.java:166)
	at io.netty.channel.unix.Errors.handleConnectErrno(Errors.java:131)
	at io.netty.channel.unix.Socket.finishConnect(Socket.java:359)
	at io.netty.channel.epoll.AbstractEpollChannel$AbstractEpollUnsafe.doFinishConnect(AbstractEpollChannel.java:711)
	at io.netty.channel.epoll.AbstractEpollChannel$AbstractEpollUnsafe.finishConnect(AbstractEpollChannel.java:688)
	at io.netty.channel.epoll.AbstractEpollChannel$AbstractEpollUnsafe.epollOutReady(AbstractEpollChannel.java:567)
	at io.netty.channel.epoll.EpollEventLoop.processReady(EpollEventLoop.java:499)
	at io.netty.channel.epoll.EpollEventLoop.run(EpollEventLoop.java:407)
	at io.netty.util.concurrent.SingleThreadEventExecutor$4.run(SingleThreadEventExecutor.java:997)
	at io.netty.util.internal.ThreadExecutorMap$2.run(ThreadExecutorMap.java:74)
	at io.netty.util.concurrent.FastThreadLocalRunnable.run(FastThreadLocalRunnable.java:30)
	at java.base/java.lang.Thread.run(Thread.java:840)
2025-07-11 12:34:17 [DiscoveryClient-CacheRefreshExecutor-0] DEBUG o.s.web.client.RestTemplate - HTTP GET http://localhost:8081/eureka/apps/delta
2025-07-11 12:34:17 [DiscoveryClient-CacheRefreshExecutor-0] DEBUG o.s.web.client.RestTemplate - Accept=[application/json, application/*+json]
2025-07-11 12:34:17 [DiscoveryClient-HeartbeatExecutor-0] DEBUG o.s.web.client.RestTemplate - HTTP PUT http://localhost:8081/eureka/apps/USERS-SERVICE/192.168.41.141:users-service:8082?status=UP&lastDirtyTimestamp=1752255227131
2025-07-11 12:34:17 [DiscoveryClient-CacheRefreshExecutor-0] DEBUG o.s.web.client.RestTemplate - Response 200 OK
2025-07-11 12:34:17 [DiscoveryClient-CacheRefreshExecutor-0] DEBUG o.s.web.client.RestTemplate - Reading to [org.springframework.cloud.netflix.eureka.http.EurekaApplications]
2025-07-11 12:34:17 [DiscoveryClient-HeartbeatExecutor-0] DEBUG o.s.web.client.RestTemplate - Accept=[application/json, application/*+json]
2025-07-11 12:34:17 [DiscoveryClient-HeartbeatExecutor-0] DEBUG o.s.web.client.RestTemplate - Response 200 OK
2025-07-11 12:34:47 [DiscoveryClient-CacheRefreshExecutor-0] DEBUG o.s.web.client.RestTemplate - HTTP GET http://localhost:8081/eureka/apps/delta
2025-07-11 12:34:47 [DiscoveryClient-CacheRefreshExecutor-0] DEBUG o.s.web.client.RestTemplate - Accept=[application/json, application/*+json]
2025-07-11 12:34:47 [DiscoveryClient-CacheRefreshExecutor-0] DEBUG o.s.web.client.RestTemplate - Response 200 OK
2025-07-11 12:34:47 [DiscoveryClient-CacheRefreshExecutor-0] DEBUG o.s.web.client.RestTemplate - Reading to [org.springframework.cloud.netflix.eureka.http.EurekaApplications]
2025-07-11 12:34:47 [DiscoveryClient-HeartbeatExecutor-0] DEBUG o.s.web.client.RestTemplate - HTTP PUT http://localhost:8081/eureka/apps/USERS-SERVICE/192.168.41.141:users-service:8082?status=UP&lastDirtyTimestamp=1752255227131
2025-07-11 12:34:47 [DiscoveryClient-HeartbeatExecutor-0] DEBUG o.s.web.client.RestTemplate - Accept=[application/json, application/*+json]
2025-07-11 12:34:47 [DiscoveryClient-HeartbeatExecutor-0] DEBUG o.s.web.client.RestTemplate - Response 200 OK
2025-07-11 12:34:56 [http-nio-8082-exec-5] DEBUG c.m.u.core.logging.LoggingService - InternalJwtFilter: Procesando solicitud: /verification/status
2025-07-11 12:34:56 [http-nio-8082-exec-5] DEBUG c.m.u.core.logging.LoggingService - InternalJwtFilter: Path '/verification/status' requiere JWT: true
2025-07-11 12:34:56 [http-nio-8082-exec-5] DEBUG c.m.u.core.logging.LoggingService - InternalJwtFilter: Path protegido detectado, validando JWT interno
2025-07-11 12:34:56 [http-nio-8082-exec-5] DEBUG c.m.u.core.logging.LoggingService - InternalJwtFilter: Header Authorization: Presente
2025-07-11 12:34:56 [http-nio-8082-exec-5] DEBUG c.m.u.core.logging.LoggingService - InternalJwtFilter: Token recibido: ewogICJhbGciOiAiSFMy...
2025-07-11 12:34:56 [http-nio-8082-exec-5] ERROR c.m.u.core.logging.LoggingService - InternalJwtFilter: Validación JWT interna fallida: JWT expired at 2025-07-11T17:32:52Z. Current time: 2025-07-11T17:34:56Z, a difference of 124790 milliseconds.  Allowed clock skew: 0 milliseconds.
2025-07-11 12:34:56 [http-nio-8082-exec-5] DEBUG o.s.web.servlet.DispatcherServlet - "ERROR" dispatch for POST "/error", parameters={}
2025-07-11 12:34:56 [http-nio-8082-exec-5] DEBUG o.s.w.s.m.m.a.RequestMappingHandlerMapping - Mapped to org.springframework.boot.autoconfigure.web.servlet.error.BasicErrorController#error(HttpServletRequest)
2025-07-11 12:34:56 [http-nio-8082-exec-5] DEBUG o.s.w.s.m.m.a.HttpEntityMethodProcessor - Using 'application/json', given [*/*] and supported [application/json, application/*+json]
2025-07-11 12:34:56 [http-nio-8082-exec-5] DEBUG o.s.w.s.m.m.a.HttpEntityMethodProcessor - Writing [{timestamp=Fri Jul 11 12:34:56 COT 2025, status=401, error=Unauthorized, message={"error": "Token in (truncated)...]
2025-07-11 12:34:56 [http-nio-8082-exec-5] DEBUG o.s.web.servlet.DispatcherServlet - Exiting from "ERROR" dispatch, status 401
2025-07-11 12:34:56 [AsyncReporter{org.springframework.boot.actuate.autoconfigure.tracing.zipkin.ZipkinWebClientSender@5dabb08c}] DEBUG o.s.w.r.f.client.ExchangeFunctions - [47e2634f] HTTP POST http://localhost:9411/api/v2/spans%20
2025-07-11 12:35:17 [DiscoveryClient-CacheRefreshExecutor-0] DEBUG o.s.web.client.RestTemplate - HTTP GET http://localhost:8081/eureka/apps/delta
2025-07-11 12:35:17 [DiscoveryClient-CacheRefreshExecutor-0] DEBUG o.s.web.client.RestTemplate - Accept=[application/json, application/*+json]
2025-07-11 12:35:17 [DiscoveryClient-CacheRefreshExecutor-0] DEBUG o.s.web.client.RestTemplate - Response 200 OK
2025-07-11 12:35:17 [DiscoveryClient-CacheRefreshExecutor-0] DEBUG o.s.web.client.RestTemplate - Reading to [org.springframework.cloud.netflix.eureka.http.EurekaApplications]
2025-07-11 12:35:17 [DiscoveryClient-HeartbeatExecutor-0] DEBUG o.s.web.client.RestTemplate - HTTP PUT http://localhost:8081/eureka/apps/USERS-SERVICE/192.168.41.141:users-service:8082?status=UP&lastDirtyTimestamp=1752255227131
2025-07-11 12:35:17 [DiscoveryClient-HeartbeatExecutor-0] DEBUG o.s.web.client.RestTemplate - Accept=[application/json, application/*+json]
2025-07-11 12:35:17 [DiscoveryClient-HeartbeatExecutor-0] DEBUG o.s.web.client.RestTemplate - Response 200 OK
2025-07-11 12:35:47 [DiscoveryClient-CacheRefreshExecutor-0] DEBUG o.s.web.client.RestTemplate - HTTP GET http://localhost:8081/eureka/apps/delta
2025-07-11 12:35:47 [DiscoveryClient-CacheRefreshExecutor-0] DEBUG o.s.web.client.RestTemplate - Accept=[application/json, application/*+json]
2025-07-11 12:35:47 [DiscoveryClient-CacheRefreshExecutor-0] DEBUG o.s.web.client.RestTemplate - Response 200 OK
2025-07-11 12:35:47 [DiscoveryClient-CacheRefreshExecutor-0] DEBUG o.s.web.client.RestTemplate - Reading to [org.springframework.cloud.netflix.eureka.http.EurekaApplications]
2025-07-11 12:35:47 [DiscoveryClient-HeartbeatExecutor-0] DEBUG o.s.web.client.RestTemplate - HTTP PUT http://localhost:8081/eureka/apps/USERS-SERVICE/192.168.41.141:users-service:8082?status=UP&lastDirtyTimestamp=1752255227131
2025-07-11 12:35:47 [DiscoveryClient-HeartbeatExecutor-0] DEBUG o.s.web.client.RestTemplate - Accept=[application/json, application/*+json]
2025-07-11 12:35:47 [DiscoveryClient-HeartbeatExecutor-0] DEBUG o.s.web.client.RestTemplate - Response 200 OK
2025-07-11 12:35:47 [Thread-1] INFO  c.netflix.discovery.DiscoveryClient - Saw local status change event StatusChangeEvent [timestamp=1752255347528, current=DOWN, previous=UP]
2025-07-11 12:35:47 [DiscoveryClient-InstanceInfoReplicator-0] INFO  c.netflix.discovery.DiscoveryClient - DiscoveryClient_USERS-SERVICE/192.168.41.141:users-service:8082: registering service...
2025-07-11 12:35:47 [DiscoveryClient-InstanceInfoReplicator-0] DEBUG o.s.web.client.RestTemplate - HTTP POST http://localhost:8081/eureka/apps/USERS-SERVICE
2025-07-11 12:35:47 [DiscoveryClient-InstanceInfoReplicator-0] DEBUG o.s.web.client.RestTemplate - Accept=[application/json, application/*+json]
2025-07-11 12:35:47 [DiscoveryClient-InstanceInfoReplicator-0] DEBUG o.s.web.client.RestTemplate - Writing [InstanceInfo [instanceId = 192.168.41.141:users-service:8082, appName = USERS-SERVICE, hostName = 192.168.41.141, status = DOWN, ipAddr = 192.168.41.141, port = 8082, securePort = 443, dataCenterInfo = com.netflix.appinfo.MyDataCenterInfo@7bfbbedf] as "application/json"
2025-07-11 12:35:47 [DiscoveryClient-InstanceInfoReplicator-0] DEBUG o.s.web.client.RestTemplate - Response 204 NO_CONTENT
2025-07-11 12:35:47 [DiscoveryClient-InstanceInfoReplicator-0] INFO  c.netflix.discovery.DiscoveryClient - DiscoveryClient_USERS-SERVICE/192.168.41.141:users-service:8082 - registration status: 204
2025-07-11 12:35:47 [AsyncReporter{org.springframework.boot.actuate.autoconfigure.tracing.zipkin.ZipkinWebClientSender@5dabb08c}] DEBUG o.s.w.r.f.client.ExchangeFunctions - [788ace51] HTTP POST http://localhost:9411/api/v2/spans%20
2025-07-11 12:35:47 [Thread-1] INFO  c.netflix.discovery.DiscoveryClient - Shutting down DiscoveryClient ...
2025-07-11 12:35:50 [Thread-1] INFO  c.netflix.discovery.DiscoveryClient - Unregistering ...
2025-07-11 12:35:50 [Thread-1] DEBUG o.s.web.client.RestTemplate - HTTP DELETE http://localhost:8081/eureka/apps/USERS-SERVICE/192.168.41.141:users-service:8082
2025-07-11 12:35:50 [Thread-1] DEBUG o.s.web.client.RestTemplate - Accept=[application/json, application/*+json]
2025-07-11 12:35:50 [Thread-1] DEBUG o.s.web.client.RestTemplate - Response 200 OK
2025-07-11 12:35:50 [Thread-1] INFO  c.netflix.discovery.DiscoveryClient - DiscoveryClient_USERS-SERVICE/192.168.41.141:users-service:8082 - deregister  status: 200
2025-07-11 12:35:50 [Thread-1] INFO  c.netflix.discovery.DiscoveryClient - Completed shut down of DiscoveryClient
2025-07-11 12:35:51 [restartedMain] INFO  c.m.users.UsersApplication - Starting UsersApplication using Java 17.0.15 with PID 49326 (/home/sebastian/Documentos/stranger-drug/users/target/classes started by sebastian in /home/sebastian/Documentos/stranger-drug/users)
2025-07-11 12:35:51 [restartedMain] DEBUG c.m.users.UsersApplication - Running with Spring Boot v3.2.3, Spring v6.1.4
2025-07-11 12:35:51 [restartedMain] INFO  c.m.users.UsersApplication - The following 6 profiles are active: "common", "database", "email", "logging", "security", "local"
2025-07-11 12:35:51 [restartedMain] WARN  o.s.c.s.PostProcessorRegistrationDelegate$BeanPostProcessorChecker - Bean 'org.springframework.cloud.client.loadbalancer.LoadBalancerAutoConfiguration$LoadBalancerInterceptorConfig' of type [org.springframework.cloud.client.loadbalancer.LoadBalancerAutoConfiguration$LoadBalancerInterceptorConfig] is not eligible for getting processed by all BeanPostProcessors (for example: not eligible for auto-proxying). The currently created BeanPostProcessor [lbRestClientPostProcessor] is declared through a non-static factory method on that class; consider declaring it as static instead.
2025-07-11 12:35:51 [restartedMain] WARN  o.s.c.s.PostProcessorRegistrationDelegate$BeanPostProcessorChecker - Bean 'org.springframework.cloud.loadbalancer.config.BlockingLoadBalancerClientAutoConfiguration' of type [org.springframework.cloud.loadbalancer.config.BlockingLoadBalancerClientAutoConfiguration] is not eligible for getting processed by all BeanPostProcessors (for example: not eligible for auto-proxying). Is this bean getting eagerly injected into a currently created BeanPostProcessor [lbRestClientPostProcessor]? Check the corresponding BeanPostProcessor declaration and its dependencies.
2025-07-11 12:35:51 [restartedMain] WARN  o.s.c.s.PostProcessorRegistrationDelegate$BeanPostProcessorChecker - Bean 'org.springframework.cloud.loadbalancer.config.LoadBalancerAutoConfiguration' of type [org.springframework.cloud.loadbalancer.config.LoadBalancerAutoConfiguration] is not eligible for getting processed by all BeanPostProcessors (for example: not eligible for auto-proxying). Is this bean getting eagerly injected into a currently created BeanPostProcessor [lbRestClientPostProcessor]? Check the corresponding BeanPostProcessor declaration and its dependencies.
2025-07-11 12:35:51 [restartedMain] WARN  o.s.c.s.PostProcessorRegistrationDelegate$BeanPostProcessorChecker - Bean 'org.springframework.cloud.commons.config.CommonsConfigAutoConfiguration' of type [org.springframework.cloud.commons.config.CommonsConfigAutoConfiguration] is not eligible for getting processed by all BeanPostProcessors (for example: not eligible for auto-proxying). Is this bean getting eagerly injected into a currently created BeanPostProcessor [lbRestClientPostProcessor]? Check the corresponding BeanPostProcessor declaration and its dependencies.
2025-07-11 12:35:51 [restartedMain] WARN  o.s.c.s.PostProcessorRegistrationDelegate$BeanPostProcessorChecker - Bean 'org.springframework.cloud.client.loadbalancer.LoadBalancerDefaultMappingsProviderAutoConfiguration' of type [org.springframework.cloud.client.loadbalancer.LoadBalancerDefaultMappingsProviderAutoConfiguration] is not eligible for getting processed by all BeanPostProcessors (for example: not eligible for auto-proxying). Is this bean getting eagerly injected into a currently created BeanPostProcessor [lbRestClientPostProcessor]? Check the corresponding BeanPostProcessor declaration and its dependencies.
2025-07-11 12:35:51 [restartedMain] WARN  o.s.c.s.PostProcessorRegistrationDelegate$BeanPostProcessorChecker - Bean 'loadBalancerClientsDefaultsMappingsProvider' of type [org.springframework.cloud.client.loadbalancer.LoadBalancerDefaultMappingsProviderAutoConfiguration$$Lambda$762/0x00007f2660561808] is not eligible for getting processed by all BeanPostProcessors (for example: not eligible for auto-proxying). Is this bean getting eagerly injected into a currently created BeanPostProcessor [lbRestClientPostProcessor]? Check the corresponding BeanPostProcessor declaration and its dependencies.
2025-07-11 12:35:51 [restartedMain] WARN  o.s.c.s.PostProcessorRegistrationDelegate$BeanPostProcessorChecker - Bean 'defaultsBindHandlerAdvisor' of type [org.springframework.cloud.commons.config.DefaultsBindHandlerAdvisor] is not eligible for getting processed by all BeanPostProcessors (for example: not eligible for auto-proxying). Is this bean getting eagerly injected into a currently created BeanPostProcessor [lbRestClientPostProcessor]? Check the corresponding BeanPostProcessor declaration and its dependencies.
2025-07-11 12:35:51 [restartedMain] WARN  o.s.c.s.PostProcessorRegistrationDelegate$BeanPostProcessorChecker - Bean 'spring.cloud.loadbalancer-org.springframework.cloud.client.loadbalancer.LoadBalancerClientsProperties' of type [org.springframework.cloud.client.loadbalancer.LoadBalancerClientsProperties] is not eligible for getting processed by all BeanPostProcessors (for example: not eligible for auto-proxying). Is this bean getting eagerly injected into a currently created BeanPostProcessor [lbRestClientPostProcessor]? Check the corresponding BeanPostProcessor declaration and its dependencies.
2025-07-11 12:35:51 [restartedMain] WARN  o.s.c.s.PostProcessorRegistrationDelegate$BeanPostProcessorChecker - Bean 'default.org.springframework.cloud.loadbalancer.config.LoadBalancerAutoConfiguration.LoadBalancerClientSpecification' of type [org.springframework.cloud.loadbalancer.annotation.LoadBalancerClientSpecification] is not eligible for getting processed by all BeanPostProcessors (for example: not eligible for auto-proxying). Is this bean getting eagerly injected into a currently created BeanPostProcessor [lbRestClientPostProcessor]? Check the corresponding BeanPostProcessor declaration and its dependencies.
2025-07-11 12:35:51 [restartedMain] WARN  o.s.c.s.PostProcessorRegistrationDelegate$BeanPostProcessorChecker - Bean 'default.org.springframework.cloud.loadbalancer.config.BlockingLoadBalancerClientAutoConfiguration.LoadBalancerClientSpecification' of type [org.springframework.cloud.loadbalancer.annotation.LoadBalancerClientSpecification] is not eligible for getting processed by all BeanPostProcessors (for example: not eligible for auto-proxying). Is this bean getting eagerly injected into a currently created BeanPostProcessor [lbRestClientPostProcessor]? Check the corresponding BeanPostProcessor declaration and its dependencies.
2025-07-11 12:35:51 [restartedMain] WARN  o.s.c.s.PostProcessorRegistrationDelegate$BeanPostProcessorChecker - Bean 'default.org.springframework.cloud.netflix.eureka.loadbalancer.LoadBalancerEurekaAutoConfiguration.LoadBalancerClientSpecification' of type [org.springframework.cloud.loadbalancer.annotation.LoadBalancerClientSpecification] is not eligible for getting processed by all BeanPostProcessors (for example: not eligible for auto-proxying). Is this bean getting eagerly injected into a currently created BeanPostProcessor [lbRestClientPostProcessor]? Check the corresponding BeanPostProcessor declaration and its dependencies.
2025-07-11 12:35:51 [restartedMain] WARN  o.s.c.s.PostProcessorRegistrationDelegate$BeanPostProcessorChecker - Bean 'loadBalancerClientFactory' of type [org.springframework.cloud.loadbalancer.support.LoadBalancerClientFactory] is not eligible for getting processed by all BeanPostProcessors (for example: not eligible for auto-proxying). Is this bean getting eagerly injected into a currently created BeanPostProcessor [lbRestClientPostProcessor]? Check the corresponding BeanPostProcessor declaration and its dependencies.
2025-07-11 12:35:51 [restartedMain] WARN  o.s.c.s.PostProcessorRegistrationDelegate$BeanPostProcessorChecker - Bean 'blockingLoadBalancerClient' of type [org.springframework.cloud.loadbalancer.blocking.client.BlockingLoadBalancerClient] is not eligible for getting processed by all BeanPostProcessors (for example: not eligible for auto-proxying). Is this bean getting eagerly injected into a currently created BeanPostProcessor [lbRestClientPostProcessor]? Check the corresponding BeanPostProcessor declaration and its dependencies.
2025-07-11 12:35:51 [restartedMain] WARN  o.s.c.s.PostProcessorRegistrationDelegate$BeanPostProcessorChecker - Bean 'loadBalancerServiceInstanceCookieTransformer' of type [org.springframework.cloud.loadbalancer.core.LoadBalancerServiceInstanceCookieTransformer] is not eligible for getting processed by all BeanPostProcessors (for example: not eligible for auto-proxying). Is this bean getting eagerly injected into a currently created BeanPostProcessor [lbRestClientPostProcessor]? Check the corresponding BeanPostProcessor declaration and its dependencies.
2025-07-11 12:35:51 [restartedMain] WARN  o.s.c.s.PostProcessorRegistrationDelegate$BeanPostProcessorChecker - Bean 'xForwarderHeadersTransformer' of type [org.springframework.cloud.loadbalancer.blocking.XForwardedHeadersTransformer] is not eligible for getting processed by all BeanPostProcessors (for example: not eligible for auto-proxying). Is this bean getting eagerly injected into a currently created BeanPostProcessor [lbRestClientPostProcessor]? Check the corresponding BeanPostProcessor declaration and its dependencies.
2025-07-11 12:35:51 [restartedMain] WARN  o.s.c.s.PostProcessorRegistrationDelegate$BeanPostProcessorChecker - Bean 'org.springframework.cloud.client.loadbalancer.LoadBalancerAutoConfiguration' of type [org.springframework.cloud.client.loadbalancer.LoadBalancerAutoConfiguration] is not eligible for getting processed by all BeanPostProcessors (for example: not eligible for auto-proxying). Is this bean getting eagerly injected into a currently created BeanPostProcessor [lbRestClientPostProcessor]? Check the corresponding BeanPostProcessor declaration and its dependencies.
2025-07-11 12:35:51 [restartedMain] WARN  o.s.c.s.PostProcessorRegistrationDelegate$BeanPostProcessorChecker - Bean 'loadBalancerRequestFactory' of type [org.springframework.cloud.client.loadbalancer.LoadBalancerRequestFactory] is not eligible for getting processed by all BeanPostProcessors (for example: not eligible for auto-proxying). Is this bean getting eagerly injected into a currently created BeanPostProcessor [lbRestClientPostProcessor]? Check the corresponding BeanPostProcessor declaration and its dependencies.
2025-07-11 12:35:51 [restartedMain] WARN  o.s.c.s.PostProcessorRegistrationDelegate$BeanPostProcessorChecker - Bean 'loadBalancerInterceptor' of type [org.springframework.cloud.client.loadbalancer.LoadBalancerInterceptor] is not eligible for getting processed by all BeanPostProcessors (for example: not eligible for auto-proxying). Is this bean getting eagerly injected into a currently created BeanPostProcessor [lbRestClientPostProcessor]? Check the corresponding BeanPostProcessor declaration and its dependencies.
2025-07-11 12:35:51 [restartedMain] WARN  o.s.c.s.PostProcessorRegistrationDelegate$BeanPostProcessorChecker - Bean 'org.springframework.cloud.client.loadbalancer.reactive.LoadBalancerBeanPostProcessorAutoConfiguration' of type [org.springframework.cloud.client.loadbalancer.reactive.LoadBalancerBeanPostProcessorAutoConfiguration] is not eligible for getting processed by all BeanPostProcessors (for example: not eligible for auto-proxying). The currently created BeanPostProcessor [loadBalancerWebClientBuilderBeanPostProcessor] is declared through a non-static factory method on that class; consider declaring it as static instead.
2025-07-11 12:35:51 [restartedMain] WARN  o.s.c.s.PostProcessorRegistrationDelegate$BeanPostProcessorChecker - Bean 'org.springframework.cloud.client.loadbalancer.reactive.LoadBalancerBeanPostProcessorAutoConfiguration$ReactorDeferringLoadBalancerFilterConfig' of type [org.springframework.cloud.client.loadbalancer.reactive.LoadBalancerBeanPostProcessorAutoConfiguration$ReactorDeferringLoadBalancerFilterConfig] is not eligible for getting processed by all BeanPostProcessors (for example: not eligible for auto-proxying). Is this bean getting eagerly injected into a currently created BeanPostProcessor [loadBalancerWebClientBuilderBeanPostProcessor]? Check the corresponding BeanPostProcessor declaration and its dependencies.
2025-07-11 12:35:51 [restartedMain] WARN  o.s.c.s.PostProcessorRegistrationDelegate$BeanPostProcessorChecker - Bean 'reactorDeferringLoadBalancerExchangeFilterFunction' of type [org.springframework.cloud.client.loadbalancer.reactive.DeferringLoadBalancerExchangeFilterFunction] is not eligible for getting processed by all BeanPostProcessors (for example: not eligible for auto-proxying). Is this bean getting eagerly injected into a currently created BeanPostProcessor [loadBalancerWebClientBuilderBeanPostProcessor]? Check the corresponding BeanPostProcessor declaration and its dependencies.
2025-07-11 12:35:51 [restartedMain] DEBUG o.s.w.f.ServerHttpObservationFilter - Filter 'webMvcObservationFilter' configured for use
2025-07-11 12:35:51 [restartedMain] DEBUG c.m.u.c.c.i.InternalJwtFilter - Filter 'internalJwtFilter' configured for use
2025-07-11 12:35:51 [restartedMain] WARN  org.hibernate.orm.deprecation - HHH90000025: MariaDBDialect does not need to be specified explicitly using 'hibernate.dialect' (remove the property setting and it will be selected by default)
2025-07-11 12:35:52 [restartedMain] INFO  c.m.u.core.logging.LoggingService - CacheConfiguration: Cache manager configurado con 8 caches
2025-07-11 12:35:52 [restartedMain] WARN  o.s.b.a.o.j.JpaBaseConfiguration$JpaWebConfiguration - spring.jpa.open-in-view is enabled by default. Therefore, database queries may be performed during view rendering. Explicitly configure spring.jpa.open-in-view to disable this warning
2025-07-11 12:35:52 [restartedMain] WARN  o.s.b.a.s.s.UserDetailsServiceAutoConfiguration - 

Using generated security password: 74e84872-4c60-47bf-997e-852179e52b3b

This generated password is for development use only. Your security configuration must be updated before running your application in production.

2025-07-11 12:35:52 [restartedMain] INFO  c.m.u.core.logging.LoggingService - SecurityConfig: Iniciando configuración de seguridad del microservicio users
2025-07-11 12:35:53 [restartedMain] DEBUG o.s.w.s.m.m.a.RequestMappingHandlerMapping - 26 mappings in 'requestMappingHandlerMapping'
2025-07-11 12:35:53 [restartedMain] DEBUG o.s.w.s.h.SimpleUrlHandlerMapping - Patterns [/webjars/**, /**, /swagger-ui*/*swagger-initializer.js, /swagger-ui*/**] in 'resourceHandlerMapping'
2025-07-11 12:35:53 [restartedMain] INFO  c.m.u.core.logging.LoggingService - SecurityConfig: Configuración de seguridad completada - Todos los endpoints permitidos, filtro JWT interno configurado
2025-07-11 12:35:53 [restartedMain] DEBUG o.s.w.s.m.m.a.RequestMappingHandlerAdapter - ControllerAdvice beans: 0 @ModelAttribute, 0 @InitBinder, 1 RequestBodyAdvice, 1 ResponseBodyAdvice
2025-07-11 12:35:53 [restartedMain] DEBUG o.s.w.s.m.m.a.ExceptionHandlerExceptionResolver - ControllerAdvice beans: 2 @ExceptionHandler, 1 ResponseBodyAdvice
2025-07-11 12:35:53 [restartedMain] WARN  o.s.b.d.a.OptionalLiveReloadServer - Unable to start LiveReload server
2025-07-11 12:35:53 [restartedMain] INFO  c.netflix.discovery.DiscoveryClient - Initializing Eureka in region us-east-1
2025-07-11 12:35:53 [restartedMain] INFO  c.n.d.s.r.aws.ConfigClusterResolver - Resolving eureka endpoints via configuration
2025-07-11 12:35:53 [restartedMain] INFO  c.netflix.discovery.DiscoveryClient - Disable delta property : false
2025-07-11 12:35:53 [restartedMain] INFO  c.netflix.discovery.DiscoveryClient - Single vip registry refresh property : null
2025-07-11 12:35:53 [restartedMain] INFO  c.netflix.discovery.DiscoveryClient - Force full registry fetch : false
2025-07-11 12:35:53 [restartedMain] INFO  c.netflix.discovery.DiscoveryClient - Application is null : false
2025-07-11 12:35:53 [restartedMain] INFO  c.netflix.discovery.DiscoveryClient - Registered Applications size is zero : true
2025-07-11 12:35:53 [restartedMain] INFO  c.netflix.discovery.DiscoveryClient - Application version is -1: true
2025-07-11 12:35:53 [restartedMain] INFO  c.netflix.discovery.DiscoveryClient - Getting all instance registry info from the eureka server
2025-07-11 12:35:53 [restartedMain] DEBUG o.s.web.client.RestTemplate - HTTP GET http://localhost:8081/eureka/apps/
2025-07-11 12:35:53 [restartedMain] DEBUG o.s.web.client.RestTemplate - Accept=[application/json, application/*+json]
2025-07-11 12:35:53 [restartedMain] DEBUG o.s.web.client.RestTemplate - Response 200 OK
2025-07-11 12:35:53 [restartedMain] DEBUG o.s.web.client.RestTemplate - Reading to [org.springframework.cloud.netflix.eureka.http.EurekaApplications]
2025-07-11 12:35:53 [restartedMain] INFO  c.netflix.discovery.DiscoveryClient - The response status is 200
2025-07-11 12:35:53 [restartedMain] INFO  c.netflix.discovery.DiscoveryClient - Starting heartbeat executor: renew interval is: 30
2025-07-11 12:35:53 [restartedMain] INFO  c.n.discovery.InstanceInfoReplicator - InstanceInfoReplicator onDemand update allowed rate per min is 4
2025-07-11 12:35:53 [restartedMain] INFO  c.netflix.discovery.DiscoveryClient - Discovery Client initialized at timestamp 1752255353686 with initial instances count: 2
2025-07-11 12:35:53 [restartedMain] INFO  c.netflix.discovery.DiscoveryClient - Saw local status change event StatusChangeEvent [timestamp=1752255353693, current=UP, previous=STARTING]
2025-07-11 12:35:53 [DiscoveryClient-InstanceInfoReplicator-0] INFO  c.netflix.discovery.DiscoveryClient - DiscoveryClient_USERS-SERVICE/192.168.41.141:users-service:8082: registering service...
2025-07-11 12:35:53 [DiscoveryClient-InstanceInfoReplicator-0] DEBUG o.s.web.client.RestTemplate - HTTP POST http://localhost:8081/eureka/apps/USERS-SERVICE
2025-07-11 12:35:53 [DiscoveryClient-InstanceInfoReplicator-0] DEBUG o.s.web.client.RestTemplate - Accept=[application/json, application/*+json]
2025-07-11 12:35:53 [DiscoveryClient-InstanceInfoReplicator-0] DEBUG o.s.web.client.RestTemplate - Writing [InstanceInfo [instanceId = 192.168.41.141:users-service:8082, appName = USERS-SERVICE, hostName = 192.168.41.141, status = UP, ipAddr = 192.168.41.141, port = 8082, securePort = 443, dataCenterInfo = com.netflix.appinfo.MyDataCenterInfo@22b09d2] as "application/json"
2025-07-11 12:35:53 [DiscoveryClient-InstanceInfoReplicator-0] DEBUG o.s.web.client.RestTemplate - Response 204 NO_CONTENT
2025-07-11 12:35:53 [DiscoveryClient-InstanceInfoReplicator-0] INFO  c.netflix.discovery.DiscoveryClient - DiscoveryClient_USERS-SERVICE/192.168.41.141:users-service:8082 - registration status: 204
2025-07-11 12:35:53 [restartedMain] INFO  c.m.users.UsersApplication - Started UsersApplication in 2.707 seconds (process running for 135.05)
2025-07-11 12:36:02 [http-nio-8082-exec-2] INFO  o.s.web.servlet.DispatcherServlet - Initializing Servlet 'dispatcherServlet'
2025-07-11 12:36:02 [http-nio-8082-exec-2] DEBUG o.s.web.servlet.DispatcherServlet - Detected StandardServletMultipartResolver
2025-07-11 12:36:02 [http-nio-8082-exec-2] DEBUG o.s.web.servlet.DispatcherServlet - Detected AcceptHeaderLocaleResolver
2025-07-11 12:36:02 [http-nio-8082-exec-2] DEBUG o.s.web.servlet.DispatcherServlet - Detected FixedThemeResolver
2025-07-11 12:36:02 [http-nio-8082-exec-2] DEBUG o.s.web.servlet.DispatcherServlet - Detected org.springframework.web.servlet.view.DefaultRequestToViewNameTranslator@18cab6a9
2025-07-11 12:36:02 [http-nio-8082-exec-2] DEBUG o.s.web.servlet.DispatcherServlet - Detected org.springframework.web.servlet.support.SessionFlashMapManager@9d805f
2025-07-11 12:36:02 [http-nio-8082-exec-2] DEBUG o.s.web.servlet.DispatcherServlet - enableLoggingRequestDetails='false': request parameters and headers will be masked to prevent unsafe logging of potentially sensitive data
2025-07-11 12:36:02 [http-nio-8082-exec-2] INFO  o.s.web.servlet.DispatcherServlet - Completed initialization in 3 ms
2025-07-11 12:36:02 [http-nio-8082-exec-2] DEBUG c.m.u.core.logging.LoggingService - InternalJwtFilter: Procesando solicitud: /verification/status
2025-07-11 12:36:02 [http-nio-8082-exec-2] DEBUG c.m.u.core.logging.LoggingService - InternalJwtFilter: Path '/verification/status' requiere JWT: true
2025-07-11 12:36:02 [http-nio-8082-exec-2] DEBUG c.m.u.core.logging.LoggingService - InternalJwtFilter: Path protegido detectado, validando JWT interno
2025-07-11 12:36:02 [http-nio-8082-exec-2] DEBUG c.m.u.core.logging.LoggingService - InternalJwtFilter: Header Authorization: Presente
2025-07-11 12:36:02 [http-nio-8082-exec-2] DEBUG c.m.u.core.logging.LoggingService - InternalJwtFilter: Token recibido: ewogICJhbGciOiAiSFMy...
2025-07-11 12:36:02 [http-nio-8082-exec-2] ERROR c.m.u.core.logging.LoggingService - InternalJwtFilter: Validación JWT interna fallida: JWT expired at 2025-07-11T17:32:52Z. Current time: 2025-07-11T17:36:02Z, a difference of 190386 milliseconds.  Allowed clock skew: 0 milliseconds.
2025-07-11 12:36:02 [http-nio-8082-exec-2] DEBUG o.s.web.servlet.DispatcherServlet - "ERROR" dispatch for POST "/error", parameters={}
2025-07-11 12:36:02 [http-nio-8082-exec-2] DEBUG o.s.w.s.m.m.a.RequestMappingHandlerMapping - Mapped to org.springframework.boot.autoconfigure.web.servlet.error.BasicErrorController#error(HttpServletRequest)
2025-07-11 12:36:02 [http-nio-8082-exec-2] DEBUG o.s.w.s.m.m.a.HttpEntityMethodProcessor - Using 'application/json', given [*/*] and supported [application/json, application/*+json]
2025-07-11 12:36:02 [http-nio-8082-exec-2] DEBUG o.s.w.s.m.m.a.HttpEntityMethodProcessor - Writing [{timestamp=Fri Jul 11 12:36:02 COT 2025, status=401, error=Unauthorized, message={"error": "Token in (truncated)...]
2025-07-11 12:36:02 [http-nio-8082-exec-2] DEBUG o.s.web.servlet.DispatcherServlet - Exiting from "ERROR" dispatch, status 401
2025-07-11 12:36:03 [AsyncReporter{org.springframework.boot.actuate.autoconfigure.tracing.zipkin.ZipkinWebClientSender@5c91401f}] DEBUG o.s.w.r.f.client.ExchangeFunctions - [52b7fd13] HTTP POST http://localhost:9411/api/v2/spans%20
2025-07-11 12:36:03 [AsyncReporter{org.springframework.boot.actuate.autoconfigure.tracing.zipkin.ZipkinWebClientSender@5c91401f}] WARN  z.r.AsyncReporter$BoundedAsyncReporter - Spans were dropped due to exceptions. All subsequent errors will be logged at FINE level.
2025-07-11 12:36:03 [AsyncReporter{org.springframework.boot.actuate.autoconfigure.tracing.zipkin.ZipkinWebClientSender@5c91401f}] WARN  z.r.AsyncReporter$BoundedAsyncReporter - Dropped 7 spans due to WebClientRequestException(finishConnect(..) failed: Conexión rehusada: localhost/127.0.0.1:9411)
org.springframework.web.reactive.function.client.WebClientRequestException: finishConnect(..) failed: Conexión rehusada: localhost/127.0.0.1:9411
	at org.springframework.web.reactive.function.client.ExchangeFunctions$DefaultExchangeFunction.lambda$wrapException$9(ExchangeFunctions.java:136)
	Suppressed: reactor.core.publisher.FluxOnAssembly$OnAssemblyException: 
Error has been observed at the following site(s):
	*__checkpoint ⇢ Request to POST http://localhost:9411/api/v2/spans%20 [DefaultWebClient]
Original Stack Trace:
		at org.springframework.web.reactive.function.client.ExchangeFunctions$DefaultExchangeFunction.lambda$wrapException$9(ExchangeFunctions.java:136)
		at reactor.core.publisher.MonoErrorSupplied.subscribe(MonoErrorSupplied.java:55)
		at reactor.core.publisher.Mono.subscribe(Mono.java:4563)
		at reactor.core.publisher.FluxOnErrorResume$ResumeSubscriber.onError(FluxOnErrorResume.java:103)
		at reactor.core.publisher.FluxPeek$PeekSubscriber.onError(FluxPeek.java:222)
		at reactor.core.publisher.FluxPeek$PeekSubscriber.onError(FluxPeek.java:222)
		at reactor.core.publisher.FluxPeek$PeekSubscriber.onError(FluxPeek.java:222)
		at reactor.core.publisher.MonoNext$NextSubscriber.onError(MonoNext.java:93)
		at reactor.core.publisher.MonoFlatMapMany$FlatMapManyMain.onError(MonoFlatMapMany.java:205)
		at reactor.core.publisher.SerializedSubscriber.onError(SerializedSubscriber.java:124)
		at reactor.core.publisher.FluxRetryWhen$RetryWhenMainSubscriber.whenError(FluxRetryWhen.java:229)
		at reactor.core.publisher.FluxRetryWhen$RetryWhenOtherSubscriber.onError(FluxRetryWhen.java:279)
		at reactor.core.publisher.FluxContextWrite$ContextWriteSubscriber.onError(FluxContextWrite.java:121)
		at reactor.core.publisher.FluxConcatMapNoPrefetch$FluxConcatMapNoPrefetchSubscriber.maybeOnError(FluxConcatMapNoPrefetch.java:327)
		at reactor.core.publisher.FluxConcatMapNoPrefetch$FluxConcatMapNoPrefetchSubscriber.onNext(FluxConcatMapNoPrefetch.java:212)
		at reactor.core.publisher.FluxContextWrite$ContextWriteSubscriber.onNext(FluxContextWrite.java:107)
		at reactor.core.publisher.SinkManyEmitterProcessor.drain(SinkManyEmitterProcessor.java:476)
		at reactor.core.publisher.SinkManyEmitterProcessor$EmitterInner.drainParent(SinkManyEmitterProcessor.java:620)
		at reactor.core.publisher.FluxPublish$PubSubInner.request(FluxPublish.java:874)
		at reactor.core.publisher.FluxContextWrite$ContextWriteSubscriber.request(FluxContextWrite.java:136)
		at reactor.core.publisher.FluxConcatMapNoPrefetch$FluxConcatMapNoPrefetchSubscriber.request(FluxConcatMapNoPrefetch.java:337)
		at reactor.core.publisher.FluxContextWrite$ContextWriteSubscriber.request(FluxContextWrite.java:136)
		at reactor.core.publisher.Operators$DeferredSubscription.request(Operators.java:1743)
		at reactor.core.publisher.FluxRetryWhen$RetryWhenMainSubscriber.onError(FluxRetryWhen.java:196)
		at reactor.core.publisher.MonoCreate$DefaultMonoSink.error(MonoCreate.java:205)
		at reactor.netty.http.client.HttpClientConnect$MonoHttpConnect$ClientTransportSubscriber.onError(HttpClientConnect.java:311)
		at reactor.core.publisher.MonoCreate$DefaultMonoSink.error(MonoCreate.java:205)
		at reactor.netty.resources.DefaultPooledConnectionProvider$DisposableAcquire.onError(DefaultPooledConnectionProvider.java:172)
		at reactor.netty.internal.shaded.reactor.pool.AbstractPool$Borrower.fail(AbstractPool.java:488)
		at reactor.netty.internal.shaded.reactor.pool.SimpleDequePool.lambda$drainLoop$9(SimpleDequePool.java:436)
		at reactor.core.publisher.FluxDoOnEach$DoOnEachSubscriber.onError(FluxDoOnEach.java:186)
		at reactor.core.publisher.MonoCreate$DefaultMonoSink.error(MonoCreate.java:205)
		at reactor.netty.resources.DefaultPooledConnectionProvider$PooledConnectionAllocator$PooledConnectionInitializer.onError(DefaultPooledConnectionProvider.java:583)
		at reactor.core.publisher.MonoFlatMap$FlatMapMain.secondError(MonoFlatMap.java:241)
		at reactor.core.publisher.MonoFlatMap$FlatMapInner.onError(MonoFlatMap.java:315)
		at reactor.core.publisher.FluxOnErrorResume$ResumeSubscriber.onError(FluxOnErrorResume.java:106)
		at reactor.core.publisher.Operators.error(Operators.java:198)
		at reactor.core.publisher.MonoError.subscribe(MonoError.java:53)
		at reactor.core.publisher.Mono.subscribe(Mono.java:4563)
		at reactor.core.publisher.FluxOnErrorResume$ResumeSubscriber.onError(FluxOnErrorResume.java:103)
		at reactor.netty.transport.TransportConnector$MonoChannelPromise.tryFailure(TransportConnector.java:576)
		at reactor.netty.transport.TransportConnector$MonoChannelPromise.setFailure(TransportConnector.java:522)
		at reactor.netty.transport.TransportConnector.lambda$doConnect$7(TransportConnector.java:261)
		at io.netty.util.concurrent.DefaultPromise.notifyListener0(DefaultPromise.java:590)
		at io.netty.util.concurrent.DefaultPromise.notifyListeners0(DefaultPromise.java:583)
		at io.netty.util.concurrent.DefaultPromise.notifyListenersNow(DefaultPromise.java:559)
		at io.netty.util.concurrent.DefaultPromise.notifyListeners(DefaultPromise.java:492)
		at io.netty.util.concurrent.DefaultPromise.setValue0(DefaultPromise.java:636)
		at io.netty.util.concurrent.DefaultPromise.setFailure0(DefaultPromise.java:629)
		at io.netty.util.concurrent.DefaultPromise.tryFailure(DefaultPromise.java:118)
		at io.netty.channel.epoll.AbstractEpollChannel$AbstractEpollUnsafe.fulfillConnectPromise(AbstractEpollChannel.java:675)
		at io.netty.channel.epoll.AbstractEpollChannel$AbstractEpollUnsafe.finishConnect(AbstractEpollChannel.java:694)
		at io.netty.channel.epoll.AbstractEpollChannel$AbstractEpollUnsafe.epollOutReady(AbstractEpollChannel.java:567)
		at io.netty.channel.epoll.EpollEventLoop.processReady(EpollEventLoop.java:499)
		at io.netty.channel.epoll.EpollEventLoop.run(EpollEventLoop.java:407)
		at io.netty.util.concurrent.SingleThreadEventExecutor$4.run(SingleThreadEventExecutor.java:997)
		at io.netty.util.internal.ThreadExecutorMap$2.run(ThreadExecutorMap.java:74)
		at io.netty.util.concurrent.FastThreadLocalRunnable.run(FastThreadLocalRunnable.java:30)
		at java.base/java.lang.Thread.run(Thread.java:840)
	Suppressed: java.lang.Exception: #block terminated with an error
		at reactor.core.publisher.BlockingSingleSubscriber.blockingGet(BlockingSingleSubscriber.java:103)
		at reactor.core.publisher.Mono.block(Mono.java:1779)
		at org.springframework.boot.actuate.autoconfigure.tracing.zipkin.ZipkinWebClientSender$WebClientHttpPostCall.doExecute(ZipkinWebClientSender.java:76)
		at org.springframework.boot.actuate.autoconfigure.tracing.zipkin.ZipkinWebClientSender$WebClientHttpPostCall.doExecute(ZipkinWebClientSender.java:54)
		at zipkin2.Call$Base.execute(Call.java:391)
		at zipkin2.reporter.AsyncReporter$BoundedAsyncReporter.flush(AsyncReporter.java:299)
		at zipkin2.reporter.AsyncReporter$Flusher.run(AsyncReporter.java:378)
		at java.base/java.lang.Thread.run(Thread.java:840)
Caused by: io.netty.channel.AbstractChannel$AnnotatedConnectException: finishConnect(..) failed: Conexión rehusada: localhost/127.0.0.1:9411
Caused by: java.net.ConnectException: finishConnect(..) failed: Conexión rehusada
	at io.netty.channel.unix.Errors.newConnectException0(Errors.java:166)
	at io.netty.channel.unix.Errors.handleConnectErrno(Errors.java:131)
	at io.netty.channel.unix.Socket.finishConnect(Socket.java:359)
	at io.netty.channel.epoll.AbstractEpollChannel$AbstractEpollUnsafe.doFinishConnect(AbstractEpollChannel.java:711)
	at io.netty.channel.epoll.AbstractEpollChannel$AbstractEpollUnsafe.finishConnect(AbstractEpollChannel.java:688)
	at io.netty.channel.epoll.AbstractEpollChannel$AbstractEpollUnsafe.epollOutReady(AbstractEpollChannel.java:567)
	at io.netty.channel.epoll.EpollEventLoop.processReady(EpollEventLoop.java:499)
	at io.netty.channel.epoll.EpollEventLoop.run(EpollEventLoop.java:407)
	at io.netty.util.concurrent.SingleThreadEventExecutor$4.run(SingleThreadEventExecutor.java:997)
	at io.netty.util.internal.ThreadExecutorMap$2.run(ThreadExecutorMap.java:74)
	at io.netty.util.concurrent.FastThreadLocalRunnable.run(FastThreadLocalRunnable.java:30)
	at java.base/java.lang.Thread.run(Thread.java:840)
2025-07-11 12:36:23 [DiscoveryClient-CacheRefreshExecutor-0] DEBUG o.s.web.client.RestTemplate - HTTP GET http://localhost:8081/eureka/apps/delta
2025-07-11 12:36:23 [DiscoveryClient-CacheRefreshExecutor-0] DEBUG o.s.web.client.RestTemplate - Accept=[application/json, application/*+json]
2025-07-11 12:36:23 [DiscoveryClient-HeartbeatExecutor-0] DEBUG o.s.web.client.RestTemplate - HTTP PUT http://localhost:8081/eureka/apps/USERS-SERVICE/192.168.41.141:users-service:8082?status=UP&lastDirtyTimestamp=1752255353693
2025-07-11 12:36:23 [DiscoveryClient-CacheRefreshExecutor-0] DEBUG o.s.web.client.RestTemplate - Response 200 OK
2025-07-11 12:36:23 [DiscoveryClient-CacheRefreshExecutor-0] DEBUG o.s.web.client.RestTemplate - Reading to [org.springframework.cloud.netflix.eureka.http.EurekaApplications]
2025-07-11 12:36:23 [DiscoveryClient-HeartbeatExecutor-0] DEBUG o.s.web.client.RestTemplate - Accept=[application/json, application/*+json]
2025-07-11 12:36:23 [DiscoveryClient-HeartbeatExecutor-0] DEBUG o.s.web.client.RestTemplate - Response 200 OK
2025-07-11 12:36:32 [http-nio-8082-exec-3] DEBUG c.m.u.core.logging.LoggingService - InternalJwtFilter: Procesando solicitud: /verification/status
2025-07-11 12:36:32 [http-nio-8082-exec-3] DEBUG c.m.u.core.logging.LoggingService - InternalJwtFilter: Path '/verification/status' requiere JWT: true
2025-07-11 12:36:32 [http-nio-8082-exec-3] DEBUG c.m.u.core.logging.LoggingService - InternalJwtFilter: Path protegido detectado, validando JWT interno
2025-07-11 12:36:32 [http-nio-8082-exec-3] DEBUG c.m.u.core.logging.LoggingService - InternalJwtFilter: Header Authorization: Presente
2025-07-11 12:36:32 [http-nio-8082-exec-3] DEBUG c.m.u.core.logging.LoggingService - InternalJwtFilter: Token recibido: ewogICJhbGciOiAiSFMy...
2025-07-11 12:36:32 [http-nio-8082-exec-3] ERROR c.m.u.core.logging.LoggingService - InternalJwtFilter: Validación JWT interna fallida: JWT expired at 2025-07-11T17:32:52Z. Current time: 2025-07-11T17:36:32Z, a difference of 220728 milliseconds.  Allowed clock skew: 0 milliseconds.
2025-07-11 12:36:32 [http-nio-8082-exec-3] DEBUG o.s.web.servlet.DispatcherServlet - "ERROR" dispatch for POST "/error", parameters={}
2025-07-11 12:36:32 [http-nio-8082-exec-3] DEBUG o.s.w.s.m.m.a.RequestMappingHandlerMapping - Mapped to org.springframework.boot.autoconfigure.web.servlet.error.BasicErrorController#error(HttpServletRequest)
2025-07-11 12:36:32 [http-nio-8082-exec-3] DEBUG o.s.w.s.m.m.a.HttpEntityMethodProcessor - Using 'application/json', given [*/*] and supported [application/json, application/*+json]
2025-07-11 12:36:32 [http-nio-8082-exec-3] DEBUG o.s.w.s.m.m.a.HttpEntityMethodProcessor - Writing [{timestamp=Fri Jul 11 12:36:32 COT 2025, status=401, error=Unauthorized, message={"error": "Token in (truncated)...]
2025-07-11 12:36:32 [http-nio-8082-exec-3] DEBUG o.s.web.servlet.DispatcherServlet - Exiting from "ERROR" dispatch, status 401
2025-07-11 12:36:33 [AsyncReporter{org.springframework.boot.actuate.autoconfigure.tracing.zipkin.ZipkinWebClientSender@5c91401f}] DEBUG o.s.w.r.f.client.ExchangeFunctions - [7d62ec41] HTTP POST http://localhost:9411/api/v2/spans%20
2025-07-11 12:36:53 [DiscoveryClient-CacheRefreshExecutor-0] DEBUG o.s.web.client.RestTemplate - HTTP GET http://localhost:8081/eureka/apps/delta
2025-07-11 12:36:53 [DiscoveryClient-CacheRefreshExecutor-0] DEBUG o.s.web.client.RestTemplate - Accept=[application/json, application/*+json]
2025-07-11 12:36:53 [DiscoveryClient-CacheRefreshExecutor-0] DEBUG o.s.web.client.RestTemplate - Response 200 OK
2025-07-11 12:36:53 [DiscoveryClient-CacheRefreshExecutor-0] DEBUG o.s.web.client.RestTemplate - Reading to [org.springframework.cloud.netflix.eureka.http.EurekaApplications]
2025-07-11 12:36:53 [DiscoveryClient-HeartbeatExecutor-0] DEBUG o.s.web.client.RestTemplate - HTTP PUT http://localhost:8081/eureka/apps/USERS-SERVICE/192.168.41.141:users-service:8082?status=UP&lastDirtyTimestamp=1752255353693
2025-07-11 12:36:53 [DiscoveryClient-HeartbeatExecutor-0] DEBUG o.s.web.client.RestTemplate - Accept=[application/json, application/*+json]
2025-07-11 12:36:53 [DiscoveryClient-HeartbeatExecutor-0] DEBUG o.s.web.client.RestTemplate - Response 200 OK
2025-07-11 12:36:54 [Thread-15] INFO  c.netflix.discovery.DiscoveryClient - Saw local status change event StatusChangeEvent [timestamp=1752255414238, current=DOWN, previous=UP]
2025-07-11 12:36:54 [DiscoveryClient-InstanceInfoReplicator-0] INFO  c.netflix.discovery.DiscoveryClient - DiscoveryClient_USERS-SERVICE/192.168.41.141:users-service:8082: registering service...
2025-07-11 12:36:54 [DiscoveryClient-InstanceInfoReplicator-0] DEBUG o.s.web.client.RestTemplate - HTTP POST http://localhost:8081/eureka/apps/USERS-SERVICE
2025-07-11 12:36:54 [DiscoveryClient-InstanceInfoReplicator-0] DEBUG o.s.web.client.RestTemplate - Accept=[application/json, application/*+json]
2025-07-11 12:36:54 [DiscoveryClient-InstanceInfoReplicator-0] DEBUG o.s.web.client.RestTemplate - Writing [InstanceInfo [instanceId = 192.168.41.141:users-service:8082, appName = USERS-SERVICE, hostName = 192.168.41.141, status = DOWN, ipAddr = 192.168.41.141, port = 8082, securePort = 443, dataCenterInfo = com.netflix.appinfo.MyDataCenterInfo@22b09d2] as "application/json"
2025-07-11 12:36:54 [DiscoveryClient-InstanceInfoReplicator-0] DEBUG o.s.web.client.RestTemplate - Response 204 NO_CONTENT
2025-07-11 12:36:54 [DiscoveryClient-InstanceInfoReplicator-0] INFO  c.netflix.discovery.DiscoveryClient - DiscoveryClient_USERS-SERVICE/192.168.41.141:users-service:8082 - registration status: 204
2025-07-11 12:36:55 [AsyncReporter{org.springframework.boot.actuate.autoconfigure.tracing.zipkin.ZipkinWebClientSender@5c91401f}] DEBUG o.s.w.r.f.client.ExchangeFunctions - [9c7f2a0] HTTP POST http://localhost:9411/api/v2/spans%20
2025-07-11 12:36:55 [Thread-15] INFO  c.netflix.discovery.DiscoveryClient - Shutting down DiscoveryClient ...
2025-07-11 12:36:58 [Thread-15] INFO  c.netflix.discovery.DiscoveryClient - Unregistering ...
2025-07-11 12:36:58 [Thread-15] DEBUG o.s.web.client.RestTemplate - HTTP DELETE http://localhost:8081/eureka/apps/USERS-SERVICE/192.168.41.141:users-service:8082
2025-07-11 12:36:58 [Thread-15] DEBUG o.s.web.client.RestTemplate - Accept=[application/json, application/*+json]
2025-07-11 12:36:58 [Thread-15] DEBUG o.s.web.client.RestTemplate - Response 200 OK
2025-07-11 12:36:58 [Thread-15] INFO  c.netflix.discovery.DiscoveryClient - DiscoveryClient_USERS-SERVICE/192.168.41.141:users-service:8082 - deregister  status: 200
2025-07-11 12:36:58 [Thread-15] INFO  c.netflix.discovery.DiscoveryClient - Completed shut down of DiscoveryClient
2025-07-11 12:36:58 [restartedMain] INFO  c.m.users.UsersApplication - Starting UsersApplication using Java 17.0.15 with PID 49326 (/home/sebastian/Documentos/stranger-drug/users/target/classes started by sebastian in /home/sebastian/Documentos/stranger-drug/users)
2025-07-11 12:36:58 [restartedMain] DEBUG c.m.users.UsersApplication - Running with Spring Boot v3.2.3, Spring v6.1.4
2025-07-11 12:36:58 [restartedMain] INFO  c.m.users.UsersApplication - The following 6 profiles are active: "common", "database", "email", "logging", "security", "local"
2025-07-11 12:36:59 [restartedMain] WARN  o.s.c.s.PostProcessorRegistrationDelegate$BeanPostProcessorChecker - Bean 'org.springframework.cloud.client.loadbalancer.LoadBalancerAutoConfiguration$LoadBalancerInterceptorConfig' of type [org.springframework.cloud.client.loadbalancer.LoadBalancerAutoConfiguration$LoadBalancerInterceptorConfig] is not eligible for getting processed by all BeanPostProcessors (for example: not eligible for auto-proxying). The currently created BeanPostProcessor [lbRestClientPostProcessor] is declared through a non-static factory method on that class; consider declaring it as static instead.
2025-07-11 12:36:59 [restartedMain] WARN  o.s.c.s.PostProcessorRegistrationDelegate$BeanPostProcessorChecker - Bean 'org.springframework.cloud.loadbalancer.config.BlockingLoadBalancerClientAutoConfiguration' of type [org.springframework.cloud.loadbalancer.config.BlockingLoadBalancerClientAutoConfiguration] is not eligible for getting processed by all BeanPostProcessors (for example: not eligible for auto-proxying). Is this bean getting eagerly injected into a currently created BeanPostProcessor [lbRestClientPostProcessor]? Check the corresponding BeanPostProcessor declaration and its dependencies.
2025-07-11 12:36:59 [restartedMain] WARN  o.s.c.s.PostProcessorRegistrationDelegate$BeanPostProcessorChecker - Bean 'org.springframework.cloud.loadbalancer.config.LoadBalancerAutoConfiguration' of type [org.springframework.cloud.loadbalancer.config.LoadBalancerAutoConfiguration] is not eligible for getting processed by all BeanPostProcessors (for example: not eligible for auto-proxying). Is this bean getting eagerly injected into a currently created BeanPostProcessor [lbRestClientPostProcessor]? Check the corresponding BeanPostProcessor declaration and its dependencies.
2025-07-11 12:36:59 [restartedMain] WARN  o.s.c.s.PostProcessorRegistrationDelegate$BeanPostProcessorChecker - Bean 'org.springframework.cloud.commons.config.CommonsConfigAutoConfiguration' of type [org.springframework.cloud.commons.config.CommonsConfigAutoConfiguration] is not eligible for getting processed by all BeanPostProcessors (for example: not eligible for auto-proxying). Is this bean getting eagerly injected into a currently created BeanPostProcessor [lbRestClientPostProcessor]? Check the corresponding BeanPostProcessor declaration and its dependencies.
2025-07-11 12:36:59 [restartedMain] WARN  o.s.c.s.PostProcessorRegistrationDelegate$BeanPostProcessorChecker - Bean 'org.springframework.cloud.client.loadbalancer.LoadBalancerDefaultMappingsProviderAutoConfiguration' of type [org.springframework.cloud.client.loadbalancer.LoadBalancerDefaultMappingsProviderAutoConfiguration] is not eligible for getting processed by all BeanPostProcessors (for example: not eligible for auto-proxying). Is this bean getting eagerly injected into a currently created BeanPostProcessor [lbRestClientPostProcessor]? Check the corresponding BeanPostProcessor declaration and its dependencies.
2025-07-11 12:36:59 [restartedMain] WARN  o.s.c.s.PostProcessorRegistrationDelegate$BeanPostProcessorChecker - Bean 'loadBalancerClientsDefaultsMappingsProvider' of type [org.springframework.cloud.client.loadbalancer.LoadBalancerDefaultMappingsProviderAutoConfiguration$$Lambda$762/0x00007f2660561808] is not eligible for getting processed by all BeanPostProcessors (for example: not eligible for auto-proxying). Is this bean getting eagerly injected into a currently created BeanPostProcessor [lbRestClientPostProcessor]? Check the corresponding BeanPostProcessor declaration and its dependencies.
2025-07-11 12:36:59 [restartedMain] WARN  o.s.c.s.PostProcessorRegistrationDelegate$BeanPostProcessorChecker - Bean 'defaultsBindHandlerAdvisor' of type [org.springframework.cloud.commons.config.DefaultsBindHandlerAdvisor] is not eligible for getting processed by all BeanPostProcessors (for example: not eligible for auto-proxying). Is this bean getting eagerly injected into a currently created BeanPostProcessor [lbRestClientPostProcessor]? Check the corresponding BeanPostProcessor declaration and its dependencies.
2025-07-11 12:36:59 [restartedMain] WARN  o.s.c.s.PostProcessorRegistrationDelegate$BeanPostProcessorChecker - Bean 'spring.cloud.loadbalancer-org.springframework.cloud.client.loadbalancer.LoadBalancerClientsProperties' of type [org.springframework.cloud.client.loadbalancer.LoadBalancerClientsProperties] is not eligible for getting processed by all BeanPostProcessors (for example: not eligible for auto-proxying). Is this bean getting eagerly injected into a currently created BeanPostProcessor [lbRestClientPostProcessor]? Check the corresponding BeanPostProcessor declaration and its dependencies.
2025-07-11 12:36:59 [restartedMain] WARN  o.s.c.s.PostProcessorRegistrationDelegate$BeanPostProcessorChecker - Bean 'default.org.springframework.cloud.loadbalancer.config.LoadBalancerAutoConfiguration.LoadBalancerClientSpecification' of type [org.springframework.cloud.loadbalancer.annotation.LoadBalancerClientSpecification] is not eligible for getting processed by all BeanPostProcessors (for example: not eligible for auto-proxying). Is this bean getting eagerly injected into a currently created BeanPostProcessor [lbRestClientPostProcessor]? Check the corresponding BeanPostProcessor declaration and its dependencies.
2025-07-11 12:36:59 [restartedMain] WARN  o.s.c.s.PostProcessorRegistrationDelegate$BeanPostProcessorChecker - Bean 'default.org.springframework.cloud.loadbalancer.config.BlockingLoadBalancerClientAutoConfiguration.LoadBalancerClientSpecification' of type [org.springframework.cloud.loadbalancer.annotation.LoadBalancerClientSpecification] is not eligible for getting processed by all BeanPostProcessors (for example: not eligible for auto-proxying). Is this bean getting eagerly injected into a currently created BeanPostProcessor [lbRestClientPostProcessor]? Check the corresponding BeanPostProcessor declaration and its dependencies.
2025-07-11 12:36:59 [restartedMain] WARN  o.s.c.s.PostProcessorRegistrationDelegate$BeanPostProcessorChecker - Bean 'default.org.springframework.cloud.netflix.eureka.loadbalancer.LoadBalancerEurekaAutoConfiguration.LoadBalancerClientSpecification' of type [org.springframework.cloud.loadbalancer.annotation.LoadBalancerClientSpecification] is not eligible for getting processed by all BeanPostProcessors (for example: not eligible for auto-proxying). Is this bean getting eagerly injected into a currently created BeanPostProcessor [lbRestClientPostProcessor]? Check the corresponding BeanPostProcessor declaration and its dependencies.
2025-07-11 12:36:59 [restartedMain] WARN  o.s.c.s.PostProcessorRegistrationDelegate$BeanPostProcessorChecker - Bean 'loadBalancerClientFactory' of type [org.springframework.cloud.loadbalancer.support.LoadBalancerClientFactory] is not eligible for getting processed by all BeanPostProcessors (for example: not eligible for auto-proxying). Is this bean getting eagerly injected into a currently created BeanPostProcessor [lbRestClientPostProcessor]? Check the corresponding BeanPostProcessor declaration and its dependencies.
2025-07-11 12:36:59 [restartedMain] WARN  o.s.c.s.PostProcessorRegistrationDelegate$BeanPostProcessorChecker - Bean 'blockingLoadBalancerClient' of type [org.springframework.cloud.loadbalancer.blocking.client.BlockingLoadBalancerClient] is not eligible for getting processed by all BeanPostProcessors (for example: not eligible for auto-proxying). Is this bean getting eagerly injected into a currently created BeanPostProcessor [lbRestClientPostProcessor]? Check the corresponding BeanPostProcessor declaration and its dependencies.
2025-07-11 12:36:59 [restartedMain] WARN  o.s.c.s.PostProcessorRegistrationDelegate$BeanPostProcessorChecker - Bean 'loadBalancerServiceInstanceCookieTransformer' of type [org.springframework.cloud.loadbalancer.core.LoadBalancerServiceInstanceCookieTransformer] is not eligible for getting processed by all BeanPostProcessors (for example: not eligible for auto-proxying). Is this bean getting eagerly injected into a currently created BeanPostProcessor [lbRestClientPostProcessor]? Check the corresponding BeanPostProcessor declaration and its dependencies.
2025-07-11 12:36:59 [restartedMain] WARN  o.s.c.s.PostProcessorRegistrationDelegate$BeanPostProcessorChecker - Bean 'xForwarderHeadersTransformer' of type [org.springframework.cloud.loadbalancer.blocking.XForwardedHeadersTransformer] is not eligible for getting processed by all BeanPostProcessors (for example: not eligible for auto-proxying). Is this bean getting eagerly injected into a currently created BeanPostProcessor [lbRestClientPostProcessor]? Check the corresponding BeanPostProcessor declaration and its dependencies.
2025-07-11 12:36:59 [restartedMain] WARN  o.s.c.s.PostProcessorRegistrationDelegate$BeanPostProcessorChecker - Bean 'org.springframework.cloud.client.loadbalancer.LoadBalancerAutoConfiguration' of type [org.springframework.cloud.client.loadbalancer.LoadBalancerAutoConfiguration] is not eligible for getting processed by all BeanPostProcessors (for example: not eligible for auto-proxying). Is this bean getting eagerly injected into a currently created BeanPostProcessor [lbRestClientPostProcessor]? Check the corresponding BeanPostProcessor declaration and its dependencies.
2025-07-11 12:36:59 [restartedMain] WARN  o.s.c.s.PostProcessorRegistrationDelegate$BeanPostProcessorChecker - Bean 'loadBalancerRequestFactory' of type [org.springframework.cloud.client.loadbalancer.LoadBalancerRequestFactory] is not eligible for getting processed by all BeanPostProcessors (for example: not eligible for auto-proxying). Is this bean getting eagerly injected into a currently created BeanPostProcessor [lbRestClientPostProcessor]? Check the corresponding BeanPostProcessor declaration and its dependencies.
2025-07-11 12:36:59 [restartedMain] WARN  o.s.c.s.PostProcessorRegistrationDelegate$BeanPostProcessorChecker - Bean 'loadBalancerInterceptor' of type [org.springframework.cloud.client.loadbalancer.LoadBalancerInterceptor] is not eligible for getting processed by all BeanPostProcessors (for example: not eligible for auto-proxying). Is this bean getting eagerly injected into a currently created BeanPostProcessor [lbRestClientPostProcessor]? Check the corresponding BeanPostProcessor declaration and its dependencies.
2025-07-11 12:36:59 [restartedMain] WARN  o.s.c.s.PostProcessorRegistrationDelegate$BeanPostProcessorChecker - Bean 'org.springframework.cloud.client.loadbalancer.reactive.LoadBalancerBeanPostProcessorAutoConfiguration' of type [org.springframework.cloud.client.loadbalancer.reactive.LoadBalancerBeanPostProcessorAutoConfiguration] is not eligible for getting processed by all BeanPostProcessors (for example: not eligible for auto-proxying). The currently created BeanPostProcessor [loadBalancerWebClientBuilderBeanPostProcessor] is declared through a non-static factory method on that class; consider declaring it as static instead.
2025-07-11 12:36:59 [restartedMain] WARN  o.s.c.s.PostProcessorRegistrationDelegate$BeanPostProcessorChecker - Bean 'org.springframework.cloud.client.loadbalancer.reactive.LoadBalancerBeanPostProcessorAutoConfiguration$ReactorDeferringLoadBalancerFilterConfig' of type [org.springframework.cloud.client.loadbalancer.reactive.LoadBalancerBeanPostProcessorAutoConfiguration$ReactorDeferringLoadBalancerFilterConfig] is not eligible for getting processed by all BeanPostProcessors (for example: not eligible for auto-proxying). Is this bean getting eagerly injected into a currently created BeanPostProcessor [loadBalancerWebClientBuilderBeanPostProcessor]? Check the corresponding BeanPostProcessor declaration and its dependencies.
2025-07-11 12:36:59 [restartedMain] WARN  o.s.c.s.PostProcessorRegistrationDelegate$BeanPostProcessorChecker - Bean 'reactorDeferringLoadBalancerExchangeFilterFunction' of type [org.springframework.cloud.client.loadbalancer.reactive.DeferringLoadBalancerExchangeFilterFunction] is not eligible for getting processed by all BeanPostProcessors (for example: not eligible for auto-proxying). Is this bean getting eagerly injected into a currently created BeanPostProcessor [loadBalancerWebClientBuilderBeanPostProcessor]? Check the corresponding BeanPostProcessor declaration and its dependencies.
2025-07-11 12:36:59 [restartedMain] DEBUG o.s.w.f.ServerHttpObservationFilter - Filter 'webMvcObservationFilter' configured for use
2025-07-11 12:36:59 [restartedMain] DEBUG c.m.u.c.c.i.InternalJwtFilter - Filter 'internalJwtFilter' configured for use
2025-07-11 12:36:59 [restartedMain] WARN  org.hibernate.orm.deprecation - HHH90000025: MariaDBDialect does not need to be specified explicitly using 'hibernate.dialect' (remove the property setting and it will be selected by default)
2025-07-11 12:36:59 [restartedMain] INFO  c.m.u.core.logging.LoggingService - CacheConfiguration: Cache manager configurado con 8 caches
2025-07-11 12:37:00 [restartedMain] WARN  o.s.b.a.o.j.JpaBaseConfiguration$JpaWebConfiguration - spring.jpa.open-in-view is enabled by default. Therefore, database queries may be performed during view rendering. Explicitly configure spring.jpa.open-in-view to disable this warning
2025-07-11 12:37:00 [restartedMain] WARN  o.s.b.a.s.s.UserDetailsServiceAutoConfiguration - 

Using generated security password: 57bedf26-c466-46b7-ab9b-4a8057d1d4c8

This generated password is for development use only. Your security configuration must be updated before running your application in production.

2025-07-11 12:37:00 [restartedMain] INFO  c.m.u.core.logging.LoggingService - SecurityConfig: Iniciando configuración de seguridad del microservicio users
2025-07-11 12:37:00 [restartedMain] DEBUG o.s.w.s.m.m.a.RequestMappingHandlerMapping - 26 mappings in 'requestMappingHandlerMapping'
2025-07-11 12:37:00 [restartedMain] DEBUG o.s.w.s.h.SimpleUrlHandlerMapping - Patterns [/webjars/**, /**, /swagger-ui*/*swagger-initializer.js, /swagger-ui*/**] in 'resourceHandlerMapping'
2025-07-11 12:37:00 [restartedMain] INFO  c.m.u.core.logging.LoggingService - SecurityConfig: Configuración de seguridad completada - Todos los endpoints permitidos, filtro JWT interno configurado
2025-07-11 12:37:00 [restartedMain] DEBUG o.s.w.s.m.m.a.RequestMappingHandlerAdapter - ControllerAdvice beans: 0 @ModelAttribute, 0 @InitBinder, 1 RequestBodyAdvice, 1 ResponseBodyAdvice
2025-07-11 12:37:00 [restartedMain] DEBUG o.s.w.s.m.m.a.ExceptionHandlerExceptionResolver - ControllerAdvice beans: 2 @ExceptionHandler, 1 ResponseBodyAdvice
2025-07-11 12:37:00 [restartedMain] WARN  o.s.b.d.a.OptionalLiveReloadServer - Unable to start LiveReload server
2025-07-11 12:37:01 [restartedMain] INFO  c.netflix.discovery.DiscoveryClient - Initializing Eureka in region us-east-1
2025-07-11 12:37:01 [restartedMain] INFO  c.n.d.s.r.aws.ConfigClusterResolver - Resolving eureka endpoints via configuration
2025-07-11 12:37:01 [restartedMain] INFO  c.netflix.discovery.DiscoveryClient - Disable delta property : false
2025-07-11 12:37:01 [restartedMain] INFO  c.netflix.discovery.DiscoveryClient - Single vip registry refresh property : null
2025-07-11 12:37:01 [restartedMain] INFO  c.netflix.discovery.DiscoveryClient - Force full registry fetch : false
2025-07-11 12:37:01 [restartedMain] INFO  c.netflix.discovery.DiscoveryClient - Application is null : false
2025-07-11 12:37:01 [restartedMain] INFO  c.netflix.discovery.DiscoveryClient - Registered Applications size is zero : true
2025-07-11 12:37:01 [restartedMain] INFO  c.netflix.discovery.DiscoveryClient - Application version is -1: true
2025-07-11 12:37:01 [restartedMain] INFO  c.netflix.discovery.DiscoveryClient - Getting all instance registry info from the eureka server
2025-07-11 12:37:01 [restartedMain] DEBUG o.s.web.client.RestTemplate - HTTP GET http://localhost:8081/eureka/apps/
2025-07-11 12:37:01 [restartedMain] DEBUG o.s.web.client.RestTemplate - Accept=[application/json, application/*+json]
2025-07-11 12:37:01 [restartedMain] DEBUG o.s.web.client.RestTemplate - Response 200 OK
2025-07-11 12:37:01 [restartedMain] DEBUG o.s.web.client.RestTemplate - Reading to [org.springframework.cloud.netflix.eureka.http.EurekaApplications]
2025-07-11 12:37:01 [restartedMain] INFO  c.netflix.discovery.DiscoveryClient - The response status is 200
2025-07-11 12:37:01 [restartedMain] INFO  c.netflix.discovery.DiscoveryClient - Starting heartbeat executor: renew interval is: 30
2025-07-11 12:37:01 [restartedMain] INFO  c.n.discovery.InstanceInfoReplicator - InstanceInfoReplicator onDemand update allowed rate per min is 4
2025-07-11 12:37:01 [restartedMain] INFO  c.netflix.discovery.DiscoveryClient - Discovery Client initialized at timestamp 1752255421089 with initial instances count: 1
2025-07-11 12:37:01 [restartedMain] INFO  c.netflix.discovery.DiscoveryClient - Saw local status change event StatusChangeEvent [timestamp=1752255421097, current=UP, previous=STARTING]
2025-07-11 12:37:01 [DiscoveryClient-InstanceInfoReplicator-0] INFO  c.netflix.discovery.DiscoveryClient - DiscoveryClient_USERS-SERVICE/192.168.41.141:users-service:8082: registering service...
2025-07-11 12:37:01 [DiscoveryClient-InstanceInfoReplicator-0] DEBUG o.s.web.client.RestTemplate - HTTP POST http://localhost:8081/eureka/apps/USERS-SERVICE
2025-07-11 12:37:01 [DiscoveryClient-InstanceInfoReplicator-0] DEBUG o.s.web.client.RestTemplate - Accept=[application/json, application/*+json]
2025-07-11 12:37:01 [DiscoveryClient-InstanceInfoReplicator-0] DEBUG o.s.web.client.RestTemplate - Writing [InstanceInfo [instanceId = 192.168.41.141:users-service:8082, appName = USERS-SERVICE, hostName = 192.168.41.141, status = UP, ipAddr = 192.168.41.141, port = 8082, securePort = 443, dataCenterInfo = com.netflix.appinfo.MyDataCenterInfo@2b9871e1] as "application/json"
2025-07-11 12:37:01 [DiscoveryClient-InstanceInfoReplicator-0] DEBUG o.s.web.client.RestTemplate - Response 204 NO_CONTENT
2025-07-11 12:37:01 [DiscoveryClient-InstanceInfoReplicator-0] INFO  c.netflix.discovery.DiscoveryClient - DiscoveryClient_USERS-SERVICE/192.168.41.141:users-service:8082 - registration status: 204
2025-07-11 12:37:01 [restartedMain] INFO  c.m.users.UsersApplication - Started UsersApplication in 2.613 seconds (process running for 202.462)
2025-07-11 12:37:31 [DiscoveryClient-CacheRefreshExecutor-0] DEBUG o.s.web.client.RestTemplate - HTTP GET http://localhost:8081/eureka/apps/delta
2025-07-11 12:37:31 [DiscoveryClient-CacheRefreshExecutor-0] DEBUG o.s.web.client.RestTemplate - Accept=[application/json, application/*+json]
2025-07-11 12:37:31 [DiscoveryClient-HeartbeatExecutor-0] DEBUG o.s.web.client.RestTemplate - HTTP PUT http://localhost:8081/eureka/apps/USERS-SERVICE/192.168.41.141:users-service:8082?status=UP&lastDirtyTimestamp=1752255421097
2025-07-11 12:37:31 [DiscoveryClient-CacheRefreshExecutor-0] DEBUG o.s.web.client.RestTemplate - Response 200 OK
2025-07-11 12:37:31 [DiscoveryClient-CacheRefreshExecutor-0] DEBUG o.s.web.client.RestTemplate - Reading to [org.springframework.cloud.netflix.eureka.http.EurekaApplications]
2025-07-11 12:37:31 [DiscoveryClient-HeartbeatExecutor-0] DEBUG o.s.web.client.RestTemplate - Accept=[application/json, application/*+json]
2025-07-11 12:37:31 [DiscoveryClient-HeartbeatExecutor-0] DEBUG o.s.web.client.RestTemplate - Response 200 OK
2025-07-11 12:37:35 [SpringApplicationShutdownHook] INFO  c.netflix.discovery.DiscoveryClient - Saw local status change event StatusChangeEvent [timestamp=1752255455524, current=DOWN, previous=UP]
2025-07-11 12:37:35 [DiscoveryClient-InstanceInfoReplicator-0] INFO  c.netflix.discovery.DiscoveryClient - DiscoveryClient_USERS-SERVICE/192.168.41.141:users-service:8082: registering service...
2025-07-11 12:37:35 [DiscoveryClient-InstanceInfoReplicator-0] DEBUG o.s.web.client.RestTemplate - HTTP POST http://localhost:8081/eureka/apps/USERS-SERVICE
2025-07-11 12:37:35 [DiscoveryClient-InstanceInfoReplicator-0] DEBUG o.s.web.client.RestTemplate - Accept=[application/json, application/*+json]
2025-07-11 12:37:35 [DiscoveryClient-InstanceInfoReplicator-0] DEBUG o.s.web.client.RestTemplate - Writing [InstanceInfo [instanceId = 192.168.41.141:users-service:8082, appName = USERS-SERVICE, hostName = 192.168.41.141, status = DOWN, ipAddr = 192.168.41.141, port = 8082, securePort = 443, dataCenterInfo = com.netflix.appinfo.MyDataCenterInfo@2b9871e1] as "application/json"
2025-07-11 12:37:35 [DiscoveryClient-InstanceInfoReplicator-0] DEBUG o.s.web.client.RestTemplate - Response 204 NO_CONTENT
2025-07-11 12:37:35 [DiscoveryClient-InstanceInfoReplicator-0] INFO  c.netflix.discovery.DiscoveryClient - DiscoveryClient_USERS-SERVICE/192.168.41.141:users-service:8082 - registration status: 204
2025-07-11 12:37:36 [SpringApplicationShutdownHook] INFO  c.netflix.discovery.DiscoveryClient - Shutting down DiscoveryClient ...
2025-07-11 12:37:39 [SpringApplicationShutdownHook] INFO  c.netflix.discovery.DiscoveryClient - Unregistering ...
2025-07-11 12:37:39 [SpringApplicationShutdownHook] DEBUG o.s.web.client.RestTemplate - HTTP DELETE http://localhost:8081/eureka/apps/USERS-SERVICE/192.168.41.141:users-service:8082
2025-07-11 12:37:39 [SpringApplicationShutdownHook] DEBUG o.s.web.client.RestTemplate - Accept=[application/json, application/*+json]
2025-07-11 12:37:39 [SpringApplicationShutdownHook] INFO  c.n.d.s.t.d.RedirectingEurekaHttpClient - Request execution error. endpoint=DefaultEndpoint{ serviceUrl='http://localhost:8081/eureka/} exception=I/O error on DELETE request for "http://localhost:8081/eureka/apps/USERS-SERVICE/192.168.41.141:users-service:8082": Connect to http://localhost:8081 [localhost/127.0.0.1, localhost/0:0:0:0:0:0:0:1] failed: Conexión rehusada stacktrace=org.springframework.web.client.ResourceAccessException: I/O error on DELETE request for "http://localhost:8081/eureka/apps/USERS-SERVICE/192.168.41.141:users-service:8082": Connect to http://localhost:8081 [localhost/127.0.0.1, localhost/0:0:0:0:0:0:0:1] failed: Conexión rehusada
	at org.springframework.web.client.RestTemplate.createResourceAccessException(RestTemplate.java:915)
	at org.springframework.web.client.RestTemplate.doExecute(RestTemplate.java:895)
	at org.springframework.web.client.RestTemplate.execute(RestTemplate.java:790)
	at org.springframework.web.client.RestTemplate.exchange(RestTemplate.java:672)
	at org.springframework.cloud.netflix.eureka.http.RestTemplateEurekaHttpClient.cancel(RestTemplateEurekaHttpClient.java:87)
	at com.netflix.discovery.shared.transport.decorator.EurekaHttpClientDecorator$2.execute(EurekaHttpClientDecorator.java:74)
	at com.netflix.discovery.shared.transport.decorator.RedirectingEurekaHttpClient.execute(RedirectingEurekaHttpClient.java:91)
	at com.netflix.discovery.shared.transport.decorator.EurekaHttpClientDecorator.cancel(EurekaHttpClientDecorator.java:71)
	at com.netflix.discovery.shared.transport.decorator.EurekaHttpClientDecorator$2.execute(EurekaHttpClientDecorator.java:74)
	at com.netflix.discovery.shared.transport.decorator.RetryableEurekaHttpClient.execute(RetryableEurekaHttpClient.java:120)
	at com.netflix.discovery.shared.transport.decorator.EurekaHttpClientDecorator.cancel(EurekaHttpClientDecorator.java:71)
	at com.netflix.discovery.shared.transport.decorator.EurekaHttpClientDecorator$2.execute(EurekaHttpClientDecorator.java:74)
	at com.netflix.discovery.shared.transport.decorator.SessionedEurekaHttpClient.execute(SessionedEurekaHttpClient.java:77)
	at com.netflix.discovery.shared.transport.decorator.EurekaHttpClientDecorator.cancel(EurekaHttpClientDecorator.java:71)
	at com.netflix.discovery.DiscoveryClient.unregister(DiscoveryClient.java:916)
	at com.netflix.discovery.DiscoveryClient.shutdown(DiscoveryClient.java:892)
	at java.base/jdk.internal.reflect.NativeMethodAccessorImpl.invoke0(Native Method)
	at java.base/jdk.internal.reflect.NativeMethodAccessorImpl.invoke(NativeMethodAccessorImpl.java:77)
	at java.base/jdk.internal.reflect.DelegatingMethodAccessorImpl.invoke(DelegatingMethodAccessorImpl.java:43)
	at java.base/java.lang.reflect.Method.invoke(Method.java:569)
	at org.springframework.beans.factory.annotation.InitDestroyAnnotationBeanPostProcessor$LifecycleMethod.invoke(InitDestroyAnnotationBeanPostProcessor.java:457)
	at org.springframework.beans.factory.annotation.InitDestroyAnnotationBeanPostProcessor$LifecycleMetadata.invokeDestroyMethods(InitDestroyAnnotationBeanPostProcessor.java:415)
	at org.springframework.beans.factory.annotation.InitDestroyAnnotationBeanPostProcessor.postProcessBeforeDestruction(InitDestroyAnnotationBeanPostProcessor.java:239)
	at org.springframework.beans.factory.support.DisposableBeanAdapter.destroy(DisposableBeanAdapter.java:202)
	at org.springframework.beans.factory.support.DisposableBeanAdapter.run(DisposableBeanAdapter.java:195)
	at org.springframework.cloud.context.scope.GenericScope$BeanLifecycleWrapper.destroy(GenericScope.java:389)
	at org.springframework.cloud.context.scope.GenericScope.destroy(GenericScope.java:136)
	at org.springframework.beans.factory.support.DisposableBeanAdapter.destroy(DisposableBeanAdapter.java:211)
	at org.springframework.beans.factory.support.DefaultSingletonBeanRegistry.destroyBean(DefaultSingletonBeanRegistry.java:587)
	at org.springframework.beans.factory.support.DefaultSingletonBeanRegistry.destroySingleton(DefaultSingletonBeanRegistry.java:559)
	at org.springframework.beans.factory.support.DefaultListableBeanFactory.destroySingleton(DefaultListableBeanFactory.java:1202)
	at org.springframework.beans.factory.support.DefaultSingletonBeanRegistry.destroySingletons(DefaultSingletonBeanRegistry.java:520)
	at org.springframework.beans.factory.support.DefaultListableBeanFactory.destroySingletons(DefaultListableBeanFactory.java:1195)
	at org.springframework.context.support.AbstractApplicationContext.destroyBeans(AbstractApplicationContext.java:1183)
	at org.springframework.context.support.AbstractApplicationContext.doClose(AbstractApplicationContext.java:1144)
	at org.springframework.boot.web.servlet.context.ServletWebServerApplicationContext.doClose(ServletWebServerApplicationContext.java:174)
	at org.springframework.context.support.AbstractApplicationContext.close(AbstractApplicationContext.java:1090)
	at org.springframework.boot.SpringApplicationShutdownHook.closeAndWait(SpringApplicationShutdownHook.java:145)
	at java.base/java.lang.Iterable.forEach(Iterable.java:75)
	at org.springframework.boot.SpringApplicationShutdownHook.run(SpringApplicationShutdownHook.java:114)
	at java.base/java.lang.Thread.run(Thread.java:840)
Caused by: org.apache.hc.client5.http.HttpHostConnectException: Connect to http://localhost:8081 [localhost/127.0.0.1, localhost/0:0:0:0:0:0:0:1] failed: Conexión rehusada
	at java.base/sun.nio.ch.Net.pollConnect(Native Method)
	at java.base/sun.nio.ch.Net.pollConnectNow(Net.java:672)
	at java.base/sun.nio.ch.NioSocketImpl.timedFinishConnect(NioSocketImpl.java:547)
	at java.base/sun.nio.ch.NioSocketImpl.connect(NioSocketImpl.java:602)
	at java.base/java.net.SocksSocketImpl.connect(SocksSocketImpl.java:327)
	at java.base/java.net.Socket.connect(Socket.java:633)
	at org.apache.hc.client5.http.socket.PlainConnectionSocketFactory.lambda$connectSocket$0(PlainConnectionSocketFactory.java:91)
	at java.base/java.security.AccessController.doPrivileged(AccessController.java:569)
	at org.apache.hc.client5.http.socket.PlainConnectionSocketFactory.connectSocket(PlainConnectionSocketFactory.java:90)
	at org.apache.hc.client5.http.socket.ConnectionSocketFactory.connectSocket(ConnectionSocketFactory.java:123)
	at org.apache.hc.client5.http.impl.io.DefaultHttpClientConnectionOperator.connect(DefaultHttpClientConnectionOperator.java:184)
	at org.apache.hc.client5.http.impl.io.PoolingHttpClientConnectionManager.connect(PoolingHttpClientConnectionManager.java:447)
	at org.apache.hc.client5.http.impl.classic.InternalExecRuntime.connectEndpoint(InternalExecRuntime.java:162)
	at org.apache.hc.client5.http.impl.classic.InternalExecRuntime.connectEndpoint(InternalExecRuntime.java:172)
	at org.apache.hc.client5.http.impl.classic.ConnectExec.execute(ConnectExec.java:142)
	at org.apache.hc.client5.http.impl.classic.ExecChainElement.execute(ExecChainElement.java:51)
	at org.apache.hc.client5.http.impl.classic.ProtocolExec.execute(ProtocolExec.java:192)
	at org.apache.hc.client5.http.impl.classic.ExecChainElement.execute(ExecChainElement.java:51)
	at org.apache.hc.client5.http.impl.classic.HttpRequestRetryExec.execute(HttpRequestRetryExec.java:96)
	at org.apache.hc.client5.http.impl.classic.ExecChainElement.execute(ExecChainElement.java:51)
	at org.apache.hc.client5.http.impl.classic.ContentCompressionExec.execute(ContentCompressionExec.java:152)
	at org.apache.hc.client5.http.impl.classic.ExecChainElement.execute(ExecChainElement.java:51)
	at org.apache.hc.client5.http.impl.classic.RedirectExec.execute(RedirectExec.java:115)
	at org.apache.hc.client5.http.impl.classic.ExecChainElement.execute(ExecChainElement.java:51)
	at org.apache.hc.client5.http.impl.classic.InternalHttpClient.doExecute(InternalHttpClient.java:170)
	at org.apache.hc.client5.http.impl.classic.CloseableHttpClient.execute(CloseableHttpClient.java:87)
	at org.apache.hc.client5.http.impl.classic.CloseableHttpClient.execute(CloseableHttpClient.java:55)
	at org.apache.hc.client5.http.classic.HttpClient.executeOpen(HttpClient.java:183)
	at org.springframework.http.client.HttpComponentsClientHttpRequest.executeInternal(HttpComponentsClientHttpRequest.java:95)
	at org.springframework.http.client.AbstractStreamingClientHttpRequest.executeInternal(AbstractStreamingClientHttpRequest.java:70)
	at org.springframework.http.client.AbstractClientHttpRequest.execute(AbstractClientHttpRequest.java:66)
	at org.springframework.http.client.InterceptingClientHttpRequest$InterceptingRequestExecution.execute(InterceptingClientHttpRequest.java:112)
	at org.springframework.cloud.netflix.eureka.http.RestTemplateTransportClientFactory.lambda$restTemplate$0(RestTemplateTransportClientFactory.java:143)
	at org.springframework.http.client.InterceptingClientHttpRequest$InterceptingRequestExecution.execute(InterceptingClientHttpRequest.java:88)
	at org.springframework.http.client.InterceptingClientHttpRequest.executeInternal(InterceptingClientHttpRequest.java:72)
	at org.springframework.http.client.AbstractBufferingClientHttpRequest.executeInternal(AbstractBufferingClientHttpRequest.java:48)
	at org.springframework.http.client.AbstractClientHttpRequest.execute(AbstractClientHttpRequest.java:66)
	at org.springframework.web.client.RestTemplate.doExecute(RestTemplate.java:889)
	... 39 more

2025-07-11 12:37:39 [SpringApplicationShutdownHook] WARN  c.n.d.s.t.d.RetryableEurekaHttpClient - Request execution failed with message: I/O error on DELETE request for "http://localhost:8081/eureka/apps/USERS-SERVICE/192.168.41.141:users-service:8082": Connect to http://localhost:8081 [localhost/127.0.0.1, localhost/0:0:0:0:0:0:0:1] failed: Conexión rehusada
2025-07-11 12:37:39 [SpringApplicationShutdownHook] DEBUG o.s.web.client.RestTemplate - HTTP DELETE http://localhost:8081/eureka/apps/USERS-SERVICE/192.168.41.141:users-service:8082
2025-07-11 12:37:39 [SpringApplicationShutdownHook] DEBUG o.s.web.client.RestTemplate - Accept=[application/json, application/*+json]
2025-07-11 12:37:39 [SpringApplicationShutdownHook] INFO  c.n.d.s.t.d.RedirectingEurekaHttpClient - Request execution error. endpoint=DefaultEndpoint{ serviceUrl='http://localhost:8081/eureka/}, exception=I/O error on DELETE request for "http://localhost:8081/eureka/apps/USERS-SERVICE/192.168.41.141:users-service:8082": Connect to http://localhost:8081 [localhost/127.0.0.1, localhost/0:0:0:0:0:0:0:1] failed: Conexión rehusada stacktrace=org.springframework.web.client.ResourceAccessException: I/O error on DELETE request for "http://localhost:8081/eureka/apps/USERS-SERVICE/192.168.41.141:users-service:8082": Connect to http://localhost:8081 [localhost/127.0.0.1, localhost/0:0:0:0:0:0:0:1] failed: Conexión rehusada
	at org.springframework.web.client.RestTemplate.createResourceAccessException(RestTemplate.java:915)
	at org.springframework.web.client.RestTemplate.doExecute(RestTemplate.java:895)
	at org.springframework.web.client.RestTemplate.execute(RestTemplate.java:790)
	at org.springframework.web.client.RestTemplate.exchange(RestTemplate.java:672)
	at org.springframework.cloud.netflix.eureka.http.RestTemplateEurekaHttpClient.cancel(RestTemplateEurekaHttpClient.java:87)
	at com.netflix.discovery.shared.transport.decorator.EurekaHttpClientDecorator$2.execute(EurekaHttpClientDecorator.java:74)
	at com.netflix.discovery.shared.transport.decorator.RedirectingEurekaHttpClient.executeOnNewServer(RedirectingEurekaHttpClient.java:121)
	at com.netflix.discovery.shared.transport.decorator.RedirectingEurekaHttpClient.execute(RedirectingEurekaHttpClient.java:80)
	at com.netflix.discovery.shared.transport.decorator.EurekaHttpClientDecorator.cancel(EurekaHttpClientDecorator.java:71)
	at com.netflix.discovery.shared.transport.decorator.EurekaHttpClientDecorator$2.execute(EurekaHttpClientDecorator.java:74)
	at com.netflix.discovery.shared.transport.decorator.RetryableEurekaHttpClient.execute(RetryableEurekaHttpClient.java:120)
	at com.netflix.discovery.shared.transport.decorator.EurekaHttpClientDecorator.cancel(EurekaHttpClientDecorator.java:71)
	at com.netflix.discovery.shared.transport.decorator.EurekaHttpClientDecorator$2.execute(EurekaHttpClientDecorator.java:74)
	at com.netflix.discovery.shared.transport.decorator.SessionedEurekaHttpClient.execute(SessionedEurekaHttpClient.java:77)
	at com.netflix.discovery.shared.transport.decorator.EurekaHttpClientDecorator.cancel(EurekaHttpClientDecorator.java:71)
	at com.netflix.discovery.DiscoveryClient.unregister(DiscoveryClient.java:916)
	at com.netflix.discovery.DiscoveryClient.shutdown(DiscoveryClient.java:892)
	at java.base/jdk.internal.reflect.NativeMethodAccessorImpl.invoke0(Native Method)
	at java.base/jdk.internal.reflect.NativeMethodAccessorImpl.invoke(NativeMethodAccessorImpl.java:77)
	at java.base/jdk.internal.reflect.DelegatingMethodAccessorImpl.invoke(DelegatingMethodAccessorImpl.java:43)
	at java.base/java.lang.reflect.Method.invoke(Method.java:569)
	at org.springframework.beans.factory.annotation.InitDestroyAnnotationBeanPostProcessor$LifecycleMethod.invoke(InitDestroyAnnotationBeanPostProcessor.java:457)
	at org.springframework.beans.factory.annotation.InitDestroyAnnotationBeanPostProcessor$LifecycleMetadata.invokeDestroyMethods(InitDestroyAnnotationBeanPostProcessor.java:415)
	at org.springframework.beans.factory.annotation.InitDestroyAnnotationBeanPostProcessor.postProcessBeforeDestruction(InitDestroyAnnotationBeanPostProcessor.java:239)
	at org.springframework.beans.factory.support.DisposableBeanAdapter.destroy(DisposableBeanAdapter.java:202)
	at org.springframework.beans.factory.support.DisposableBeanAdapter.run(DisposableBeanAdapter.java:195)
	at org.springframework.cloud.context.scope.GenericScope$BeanLifecycleWrapper.destroy(GenericScope.java:389)
	at org.springframework.cloud.context.scope.GenericScope.destroy(GenericScope.java:136)
	at org.springframework.beans.factory.support.DisposableBeanAdapter.destroy(DisposableBeanAdapter.java:211)
	at org.springframework.beans.factory.support.DefaultSingletonBeanRegistry.destroyBean(DefaultSingletonBeanRegistry.java:587)
	at org.springframework.beans.factory.support.DefaultSingletonBeanRegistry.destroySingleton(DefaultSingletonBeanRegistry.java:559)
	at org.springframework.beans.factory.support.DefaultListableBeanFactory.destroySingleton(DefaultListableBeanFactory.java:1202)
	at org.springframework.beans.factory.support.DefaultSingletonBeanRegistry.destroySingletons(DefaultSingletonBeanRegistry.java:520)
	at org.springframework.beans.factory.support.DefaultListableBeanFactory.destroySingletons(DefaultListableBeanFactory.java:1195)
	at org.springframework.context.support.AbstractApplicationContext.destroyBeans(AbstractApplicationContext.java:1183)
	at org.springframework.context.support.AbstractApplicationContext.doClose(AbstractApplicationContext.java:1144)
	at org.springframework.boot.web.servlet.context.ServletWebServerApplicationContext.doClose(ServletWebServerApplicationContext.java:174)
	at org.springframework.context.support.AbstractApplicationContext.close(AbstractApplicationContext.java:1090)
	at org.springframework.boot.SpringApplicationShutdownHook.closeAndWait(SpringApplicationShutdownHook.java:145)
	at java.base/java.lang.Iterable.forEach(Iterable.java:75)
	at org.springframework.boot.SpringApplicationShutdownHook.run(SpringApplicationShutdownHook.java:114)
	at java.base/java.lang.Thread.run(Thread.java:840)
Caused by: org.apache.hc.client5.http.HttpHostConnectException: Connect to http://localhost:8081 [localhost/127.0.0.1, localhost/0:0:0:0:0:0:0:1] failed: Conexión rehusada
	at java.base/sun.nio.ch.Net.pollConnect(Native Method)
	at java.base/sun.nio.ch.Net.pollConnectNow(Net.java:672)
	at java.base/sun.nio.ch.NioSocketImpl.timedFinishConnect(NioSocketImpl.java:547)
	at java.base/sun.nio.ch.NioSocketImpl.connect(NioSocketImpl.java:602)
	at java.base/java.net.SocksSocketImpl.connect(SocksSocketImpl.java:327)
	at java.base/java.net.Socket.connect(Socket.java:633)
	at org.apache.hc.client5.http.socket.PlainConnectionSocketFactory.lambda$connectSocket$0(PlainConnectionSocketFactory.java:91)
	at java.base/java.security.AccessController.doPrivileged(AccessController.java:569)
	at org.apache.hc.client5.http.socket.PlainConnectionSocketFactory.connectSocket(PlainConnectionSocketFactory.java:90)
	at org.apache.hc.client5.http.socket.ConnectionSocketFactory.connectSocket(ConnectionSocketFactory.java:123)
	at org.apache.hc.client5.http.impl.io.DefaultHttpClientConnectionOperator.connect(DefaultHttpClientConnectionOperator.java:184)
	at org.apache.hc.client5.http.impl.io.PoolingHttpClientConnectionManager.connect(PoolingHttpClientConnectionManager.java:447)
	at org.apache.hc.client5.http.impl.classic.InternalExecRuntime.connectEndpoint(InternalExecRuntime.java:162)
	at org.apache.hc.client5.http.impl.classic.InternalExecRuntime.connectEndpoint(InternalExecRuntime.java:172)
	at org.apache.hc.client5.http.impl.classic.ConnectExec.execute(ConnectExec.java:142)
	at org.apache.hc.client5.http.impl.classic.ExecChainElement.execute(ExecChainElement.java:51)
	at org.apache.hc.client5.http.impl.classic.ProtocolExec.execute(ProtocolExec.java:192)
	at org.apache.hc.client5.http.impl.classic.ExecChainElement.execute(ExecChainElement.java:51)
	at org.apache.hc.client5.http.impl.classic.HttpRequestRetryExec.execute(HttpRequestRetryExec.java:96)
	at org.apache.hc.client5.http.impl.classic.ExecChainElement.execute(ExecChainElement.java:51)
	at org.apache.hc.client5.http.impl.classic.ContentCompressionExec.execute(ContentCompressionExec.java:152)
	at org.apache.hc.client5.http.impl.classic.ExecChainElement.execute(ExecChainElement.java:51)
	at org.apache.hc.client5.http.impl.classic.RedirectExec.execute(RedirectExec.java:115)
	at org.apache.hc.client5.http.impl.classic.ExecChainElement.execute(ExecChainElement.java:51)
	at org.apache.hc.client5.http.impl.classic.InternalHttpClient.doExecute(InternalHttpClient.java:170)
	at org.apache.hc.client5.http.impl.classic.CloseableHttpClient.execute(CloseableHttpClient.java:87)
	at org.apache.hc.client5.http.impl.classic.CloseableHttpClient.execute(CloseableHttpClient.java:55)
	at org.apache.hc.client5.http.classic.HttpClient.executeOpen(HttpClient.java:183)
	at org.springframework.http.client.HttpComponentsClientHttpRequest.executeInternal(HttpComponentsClientHttpRequest.java:95)
	at org.springframework.http.client.AbstractStreamingClientHttpRequest.executeInternal(AbstractStreamingClientHttpRequest.java:70)
	at org.springframework.http.client.AbstractClientHttpRequest.execute(AbstractClientHttpRequest.java:66)
	at org.springframework.http.client.InterceptingClientHttpRequest$InterceptingRequestExecution.execute(InterceptingClientHttpRequest.java:112)
	at org.springframework.cloud.netflix.eureka.http.RestTemplateTransportClientFactory.lambda$restTemplate$0(RestTemplateTransportClientFactory.java:143)
	at org.springframework.http.client.InterceptingClientHttpRequest$InterceptingRequestExecution.execute(InterceptingClientHttpRequest.java:88)
	at org.springframework.http.client.InterceptingClientHttpRequest.executeInternal(InterceptingClientHttpRequest.java:72)
	at org.springframework.http.client.AbstractBufferingClientHttpRequest.executeInternal(AbstractBufferingClientHttpRequest.java:48)
	at org.springframework.http.client.AbstractClientHttpRequest.execute(AbstractClientHttpRequest.java:66)
	at org.springframework.web.client.RestTemplate.doExecute(RestTemplate.java:889)
	... 40 more

2025-07-11 12:37:39 [SpringApplicationShutdownHook] WARN  c.n.d.s.t.d.RetryableEurekaHttpClient - Request execution failed with message: I/O error on DELETE request for "http://localhost:8081/eureka/apps/USERS-SERVICE/192.168.41.141:users-service:8082": Connect to http://localhost:8081 [localhost/127.0.0.1, localhost/0:0:0:0:0:0:0:1] failed: Conexión rehusada
2025-07-11 12:37:39 [SpringApplicationShutdownHook] ERROR c.netflix.discovery.DiscoveryClient - DiscoveryClient_USERS-SERVICE/192.168.41.141:users-service:8082 - de-registration failedCannot execute request on any known server
com.netflix.discovery.shared.transport.TransportException: Cannot execute request on any known server
	at com.netflix.discovery.shared.transport.decorator.RetryableEurekaHttpClient.execute(RetryableEurekaHttpClient.java:112)
	at com.netflix.discovery.shared.transport.decorator.EurekaHttpClientDecorator.cancel(EurekaHttpClientDecorator.java:71)
	at com.netflix.discovery.shared.transport.decorator.EurekaHttpClientDecorator$2.execute(EurekaHttpClientDecorator.java:74)
	at com.netflix.discovery.shared.transport.decorator.SessionedEurekaHttpClient.execute(SessionedEurekaHttpClient.java:77)
	at com.netflix.discovery.shared.transport.decorator.EurekaHttpClientDecorator.cancel(EurekaHttpClientDecorator.java:71)
	at com.netflix.discovery.DiscoveryClient.unregister(DiscoveryClient.java:916)
	at com.netflix.discovery.DiscoveryClient.shutdown(DiscoveryClient.java:892)
	at java.base/jdk.internal.reflect.NativeMethodAccessorImpl.invoke0(Native Method)
	at java.base/jdk.internal.reflect.NativeMethodAccessorImpl.invoke(NativeMethodAccessorImpl.java:77)
	at java.base/jdk.internal.reflect.DelegatingMethodAccessorImpl.invoke(DelegatingMethodAccessorImpl.java:43)
	at java.base/java.lang.reflect.Method.invoke(Method.java:569)
	at org.springframework.beans.factory.annotation.InitDestroyAnnotationBeanPostProcessor$LifecycleMethod.invoke(InitDestroyAnnotationBeanPostProcessor.java:457)
	at org.springframework.beans.factory.annotation.InitDestroyAnnotationBeanPostProcessor$LifecycleMetadata.invokeDestroyMethods(InitDestroyAnnotationBeanPostProcessor.java:415)
	at org.springframework.beans.factory.annotation.InitDestroyAnnotationBeanPostProcessor.postProcessBeforeDestruction(InitDestroyAnnotationBeanPostProcessor.java:239)
	at org.springframework.beans.factory.support.DisposableBeanAdapter.destroy(DisposableBeanAdapter.java:202)
	at org.springframework.beans.factory.support.DisposableBeanAdapter.run(DisposableBeanAdapter.java:195)
	at org.springframework.cloud.context.scope.GenericScope$BeanLifecycleWrapper.destroy(GenericScope.java:389)
	at org.springframework.cloud.context.scope.GenericScope.destroy(GenericScope.java:136)
	at org.springframework.beans.factory.support.DisposableBeanAdapter.destroy(DisposableBeanAdapter.java:211)
	at org.springframework.beans.factory.support.DefaultSingletonBeanRegistry.destroyBean(DefaultSingletonBeanRegistry.java:587)
	at org.springframework.beans.factory.support.DefaultSingletonBeanRegistry.destroySingleton(DefaultSingletonBeanRegistry.java:559)
	at org.springframework.beans.factory.support.DefaultListableBeanFactory.destroySingleton(DefaultListableBeanFactory.java:1202)
	at org.springframework.beans.factory.support.DefaultSingletonBeanRegistry.destroySingletons(DefaultSingletonBeanRegistry.java:520)
	at org.springframework.beans.factory.support.DefaultListableBeanFactory.destroySingletons(DefaultListableBeanFactory.java:1195)
	at org.springframework.context.support.AbstractApplicationContext.destroyBeans(AbstractApplicationContext.java:1183)
	at org.springframework.context.support.AbstractApplicationContext.doClose(AbstractApplicationContext.java:1144)
	at org.springframework.boot.web.servlet.context.ServletWebServerApplicationContext.doClose(ServletWebServerApplicationContext.java:174)
	at org.springframework.context.support.AbstractApplicationContext.close(AbstractApplicationContext.java:1090)
	at org.springframework.boot.SpringApplicationShutdownHook.closeAndWait(SpringApplicationShutdownHook.java:145)
	at java.base/java.lang.Iterable.forEach(Iterable.java:75)
	at org.springframework.boot.SpringApplicationShutdownHook.run(SpringApplicationShutdownHook.java:114)
	at java.base/java.lang.Thread.run(Thread.java:840)
2025-07-11 12:37:39 [SpringApplicationShutdownHook] INFO  c.netflix.discovery.DiscoveryClient - Completed shut down of DiscoveryClient
2025-07-11 13:42:24 [restartedMain] INFO  c.m.users.UsersApplication - Starting UsersApplication using Java 17.0.15 with PID 57123 (/home/sebastian/Documentos/stranger-drug/users/target/classes started by sebastian in /home/sebastian/Documentos/stranger-drug/users)
2025-07-11 13:42:24 [restartedMain] DEBUG c.m.users.UsersApplication - Running with Spring Boot v3.2.3, Spring v6.1.4
2025-07-11 13:42:24 [restartedMain] INFO  c.m.users.UsersApplication - The following 6 profiles are active: "common", "database", "email", "logging", "security", "local"
2025-07-11 13:42:26 [restartedMain] WARN  o.s.c.s.PostProcessorRegistrationDelegate$BeanPostProcessorChecker - Bean 'org.springframework.cloud.client.loadbalancer.LoadBalancerAutoConfiguration$LoadBalancerInterceptorConfig' of type [org.springframework.cloud.client.loadbalancer.LoadBalancerAutoConfiguration$LoadBalancerInterceptorConfig] is not eligible for getting processed by all BeanPostProcessors (for example: not eligible for auto-proxying). The currently created BeanPostProcessor [lbRestClientPostProcessor] is declared through a non-static factory method on that class; consider declaring it as static instead.
2025-07-11 13:42:26 [restartedMain] WARN  o.s.c.s.PostProcessorRegistrationDelegate$BeanPostProcessorChecker - Bean 'org.springframework.cloud.loadbalancer.config.BlockingLoadBalancerClientAutoConfiguration' of type [org.springframework.cloud.loadbalancer.config.BlockingLoadBalancerClientAutoConfiguration] is not eligible for getting processed by all BeanPostProcessors (for example: not eligible for auto-proxying). Is this bean getting eagerly injected into a currently created BeanPostProcessor [lbRestClientPostProcessor]? Check the corresponding BeanPostProcessor declaration and its dependencies.
2025-07-11 13:42:26 [restartedMain] WARN  o.s.c.s.PostProcessorRegistrationDelegate$BeanPostProcessorChecker - Bean 'org.springframework.cloud.loadbalancer.config.LoadBalancerAutoConfiguration' of type [org.springframework.cloud.loadbalancer.config.LoadBalancerAutoConfiguration] is not eligible for getting processed by all BeanPostProcessors (for example: not eligible for auto-proxying). Is this bean getting eagerly injected into a currently created BeanPostProcessor [lbRestClientPostProcessor]? Check the corresponding BeanPostProcessor declaration and its dependencies.
2025-07-11 13:42:26 [restartedMain] WARN  o.s.c.s.PostProcessorRegistrationDelegate$BeanPostProcessorChecker - Bean 'org.springframework.cloud.commons.config.CommonsConfigAutoConfiguration' of type [org.springframework.cloud.commons.config.CommonsConfigAutoConfiguration] is not eligible for getting processed by all BeanPostProcessors (for example: not eligible for auto-proxying). Is this bean getting eagerly injected into a currently created BeanPostProcessor [lbRestClientPostProcessor]? Check the corresponding BeanPostProcessor declaration and its dependencies.
2025-07-11 13:42:26 [restartedMain] WARN  o.s.c.s.PostProcessorRegistrationDelegate$BeanPostProcessorChecker - Bean 'org.springframework.cloud.client.loadbalancer.LoadBalancerDefaultMappingsProviderAutoConfiguration' of type [org.springframework.cloud.client.loadbalancer.LoadBalancerDefaultMappingsProviderAutoConfiguration] is not eligible for getting processed by all BeanPostProcessors (for example: not eligible for auto-proxying). Is this bean getting eagerly injected into a currently created BeanPostProcessor [lbRestClientPostProcessor]? Check the corresponding BeanPostProcessor declaration and its dependencies.
2025-07-11 13:42:26 [restartedMain] WARN  o.s.c.s.PostProcessorRegistrationDelegate$BeanPostProcessorChecker - Bean 'loadBalancerClientsDefaultsMappingsProvider' of type [org.springframework.cloud.client.loadbalancer.LoadBalancerDefaultMappingsProviderAutoConfiguration$$Lambda$762/0x00007f009c561808] is not eligible for getting processed by all BeanPostProcessors (for example: not eligible for auto-proxying). Is this bean getting eagerly injected into a currently created BeanPostProcessor [lbRestClientPostProcessor]? Check the corresponding BeanPostProcessor declaration and its dependencies.
2025-07-11 13:42:26 [restartedMain] WARN  o.s.c.s.PostProcessorRegistrationDelegate$BeanPostProcessorChecker - Bean 'defaultsBindHandlerAdvisor' of type [org.springframework.cloud.commons.config.DefaultsBindHandlerAdvisor] is not eligible for getting processed by all BeanPostProcessors (for example: not eligible for auto-proxying). Is this bean getting eagerly injected into a currently created BeanPostProcessor [lbRestClientPostProcessor]? Check the corresponding BeanPostProcessor declaration and its dependencies.
2025-07-11 13:42:26 [restartedMain] WARN  o.s.c.s.PostProcessorRegistrationDelegate$BeanPostProcessorChecker - Bean 'spring.cloud.loadbalancer-org.springframework.cloud.client.loadbalancer.LoadBalancerClientsProperties' of type [org.springframework.cloud.client.loadbalancer.LoadBalancerClientsProperties] is not eligible for getting processed by all BeanPostProcessors (for example: not eligible for auto-proxying). Is this bean getting eagerly injected into a currently created BeanPostProcessor [lbRestClientPostProcessor]? Check the corresponding BeanPostProcessor declaration and its dependencies.
2025-07-11 13:42:26 [restartedMain] WARN  o.s.c.s.PostProcessorRegistrationDelegate$BeanPostProcessorChecker - Bean 'default.org.springframework.cloud.loadbalancer.config.LoadBalancerAutoConfiguration.LoadBalancerClientSpecification' of type [org.springframework.cloud.loadbalancer.annotation.LoadBalancerClientSpecification] is not eligible for getting processed by all BeanPostProcessors (for example: not eligible for auto-proxying). Is this bean getting eagerly injected into a currently created BeanPostProcessor [lbRestClientPostProcessor]? Check the corresponding BeanPostProcessor declaration and its dependencies.
2025-07-11 13:42:26 [restartedMain] WARN  o.s.c.s.PostProcessorRegistrationDelegate$BeanPostProcessorChecker - Bean 'default.org.springframework.cloud.loadbalancer.config.BlockingLoadBalancerClientAutoConfiguration.LoadBalancerClientSpecification' of type [org.springframework.cloud.loadbalancer.annotation.LoadBalancerClientSpecification] is not eligible for getting processed by all BeanPostProcessors (for example: not eligible for auto-proxying). Is this bean getting eagerly injected into a currently created BeanPostProcessor [lbRestClientPostProcessor]? Check the corresponding BeanPostProcessor declaration and its dependencies.
2025-07-11 13:42:26 [restartedMain] WARN  o.s.c.s.PostProcessorRegistrationDelegate$BeanPostProcessorChecker - Bean 'default.org.springframework.cloud.netflix.eureka.loadbalancer.LoadBalancerEurekaAutoConfiguration.LoadBalancerClientSpecification' of type [org.springframework.cloud.loadbalancer.annotation.LoadBalancerClientSpecification] is not eligible for getting processed by all BeanPostProcessors (for example: not eligible for auto-proxying). Is this bean getting eagerly injected into a currently created BeanPostProcessor [lbRestClientPostProcessor]? Check the corresponding BeanPostProcessor declaration and its dependencies.
2025-07-11 13:42:26 [restartedMain] WARN  o.s.c.s.PostProcessorRegistrationDelegate$BeanPostProcessorChecker - Bean 'loadBalancerClientFactory' of type [org.springframework.cloud.loadbalancer.support.LoadBalancerClientFactory] is not eligible for getting processed by all BeanPostProcessors (for example: not eligible for auto-proxying). Is this bean getting eagerly injected into a currently created BeanPostProcessor [lbRestClientPostProcessor]? Check the corresponding BeanPostProcessor declaration and its dependencies.
2025-07-11 13:42:26 [restartedMain] WARN  o.s.c.s.PostProcessorRegistrationDelegate$BeanPostProcessorChecker - Bean 'blockingLoadBalancerClient' of type [org.springframework.cloud.loadbalancer.blocking.client.BlockingLoadBalancerClient] is not eligible for getting processed by all BeanPostProcessors (for example: not eligible for auto-proxying). Is this bean getting eagerly injected into a currently created BeanPostProcessor [lbRestClientPostProcessor]? Check the corresponding BeanPostProcessor declaration and its dependencies.
2025-07-11 13:42:26 [restartedMain] WARN  o.s.c.s.PostProcessorRegistrationDelegate$BeanPostProcessorChecker - Bean 'loadBalancerServiceInstanceCookieTransformer' of type [org.springframework.cloud.loadbalancer.core.LoadBalancerServiceInstanceCookieTransformer] is not eligible for getting processed by all BeanPostProcessors (for example: not eligible for auto-proxying). Is this bean getting eagerly injected into a currently created BeanPostProcessor [lbRestClientPostProcessor]? Check the corresponding BeanPostProcessor declaration and its dependencies.
2025-07-11 13:42:26 [restartedMain] WARN  o.s.c.s.PostProcessorRegistrationDelegate$BeanPostProcessorChecker - Bean 'xForwarderHeadersTransformer' of type [org.springframework.cloud.loadbalancer.blocking.XForwardedHeadersTransformer] is not eligible for getting processed by all BeanPostProcessors (for example: not eligible for auto-proxying). Is this bean getting eagerly injected into a currently created BeanPostProcessor [lbRestClientPostProcessor]? Check the corresponding BeanPostProcessor declaration and its dependencies.
2025-07-11 13:42:26 [restartedMain] WARN  o.s.c.s.PostProcessorRegistrationDelegate$BeanPostProcessorChecker - Bean 'org.springframework.cloud.client.loadbalancer.LoadBalancerAutoConfiguration' of type [org.springframework.cloud.client.loadbalancer.LoadBalancerAutoConfiguration] is not eligible for getting processed by all BeanPostProcessors (for example: not eligible for auto-proxying). Is this bean getting eagerly injected into a currently created BeanPostProcessor [lbRestClientPostProcessor]? Check the corresponding BeanPostProcessor declaration and its dependencies.
2025-07-11 13:42:26 [restartedMain] WARN  o.s.c.s.PostProcessorRegistrationDelegate$BeanPostProcessorChecker - Bean 'loadBalancerRequestFactory' of type [org.springframework.cloud.client.loadbalancer.LoadBalancerRequestFactory] is not eligible for getting processed by all BeanPostProcessors (for example: not eligible for auto-proxying). Is this bean getting eagerly injected into a currently created BeanPostProcessor [lbRestClientPostProcessor]? Check the corresponding BeanPostProcessor declaration and its dependencies.
2025-07-11 13:42:26 [restartedMain] WARN  o.s.c.s.PostProcessorRegistrationDelegate$BeanPostProcessorChecker - Bean 'loadBalancerInterceptor' of type [org.springframework.cloud.client.loadbalancer.LoadBalancerInterceptor] is not eligible for getting processed by all BeanPostProcessors (for example: not eligible for auto-proxying). Is this bean getting eagerly injected into a currently created BeanPostProcessor [lbRestClientPostProcessor]? Check the corresponding BeanPostProcessor declaration and its dependencies.
2025-07-11 13:42:26 [restartedMain] WARN  o.s.c.s.PostProcessorRegistrationDelegate$BeanPostProcessorChecker - Bean 'org.springframework.cloud.client.loadbalancer.reactive.LoadBalancerBeanPostProcessorAutoConfiguration' of type [org.springframework.cloud.client.loadbalancer.reactive.LoadBalancerBeanPostProcessorAutoConfiguration] is not eligible for getting processed by all BeanPostProcessors (for example: not eligible for auto-proxying). The currently created BeanPostProcessor [loadBalancerWebClientBuilderBeanPostProcessor] is declared through a non-static factory method on that class; consider declaring it as static instead.
2025-07-11 13:42:26 [restartedMain] WARN  o.s.c.s.PostProcessorRegistrationDelegate$BeanPostProcessorChecker - Bean 'org.springframework.cloud.client.loadbalancer.reactive.LoadBalancerBeanPostProcessorAutoConfiguration$ReactorDeferringLoadBalancerFilterConfig' of type [org.springframework.cloud.client.loadbalancer.reactive.LoadBalancerBeanPostProcessorAutoConfiguration$ReactorDeferringLoadBalancerFilterConfig] is not eligible for getting processed by all BeanPostProcessors (for example: not eligible for auto-proxying). Is this bean getting eagerly injected into a currently created BeanPostProcessor [loadBalancerWebClientBuilderBeanPostProcessor]? Check the corresponding BeanPostProcessor declaration and its dependencies.
2025-07-11 13:42:26 [restartedMain] WARN  o.s.c.s.PostProcessorRegistrationDelegate$BeanPostProcessorChecker - Bean 'reactorDeferringLoadBalancerExchangeFilterFunction' of type [org.springframework.cloud.client.loadbalancer.reactive.DeferringLoadBalancerExchangeFilterFunction] is not eligible for getting processed by all BeanPostProcessors (for example: not eligible for auto-proxying). Is this bean getting eagerly injected into a currently created BeanPostProcessor [loadBalancerWebClientBuilderBeanPostProcessor]? Check the corresponding BeanPostProcessor declaration and its dependencies.
2025-07-11 13:42:27 [restartedMain] DEBUG o.s.w.f.ServerHttpObservationFilter - Filter 'webMvcObservationFilter' configured for use
2025-07-11 13:42:27 [restartedMain] DEBUG c.m.u.c.c.i.InternalJwtFilter - Filter 'internalJwtFilter' configured for use
2025-07-11 13:42:27 [restartedMain] WARN  org.hibernate.orm.deprecation - HHH90000025: MariaDBDialect does not need to be specified explicitly using 'hibernate.dialect' (remove the property setting and it will be selected by default)
2025-07-11 13:42:29 [restartedMain] INFO  c.m.u.core.logging.LoggingService - CacheConfiguration: Cache manager configurado con 8 caches
2025-07-11 13:42:30 [restartedMain] WARN  o.s.b.a.o.j.JpaBaseConfiguration$JpaWebConfiguration - spring.jpa.open-in-view is enabled by default. Therefore, database queries may be performed during view rendering. Explicitly configure spring.jpa.open-in-view to disable this warning
2025-07-11 13:42:30 [restartedMain] WARN  o.s.b.a.s.s.UserDetailsServiceAutoConfiguration - 

Using generated security password: 485a0e17-4ed1-4338-9e87-a4528505b986

This generated password is for development use only. Your security configuration must be updated before running your application in production.

2025-07-11 13:42:30 [restartedMain] INFO  c.m.u.core.logging.LoggingService - SecurityConfig: Iniciando configuración de seguridad del microservicio users
2025-07-11 13:42:30 [restartedMain] DEBUG o.s.w.s.m.m.a.RequestMappingHandlerMapping - 26 mappings in 'requestMappingHandlerMapping'
2025-07-11 13:42:30 [restartedMain] DEBUG o.s.w.s.h.SimpleUrlHandlerMapping - Patterns [/webjars/**, /**, /swagger-ui*/*swagger-initializer.js, /swagger-ui*/**] in 'resourceHandlerMapping'
2025-07-11 13:42:30 [restartedMain] INFO  c.m.u.core.logging.LoggingService - SecurityConfig: Configuración de seguridad completada - Todos los endpoints permitidos, filtro JWT interno configurado
2025-07-11 13:42:31 [restartedMain] DEBUG o.s.w.s.m.m.a.RequestMappingHandlerAdapter - ControllerAdvice beans: 0 @ModelAttribute, 0 @InitBinder, 1 RequestBodyAdvice, 1 ResponseBodyAdvice
2025-07-11 13:42:31 [restartedMain] DEBUG o.s.w.s.m.m.a.ExceptionHandlerExceptionResolver - ControllerAdvice beans: 2 @ExceptionHandler, 1 ResponseBodyAdvice
2025-07-11 13:42:31 [restartedMain] INFO  c.netflix.discovery.DiscoveryClient - Initializing Eureka in region us-east-1
2025-07-11 13:42:31 [restartedMain] INFO  c.n.d.s.r.aws.ConfigClusterResolver - Resolving eureka endpoints via configuration
2025-07-11 13:42:31 [restartedMain] INFO  c.netflix.discovery.DiscoveryClient - Disable delta property : false
2025-07-11 13:42:31 [restartedMain] INFO  c.netflix.discovery.DiscoveryClient - Single vip registry refresh property : null
2025-07-11 13:42:31 [restartedMain] INFO  c.netflix.discovery.DiscoveryClient - Force full registry fetch : false
2025-07-11 13:42:31 [restartedMain] INFO  c.netflix.discovery.DiscoveryClient - Application is null : false
2025-07-11 13:42:31 [restartedMain] INFO  c.netflix.discovery.DiscoveryClient - Registered Applications size is zero : true
2025-07-11 13:42:31 [restartedMain] INFO  c.netflix.discovery.DiscoveryClient - Application version is -1: true
2025-07-11 13:42:31 [restartedMain] INFO  c.netflix.discovery.DiscoveryClient - Getting all instance registry info from the eureka server
2025-07-11 13:42:31 [restartedMain] DEBUG o.s.web.client.RestTemplate - HTTP GET http://localhost:8081/eureka/apps/
2025-07-11 13:42:31 [restartedMain] DEBUG o.s.web.client.RestTemplate - Accept=[application/json, application/*+json]
2025-07-11 13:42:32 [restartedMain] DEBUG o.s.web.client.RestTemplate - Response 200 OK
2025-07-11 13:42:32 [restartedMain] DEBUG o.s.web.client.RestTemplate - Reading to [org.springframework.cloud.netflix.eureka.http.EurekaApplications]
2025-07-11 13:42:32 [restartedMain] INFO  c.netflix.discovery.DiscoveryClient - The response status is 200
2025-07-11 13:42:32 [restartedMain] INFO  c.netflix.discovery.DiscoveryClient - Starting heartbeat executor: renew interval is: 30
2025-07-11 13:42:32 [restartedMain] INFO  c.n.discovery.InstanceInfoReplicator - InstanceInfoReplicator onDemand update allowed rate per min is 4
2025-07-11 13:42:32 [restartedMain] INFO  c.netflix.discovery.DiscoveryClient - Discovery Client initialized at timestamp 1752259352089 with initial instances count: 0
2025-07-11 13:42:32 [restartedMain] INFO  c.netflix.discovery.DiscoveryClient - Saw local status change event StatusChangeEvent [timestamp=1752259352103, current=UP, previous=STARTING]
2025-07-11 13:42:32 [DiscoveryClient-InstanceInfoReplicator-0] INFO  c.netflix.discovery.DiscoveryClient - DiscoveryClient_USERS-SERVICE/192.168.49.16:users-service:8082: registering service...
2025-07-11 13:42:32 [DiscoveryClient-InstanceInfoReplicator-0] DEBUG o.s.web.client.RestTemplate - HTTP POST http://localhost:8081/eureka/apps/USERS-SERVICE
2025-07-11 13:42:32 [DiscoveryClient-InstanceInfoReplicator-0] DEBUG o.s.web.client.RestTemplate - Accept=[application/json, application/*+json]
2025-07-11 13:42:32 [DiscoveryClient-InstanceInfoReplicator-0] DEBUG o.s.web.client.RestTemplate - Writing [InstanceInfo [instanceId = 192.168.49.16:users-service:8082, appName = USERS-SERVICE, hostName = 192.168.49.16, status = UP, ipAddr = 192.168.49.16, port = 8082, securePort = 443, dataCenterInfo = com.netflix.appinfo.MyDataCenterInfo@78d2a223] as "application/json"
2025-07-11 13:42:32 [restartedMain] INFO  c.m.users.UsersApplication - Started UsersApplication in 8.349 seconds (process running for 8.817)
2025-07-11 13:42:32 [DiscoveryClient-InstanceInfoReplicator-0] DEBUG o.s.web.client.RestTemplate - Response 204 NO_CONTENT
2025-07-11 13:42:32 [DiscoveryClient-InstanceInfoReplicator-0] INFO  c.netflix.discovery.DiscoveryClient - DiscoveryClient_USERS-SERVICE/192.168.49.16:users-service:8082 - registration status: 204
2025-07-11 13:42:39 [http-nio-8082-exec-2] INFO  o.s.web.servlet.DispatcherServlet - Initializing Servlet 'dispatcherServlet'
2025-07-11 13:42:39 [http-nio-8082-exec-2] DEBUG o.s.web.servlet.DispatcherServlet - Detected StandardServletMultipartResolver
2025-07-11 13:42:39 [http-nio-8082-exec-2] DEBUG o.s.web.servlet.DispatcherServlet - Detected AcceptHeaderLocaleResolver
2025-07-11 13:42:39 [http-nio-8082-exec-2] DEBUG o.s.web.servlet.DispatcherServlet - Detected FixedThemeResolver
2025-07-11 13:42:39 [http-nio-8082-exec-2] DEBUG o.s.web.servlet.DispatcherServlet - Detected org.springframework.web.servlet.view.DefaultRequestToViewNameTranslator@591e675c
2025-07-11 13:42:39 [http-nio-8082-exec-2] DEBUG o.s.web.servlet.DispatcherServlet - Detected org.springframework.web.servlet.support.SessionFlashMapManager@70df57f3
2025-07-11 13:42:39 [http-nio-8082-exec-2] DEBUG o.s.web.servlet.DispatcherServlet - enableLoggingRequestDetails='false': request parameters and headers will be masked to prevent unsafe logging of potentially sensitive data
2025-07-11 13:42:39 [http-nio-8082-exec-2] INFO  o.s.web.servlet.DispatcherServlet - Completed initialization in 3 ms
2025-07-11 13:42:39 [http-nio-8082-exec-2] DEBUG c.m.u.core.logging.LoggingService - InternalJwtFilter: Procesando solicitud: /verification/status
2025-07-11 13:42:39 [http-nio-8082-exec-2] DEBUG c.m.u.core.logging.LoggingService - InternalJwtFilter: Path '/verification/status' requiere JWT: true
2025-07-11 13:42:39 [http-nio-8082-exec-2] DEBUG c.m.u.core.logging.LoggingService - InternalJwtFilter: Path protegido detectado, validando JWT interno
2025-07-11 13:42:39 [http-nio-8082-exec-2] DEBUG c.m.u.core.logging.LoggingService - InternalJwtFilter: Header Authorization: Presente
2025-07-11 13:42:39 [http-nio-8082-exec-2] DEBUG c.m.u.core.logging.LoggingService - InternalJwtFilter: Token recibido: ewogICJhbGciOiAiSFMy...
2025-07-11 13:42:39 [http-nio-8082-exec-2] ERROR c.m.u.core.logging.LoggingService - InternalJwtFilter: Validación JWT interna fallida: JWT expired at 2025-07-11T17:32:52Z. Current time: 2025-07-11T18:42:39Z, a difference of 4187840 milliseconds.  Allowed clock skew: 0 milliseconds.
2025-07-11 13:42:39 [http-nio-8082-exec-2] DEBUG o.s.web.servlet.DispatcherServlet - "ERROR" dispatch for POST "/error", parameters={}
2025-07-11 13:42:39 [http-nio-8082-exec-2] DEBUG o.s.w.s.m.m.a.RequestMappingHandlerMapping - Mapped to org.springframework.boot.autoconfigure.web.servlet.error.BasicErrorController#error(HttpServletRequest)
2025-07-11 13:42:39 [http-nio-8082-exec-2] DEBUG o.s.w.s.m.m.a.HttpEntityMethodProcessor - Using 'application/json', given [*/*] and supported [application/json, application/*+json]
2025-07-11 13:42:39 [http-nio-8082-exec-2] DEBUG o.s.w.s.m.m.a.HttpEntityMethodProcessor - Writing [{timestamp=Fri Jul 11 13:42:39 COT 2025, status=401, error=Unauthorized, message={"error": "Token in (truncated)...]
2025-07-11 13:42:39 [http-nio-8082-exec-2] DEBUG o.s.web.servlet.DispatcherServlet - Exiting from "ERROR" dispatch, status 401
2025-07-11 13:42:40 [AsyncReporter{org.springframework.boot.actuate.autoconfigure.tracing.zipkin.ZipkinWebClientSender@42731a50}] DEBUG o.s.w.r.f.client.ExchangeFunctions - [770f4668] HTTP POST http://localhost:9411/api/v2/spans%20
2025-07-11 13:42:41 [AsyncReporter{org.springframework.boot.actuate.autoconfigure.tracing.zipkin.ZipkinWebClientSender@42731a50}] WARN  z.r.AsyncReporter$BoundedAsyncReporter - Spans were dropped due to exceptions. All subsequent errors will be logged at FINE level.
2025-07-11 13:42:41 [AsyncReporter{org.springframework.boot.actuate.autoconfigure.tracing.zipkin.ZipkinWebClientSender@42731a50}] WARN  z.r.AsyncReporter$BoundedAsyncReporter - Dropped 7 spans due to WebClientRequestException(finishConnect(..) failed: Conexión rehusada: localhost/127.0.0.1:9411)
org.springframework.web.reactive.function.client.WebClientRequestException: finishConnect(..) failed: Conexión rehusada: localhost/127.0.0.1:9411
	at org.springframework.web.reactive.function.client.ExchangeFunctions$DefaultExchangeFunction.lambda$wrapException$9(ExchangeFunctions.java:136)
	Suppressed: reactor.core.publisher.FluxOnAssembly$OnAssemblyException: 
Error has been observed at the following site(s):
	*__checkpoint ⇢ Request to POST http://localhost:9411/api/v2/spans%20 [DefaultWebClient]
Original Stack Trace:
		at org.springframework.web.reactive.function.client.ExchangeFunctions$DefaultExchangeFunction.lambda$wrapException$9(ExchangeFunctions.java:136)
		at reactor.core.publisher.MonoErrorSupplied.subscribe(MonoErrorSupplied.java:55)
		at reactor.core.publisher.Mono.subscribe(Mono.java:4563)
		at reactor.core.publisher.FluxOnErrorResume$ResumeSubscriber.onError(FluxOnErrorResume.java:103)
		at reactor.core.publisher.FluxPeek$PeekSubscriber.onError(FluxPeek.java:222)
		at reactor.core.publisher.FluxPeek$PeekSubscriber.onError(FluxPeek.java:222)
		at reactor.core.publisher.FluxPeek$PeekSubscriber.onError(FluxPeek.java:222)
		at reactor.core.publisher.MonoNext$NextSubscriber.onError(MonoNext.java:93)
		at reactor.core.publisher.MonoFlatMapMany$FlatMapManyMain.onError(MonoFlatMapMany.java:205)
		at reactor.core.publisher.SerializedSubscriber.onError(SerializedSubscriber.java:124)
		at reactor.core.publisher.FluxRetryWhen$RetryWhenMainSubscriber.whenError(FluxRetryWhen.java:229)
		at reactor.core.publisher.FluxRetryWhen$RetryWhenOtherSubscriber.onError(FluxRetryWhen.java:279)
		at reactor.core.publisher.FluxContextWrite$ContextWriteSubscriber.onError(FluxContextWrite.java:121)
		at reactor.core.publisher.FluxConcatMapNoPrefetch$FluxConcatMapNoPrefetchSubscriber.maybeOnError(FluxConcatMapNoPrefetch.java:327)
		at reactor.core.publisher.FluxConcatMapNoPrefetch$FluxConcatMapNoPrefetchSubscriber.onNext(FluxConcatMapNoPrefetch.java:212)
		at reactor.core.publisher.FluxContextWrite$ContextWriteSubscriber.onNext(FluxContextWrite.java:107)
		at reactor.core.publisher.SinkManyEmitterProcessor.drain(SinkManyEmitterProcessor.java:476)
		at reactor.core.publisher.SinkManyEmitterProcessor$EmitterInner.drainParent(SinkManyEmitterProcessor.java:620)
		at reactor.core.publisher.FluxPublish$PubSubInner.request(FluxPublish.java:874)
		at reactor.core.publisher.FluxContextWrite$ContextWriteSubscriber.request(FluxContextWrite.java:136)
		at reactor.core.publisher.FluxConcatMapNoPrefetch$FluxConcatMapNoPrefetchSubscriber.request(FluxConcatMapNoPrefetch.java:337)
		at reactor.core.publisher.FluxContextWrite$ContextWriteSubscriber.request(FluxContextWrite.java:136)
		at reactor.core.publisher.Operators$DeferredSubscription.request(Operators.java:1743)
		at reactor.core.publisher.FluxRetryWhen$RetryWhenMainSubscriber.onError(FluxRetryWhen.java:196)
		at reactor.core.publisher.MonoCreate$DefaultMonoSink.error(MonoCreate.java:205)
		at reactor.netty.http.client.HttpClientConnect$MonoHttpConnect$ClientTransportSubscriber.onError(HttpClientConnect.java:311)
		at reactor.core.publisher.MonoCreate$DefaultMonoSink.error(MonoCreate.java:205)
		at reactor.netty.resources.DefaultPooledConnectionProvider$DisposableAcquire.onError(DefaultPooledConnectionProvider.java:172)
		at reactor.netty.internal.shaded.reactor.pool.AbstractPool$Borrower.fail(AbstractPool.java:488)
		at reactor.netty.internal.shaded.reactor.pool.SimpleDequePool.lambda$drainLoop$9(SimpleDequePool.java:436)
		at reactor.core.publisher.FluxDoOnEach$DoOnEachSubscriber.onError(FluxDoOnEach.java:186)
		at reactor.core.publisher.MonoCreate$DefaultMonoSink.error(MonoCreate.java:205)
		at reactor.netty.resources.DefaultPooledConnectionProvider$PooledConnectionAllocator$PooledConnectionInitializer.onError(DefaultPooledConnectionProvider.java:583)
		at reactor.core.publisher.MonoFlatMap$FlatMapMain.secondError(MonoFlatMap.java:241)
		at reactor.core.publisher.MonoFlatMap$FlatMapInner.onError(MonoFlatMap.java:315)
		at reactor.core.publisher.FluxOnErrorResume$ResumeSubscriber.onError(FluxOnErrorResume.java:106)
		at reactor.core.publisher.Operators.error(Operators.java:198)
		at reactor.core.publisher.MonoError.subscribe(MonoError.java:53)
		at reactor.core.publisher.Mono.subscribe(Mono.java:4563)
		at reactor.core.publisher.FluxOnErrorResume$ResumeSubscriber.onError(FluxOnErrorResume.java:103)
		at reactor.netty.transport.TransportConnector$MonoChannelPromise.tryFailure(TransportConnector.java:576)
		at reactor.netty.transport.TransportConnector$MonoChannelPromise.setFailure(TransportConnector.java:522)
		at reactor.netty.transport.TransportConnector.lambda$doConnect$7(TransportConnector.java:261)
		at io.netty.util.concurrent.DefaultPromise.notifyListener0(DefaultPromise.java:590)
		at io.netty.util.concurrent.DefaultPromise.notifyListeners0(DefaultPromise.java:583)
		at io.netty.util.concurrent.DefaultPromise.notifyListenersNow(DefaultPromise.java:559)
		at io.netty.util.concurrent.DefaultPromise.notifyListeners(DefaultPromise.java:492)
		at io.netty.util.concurrent.DefaultPromise.setValue0(DefaultPromise.java:636)
		at io.netty.util.concurrent.DefaultPromise.setFailure0(DefaultPromise.java:629)
		at io.netty.util.concurrent.DefaultPromise.tryFailure(DefaultPromise.java:118)
		at io.netty.channel.epoll.AbstractEpollChannel$AbstractEpollUnsafe.fulfillConnectPromise(AbstractEpollChannel.java:675)
		at io.netty.channel.epoll.AbstractEpollChannel$AbstractEpollUnsafe.finishConnect(AbstractEpollChannel.java:694)
		at io.netty.channel.epoll.AbstractEpollChannel$AbstractEpollUnsafe.epollOutReady(AbstractEpollChannel.java:567)
		at io.netty.channel.epoll.EpollEventLoop.processReady(EpollEventLoop.java:499)
		at io.netty.channel.epoll.EpollEventLoop.run(EpollEventLoop.java:407)
		at io.netty.util.concurrent.SingleThreadEventExecutor$4.run(SingleThreadEventExecutor.java:997)
		at io.netty.util.internal.ThreadExecutorMap$2.run(ThreadExecutorMap.java:74)
		at io.netty.util.concurrent.FastThreadLocalRunnable.run(FastThreadLocalRunnable.java:30)
		at java.base/java.lang.Thread.run(Thread.java:840)
	Suppressed: java.lang.Exception: #block terminated with an error
		at reactor.core.publisher.BlockingSingleSubscriber.blockingGet(BlockingSingleSubscriber.java:103)
		at reactor.core.publisher.Mono.block(Mono.java:1779)
		at org.springframework.boot.actuate.autoconfigure.tracing.zipkin.ZipkinWebClientSender$WebClientHttpPostCall.doExecute(ZipkinWebClientSender.java:76)
		at org.springframework.boot.actuate.autoconfigure.tracing.zipkin.ZipkinWebClientSender$WebClientHttpPostCall.doExecute(ZipkinWebClientSender.java:54)
		at zipkin2.Call$Base.execute(Call.java:391)
		at zipkin2.reporter.AsyncReporter$BoundedAsyncReporter.flush(AsyncReporter.java:299)
		at zipkin2.reporter.AsyncReporter$Flusher.run(AsyncReporter.java:378)
		at java.base/java.lang.Thread.run(Thread.java:840)
Caused by: io.netty.channel.AbstractChannel$AnnotatedConnectException: finishConnect(..) failed: Conexión rehusada: localhost/127.0.0.1:9411
Caused by: java.net.ConnectException: finishConnect(..) failed: Conexión rehusada
	at io.netty.channel.unix.Errors.newConnectException0(Errors.java:166)
	at io.netty.channel.unix.Errors.handleConnectErrno(Errors.java:131)
	at io.netty.channel.unix.Socket.finishConnect(Socket.java:359)
	at io.netty.channel.epoll.AbstractEpollChannel$AbstractEpollUnsafe.doFinishConnect(AbstractEpollChannel.java:711)
	at io.netty.channel.epoll.AbstractEpollChannel$AbstractEpollUnsafe.finishConnect(AbstractEpollChannel.java:688)
	at io.netty.channel.epoll.AbstractEpollChannel$AbstractEpollUnsafe.epollOutReady(AbstractEpollChannel.java:567)
	at io.netty.channel.epoll.EpollEventLoop.processReady(EpollEventLoop.java:499)
	at io.netty.channel.epoll.EpollEventLoop.run(EpollEventLoop.java:407)
	at io.netty.util.concurrent.SingleThreadEventExecutor$4.run(SingleThreadEventExecutor.java:997)
	at io.netty.util.internal.ThreadExecutorMap$2.run(ThreadExecutorMap.java:74)
	at io.netty.util.concurrent.FastThreadLocalRunnable.run(FastThreadLocalRunnable.java:30)
	at java.base/java.lang.Thread.run(Thread.java:840)
2025-07-11 13:43:02 [DiscoveryClient-CacheRefreshExecutor-0] INFO  c.netflix.discovery.DiscoveryClient - Disable delta property : false
2025-07-11 13:43:02 [DiscoveryClient-CacheRefreshExecutor-0] INFO  c.netflix.discovery.DiscoveryClient - Single vip registry refresh property : null
2025-07-11 13:43:02 [DiscoveryClient-CacheRefreshExecutor-0] INFO  c.netflix.discovery.DiscoveryClient - Force full registry fetch : false
2025-07-11 13:43:02 [DiscoveryClient-CacheRefreshExecutor-0] INFO  c.netflix.discovery.DiscoveryClient - Application is null : false
2025-07-11 13:43:02 [DiscoveryClient-CacheRefreshExecutor-0] INFO  c.netflix.discovery.DiscoveryClient - Registered Applications size is zero : true
2025-07-11 13:43:02 [DiscoveryClient-CacheRefreshExecutor-0] INFO  c.netflix.discovery.DiscoveryClient - Application version is -1: false
2025-07-11 13:43:02 [DiscoveryClient-CacheRefreshExecutor-0] INFO  c.netflix.discovery.DiscoveryClient - Getting all instance registry info from the eureka server
2025-07-11 13:43:02 [DiscoveryClient-CacheRefreshExecutor-0] DEBUG o.s.web.client.RestTemplate - HTTP GET http://localhost:8081/eureka/apps/
2025-07-11 13:43:02 [DiscoveryClient-CacheRefreshExecutor-0] DEBUG o.s.web.client.RestTemplate - Accept=[application/json, application/*+json]
2025-07-11 13:43:02 [DiscoveryClient-HeartbeatExecutor-0] DEBUG o.s.web.client.RestTemplate - HTTP PUT http://localhost:8081/eureka/apps/USERS-SERVICE/192.168.49.16:users-service:8082?status=UP&lastDirtyTimestamp=1752259352102
2025-07-11 13:43:02 [DiscoveryClient-CacheRefreshExecutor-0] DEBUG o.s.web.client.RestTemplate - Response 200 OK
2025-07-11 13:43:02 [DiscoveryClient-CacheRefreshExecutor-0] DEBUG o.s.web.client.RestTemplate - Reading to [org.springframework.cloud.netflix.eureka.http.EurekaApplications]
2025-07-11 13:43:02 [DiscoveryClient-CacheRefreshExecutor-0] INFO  c.netflix.discovery.DiscoveryClient - The response status is 200
2025-07-11 13:43:02 [DiscoveryClient-HeartbeatExecutor-0] DEBUG o.s.web.client.RestTemplate - Accept=[application/json, application/*+json]
2025-07-11 13:43:02 [DiscoveryClient-HeartbeatExecutor-0] DEBUG o.s.web.client.RestTemplate - Response 200 OK
2025-07-11 13:43:32 [DiscoveryClient-CacheRefreshExecutor-0] DEBUG o.s.web.client.RestTemplate - HTTP GET http://localhost:8081/eureka/apps/delta
2025-07-11 13:43:32 [DiscoveryClient-CacheRefreshExecutor-0] DEBUG o.s.web.client.RestTemplate - Accept=[application/json, application/*+json]
2025-07-11 13:43:32 [DiscoveryClient-CacheRefreshExecutor-0] DEBUG o.s.web.client.RestTemplate - Response 200 OK
2025-07-11 13:43:32 [DiscoveryClient-CacheRefreshExecutor-0] DEBUG o.s.web.client.RestTemplate - Reading to [org.springframework.cloud.netflix.eureka.http.EurekaApplications]
2025-07-11 13:43:32 [DiscoveryClient-HeartbeatExecutor-0] DEBUG o.s.web.client.RestTemplate - HTTP PUT http://localhost:8081/eureka/apps/USERS-SERVICE/192.168.49.16:users-service:8082?status=UP&lastDirtyTimestamp=1752259352102
2025-07-11 13:43:32 [DiscoveryClient-HeartbeatExecutor-0] DEBUG o.s.web.client.RestTemplate - Accept=[application/json, application/*+json]
2025-07-11 13:43:32 [DiscoveryClient-HeartbeatExecutor-0] DEBUG o.s.web.client.RestTemplate - Response 200 OK
2025-07-11 13:44:02 [DiscoveryClient-CacheRefreshExecutor-0] DEBUG o.s.web.client.RestTemplate - HTTP GET http://localhost:8081/eureka/apps/delta
2025-07-11 13:44:02 [DiscoveryClient-CacheRefreshExecutor-0] DEBUG o.s.web.client.RestTemplate - Accept=[application/json, application/*+json]
2025-07-11 13:44:02 [DiscoveryClient-CacheRefreshExecutor-0] DEBUG o.s.web.client.RestTemplate - Response 200 OK
2025-07-11 13:44:02 [DiscoveryClient-CacheRefreshExecutor-0] DEBUG o.s.web.client.RestTemplate - Reading to [org.springframework.cloud.netflix.eureka.http.EurekaApplications]
2025-07-11 13:44:02 [DiscoveryClient-HeartbeatExecutor-0] DEBUG o.s.web.client.RestTemplate - HTTP PUT http://localhost:8081/eureka/apps/USERS-SERVICE/192.168.49.16:users-service:8082?status=UP&lastDirtyTimestamp=1752259352102
2025-07-11 13:44:02 [DiscoveryClient-HeartbeatExecutor-0] DEBUG o.s.web.client.RestTemplate - Accept=[application/json, application/*+json]
2025-07-11 13:44:02 [DiscoveryClient-HeartbeatExecutor-0] DEBUG o.s.web.client.RestTemplate - Response 200 OK
2025-07-11 13:44:32 [DiscoveryClient-CacheRefreshExecutor-0] DEBUG o.s.web.client.RestTemplate - HTTP GET http://localhost:8081/eureka/apps/delta
2025-07-11 13:44:32 [DiscoveryClient-CacheRefreshExecutor-0] DEBUG o.s.web.client.RestTemplate - Accept=[application/json, application/*+json]
2025-07-11 13:44:32 [DiscoveryClient-CacheRefreshExecutor-0] DEBUG o.s.web.client.RestTemplate - Response 200 OK
2025-07-11 13:44:32 [DiscoveryClient-CacheRefreshExecutor-0] DEBUG o.s.web.client.RestTemplate - Reading to [org.springframework.cloud.netflix.eureka.http.EurekaApplications]
2025-07-11 13:44:32 [DiscoveryClient-HeartbeatExecutor-0] DEBUG o.s.web.client.RestTemplate - HTTP PUT http://localhost:8081/eureka/apps/USERS-SERVICE/192.168.49.16:users-service:8082?status=UP&lastDirtyTimestamp=1752259352102
2025-07-11 13:44:32 [DiscoveryClient-HeartbeatExecutor-0] DEBUG o.s.web.client.RestTemplate - Accept=[application/json, application/*+json]
2025-07-11 13:44:32 [DiscoveryClient-HeartbeatExecutor-0] DEBUG o.s.web.client.RestTemplate - Response 200 OK
2025-07-11 13:45:02 [DiscoveryClient-CacheRefreshExecutor-0] DEBUG o.s.web.client.RestTemplate - HTTP GET http://localhost:8081/eureka/apps/delta
2025-07-11 13:45:02 [DiscoveryClient-CacheRefreshExecutor-0] DEBUG o.s.web.client.RestTemplate - Accept=[application/json, application/*+json]
2025-07-11 13:45:02 [DiscoveryClient-CacheRefreshExecutor-0] DEBUG o.s.web.client.RestTemplate - Response 200 OK
2025-07-11 13:45:02 [DiscoveryClient-CacheRefreshExecutor-0] DEBUG o.s.web.client.RestTemplate - Reading to [org.springframework.cloud.netflix.eureka.http.EurekaApplications]
2025-07-11 13:45:02 [DiscoveryClient-HeartbeatExecutor-0] DEBUG o.s.web.client.RestTemplate - HTTP PUT http://localhost:8081/eureka/apps/USERS-SERVICE/192.168.49.16:users-service:8082?status=UP&lastDirtyTimestamp=1752259352102
2025-07-11 13:45:02 [DiscoveryClient-HeartbeatExecutor-0] DEBUG o.s.web.client.RestTemplate - Accept=[application/json, application/*+json]
2025-07-11 13:45:02 [DiscoveryClient-HeartbeatExecutor-0] DEBUG o.s.web.client.RestTemplate - Response 200 OK
2025-07-11 13:45:32 [DiscoveryClient-CacheRefreshExecutor-0] DEBUG o.s.web.client.RestTemplate - HTTP GET http://localhost:8081/eureka/apps/delta
2025-07-11 13:45:32 [DiscoveryClient-CacheRefreshExecutor-0] DEBUG o.s.web.client.RestTemplate - Accept=[application/json, application/*+json]
2025-07-11 13:45:32 [DiscoveryClient-CacheRefreshExecutor-0] DEBUG o.s.web.client.RestTemplate - Response 200 OK
2025-07-11 13:45:32 [DiscoveryClient-CacheRefreshExecutor-0] DEBUG o.s.web.client.RestTemplate - Reading to [org.springframework.cloud.netflix.eureka.http.EurekaApplications]
2025-07-11 13:45:32 [DiscoveryClient-HeartbeatExecutor-0] DEBUG o.s.web.client.RestTemplate - HTTP PUT http://localhost:8081/eureka/apps/USERS-SERVICE/192.168.49.16:users-service:8082?status=UP&lastDirtyTimestamp=1752259352102
2025-07-11 13:45:32 [DiscoveryClient-HeartbeatExecutor-0] DEBUG o.s.web.client.RestTemplate - Accept=[application/json, application/*+json]
2025-07-11 13:45:32 [DiscoveryClient-HeartbeatExecutor-0] DEBUG o.s.web.client.RestTemplate - Response 200 OK
2025-07-11 13:46:02 [DiscoveryClient-CacheRefreshExecutor-0] DEBUG o.s.web.client.RestTemplate - HTTP GET http://localhost:8081/eureka/apps/delta
2025-07-11 13:46:02 [DiscoveryClient-CacheRefreshExecutor-0] DEBUG o.s.web.client.RestTemplate - Accept=[application/json, application/*+json]
2025-07-11 13:46:02 [DiscoveryClient-CacheRefreshExecutor-0] DEBUG o.s.web.client.RestTemplate - Response 200 OK
2025-07-11 13:46:02 [DiscoveryClient-CacheRefreshExecutor-0] DEBUG o.s.web.client.RestTemplate - Reading to [org.springframework.cloud.netflix.eureka.http.EurekaApplications]
2025-07-11 13:46:02 [DiscoveryClient-HeartbeatExecutor-0] DEBUG o.s.web.client.RestTemplate - HTTP PUT http://localhost:8081/eureka/apps/USERS-SERVICE/192.168.49.16:users-service:8082?status=UP&lastDirtyTimestamp=1752259352102
2025-07-11 13:46:02 [DiscoveryClient-HeartbeatExecutor-0] DEBUG o.s.web.client.RestTemplate - Accept=[application/json, application/*+json]
2025-07-11 13:46:02 [DiscoveryClient-HeartbeatExecutor-0] DEBUG o.s.web.client.RestTemplate - Response 200 OK
2025-07-11 13:46:32 [DiscoveryClient-CacheRefreshExecutor-0] DEBUG o.s.web.client.RestTemplate - HTTP GET http://localhost:8081/eureka/apps/delta
2025-07-11 13:46:32 [DiscoveryClient-CacheRefreshExecutor-0] DEBUG o.s.web.client.RestTemplate - Accept=[application/json, application/*+json]
2025-07-11 13:46:32 [DiscoveryClient-CacheRefreshExecutor-0] DEBUG o.s.web.client.RestTemplate - Response 200 OK
2025-07-11 13:46:32 [DiscoveryClient-CacheRefreshExecutor-0] DEBUG o.s.web.client.RestTemplate - Reading to [org.springframework.cloud.netflix.eureka.http.EurekaApplications]
2025-07-11 13:46:32 [DiscoveryClient-HeartbeatExecutor-0] DEBUG o.s.web.client.RestTemplate - HTTP PUT http://localhost:8081/eureka/apps/USERS-SERVICE/192.168.49.16:users-service:8082?status=UP&lastDirtyTimestamp=1752259352102
2025-07-11 13:46:32 [DiscoveryClient-HeartbeatExecutor-0] DEBUG o.s.web.client.RestTemplate - Accept=[application/json, application/*+json]
2025-07-11 13:46:32 [DiscoveryClient-HeartbeatExecutor-0] DEBUG o.s.web.client.RestTemplate - Response 200 OK
2025-07-11 13:47:02 [DiscoveryClient-CacheRefreshExecutor-0] DEBUG o.s.web.client.RestTemplate - HTTP GET http://localhost:8081/eureka/apps/delta
2025-07-11 13:47:02 [DiscoveryClient-CacheRefreshExecutor-0] DEBUG o.s.web.client.RestTemplate - Accept=[application/json, application/*+json]
2025-07-11 13:47:02 [DiscoveryClient-CacheRefreshExecutor-0] DEBUG o.s.web.client.RestTemplate - Response 200 OK
2025-07-11 13:47:02 [DiscoveryClient-CacheRefreshExecutor-0] DEBUG o.s.web.client.RestTemplate - Reading to [org.springframework.cloud.netflix.eureka.http.EurekaApplications]
2025-07-11 13:47:02 [DiscoveryClient-HeartbeatExecutor-0] DEBUG o.s.web.client.RestTemplate - HTTP PUT http://localhost:8081/eureka/apps/USERS-SERVICE/192.168.49.16:users-service:8082?status=UP&lastDirtyTimestamp=1752259352102
2025-07-11 13:47:02 [DiscoveryClient-HeartbeatExecutor-0] DEBUG o.s.web.client.RestTemplate - Accept=[application/json, application/*+json]
2025-07-11 13:47:02 [DiscoveryClient-HeartbeatExecutor-0] DEBUG o.s.web.client.RestTemplate - Response 200 OK
2025-07-11 13:47:31 [AsyncResolver-bootstrap-executor-0] INFO  c.n.d.s.r.aws.ConfigClusterResolver - Resolving eureka endpoints via configuration
2025-07-11 13:47:32 [DiscoveryClient-CacheRefreshExecutor-0] DEBUG o.s.web.client.RestTemplate - HTTP GET http://localhost:8081/eureka/apps/delta
2025-07-11 13:47:32 [DiscoveryClient-CacheRefreshExecutor-0] DEBUG o.s.web.client.RestTemplate - Accept=[application/json, application/*+json]
2025-07-11 13:47:32 [DiscoveryClient-CacheRefreshExecutor-0] DEBUG o.s.web.client.RestTemplate - Response 200 OK
2025-07-11 13:47:32 [DiscoveryClient-CacheRefreshExecutor-0] DEBUG o.s.web.client.RestTemplate - Reading to [org.springframework.cloud.netflix.eureka.http.EurekaApplications]
2025-07-11 13:47:32 [DiscoveryClient-HeartbeatExecutor-0] DEBUG o.s.web.client.RestTemplate - HTTP PUT http://localhost:8081/eureka/apps/USERS-SERVICE/192.168.49.16:users-service:8082?status=UP&lastDirtyTimestamp=1752259352102
2025-07-11 13:47:32 [DiscoveryClient-HeartbeatExecutor-0] DEBUG o.s.web.client.RestTemplate - Accept=[application/json, application/*+json]
2025-07-11 13:47:32 [DiscoveryClient-HeartbeatExecutor-0] DEBUG o.s.web.client.RestTemplate - Response 200 OK
2025-07-11 13:48:02 [DiscoveryClient-CacheRefreshExecutor-0] DEBUG o.s.web.client.RestTemplate - HTTP GET http://localhost:8081/eureka/apps/delta
2025-07-11 13:48:02 [DiscoveryClient-CacheRefreshExecutor-0] DEBUG o.s.web.client.RestTemplate - Accept=[application/json, application/*+json]
2025-07-11 13:48:02 [DiscoveryClient-CacheRefreshExecutor-0] DEBUG o.s.web.client.RestTemplate - Response 200 OK
2025-07-11 13:48:02 [DiscoveryClient-CacheRefreshExecutor-0] DEBUG o.s.web.client.RestTemplate - Reading to [org.springframework.cloud.netflix.eureka.http.EurekaApplications]
2025-07-11 13:48:02 [DiscoveryClient-HeartbeatExecutor-0] DEBUG o.s.web.client.RestTemplate - HTTP PUT http://localhost:8081/eureka/apps/USERS-SERVICE/192.168.49.16:users-service:8082?status=UP&lastDirtyTimestamp=1752259352102
2025-07-11 13:48:02 [DiscoveryClient-HeartbeatExecutor-0] DEBUG o.s.web.client.RestTemplate - Accept=[application/json, application/*+json]
2025-07-11 13:48:02 [DiscoveryClient-HeartbeatExecutor-0] DEBUG o.s.web.client.RestTemplate - Response 200 OK
2025-07-11 13:48:32 [DiscoveryClient-CacheRefreshExecutor-0] DEBUG o.s.web.client.RestTemplate - HTTP GET http://localhost:8081/eureka/apps/delta
2025-07-11 13:48:32 [DiscoveryClient-CacheRefreshExecutor-0] DEBUG o.s.web.client.RestTemplate - Accept=[application/json, application/*+json]
2025-07-11 13:48:32 [DiscoveryClient-CacheRefreshExecutor-0] DEBUG o.s.web.client.RestTemplate - Response 200 OK
2025-07-11 13:48:32 [DiscoveryClient-CacheRefreshExecutor-0] DEBUG o.s.web.client.RestTemplate - Reading to [org.springframework.cloud.netflix.eureka.http.EurekaApplications]
2025-07-11 13:48:32 [DiscoveryClient-HeartbeatExecutor-0] DEBUG o.s.web.client.RestTemplate - HTTP PUT http://localhost:8081/eureka/apps/USERS-SERVICE/192.168.49.16:users-service:8082?status=UP&lastDirtyTimestamp=1752259352102
2025-07-11 13:48:32 [DiscoveryClient-HeartbeatExecutor-0] DEBUG o.s.web.client.RestTemplate - Accept=[application/json, application/*+json]
2025-07-11 13:48:32 [DiscoveryClient-HeartbeatExecutor-0] DEBUG o.s.web.client.RestTemplate - Response 200 OK
2025-07-11 13:49:02 [DiscoveryClient-CacheRefreshExecutor-0] DEBUG o.s.web.client.RestTemplate - HTTP GET http://localhost:8081/eureka/apps/delta
2025-07-11 13:49:02 [DiscoveryClient-CacheRefreshExecutor-0] DEBUG o.s.web.client.RestTemplate - Accept=[application/json, application/*+json]
2025-07-11 13:49:02 [DiscoveryClient-CacheRefreshExecutor-0] DEBUG o.s.web.client.RestTemplate - Response 200 OK
2025-07-11 13:49:02 [DiscoveryClient-CacheRefreshExecutor-0] DEBUG o.s.web.client.RestTemplate - Reading to [org.springframework.cloud.netflix.eureka.http.EurekaApplications]
2025-07-11 13:49:02 [DiscoveryClient-HeartbeatExecutor-0] DEBUG o.s.web.client.RestTemplate - HTTP PUT http://localhost:8081/eureka/apps/USERS-SERVICE/192.168.49.16:users-service:8082?status=UP&lastDirtyTimestamp=1752259352102
2025-07-11 13:49:02 [DiscoveryClient-HeartbeatExecutor-0] DEBUG o.s.web.client.RestTemplate - Accept=[application/json, application/*+json]
2025-07-11 13:49:02 [DiscoveryClient-HeartbeatExecutor-0] DEBUG o.s.web.client.RestTemplate - Response 200 OK
2025-07-11 13:49:32 [DiscoveryClient-CacheRefreshExecutor-0] DEBUG o.s.web.client.RestTemplate - HTTP GET http://localhost:8081/eureka/apps/delta
2025-07-11 13:49:32 [DiscoveryClient-CacheRefreshExecutor-0] DEBUG o.s.web.client.RestTemplate - Accept=[application/json, application/*+json]
2025-07-11 13:49:32 [DiscoveryClient-CacheRefreshExecutor-0] DEBUG o.s.web.client.RestTemplate - Response 200 OK
2025-07-11 13:49:32 [DiscoveryClient-CacheRefreshExecutor-0] DEBUG o.s.web.client.RestTemplate - Reading to [org.springframework.cloud.netflix.eureka.http.EurekaApplications]
2025-07-11 13:49:32 [DiscoveryClient-HeartbeatExecutor-0] DEBUG o.s.web.client.RestTemplate - HTTP PUT http://localhost:8081/eureka/apps/USERS-SERVICE/192.168.49.16:users-service:8082?status=UP&lastDirtyTimestamp=1752259352102
2025-07-11 13:49:32 [DiscoveryClient-HeartbeatExecutor-0] DEBUG o.s.web.client.RestTemplate - Accept=[application/json, application/*+json]
2025-07-11 13:49:32 [DiscoveryClient-HeartbeatExecutor-0] DEBUG o.s.web.client.RestTemplate - Response 200 OK
2025-07-11 13:50:02 [DiscoveryClient-CacheRefreshExecutor-0] DEBUG o.s.web.client.RestTemplate - HTTP GET http://localhost:8081/eureka/apps/delta
2025-07-11 13:50:02 [DiscoveryClient-CacheRefreshExecutor-0] DEBUG o.s.web.client.RestTemplate - Accept=[application/json, application/*+json]
2025-07-11 13:50:02 [DiscoveryClient-CacheRefreshExecutor-0] DEBUG o.s.web.client.RestTemplate - Response 200 OK
2025-07-11 13:50:02 [DiscoveryClient-CacheRefreshExecutor-0] DEBUG o.s.web.client.RestTemplate - Reading to [org.springframework.cloud.netflix.eureka.http.EurekaApplications]
2025-07-11 13:50:02 [DiscoveryClient-HeartbeatExecutor-0] DEBUG o.s.web.client.RestTemplate - HTTP PUT http://localhost:8081/eureka/apps/USERS-SERVICE/192.168.49.16:users-service:8082?status=UP&lastDirtyTimestamp=1752259352102
2025-07-11 13:50:02 [DiscoveryClient-HeartbeatExecutor-0] DEBUG o.s.web.client.RestTemplate - Accept=[application/json, application/*+json]
2025-07-11 13:50:02 [DiscoveryClient-HeartbeatExecutor-0] DEBUG o.s.web.client.RestTemplate - Response 200 OK
2025-07-11 13:50:08 [SpringApplicationShutdownHook] INFO  c.netflix.discovery.DiscoveryClient - Saw local status change event StatusChangeEvent [timestamp=1752259808982, current=DOWN, previous=UP]
2025-07-11 13:50:08 [DiscoveryClient-InstanceInfoReplicator-0] INFO  c.netflix.discovery.DiscoveryClient - DiscoveryClient_USERS-SERVICE/192.168.49.16:users-service:8082: registering service...
2025-07-11 13:50:08 [DiscoveryClient-InstanceInfoReplicator-0] DEBUG o.s.web.client.RestTemplate - HTTP POST http://localhost:8081/eureka/apps/USERS-SERVICE
2025-07-11 13:50:08 [DiscoveryClient-InstanceInfoReplicator-0] DEBUG o.s.web.client.RestTemplate - Accept=[application/json, application/*+json]
2025-07-11 13:50:08 [DiscoveryClient-InstanceInfoReplicator-0] DEBUG o.s.web.client.RestTemplate - Writing [InstanceInfo [instanceId = 192.168.49.16:users-service:8082, appName = USERS-SERVICE, hostName = 192.168.49.16, status = DOWN, ipAddr = 192.168.49.16, port = 8082, securePort = 443, dataCenterInfo = com.netflix.appinfo.MyDataCenterInfo@78d2a223] as "application/json"
2025-07-11 13:50:08 [DiscoveryClient-InstanceInfoReplicator-0] DEBUG o.s.web.client.RestTemplate - Response 204 NO_CONTENT
2025-07-11 13:50:08 [DiscoveryClient-InstanceInfoReplicator-0] INFO  c.netflix.discovery.DiscoveryClient - DiscoveryClient_USERS-SERVICE/192.168.49.16:users-service:8082 - registration status: 204
2025-07-11 13:50:09 [AsyncReporter{org.springframework.boot.actuate.autoconfigure.tracing.zipkin.ZipkinWebClientSender@42731a50}] DEBUG o.s.w.r.f.client.ExchangeFunctions - [62cfbdcc] HTTP POST http://localhost:9411/api/v2/spans%20
2025-07-11 13:50:09 [SpringApplicationShutdownHook] INFO  c.netflix.discovery.DiscoveryClient - Shutting down DiscoveryClient ...
2025-07-11 13:50:12 [SpringApplicationShutdownHook] INFO  c.netflix.discovery.DiscoveryClient - Unregistering ...
2025-07-11 13:50:12 [SpringApplicationShutdownHook] DEBUG o.s.web.client.RestTemplate - HTTP DELETE http://localhost:8081/eureka/apps/USERS-SERVICE/192.168.49.16:users-service:8082
2025-07-11 13:50:12 [SpringApplicationShutdownHook] DEBUG o.s.web.client.RestTemplate - Accept=[application/json, application/*+json]
2025-07-11 13:50:12 [SpringApplicationShutdownHook] INFO  c.n.d.s.t.d.RedirectingEurekaHttpClient - Request execution error. endpoint=DefaultEndpoint{ serviceUrl='http://localhost:8081/eureka/} exception=I/O error on DELETE request for "http://localhost:8081/eureka/apps/USERS-SERVICE/192.168.49.16:users-service:8082": Connect to http://localhost:8081 [localhost/127.0.0.1, localhost/0:0:0:0:0:0:0:1] failed: Conexión rehusada stacktrace=org.springframework.web.client.ResourceAccessException: I/O error on DELETE request for "http://localhost:8081/eureka/apps/USERS-SERVICE/192.168.49.16:users-service:8082": Connect to http://localhost:8081 [localhost/127.0.0.1, localhost/0:0:0:0:0:0:0:1] failed: Conexión rehusada
	at org.springframework.web.client.RestTemplate.createResourceAccessException(RestTemplate.java:915)
	at org.springframework.web.client.RestTemplate.doExecute(RestTemplate.java:895)
	at org.springframework.web.client.RestTemplate.execute(RestTemplate.java:790)
	at org.springframework.web.client.RestTemplate.exchange(RestTemplate.java:672)
	at org.springframework.cloud.netflix.eureka.http.RestTemplateEurekaHttpClient.cancel(RestTemplateEurekaHttpClient.java:87)
	at com.netflix.discovery.shared.transport.decorator.EurekaHttpClientDecorator$2.execute(EurekaHttpClientDecorator.java:74)
	at com.netflix.discovery.shared.transport.decorator.RedirectingEurekaHttpClient.execute(RedirectingEurekaHttpClient.java:91)
	at com.netflix.discovery.shared.transport.decorator.EurekaHttpClientDecorator.cancel(EurekaHttpClientDecorator.java:71)
	at com.netflix.discovery.shared.transport.decorator.EurekaHttpClientDecorator$2.execute(EurekaHttpClientDecorator.java:74)
	at com.netflix.discovery.shared.transport.decorator.RetryableEurekaHttpClient.execute(RetryableEurekaHttpClient.java:120)
	at com.netflix.discovery.shared.transport.decorator.EurekaHttpClientDecorator.cancel(EurekaHttpClientDecorator.java:71)
	at com.netflix.discovery.shared.transport.decorator.EurekaHttpClientDecorator$2.execute(EurekaHttpClientDecorator.java:74)
	at com.netflix.discovery.shared.transport.decorator.SessionedEurekaHttpClient.execute(SessionedEurekaHttpClient.java:77)
	at com.netflix.discovery.shared.transport.decorator.EurekaHttpClientDecorator.cancel(EurekaHttpClientDecorator.java:71)
	at com.netflix.discovery.DiscoveryClient.unregister(DiscoveryClient.java:916)
	at com.netflix.discovery.DiscoveryClient.shutdown(DiscoveryClient.java:892)
	at java.base/jdk.internal.reflect.NativeMethodAccessorImpl.invoke0(Native Method)
	at java.base/jdk.internal.reflect.NativeMethodAccessorImpl.invoke(NativeMethodAccessorImpl.java:77)
	at java.base/jdk.internal.reflect.DelegatingMethodAccessorImpl.invoke(DelegatingMethodAccessorImpl.java:43)
	at java.base/java.lang.reflect.Method.invoke(Method.java:569)
	at org.springframework.beans.factory.annotation.InitDestroyAnnotationBeanPostProcessor$LifecycleMethod.invoke(InitDestroyAnnotationBeanPostProcessor.java:457)
	at org.springframework.beans.factory.annotation.InitDestroyAnnotationBeanPostProcessor$LifecycleMetadata.invokeDestroyMethods(InitDestroyAnnotationBeanPostProcessor.java:415)
	at org.springframework.beans.factory.annotation.InitDestroyAnnotationBeanPostProcessor.postProcessBeforeDestruction(InitDestroyAnnotationBeanPostProcessor.java:239)
	at org.springframework.beans.factory.support.DisposableBeanAdapter.destroy(DisposableBeanAdapter.java:202)
	at org.springframework.beans.factory.support.DisposableBeanAdapter.run(DisposableBeanAdapter.java:195)
	at org.springframework.cloud.context.scope.GenericScope$BeanLifecycleWrapper.destroy(GenericScope.java:389)
	at org.springframework.cloud.context.scope.GenericScope.destroy(GenericScope.java:136)
	at org.springframework.beans.factory.support.DisposableBeanAdapter.destroy(DisposableBeanAdapter.java:211)
	at org.springframework.beans.factory.support.DefaultSingletonBeanRegistry.destroyBean(DefaultSingletonBeanRegistry.java:587)
	at org.springframework.beans.factory.support.DefaultSingletonBeanRegistry.destroySingleton(DefaultSingletonBeanRegistry.java:559)
	at org.springframework.beans.factory.support.DefaultListableBeanFactory.destroySingleton(DefaultListableBeanFactory.java:1202)
	at org.springframework.beans.factory.support.DefaultSingletonBeanRegistry.destroySingletons(DefaultSingletonBeanRegistry.java:520)
	at org.springframework.beans.factory.support.DefaultListableBeanFactory.destroySingletons(DefaultListableBeanFactory.java:1195)
	at org.springframework.context.support.AbstractApplicationContext.destroyBeans(AbstractApplicationContext.java:1183)
	at org.springframework.context.support.AbstractApplicationContext.doClose(AbstractApplicationContext.java:1144)
	at org.springframework.boot.web.servlet.context.ServletWebServerApplicationContext.doClose(ServletWebServerApplicationContext.java:174)
	at org.springframework.context.support.AbstractApplicationContext.close(AbstractApplicationContext.java:1090)
	at org.springframework.boot.SpringApplicationShutdownHook.closeAndWait(SpringApplicationShutdownHook.java:145)
	at java.base/java.lang.Iterable.forEach(Iterable.java:75)
	at org.springframework.boot.SpringApplicationShutdownHook.run(SpringApplicationShutdownHook.java:114)
	at java.base/java.lang.Thread.run(Thread.java:840)
Caused by: org.apache.hc.client5.http.HttpHostConnectException: Connect to http://localhost:8081 [localhost/127.0.0.1, localhost/0:0:0:0:0:0:0:1] failed: Conexión rehusada
	at java.base/sun.nio.ch.Net.pollConnect(Native Method)
	at java.base/sun.nio.ch.Net.pollConnectNow(Net.java:672)
	at java.base/sun.nio.ch.NioSocketImpl.timedFinishConnect(NioSocketImpl.java:547)
	at java.base/sun.nio.ch.NioSocketImpl.connect(NioSocketImpl.java:602)
	at java.base/java.net.SocksSocketImpl.connect(SocksSocketImpl.java:327)
	at java.base/java.net.Socket.connect(Socket.java:633)
	at org.apache.hc.client5.http.socket.PlainConnectionSocketFactory.lambda$connectSocket$0(PlainConnectionSocketFactory.java:91)
	at java.base/java.security.AccessController.doPrivileged(AccessController.java:569)
	at org.apache.hc.client5.http.socket.PlainConnectionSocketFactory.connectSocket(PlainConnectionSocketFactory.java:90)
	at org.apache.hc.client5.http.socket.ConnectionSocketFactory.connectSocket(ConnectionSocketFactory.java:123)
	at org.apache.hc.client5.http.impl.io.DefaultHttpClientConnectionOperator.connect(DefaultHttpClientConnectionOperator.java:184)
	at org.apache.hc.client5.http.impl.io.PoolingHttpClientConnectionManager.connect(PoolingHttpClientConnectionManager.java:447)
	at org.apache.hc.client5.http.impl.classic.InternalExecRuntime.connectEndpoint(InternalExecRuntime.java:162)
	at org.apache.hc.client5.http.impl.classic.InternalExecRuntime.connectEndpoint(InternalExecRuntime.java:172)
	at org.apache.hc.client5.http.impl.classic.ConnectExec.execute(ConnectExec.java:142)
	at org.apache.hc.client5.http.impl.classic.ExecChainElement.execute(ExecChainElement.java:51)
	at org.apache.hc.client5.http.impl.classic.ProtocolExec.execute(ProtocolExec.java:192)
	at org.apache.hc.client5.http.impl.classic.ExecChainElement.execute(ExecChainElement.java:51)
	at org.apache.hc.client5.http.impl.classic.HttpRequestRetryExec.execute(HttpRequestRetryExec.java:96)
	at org.apache.hc.client5.http.impl.classic.ExecChainElement.execute(ExecChainElement.java:51)
	at org.apache.hc.client5.http.impl.classic.ContentCompressionExec.execute(ContentCompressionExec.java:152)
	at org.apache.hc.client5.http.impl.classic.ExecChainElement.execute(ExecChainElement.java:51)
	at org.apache.hc.client5.http.impl.classic.RedirectExec.execute(RedirectExec.java:115)
	at org.apache.hc.client5.http.impl.classic.ExecChainElement.execute(ExecChainElement.java:51)
	at org.apache.hc.client5.http.impl.classic.InternalHttpClient.doExecute(InternalHttpClient.java:170)
	at org.apache.hc.client5.http.impl.classic.CloseableHttpClient.execute(CloseableHttpClient.java:87)
	at org.apache.hc.client5.http.impl.classic.CloseableHttpClient.execute(CloseableHttpClient.java:55)
	at org.apache.hc.client5.http.classic.HttpClient.executeOpen(HttpClient.java:183)
	at org.springframework.http.client.HttpComponentsClientHttpRequest.executeInternal(HttpComponentsClientHttpRequest.java:95)
	at org.springframework.http.client.AbstractStreamingClientHttpRequest.executeInternal(AbstractStreamingClientHttpRequest.java:70)
	at org.springframework.http.client.AbstractClientHttpRequest.execute(AbstractClientHttpRequest.java:66)
	at org.springframework.http.client.InterceptingClientHttpRequest$InterceptingRequestExecution.execute(InterceptingClientHttpRequest.java:112)
	at org.springframework.cloud.netflix.eureka.http.RestTemplateTransportClientFactory.lambda$restTemplate$0(RestTemplateTransportClientFactory.java:143)
	at org.springframework.http.client.InterceptingClientHttpRequest$InterceptingRequestExecution.execute(InterceptingClientHttpRequest.java:88)
	at org.springframework.http.client.InterceptingClientHttpRequest.executeInternal(InterceptingClientHttpRequest.java:72)
	at org.springframework.http.client.AbstractBufferingClientHttpRequest.executeInternal(AbstractBufferingClientHttpRequest.java:48)
	at org.springframework.http.client.AbstractClientHttpRequest.execute(AbstractClientHttpRequest.java:66)
	at org.springframework.web.client.RestTemplate.doExecute(RestTemplate.java:889)
	... 39 more

2025-07-11 13:50:12 [SpringApplicationShutdownHook] WARN  c.n.d.s.t.d.RetryableEurekaHttpClient - Request execution failed with message: I/O error on DELETE request for "http://localhost:8081/eureka/apps/USERS-SERVICE/192.168.49.16:users-service:8082": Connect to http://localhost:8081 [localhost/127.0.0.1, localhost/0:0:0:0:0:0:0:1] failed: Conexión rehusada
2025-07-11 13:50:12 [SpringApplicationShutdownHook] DEBUG o.s.web.client.RestTemplate - HTTP DELETE http://localhost:8081/eureka/apps/USERS-SERVICE/192.168.49.16:users-service:8082
2025-07-11 13:50:12 [SpringApplicationShutdownHook] DEBUG o.s.web.client.RestTemplate - Accept=[application/json, application/*+json]
2025-07-11 13:50:12 [SpringApplicationShutdownHook] INFO  c.n.d.s.t.d.RedirectingEurekaHttpClient - Request execution error. endpoint=DefaultEndpoint{ serviceUrl='http://localhost:8081/eureka/}, exception=I/O error on DELETE request for "http://localhost:8081/eureka/apps/USERS-SERVICE/192.168.49.16:users-service:8082": Connect to http://localhost:8081 [localhost/127.0.0.1, localhost/0:0:0:0:0:0:0:1] failed: Conexión rehusada stacktrace=org.springframework.web.client.ResourceAccessException: I/O error on DELETE request for "http://localhost:8081/eureka/apps/USERS-SERVICE/192.168.49.16:users-service:8082": Connect to http://localhost:8081 [localhost/127.0.0.1, localhost/0:0:0:0:0:0:0:1] failed: Conexión rehusada
	at org.springframework.web.client.RestTemplate.createResourceAccessException(RestTemplate.java:915)
	at org.springframework.web.client.RestTemplate.doExecute(RestTemplate.java:895)
	at org.springframework.web.client.RestTemplate.execute(RestTemplate.java:790)
	at org.springframework.web.client.RestTemplate.exchange(RestTemplate.java:672)
	at org.springframework.cloud.netflix.eureka.http.RestTemplateEurekaHttpClient.cancel(RestTemplateEurekaHttpClient.java:87)
	at com.netflix.discovery.shared.transport.decorator.EurekaHttpClientDecorator$2.execute(EurekaHttpClientDecorator.java:74)
	at com.netflix.discovery.shared.transport.decorator.RedirectingEurekaHttpClient.executeOnNewServer(RedirectingEurekaHttpClient.java:121)
	at com.netflix.discovery.shared.transport.decorator.RedirectingEurekaHttpClient.execute(RedirectingEurekaHttpClient.java:80)
	at com.netflix.discovery.shared.transport.decorator.EurekaHttpClientDecorator.cancel(EurekaHttpClientDecorator.java:71)
	at com.netflix.discovery.shared.transport.decorator.EurekaHttpClientDecorator$2.execute(EurekaHttpClientDecorator.java:74)
	at com.netflix.discovery.shared.transport.decorator.RetryableEurekaHttpClient.execute(RetryableEurekaHttpClient.java:120)
	at com.netflix.discovery.shared.transport.decorator.EurekaHttpClientDecorator.cancel(EurekaHttpClientDecorator.java:71)
	at com.netflix.discovery.shared.transport.decorator.EurekaHttpClientDecorator$2.execute(EurekaHttpClientDecorator.java:74)
	at com.netflix.discovery.shared.transport.decorator.SessionedEurekaHttpClient.execute(SessionedEurekaHttpClient.java:77)
	at com.netflix.discovery.shared.transport.decorator.EurekaHttpClientDecorator.cancel(EurekaHttpClientDecorator.java:71)
	at com.netflix.discovery.DiscoveryClient.unregister(DiscoveryClient.java:916)
	at com.netflix.discovery.DiscoveryClient.shutdown(DiscoveryClient.java:892)
	at java.base/jdk.internal.reflect.NativeMethodAccessorImpl.invoke0(Native Method)
	at java.base/jdk.internal.reflect.NativeMethodAccessorImpl.invoke(NativeMethodAccessorImpl.java:77)
	at java.base/jdk.internal.reflect.DelegatingMethodAccessorImpl.invoke(DelegatingMethodAccessorImpl.java:43)
	at java.base/java.lang.reflect.Method.invoke(Method.java:569)
	at org.springframework.beans.factory.annotation.InitDestroyAnnotationBeanPostProcessor$LifecycleMethod.invoke(InitDestroyAnnotationBeanPostProcessor.java:457)
	at org.springframework.beans.factory.annotation.InitDestroyAnnotationBeanPostProcessor$LifecycleMetadata.invokeDestroyMethods(InitDestroyAnnotationBeanPostProcessor.java:415)
	at org.springframework.beans.factory.annotation.InitDestroyAnnotationBeanPostProcessor.postProcessBeforeDestruction(InitDestroyAnnotationBeanPostProcessor.java:239)
	at org.springframework.beans.factory.support.DisposableBeanAdapter.destroy(DisposableBeanAdapter.java:202)
	at org.springframework.beans.factory.support.DisposableBeanAdapter.run(DisposableBeanAdapter.java:195)
	at org.springframework.cloud.context.scope.GenericScope$BeanLifecycleWrapper.destroy(GenericScope.java:389)
	at org.springframework.cloud.context.scope.GenericScope.destroy(GenericScope.java:136)
	at org.springframework.beans.factory.support.DisposableBeanAdapter.destroy(DisposableBeanAdapter.java:211)
	at org.springframework.beans.factory.support.DefaultSingletonBeanRegistry.destroyBean(DefaultSingletonBeanRegistry.java:587)
	at org.springframework.beans.factory.support.DefaultSingletonBeanRegistry.destroySingleton(DefaultSingletonBeanRegistry.java:559)
	at org.springframework.beans.factory.support.DefaultListableBeanFactory.destroySingleton(DefaultListableBeanFactory.java:1202)
	at org.springframework.beans.factory.support.DefaultSingletonBeanRegistry.destroySingletons(DefaultSingletonBeanRegistry.java:520)
	at org.springframework.beans.factory.support.DefaultListableBeanFactory.destroySingletons(DefaultListableBeanFactory.java:1195)
	at org.springframework.context.support.AbstractApplicationContext.destroyBeans(AbstractApplicationContext.java:1183)
	at org.springframework.context.support.AbstractApplicationContext.doClose(AbstractApplicationContext.java:1144)
	at org.springframework.boot.web.servlet.context.ServletWebServerApplicationContext.doClose(ServletWebServerApplicationContext.java:174)
	at org.springframework.context.support.AbstractApplicationContext.close(AbstractApplicationContext.java:1090)
	at org.springframework.boot.SpringApplicationShutdownHook.closeAndWait(SpringApplicationShutdownHook.java:145)
	at java.base/java.lang.Iterable.forEach(Iterable.java:75)
	at org.springframework.boot.SpringApplicationShutdownHook.run(SpringApplicationShutdownHook.java:114)
	at java.base/java.lang.Thread.run(Thread.java:840)
Caused by: org.apache.hc.client5.http.HttpHostConnectException: Connect to http://localhost:8081 [localhost/127.0.0.1, localhost/0:0:0:0:0:0:0:1] failed: Conexión rehusada
	at java.base/sun.nio.ch.Net.pollConnect(Native Method)
	at java.base/sun.nio.ch.Net.pollConnectNow(Net.java:672)
	at java.base/sun.nio.ch.NioSocketImpl.timedFinishConnect(NioSocketImpl.java:547)
	at java.base/sun.nio.ch.NioSocketImpl.connect(NioSocketImpl.java:602)
	at java.base/java.net.SocksSocketImpl.connect(SocksSocketImpl.java:327)
	at java.base/java.net.Socket.connect(Socket.java:633)
	at org.apache.hc.client5.http.socket.PlainConnectionSocketFactory.lambda$connectSocket$0(PlainConnectionSocketFactory.java:91)
	at java.base/java.security.AccessController.doPrivileged(AccessController.java:569)
	at org.apache.hc.client5.http.socket.PlainConnectionSocketFactory.connectSocket(PlainConnectionSocketFactory.java:90)
	at org.apache.hc.client5.http.socket.ConnectionSocketFactory.connectSocket(ConnectionSocketFactory.java:123)
	at org.apache.hc.client5.http.impl.io.DefaultHttpClientConnectionOperator.connect(DefaultHttpClientConnectionOperator.java:184)
	at org.apache.hc.client5.http.impl.io.PoolingHttpClientConnectionManager.connect(PoolingHttpClientConnectionManager.java:447)
	at org.apache.hc.client5.http.impl.classic.InternalExecRuntime.connectEndpoint(InternalExecRuntime.java:162)
	at org.apache.hc.client5.http.impl.classic.InternalExecRuntime.connectEndpoint(InternalExecRuntime.java:172)
	at org.apache.hc.client5.http.impl.classic.ConnectExec.execute(ConnectExec.java:142)
	at org.apache.hc.client5.http.impl.classic.ExecChainElement.execute(ExecChainElement.java:51)
	at org.apache.hc.client5.http.impl.classic.ProtocolExec.execute(ProtocolExec.java:192)
	at org.apache.hc.client5.http.impl.classic.ExecChainElement.execute(ExecChainElement.java:51)
	at org.apache.hc.client5.http.impl.classic.HttpRequestRetryExec.execute(HttpRequestRetryExec.java:96)
	at org.apache.hc.client5.http.impl.classic.ExecChainElement.execute(ExecChainElement.java:51)
	at org.apache.hc.client5.http.impl.classic.ContentCompressionExec.execute(ContentCompressionExec.java:152)
	at org.apache.hc.client5.http.impl.classic.ExecChainElement.execute(ExecChainElement.java:51)
	at org.apache.hc.client5.http.impl.classic.RedirectExec.execute(RedirectExec.java:115)
	at org.apache.hc.client5.http.impl.classic.ExecChainElement.execute(ExecChainElement.java:51)
	at org.apache.hc.client5.http.impl.classic.InternalHttpClient.doExecute(InternalHttpClient.java:170)
	at org.apache.hc.client5.http.impl.classic.CloseableHttpClient.execute(CloseableHttpClient.java:87)
	at org.apache.hc.client5.http.impl.classic.CloseableHttpClient.execute(CloseableHttpClient.java:55)
	at org.apache.hc.client5.http.classic.HttpClient.executeOpen(HttpClient.java:183)
	at org.springframework.http.client.HttpComponentsClientHttpRequest.executeInternal(HttpComponentsClientHttpRequest.java:95)
	at org.springframework.http.client.AbstractStreamingClientHttpRequest.executeInternal(AbstractStreamingClientHttpRequest.java:70)
	at org.springframework.http.client.AbstractClientHttpRequest.execute(AbstractClientHttpRequest.java:66)
	at org.springframework.http.client.InterceptingClientHttpRequest$InterceptingRequestExecution.execute(InterceptingClientHttpRequest.java:112)
	at org.springframework.cloud.netflix.eureka.http.RestTemplateTransportClientFactory.lambda$restTemplate$0(RestTemplateTransportClientFactory.java:143)
	at org.springframework.http.client.InterceptingClientHttpRequest$InterceptingRequestExecution.execute(InterceptingClientHttpRequest.java:88)
	at org.springframework.http.client.InterceptingClientHttpRequest.executeInternal(InterceptingClientHttpRequest.java:72)
	at org.springframework.http.client.AbstractBufferingClientHttpRequest.executeInternal(AbstractBufferingClientHttpRequest.java:48)
	at org.springframework.http.client.AbstractClientHttpRequest.execute(AbstractClientHttpRequest.java:66)
	at org.springframework.web.client.RestTemplate.doExecute(RestTemplate.java:889)
	... 40 more

2025-07-11 13:50:12 [SpringApplicationShutdownHook] WARN  c.n.d.s.t.d.RetryableEurekaHttpClient - Request execution failed with message: I/O error on DELETE request for "http://localhost:8081/eureka/apps/USERS-SERVICE/192.168.49.16:users-service:8082": Connect to http://localhost:8081 [localhost/127.0.0.1, localhost/0:0:0:0:0:0:0:1] failed: Conexión rehusada
2025-07-11 13:50:12 [SpringApplicationShutdownHook] ERROR c.netflix.discovery.DiscoveryClient - DiscoveryClient_USERS-SERVICE/192.168.49.16:users-service:8082 - de-registration failedCannot execute request on any known server
com.netflix.discovery.shared.transport.TransportException: Cannot execute request on any known server
	at com.netflix.discovery.shared.transport.decorator.RetryableEurekaHttpClient.execute(RetryableEurekaHttpClient.java:112)
	at com.netflix.discovery.shared.transport.decorator.EurekaHttpClientDecorator.cancel(EurekaHttpClientDecorator.java:71)
	at com.netflix.discovery.shared.transport.decorator.EurekaHttpClientDecorator$2.execute(EurekaHttpClientDecorator.java:74)
	at com.netflix.discovery.shared.transport.decorator.SessionedEurekaHttpClient.execute(SessionedEurekaHttpClient.java:77)
	at com.netflix.discovery.shared.transport.decorator.EurekaHttpClientDecorator.cancel(EurekaHttpClientDecorator.java:71)
	at com.netflix.discovery.DiscoveryClient.unregister(DiscoveryClient.java:916)
	at com.netflix.discovery.DiscoveryClient.shutdown(DiscoveryClient.java:892)
	at java.base/jdk.internal.reflect.NativeMethodAccessorImpl.invoke0(Native Method)
	at java.base/jdk.internal.reflect.NativeMethodAccessorImpl.invoke(NativeMethodAccessorImpl.java:77)
	at java.base/jdk.internal.reflect.DelegatingMethodAccessorImpl.invoke(DelegatingMethodAccessorImpl.java:43)
	at java.base/java.lang.reflect.Method.invoke(Method.java:569)
	at org.springframework.beans.factory.annotation.InitDestroyAnnotationBeanPostProcessor$LifecycleMethod.invoke(InitDestroyAnnotationBeanPostProcessor.java:457)
	at org.springframework.beans.factory.annotation.InitDestroyAnnotationBeanPostProcessor$LifecycleMetadata.invokeDestroyMethods(InitDestroyAnnotationBeanPostProcessor.java:415)
	at org.springframework.beans.factory.annotation.InitDestroyAnnotationBeanPostProcessor.postProcessBeforeDestruction(InitDestroyAnnotationBeanPostProcessor.java:239)
	at org.springframework.beans.factory.support.DisposableBeanAdapter.destroy(DisposableBeanAdapter.java:202)
	at org.springframework.beans.factory.support.DisposableBeanAdapter.run(DisposableBeanAdapter.java:195)
	at org.springframework.cloud.context.scope.GenericScope$BeanLifecycleWrapper.destroy(GenericScope.java:389)
	at org.springframework.cloud.context.scope.GenericScope.destroy(GenericScope.java:136)
	at org.springframework.beans.factory.support.DisposableBeanAdapter.destroy(DisposableBeanAdapter.java:211)
	at org.springframework.beans.factory.support.DefaultSingletonBeanRegistry.destroyBean(DefaultSingletonBeanRegistry.java:587)
	at org.springframework.beans.factory.support.DefaultSingletonBeanRegistry.destroySingleton(DefaultSingletonBeanRegistry.java:559)
	at org.springframework.beans.factory.support.DefaultListableBeanFactory.destroySingleton(DefaultListableBeanFactory.java:1202)
	at org.springframework.beans.factory.support.DefaultSingletonBeanRegistry.destroySingletons(DefaultSingletonBeanRegistry.java:520)
	at org.springframework.beans.factory.support.DefaultListableBeanFactory.destroySingletons(DefaultListableBeanFactory.java:1195)
	at org.springframework.context.support.AbstractApplicationContext.destroyBeans(AbstractApplicationContext.java:1183)
	at org.springframework.context.support.AbstractApplicationContext.doClose(AbstractApplicationContext.java:1144)
	at org.springframework.boot.web.servlet.context.ServletWebServerApplicationContext.doClose(ServletWebServerApplicationContext.java:174)
	at org.springframework.context.support.AbstractApplicationContext.close(AbstractApplicationContext.java:1090)
	at org.springframework.boot.SpringApplicationShutdownHook.closeAndWait(SpringApplicationShutdownHook.java:145)
	at java.base/java.lang.Iterable.forEach(Iterable.java:75)
	at org.springframework.boot.SpringApplicationShutdownHook.run(SpringApplicationShutdownHook.java:114)
	at java.base/java.lang.Thread.run(Thread.java:840)
2025-07-11 13:50:12 [SpringApplicationShutdownHook] INFO  c.netflix.discovery.DiscoveryClient - Completed shut down of DiscoveryClient
2025-07-11 13:58:15 [restartedMain] INFO  c.m.users.UsersApplication - Starting UsersApplication using Java 17.0.15 with PID 64065 (/home/sebastian/Documentos/stranger-drug/users/target/classes started by sebastian in /home/sebastian/Documentos/stranger-drug/users)
2025-07-11 13:58:15 [restartedMain] DEBUG c.m.users.UsersApplication - Running with Spring Boot v3.2.3, Spring v6.1.4
2025-07-11 13:58:15 [restartedMain] INFO  c.m.users.UsersApplication - The following 6 profiles are active: "common", "database", "email", "logging", "security", "local"
2025-07-11 13:58:17 [restartedMain] WARN  o.s.c.s.PostProcessorRegistrationDelegate$BeanPostProcessorChecker - Bean 'org.springframework.cloud.client.loadbalancer.LoadBalancerAutoConfiguration$LoadBalancerInterceptorConfig' of type [org.springframework.cloud.client.loadbalancer.LoadBalancerAutoConfiguration$LoadBalancerInterceptorConfig] is not eligible for getting processed by all BeanPostProcessors (for example: not eligible for auto-proxying). The currently created BeanPostProcessor [lbRestClientPostProcessor] is declared through a non-static factory method on that class; consider declaring it as static instead.
2025-07-11 13:58:17 [restartedMain] WARN  o.s.c.s.PostProcessorRegistrationDelegate$BeanPostProcessorChecker - Bean 'org.springframework.cloud.loadbalancer.config.BlockingLoadBalancerClientAutoConfiguration' of type [org.springframework.cloud.loadbalancer.config.BlockingLoadBalancerClientAutoConfiguration] is not eligible for getting processed by all BeanPostProcessors (for example: not eligible for auto-proxying). Is this bean getting eagerly injected into a currently created BeanPostProcessor [lbRestClientPostProcessor]? Check the corresponding BeanPostProcessor declaration and its dependencies.
2025-07-11 13:58:17 [restartedMain] WARN  o.s.c.s.PostProcessorRegistrationDelegate$BeanPostProcessorChecker - Bean 'org.springframework.cloud.loadbalancer.config.LoadBalancerAutoConfiguration' of type [org.springframework.cloud.loadbalancer.config.LoadBalancerAutoConfiguration] is not eligible for getting processed by all BeanPostProcessors (for example: not eligible for auto-proxying). Is this bean getting eagerly injected into a currently created BeanPostProcessor [lbRestClientPostProcessor]? Check the corresponding BeanPostProcessor declaration and its dependencies.
2025-07-11 13:58:17 [restartedMain] WARN  o.s.c.s.PostProcessorRegistrationDelegate$BeanPostProcessorChecker - Bean 'org.springframework.cloud.commons.config.CommonsConfigAutoConfiguration' of type [org.springframework.cloud.commons.config.CommonsConfigAutoConfiguration] is not eligible for getting processed by all BeanPostProcessors (for example: not eligible for auto-proxying). Is this bean getting eagerly injected into a currently created BeanPostProcessor [lbRestClientPostProcessor]? Check the corresponding BeanPostProcessor declaration and its dependencies.
2025-07-11 13:58:17 [restartedMain] WARN  o.s.c.s.PostProcessorRegistrationDelegate$BeanPostProcessorChecker - Bean 'org.springframework.cloud.client.loadbalancer.LoadBalancerDefaultMappingsProviderAutoConfiguration' of type [org.springframework.cloud.client.loadbalancer.LoadBalancerDefaultMappingsProviderAutoConfiguration] is not eligible for getting processed by all BeanPostProcessors (for example: not eligible for auto-proxying). Is this bean getting eagerly injected into a currently created BeanPostProcessor [lbRestClientPostProcessor]? Check the corresponding BeanPostProcessor declaration and its dependencies.
2025-07-11 13:58:17 [restartedMain] WARN  o.s.c.s.PostProcessorRegistrationDelegate$BeanPostProcessorChecker - Bean 'loadBalancerClientsDefaultsMappingsProvider' of type [org.springframework.cloud.client.loadbalancer.LoadBalancerDefaultMappingsProviderAutoConfiguration$$Lambda$762/0x00007f06dc565f70] is not eligible for getting processed by all BeanPostProcessors (for example: not eligible for auto-proxying). Is this bean getting eagerly injected into a currently created BeanPostProcessor [lbRestClientPostProcessor]? Check the corresponding BeanPostProcessor declaration and its dependencies.
2025-07-11 13:58:17 [restartedMain] WARN  o.s.c.s.PostProcessorRegistrationDelegate$BeanPostProcessorChecker - Bean 'defaultsBindHandlerAdvisor' of type [org.springframework.cloud.commons.config.DefaultsBindHandlerAdvisor] is not eligible for getting processed by all BeanPostProcessors (for example: not eligible for auto-proxying). Is this bean getting eagerly injected into a currently created BeanPostProcessor [lbRestClientPostProcessor]? Check the corresponding BeanPostProcessor declaration and its dependencies.
2025-07-11 13:58:17 [restartedMain] WARN  o.s.c.s.PostProcessorRegistrationDelegate$BeanPostProcessorChecker - Bean 'spring.cloud.loadbalancer-org.springframework.cloud.client.loadbalancer.LoadBalancerClientsProperties' of type [org.springframework.cloud.client.loadbalancer.LoadBalancerClientsProperties] is not eligible for getting processed by all BeanPostProcessors (for example: not eligible for auto-proxying). Is this bean getting eagerly injected into a currently created BeanPostProcessor [lbRestClientPostProcessor]? Check the corresponding BeanPostProcessor declaration and its dependencies.
2025-07-11 13:58:17 [restartedMain] WARN  o.s.c.s.PostProcessorRegistrationDelegate$BeanPostProcessorChecker - Bean 'default.org.springframework.cloud.loadbalancer.config.LoadBalancerAutoConfiguration.LoadBalancerClientSpecification' of type [org.springframework.cloud.loadbalancer.annotation.LoadBalancerClientSpecification] is not eligible for getting processed by all BeanPostProcessors (for example: not eligible for auto-proxying). Is this bean getting eagerly injected into a currently created BeanPostProcessor [lbRestClientPostProcessor]? Check the corresponding BeanPostProcessor declaration and its dependencies.
2025-07-11 13:58:17 [restartedMain] WARN  o.s.c.s.PostProcessorRegistrationDelegate$BeanPostProcessorChecker - Bean 'default.org.springframework.cloud.loadbalancer.config.BlockingLoadBalancerClientAutoConfiguration.LoadBalancerClientSpecification' of type [org.springframework.cloud.loadbalancer.annotation.LoadBalancerClientSpecification] is not eligible for getting processed by all BeanPostProcessors (for example: not eligible for auto-proxying). Is this bean getting eagerly injected into a currently created BeanPostProcessor [lbRestClientPostProcessor]? Check the corresponding BeanPostProcessor declaration and its dependencies.
2025-07-11 13:58:17 [restartedMain] WARN  o.s.c.s.PostProcessorRegistrationDelegate$BeanPostProcessorChecker - Bean 'default.org.springframework.cloud.netflix.eureka.loadbalancer.LoadBalancerEurekaAutoConfiguration.LoadBalancerClientSpecification' of type [org.springframework.cloud.loadbalancer.annotation.LoadBalancerClientSpecification] is not eligible for getting processed by all BeanPostProcessors (for example: not eligible for auto-proxying). Is this bean getting eagerly injected into a currently created BeanPostProcessor [lbRestClientPostProcessor]? Check the corresponding BeanPostProcessor declaration and its dependencies.
2025-07-11 13:58:17 [restartedMain] WARN  o.s.c.s.PostProcessorRegistrationDelegate$BeanPostProcessorChecker - Bean 'loadBalancerClientFactory' of type [org.springframework.cloud.loadbalancer.support.LoadBalancerClientFactory] is not eligible for getting processed by all BeanPostProcessors (for example: not eligible for auto-proxying). Is this bean getting eagerly injected into a currently created BeanPostProcessor [lbRestClientPostProcessor]? Check the corresponding BeanPostProcessor declaration and its dependencies.
2025-07-11 13:58:17 [restartedMain] WARN  o.s.c.s.PostProcessorRegistrationDelegate$BeanPostProcessorChecker - Bean 'blockingLoadBalancerClient' of type [org.springframework.cloud.loadbalancer.blocking.client.BlockingLoadBalancerClient] is not eligible for getting processed by all BeanPostProcessors (for example: not eligible for auto-proxying). Is this bean getting eagerly injected into a currently created BeanPostProcessor [lbRestClientPostProcessor]? Check the corresponding BeanPostProcessor declaration and its dependencies.
2025-07-11 13:58:17 [restartedMain] WARN  o.s.c.s.PostProcessorRegistrationDelegate$BeanPostProcessorChecker - Bean 'loadBalancerServiceInstanceCookieTransformer' of type [org.springframework.cloud.loadbalancer.core.LoadBalancerServiceInstanceCookieTransformer] is not eligible for getting processed by all BeanPostProcessors (for example: not eligible for auto-proxying). Is this bean getting eagerly injected into a currently created BeanPostProcessor [lbRestClientPostProcessor]? Check the corresponding BeanPostProcessor declaration and its dependencies.
2025-07-11 13:58:17 [restartedMain] WARN  o.s.c.s.PostProcessorRegistrationDelegate$BeanPostProcessorChecker - Bean 'xForwarderHeadersTransformer' of type [org.springframework.cloud.loadbalancer.blocking.XForwardedHeadersTransformer] is not eligible for getting processed by all BeanPostProcessors (for example: not eligible for auto-proxying). Is this bean getting eagerly injected into a currently created BeanPostProcessor [lbRestClientPostProcessor]? Check the corresponding BeanPostProcessor declaration and its dependencies.
2025-07-11 13:58:17 [restartedMain] WARN  o.s.c.s.PostProcessorRegistrationDelegate$BeanPostProcessorChecker - Bean 'org.springframework.cloud.client.loadbalancer.LoadBalancerAutoConfiguration' of type [org.springframework.cloud.client.loadbalancer.LoadBalancerAutoConfiguration] is not eligible for getting processed by all BeanPostProcessors (for example: not eligible for auto-proxying). Is this bean getting eagerly injected into a currently created BeanPostProcessor [lbRestClientPostProcessor]? Check the corresponding BeanPostProcessor declaration and its dependencies.
2025-07-11 13:58:17 [restartedMain] WARN  o.s.c.s.PostProcessorRegistrationDelegate$BeanPostProcessorChecker - Bean 'loadBalancerRequestFactory' of type [org.springframework.cloud.client.loadbalancer.LoadBalancerRequestFactory] is not eligible for getting processed by all BeanPostProcessors (for example: not eligible for auto-proxying). Is this bean getting eagerly injected into a currently created BeanPostProcessor [lbRestClientPostProcessor]? Check the corresponding BeanPostProcessor declaration and its dependencies.
2025-07-11 13:58:17 [restartedMain] WARN  o.s.c.s.PostProcessorRegistrationDelegate$BeanPostProcessorChecker - Bean 'loadBalancerInterceptor' of type [org.springframework.cloud.client.loadbalancer.LoadBalancerInterceptor] is not eligible for getting processed by all BeanPostProcessors (for example: not eligible for auto-proxying). Is this bean getting eagerly injected into a currently created BeanPostProcessor [lbRestClientPostProcessor]? Check the corresponding BeanPostProcessor declaration and its dependencies.
2025-07-11 13:58:17 [restartedMain] WARN  o.s.c.s.PostProcessorRegistrationDelegate$BeanPostProcessorChecker - Bean 'org.springframework.cloud.client.loadbalancer.reactive.LoadBalancerBeanPostProcessorAutoConfiguration' of type [org.springframework.cloud.client.loadbalancer.reactive.LoadBalancerBeanPostProcessorAutoConfiguration] is not eligible for getting processed by all BeanPostProcessors (for example: not eligible for auto-proxying). The currently created BeanPostProcessor [loadBalancerWebClientBuilderBeanPostProcessor] is declared through a non-static factory method on that class; consider declaring it as static instead.
2025-07-11 13:58:17 [restartedMain] WARN  o.s.c.s.PostProcessorRegistrationDelegate$BeanPostProcessorChecker - Bean 'org.springframework.cloud.client.loadbalancer.reactive.LoadBalancerBeanPostProcessorAutoConfiguration$ReactorDeferringLoadBalancerFilterConfig' of type [org.springframework.cloud.client.loadbalancer.reactive.LoadBalancerBeanPostProcessorAutoConfiguration$ReactorDeferringLoadBalancerFilterConfig] is not eligible for getting processed by all BeanPostProcessors (for example: not eligible for auto-proxying). Is this bean getting eagerly injected into a currently created BeanPostProcessor [loadBalancerWebClientBuilderBeanPostProcessor]? Check the corresponding BeanPostProcessor declaration and its dependencies.
2025-07-11 13:58:17 [restartedMain] WARN  o.s.c.s.PostProcessorRegistrationDelegate$BeanPostProcessorChecker - Bean 'reactorDeferringLoadBalancerExchangeFilterFunction' of type [org.springframework.cloud.client.loadbalancer.reactive.DeferringLoadBalancerExchangeFilterFunction] is not eligible for getting processed by all BeanPostProcessors (for example: not eligible for auto-proxying). Is this bean getting eagerly injected into a currently created BeanPostProcessor [loadBalancerWebClientBuilderBeanPostProcessor]? Check the corresponding BeanPostProcessor declaration and its dependencies.
2025-07-11 13:58:18 [restartedMain] DEBUG o.s.w.f.ServerHttpObservationFilter - Filter 'webMvcObservationFilter' configured for use
2025-07-11 13:58:18 [restartedMain] DEBUG c.m.u.c.c.i.InternalJwtFilter - Filter 'internalJwtFilter' configured for use
2025-07-11 13:58:19 [restartedMain] WARN  org.hibernate.orm.deprecation - HHH90000025: MariaDBDialect does not need to be specified explicitly using 'hibernate.dialect' (remove the property setting and it will be selected by default)
2025-07-11 13:58:20 [restartedMain] INFO  c.m.u.core.logging.LoggingService - CacheConfiguration: Cache manager configurado con 8 caches
2025-07-11 13:58:21 [restartedMain] WARN  o.s.b.a.o.j.JpaBaseConfiguration$JpaWebConfiguration - spring.jpa.open-in-view is enabled by default. Therefore, database queries may be performed during view rendering. Explicitly configure spring.jpa.open-in-view to disable this warning
2025-07-11 13:58:21 [restartedMain] WARN  o.s.b.a.s.s.UserDetailsServiceAutoConfiguration - 

Using generated security password: 5dbbe7d5-0449-4d56-afde-98a7788d07f0

This generated password is for development use only. Your security configuration must be updated before running your application in production.

2025-07-11 13:58:21 [restartedMain] INFO  c.m.u.core.logging.LoggingService - SecurityConfig: Iniciando configuración de seguridad del microservicio users
2025-07-11 13:58:22 [restartedMain] DEBUG o.s.w.s.m.m.a.RequestMappingHandlerMapping - 26 mappings in 'requestMappingHandlerMapping'
2025-07-11 13:58:22 [restartedMain] DEBUG o.s.w.s.h.SimpleUrlHandlerMapping - Patterns [/webjars/**, /**, /swagger-ui*/*swagger-initializer.js, /swagger-ui*/**] in 'resourceHandlerMapping'
2025-07-11 13:58:22 [restartedMain] INFO  c.m.u.core.logging.LoggingService - SecurityConfig: Configuración de seguridad completada - Todos los endpoints permitidos, filtro JWT interno configurado
2025-07-11 13:58:22 [restartedMain] DEBUG o.s.w.s.m.m.a.RequestMappingHandlerAdapter - ControllerAdvice beans: 0 @ModelAttribute, 0 @InitBinder, 1 RequestBodyAdvice, 1 ResponseBodyAdvice
2025-07-11 13:58:22 [restartedMain] DEBUG o.s.w.s.m.m.a.ExceptionHandlerExceptionResolver - ControllerAdvice beans: 2 @ExceptionHandler, 1 ResponseBodyAdvice
2025-07-11 13:58:23 [restartedMain] INFO  c.netflix.discovery.DiscoveryClient - Initializing Eureka in region us-east-1
2025-07-11 13:58:23 [restartedMain] INFO  c.n.d.s.r.aws.ConfigClusterResolver - Resolving eureka endpoints via configuration
2025-07-11 13:58:23 [restartedMain] INFO  c.netflix.discovery.DiscoveryClient - Disable delta property : false
2025-07-11 13:58:23 [restartedMain] INFO  c.netflix.discovery.DiscoveryClient - Single vip registry refresh property : null
2025-07-11 13:58:23 [restartedMain] INFO  c.netflix.discovery.DiscoveryClient - Force full registry fetch : false
2025-07-11 13:58:23 [restartedMain] INFO  c.netflix.discovery.DiscoveryClient - Application is null : false
2025-07-11 13:58:23 [restartedMain] INFO  c.netflix.discovery.DiscoveryClient - Registered Applications size is zero : true
2025-07-11 13:58:23 [restartedMain] INFO  c.netflix.discovery.DiscoveryClient - Application version is -1: true
2025-07-11 13:58:23 [restartedMain] INFO  c.netflix.discovery.DiscoveryClient - Getting all instance registry info from the eureka server
2025-07-11 13:58:23 [restartedMain] DEBUG o.s.web.client.RestTemplate - HTTP GET http://localhost:8081/eureka/apps/
2025-07-11 13:58:23 [restartedMain] DEBUG o.s.web.client.RestTemplate - Accept=[application/json, application/*+json]
2025-07-11 13:58:23 [restartedMain] DEBUG o.s.web.client.RestTemplate - Response 200 OK
2025-07-11 13:58:23 [restartedMain] DEBUG o.s.web.client.RestTemplate - Reading to [org.springframework.cloud.netflix.eureka.http.EurekaApplications]
2025-07-11 13:58:23 [restartedMain] INFO  c.netflix.discovery.DiscoveryClient - The response status is 200
2025-07-11 13:58:23 [restartedMain] INFO  c.netflix.discovery.DiscoveryClient - Starting heartbeat executor: renew interval is: 30
2025-07-11 13:58:23 [restartedMain] INFO  c.n.discovery.InstanceInfoReplicator - InstanceInfoReplicator onDemand update allowed rate per min is 4
2025-07-11 13:58:23 [restartedMain] INFO  c.netflix.discovery.DiscoveryClient - Discovery Client initialized at timestamp 1752260303564 with initial instances count: 0
2025-07-11 13:58:23 [restartedMain] INFO  c.netflix.discovery.DiscoveryClient - Saw local status change event StatusChangeEvent [timestamp=1752260303573, current=UP, previous=STARTING]
2025-07-11 13:58:23 [DiscoveryClient-InstanceInfoReplicator-0] INFO  c.netflix.discovery.DiscoveryClient - DiscoveryClient_USERS-SERVICE/192.168.49.16:users-service:8082: registering service...
2025-07-11 13:58:23 [DiscoveryClient-InstanceInfoReplicator-0] DEBUG o.s.web.client.RestTemplate - HTTP POST http://localhost:8081/eureka/apps/USERS-SERVICE
2025-07-11 13:58:23 [DiscoveryClient-InstanceInfoReplicator-0] DEBUG o.s.web.client.RestTemplate - Accept=[application/json, application/*+json]
2025-07-11 13:58:23 [DiscoveryClient-InstanceInfoReplicator-0] DEBUG o.s.web.client.RestTemplate - Writing [InstanceInfo [instanceId = 192.168.49.16:users-service:8082, appName = USERS-SERVICE, hostName = 192.168.49.16, status = UP, ipAddr = 192.168.49.16, port = 8082, securePort = 443, dataCenterInfo = com.netflix.appinfo.MyDataCenterInfo@369434ab] as "application/json"
2025-07-11 13:58:23 [restartedMain] INFO  c.m.users.UsersApplication - Started UsersApplication in 8.23 seconds (process running for 8.668)
2025-07-11 13:58:23 [DiscoveryClient-InstanceInfoReplicator-0] DEBUG o.s.web.client.RestTemplate - Response 204 NO_CONTENT
2025-07-11 13:58:23 [DiscoveryClient-InstanceInfoReplicator-0] INFO  c.netflix.discovery.DiscoveryClient - DiscoveryClient_USERS-SERVICE/192.168.49.16:users-service:8082 - registration status: 204
2025-07-11 13:58:33 [http-nio-8082-exec-1] INFO  o.s.web.servlet.DispatcherServlet - Initializing Servlet 'dispatcherServlet'
2025-07-11 13:58:33 [http-nio-8082-exec-1] DEBUG o.s.web.servlet.DispatcherServlet - Detected StandardServletMultipartResolver
2025-07-11 13:58:33 [http-nio-8082-exec-1] DEBUG o.s.web.servlet.DispatcherServlet - Detected AcceptHeaderLocaleResolver
2025-07-11 13:58:33 [http-nio-8082-exec-1] DEBUG o.s.web.servlet.DispatcherServlet - Detected FixedThemeResolver
2025-07-11 13:58:33 [http-nio-8082-exec-1] DEBUG o.s.web.servlet.DispatcherServlet - Detected org.springframework.web.servlet.view.DefaultRequestToViewNameTranslator@bf8dc4b
2025-07-11 13:58:33 [http-nio-8082-exec-1] DEBUG o.s.web.servlet.DispatcherServlet - Detected org.springframework.web.servlet.support.SessionFlashMapManager@1722bd72
2025-07-11 13:58:33 [http-nio-8082-exec-1] DEBUG o.s.web.servlet.DispatcherServlet - enableLoggingRequestDetails='false': request parameters and headers will be masked to prevent unsafe logging of potentially sensitive data
2025-07-11 13:58:33 [http-nio-8082-exec-1] INFO  o.s.web.servlet.DispatcherServlet - Completed initialization in 2 ms
2025-07-11 13:58:33 [http-nio-8082-exec-1] DEBUG c.m.u.core.logging.LoggingService - InternalJwtFilter: Procesando solicitud: /verification/status
2025-07-11 13:58:33 [http-nio-8082-exec-1] DEBUG c.m.u.core.logging.LoggingService - InternalJwtFilter: Path '/verification/status' requiere JWT: true
2025-07-11 13:58:33 [http-nio-8082-exec-1] DEBUG c.m.u.core.logging.LoggingService - InternalJwtFilter: Path protegido detectado, validando JWT interno
2025-07-11 13:58:33 [http-nio-8082-exec-1] DEBUG c.m.u.core.logging.LoggingService - InternalJwtFilter: Header Authorization: Presente
2025-07-11 13:58:33 [http-nio-8082-exec-1] DEBUG c.m.u.core.logging.LoggingService - InternalJwtFilter: Token recibido: ewogICJhbGciOiAiSFMy...
2025-07-11 13:58:33 [http-nio-8082-exec-1] DEBUG c.m.u.core.logging.LoggingService - InternalJwtFilter: Token issuer: user-service
2025-07-11 13:58:33 [http-nio-8082-exec-1] INFO  c.m.u.core.logging.LoggingService - InternalJwtFilter: Validación JWT interna exitosa - Issuer: user-service
2025-07-11 13:58:33 [http-nio-8082-exec-1] DEBUG c.m.u.core.logging.LoggingService - InternalJwtFilter: Continuando con la solicitud
2025-07-11 13:58:33 [http-nio-8082-exec-1] DEBUG o.s.web.servlet.DispatcherServlet - POST "/verification/status", parameters={}
2025-07-11 13:58:33 [http-nio-8082-exec-1] DEBUG o.s.w.s.m.m.a.RequestMappingHandlerMapping - Mapped to com.microserviceone.users.verificationCodeApi.web.controller.VerificationCodeController#checkEmailVerification(SendCodeRequest)
2025-07-11 13:58:33 [http-nio-8082-exec-1] DEBUG o.s.w.s.m.m.a.RequestResponseBodyMethodProcessor - Read "application/json;charset=UTF-8" to [com.microserviceone.users.verificationCodeApi.web.dto.SendCodeRequest@7f86a1e6]
2025-07-11 13:58:33 [http-nio-8082-exec-1] INFO  c.m.u.core.logging.LoggingService - VerificationService: Verificando estado de verificación de email - Email: pablobedoya3521@gmail.com
2025-07-11 13:58:33 [http-nio-8082-exec-1] DEBUG c.m.u.core.logging.LoggingService - CachedCheckEmailVerificationUseCase: Verificando con cache si email está verificado - Email: pablobedoya3521@gmail.com
2025-07-11 13:58:33 [http-nio-8082-exec-1] DEBUG c.m.u.core.logging.LoggingService - CacheService: getOrCompute - Cache: emailVerified, Key: emailVerified:pablobedoya3521@gmail.com
2025-07-11 13:58:33 [http-nio-8082-exec-1] DEBUG c.m.u.core.logging.LoggingService - CacheService: Cache MISS - Cache: emailVerified, Key: emailVerified:pablobedoya3521@gmail.com
2025-07-11 13:58:33 [http-nio-8082-exec-1] DEBUG c.m.u.core.logging.LoggingService - CachedCheckEmailVerificationUseCase: Cache miss, ejecutando verificación - Email: pablobedoya3521@gmail.com
2025-07-11 13:58:33 [http-nio-8082-exec-1] INFO  c.m.u.core.logging.LoggingService - CheckEmailVerificationUseCase: Verificando estado de verificación de email - Email: pablobedoya3521@gmail.com
2025-07-11 13:58:33 [http-nio-8082-exec-1] DEBUG c.m.u.core.logging.LoggingService - AdapterVerificationCode: Verificando si email está verificado - Email: pablobedoya3521@gmail.com
2025-07-11 13:58:33 [http-nio-8082-exec-1] DEBUG c.m.u.core.logging.LoggingService - AdapterVerificationCode: Estado de verificación - Email: pablobedoya3521@gmail.com, Verificado: false
2025-07-11 13:58:33 [http-nio-8082-exec-1] WARN  c.m.u.core.logging.LoggingService - CheckEmailVerificationUseCase: Email no verificado - Email: pablobedoya3521@gmail.com
2025-07-11 13:58:33 [http-nio-8082-exec-1] DEBUG c.m.u.core.logging.LoggingService - El correo electrónico aún no ha sido verificado
2025-07-11 13:58:33 [http-nio-8082-exec-1] ERROR c.m.u.core.logging.LoggingService - CheckEmailVerificationUseCase: Excepción de email no verificado - Email: pablobedoya3521@gmail.com
com.microserviceone.users.verificationCodeApi.application.exception.EmailNotVerifiedException: El correo electrónico aún no ha sido verificado
	at com.microserviceone.users.verificationCodeApi.application.usecase.CheckEmailVerificationUseCase.checkEmailVerification(CheckEmailVerificationUseCase.java:30)
	at java.base/jdk.internal.reflect.NativeMethodAccessorImpl.invoke0(Native Method)
	at java.base/jdk.internal.reflect.NativeMethodAccessorImpl.invoke(NativeMethodAccessorImpl.java:77)
	at java.base/jdk.internal.reflect.DelegatingMethodAccessorImpl.invoke(DelegatingMethodAccessorImpl.java:43)
	at java.base/java.lang.reflect.Method.invoke(Method.java:569)
	at org.springframework.aop.support.AopUtils.invokeJoinpointUsingReflection(AopUtils.java:351)
	at org.springframework.aop.framework.ReflectiveMethodInvocation.invokeJoinpoint(ReflectiveMethodInvocation.java:196)
	at org.springframework.aop.framework.ReflectiveMethodInvocation.proceed(ReflectiveMethodInvocation.java:163)
	at org.springframework.aop.framework.CglibAopProxy$CglibMethodInvocation.proceed(CglibAopProxy.java:765)
	at org.springframework.transaction.interceptor.TransactionInterceptor$1.proceedWithInvocation(TransactionInterceptor.java:123)
	at org.springframework.transaction.interceptor.TransactionAspectSupport.invokeWithinTransaction(TransactionAspectSupport.java:385)
	at org.springframework.transaction.interceptor.TransactionInterceptor.invoke(TransactionInterceptor.java:119)
	at org.springframework.aop.framework.ReflectiveMethodInvocation.proceed(ReflectiveMethodInvocation.java:184)
	at org.springframework.aop.framework.CglibAopProxy$CglibMethodInvocation.proceed(CglibAopProxy.java:765)
	at org.springframework.aop.framework.CglibAopProxy$DynamicAdvisedInterceptor.intercept(CglibAopProxy.java:717)
	at com.microserviceone.users.verificationCodeApi.application.usecase.CheckEmailVerificationUseCase$$SpringCGLIB$$0.checkEmailVerification(<generated>)
	at com.microserviceone.users.verificationCodeApi.application.usecase.cached.CachedCheckEmailVerificationUseCase.lambda$0(CachedCheckEmailVerificationUseCase.java:36)
	at com.microserviceone.users.core.cache.service.CacheServiceImpl.getOrCompute(CacheServiceImpl.java:40)
	at com.microserviceone.users.verificationCodeApi.application.usecase.cached.CachedCheckEmailVerificationUseCase.checkEmailVerification(CachedCheckEmailVerificationUseCase.java:31)
	at com.microserviceone.users.verificationCodeApi.application.service.VerificationService.checkEmailVerification(VerificationService.java:55)
	at com.microserviceone.users.verificationCodeApi.web.controller.VerificationCodeController.checkEmailVerification(VerificationCodeController.java:65)
	at java.base/jdk.internal.reflect.NativeMethodAccessorImpl.invoke0(Native Method)
	at java.base/jdk.internal.reflect.NativeMethodAccessorImpl.invoke(NativeMethodAccessorImpl.java:77)
	at java.base/jdk.internal.reflect.DelegatingMethodAccessorImpl.invoke(DelegatingMethodAccessorImpl.java:43)
	at java.base/java.lang.reflect.Method.invoke(Method.java:569)
	at org.springframework.web.method.support.InvocableHandlerMethod.doInvoke(InvocableHandlerMethod.java:259)
	at org.springframework.web.method.support.InvocableHandlerMethod.invokeForRequest(InvocableHandlerMethod.java:192)
	at org.springframework.web.servlet.mvc.method.annotation.ServletInvocableHandlerMethod.invokeAndHandle(ServletInvocableHandlerMethod.java:118)
	at org.springframework.web.servlet.mvc.method.annotation.RequestMappingHandlerAdapter.invokeHandlerMethod(RequestMappingHandlerAdapter.java:920)
	at org.springframework.web.servlet.mvc.method.annotation.RequestMappingHandlerAdapter.handleInternal(RequestMappingHandlerAdapter.java:830)
	at org.springframework.web.servlet.mvc.method.AbstractHandlerMethodAdapter.handle(AbstractHandlerMethodAdapter.java:87)
	at org.springframework.web.servlet.DispatcherServlet.doDispatch(DispatcherServlet.java:1089)
	at org.springframework.web.servlet.DispatcherServlet.doService(DispatcherServlet.java:979)
	at org.springframework.web.servlet.FrameworkServlet.processRequest(FrameworkServlet.java:1014)
	at org.springframework.web.servlet.FrameworkServlet.doPost(FrameworkServlet.java:914)
	at jakarta.servlet.http.HttpServlet.service(HttpServlet.java:590)
	at org.springframework.web.servlet.FrameworkServlet.service(FrameworkServlet.java:885)
	at jakarta.servlet.http.HttpServlet.service(HttpServlet.java:658)
	at org.apache.catalina.core.ApplicationFilterChain.internalDoFilter(ApplicationFilterChain.java:205)
	at org.apache.catalina.core.ApplicationFilterChain.doFilter(ApplicationFilterChain.java:149)
	at org.apache.tomcat.websocket.server.WsFilter.doFilter(WsFilter.java:51)
	at org.apache.catalina.core.ApplicationFilterChain.internalDoFilter(ApplicationFilterChain.java:174)
	at org.apache.catalina.core.ApplicationFilterChain.doFilter(ApplicationFilterChain.java:149)
	at org.springframework.web.filter.OncePerRequestFilter.doFilter(OncePerRequestFilter.java:110)
	at org.apache.catalina.core.ApplicationFilterChain.internalDoFilter(ApplicationFilterChain.java:174)
	at org.apache.catalina.core.ApplicationFilterChain.doFilter(ApplicationFilterChain.java:149)
	at org.springframework.web.filter.CompositeFilter$VirtualFilterChain.doFilter(CompositeFilter.java:108)
	at org.springframework.security.web.FilterChainProxy.lambda$doFilterInternal$3(FilterChainProxy.java:231)
	at org.springframework.security.web.ObservationFilterChainDecorator$FilterObservation$SimpleFilterObservation.lambda$wrap$1(ObservationFilterChainDecorator.java:479)
	at org.springframework.security.web.ObservationFilterChainDecorator$AroundFilterObservation$SimpleAroundFilterObservation.lambda$wrap$1(ObservationFilterChainDecorator.java:340)
	at org.springframework.security.web.ObservationFilterChainDecorator.lambda$wrapSecured$0(ObservationFilterChainDecorator.java:82)
	at org.springframework.security.web.ObservationFilterChainDecorator$VirtualFilterChain.doFilter(ObservationFilterChainDecorator.java:128)
	at org.springframework.security.web.access.intercept.AuthorizationFilter.doFilter(AuthorizationFilter.java:100)
	at org.springframework.security.web.ObservationFilterChainDecorator$ObservationFilter.wrapFilter(ObservationFilterChainDecorator.java:240)
	at org.springframework.security.web.ObservationFilterChainDecorator$ObservationFilter.doFilter(ObservationFilterChainDecorator.java:227)
	at org.springframework.security.web.ObservationFilterChainDecorator$VirtualFilterChain.doFilter(ObservationFilterChainDecorator.java:137)
	at org.springframework.security.web.access.ExceptionTranslationFilter.doFilter(ExceptionTranslationFilter.java:126)
	at org.springframework.security.web.access.ExceptionTranslationFilter.doFilter(ExceptionTranslationFilter.java:120)
	at org.springframework.security.web.ObservationFilterChainDecorator$ObservationFilter.wrapFilter(ObservationFilterChainDecorator.java:240)
	at org.springframework.security.web.ObservationFilterChainDecorator$ObservationFilter.doFilter(ObservationFilterChainDecorator.java:227)
	at org.springframework.security.web.ObservationFilterChainDecorator$VirtualFilterChain.doFilter(ObservationFilterChainDecorator.java:137)
	at org.springframework.security.web.authentication.AnonymousAuthenticationFilter.doFilter(AnonymousAuthenticationFilter.java:100)
	at org.springframework.security.web.ObservationFilterChainDecorator$ObservationFilter.wrapFilter(ObservationFilterChainDecorator.java:240)
	at org.springframework.security.web.ObservationFilterChainDecorator$ObservationFilter.doFilter(ObservationFilterChainDecorator.java:227)
	at org.springframework.security.web.ObservationFilterChainDecorator$VirtualFilterChain.doFilter(ObservationFilterChainDecorator.java:137)
	at org.springframework.security.web.servletapi.SecurityContextHolderAwareRequestFilter.doFilter(SecurityContextHolderAwareRequestFilter.java:179)
	at org.springframework.security.web.ObservationFilterChainDecorator$ObservationFilter.wrapFilter(ObservationFilterChainDecorator.java:240)
	at org.springframework.security.web.ObservationFilterChainDecorator$ObservationFilter.doFilter(ObservationFilterChainDecorator.java:227)
	at org.springframework.security.web.ObservationFilterChainDecorator$VirtualFilterChain.doFilter(ObservationFilterChainDecorator.java:137)
	at org.springframework.security.web.savedrequest.RequestCacheAwareFilter.doFilter(RequestCacheAwareFilter.java:63)
	at org.springframework.security.web.ObservationFilterChainDecorator$ObservationFilter.wrapFilter(ObservationFilterChainDecorator.java:240)
	at org.springframework.security.web.ObservationFilterChainDecorator$ObservationFilter.doFilter(ObservationFilterChainDecorator.java:227)
	at org.springframework.security.web.ObservationFilterChainDecorator$VirtualFilterChain.doFilter(ObservationFilterChainDecorator.java:137)
	at com.microserviceone.users.core.config.internalSecurity.InternalJwtFilter.doFilterInternal(InternalJwtFilter.java:96)
	at org.springframework.web.filter.OncePerRequestFilter.doFilter(OncePerRequestFilter.java:116)
	at org.springframework.security.web.ObservationFilterChainDecorator$ObservationFilter.wrapFilter(ObservationFilterChainDecorator.java:240)
	at org.springframework.security.web.ObservationFilterChainDecorator$ObservationFilter.doFilter(ObservationFilterChainDecorator.java:227)
	at org.springframework.security.web.ObservationFilterChainDecorator$VirtualFilterChain.doFilter(ObservationFilterChainDecorator.java:137)
	at org.springframework.security.web.authentication.logout.LogoutFilter.doFilter(LogoutFilter.java:107)
	at org.springframework.security.web.authentication.logout.LogoutFilter.doFilter(LogoutFilter.java:93)
	at org.springframework.security.web.ObservationFilterChainDecorator$ObservationFilter.wrapFilter(ObservationFilterChainDecorator.java:240)
	at org.springframework.security.web.ObservationFilterChainDecorator$ObservationFilter.doFilter(ObservationFilterChainDecorator.java:227)
	at org.springframework.security.web.ObservationFilterChainDecorator$VirtualFilterChain.doFilter(ObservationFilterChainDecorator.java:137)
	at org.springframework.web.filter.CorsFilter.doFilterInternal(CorsFilter.java:91)
	at org.springframework.web.filter.OncePerRequestFilter.doFilter(OncePerRequestFilter.java:116)
	at org.springframework.security.web.ObservationFilterChainDecorator$ObservationFilter.wrapFilter(ObservationFilterChainDecorator.java:240)
	at org.springframework.security.web.ObservationFilterChainDecorator$ObservationFilter.doFilter(ObservationFilterChainDecorator.java:227)
	at org.springframework.security.web.ObservationFilterChainDecorator$VirtualFilterChain.doFilter(ObservationFilterChainDecorator.java:137)
	at org.springframework.security.web.header.HeaderWriterFilter.doHeadersAfter(HeaderWriterFilter.java:90)
	at org.springframework.security.web.header.HeaderWriterFilter.doFilterInternal(HeaderWriterFilter.java:75)
	at org.springframework.web.filter.OncePerRequestFilter.doFilter(OncePerRequestFilter.java:116)
	at org.springframework.security.web.ObservationFilterChainDecorator$ObservationFilter.wrapFilter(ObservationFilterChainDecorator.java:240)
	at org.springframework.security.web.ObservationFilterChainDecorator$ObservationFilter.doFilter(ObservationFilterChainDecorator.java:227)
	at org.springframework.security.web.ObservationFilterChainDecorator$VirtualFilterChain.doFilter(ObservationFilterChainDecorator.java:137)
	at org.springframework.security.web.context.SecurityContextHolderFilter.doFilter(SecurityContextHolderFilter.java:82)
	at org.springframework.security.web.context.SecurityContextHolderFilter.doFilter(SecurityContextHolderFilter.java:69)
	at org.springframework.security.web.ObservationFilterChainDecorator$ObservationFilter.wrapFilter(ObservationFilterChainDecorator.java:240)
	at org.springframework.security.web.ObservationFilterChainDecorator$ObservationFilter.doFilter(ObservationFilterChainDecorator.java:227)
	at org.springframework.security.web.ObservationFilterChainDecorator$VirtualFilterChain.doFilter(ObservationFilterChainDecorator.java:137)
	at org.springframework.security.web.context.request.async.WebAsyncManagerIntegrationFilter.doFilterInternal(WebAsyncManagerIntegrationFilter.java:62)
	at org.springframework.web.filter.OncePerRequestFilter.doFilter(OncePerRequestFilter.java:116)
	at org.springframework.security.web.ObservationFilterChainDecorator$ObservationFilter.wrapFilter(ObservationFilterChainDecorator.java:240)
	at org.springframework.security.web.ObservationFilterChainDecorator$ObservationFilter.doFilter(ObservationFilterChainDecorator.java:227)
	at org.springframework.security.web.ObservationFilterChainDecorator$VirtualFilterChain.doFilter(ObservationFilterChainDecorator.java:137)
	at org.springframework.security.web.session.DisableEncodeUrlFilter.doFilterInternal(DisableEncodeUrlFilter.java:42)
	at org.springframework.web.filter.OncePerRequestFilter.doFilter(OncePerRequestFilter.java:116)
	at org.springframework.security.web.ObservationFilterChainDecorator$ObservationFilter.wrapFilter(ObservationFilterChainDecorator.java:240)
	at org.springframework.security.web.ObservationFilterChainDecorator$AroundFilterObservation$SimpleAroundFilterObservation.lambda$wrap$0(ObservationFilterChainDecorator.java:323)
	at org.springframework.security.web.ObservationFilterChainDecorator$ObservationFilter.doFilter(ObservationFilterChainDecorator.java:224)
	at org.springframework.security.web.ObservationFilterChainDecorator$VirtualFilterChain.doFilter(ObservationFilterChainDecorator.java:137)
	at org.springframework.security.web.FilterChainProxy.doFilterInternal(FilterChainProxy.java:233)
	at org.springframework.security.web.FilterChainProxy.doFilter(FilterChainProxy.java:191)
	at org.springframework.web.filter.CompositeFilter$VirtualFilterChain.doFilter(CompositeFilter.java:113)
	at org.springframework.web.servlet.handler.HandlerMappingIntrospector.lambda$createCacheFilter$3(HandlerMappingIntrospector.java:195)
	at org.springframework.web.filter.CompositeFilter$VirtualFilterChain.doFilter(CompositeFilter.java:113)
	at org.springframework.web.filter.CompositeFilter.doFilter(CompositeFilter.java:74)
	at org.springframework.security.config.annotation.web.configuration.WebMvcSecurityConfiguration$CompositeFilterChainProxy.doFilter(WebMvcSecurityConfiguration.java:230)
	at org.springframework.web.filter.DelegatingFilterProxy.invokeDelegate(DelegatingFilterProxy.java:352)
	at org.springframework.web.filter.DelegatingFilterProxy.doFilter(DelegatingFilterProxy.java:268)
	at org.apache.catalina.core.ApplicationFilterChain.internalDoFilter(ApplicationFilterChain.java:174)
	at org.apache.catalina.core.ApplicationFilterChain.doFilter(ApplicationFilterChain.java:149)
	at org.springframework.web.filter.RequestContextFilter.doFilterInternal(RequestContextFilter.java:100)
	at org.springframework.web.filter.OncePerRequestFilter.doFilter(OncePerRequestFilter.java:116)
	at org.apache.catalina.core.ApplicationFilterChain.internalDoFilter(ApplicationFilterChain.java:174)
	at org.apache.catalina.core.ApplicationFilterChain.doFilter(ApplicationFilterChain.java:149)
	at org.springframework.web.filter.FormContentFilter.doFilterInternal(FormContentFilter.java:93)
	at org.springframework.web.filter.OncePerRequestFilter.doFilter(OncePerRequestFilter.java:116)
	at org.apache.catalina.core.ApplicationFilterChain.internalDoFilter(ApplicationFilterChain.java:174)
	at org.apache.catalina.core.ApplicationFilterChain.doFilter(ApplicationFilterChain.java:149)
	at org.springframework.web.filter.ServerHttpObservationFilter.doFilterInternal(ServerHttpObservationFilter.java:109)
	at org.springframework.web.filter.OncePerRequestFilter.doFilter(OncePerRequestFilter.java:116)
	at org.apache.catalina.core.ApplicationFilterChain.internalDoFilter(ApplicationFilterChain.java:174)
	at org.apache.catalina.core.ApplicationFilterChain.doFilter(ApplicationFilterChain.java:149)
	at org.springframework.web.filter.CharacterEncodingFilter.doFilterInternal(CharacterEncodingFilter.java:201)
	at org.springframework.web.filter.OncePerRequestFilter.doFilter(OncePerRequestFilter.java:116)
	at org.apache.catalina.core.ApplicationFilterChain.internalDoFilter(ApplicationFilterChain.java:174)
	at org.apache.catalina.core.ApplicationFilterChain.doFilter(ApplicationFilterChain.java:149)
	at org.apache.catalina.core.StandardWrapperValve.invoke(StandardWrapperValve.java:167)
	at org.apache.catalina.core.StandardContextValve.invoke(StandardContextValve.java:90)
	at org.apache.catalina.authenticator.AuthenticatorBase.invoke(AuthenticatorBase.java:482)
	at org.apache.catalina.core.StandardHostValve.invoke(StandardHostValve.java:115)
	at org.apache.catalina.valves.ErrorReportValve.invoke(ErrorReportValve.java:93)
	at org.apache.catalina.core.StandardEngineValve.invoke(StandardEngineValve.java:74)
	at org.apache.catalina.connector.CoyoteAdapter.service(CoyoteAdapter.java:344)
	at org.apache.coyote.http11.Http11Processor.service(Http11Processor.java:391)
	at org.apache.coyote.AbstractProcessorLight.process(AbstractProcessorLight.java:63)
	at org.apache.coyote.AbstractProtocol$ConnectionHandler.process(AbstractProtocol.java:896)
	at org.apache.tomcat.util.net.NioEndpoint$SocketProcessor.doRun(NioEndpoint.java:1744)
	at org.apache.tomcat.util.net.SocketProcessorBase.run(SocketProcessorBase.java:52)
	at org.apache.tomcat.util.threads.ThreadPoolExecutor.runWorker(ThreadPoolExecutor.java:1191)
	at org.apache.tomcat.util.threads.ThreadPoolExecutor$Worker.run(ThreadPoolExecutor.java:659)
	at org.apache.tomcat.util.threads.TaskThread$WrappingRunnable.run(TaskThread.java:63)
	at java.base/java.lang.Thread.run(Thread.java:840)
2025-07-11 13:58:33 [http-nio-8082-exec-1] ERROR c.m.u.core.logging.LoggingService - CacheService: Error en getOrCompute - Cache: emailVerified, Key: emailVerified:pablobedoya3521@gmail.com
com.microserviceone.users.verificationCodeApi.application.exception.EmailNotVerifiedException: El correo electrónico aún no ha sido verificado
	at com.microserviceone.users.verificationCodeApi.application.usecase.CheckEmailVerificationUseCase.checkEmailVerification(CheckEmailVerificationUseCase.java:30)
	at java.base/jdk.internal.reflect.NativeMethodAccessorImpl.invoke0(Native Method)
	at java.base/jdk.internal.reflect.NativeMethodAccessorImpl.invoke(NativeMethodAccessorImpl.java:77)
	at java.base/jdk.internal.reflect.DelegatingMethodAccessorImpl.invoke(DelegatingMethodAccessorImpl.java:43)
	at java.base/java.lang.reflect.Method.invoke(Method.java:569)
	at org.springframework.aop.support.AopUtils.invokeJoinpointUsingReflection(AopUtils.java:351)
	at org.springframework.aop.framework.ReflectiveMethodInvocation.invokeJoinpoint(ReflectiveMethodInvocation.java:196)
	at org.springframework.aop.framework.ReflectiveMethodInvocation.proceed(ReflectiveMethodInvocation.java:163)
	at org.springframework.aop.framework.CglibAopProxy$CglibMethodInvocation.proceed(CglibAopProxy.java:765)
	at org.springframework.transaction.interceptor.TransactionInterceptor$1.proceedWithInvocation(TransactionInterceptor.java:123)
	at org.springframework.transaction.interceptor.TransactionAspectSupport.invokeWithinTransaction(TransactionAspectSupport.java:385)
	at org.springframework.transaction.interceptor.TransactionInterceptor.invoke(TransactionInterceptor.java:119)
	at org.springframework.aop.framework.ReflectiveMethodInvocation.proceed(ReflectiveMethodInvocation.java:184)
	at org.springframework.aop.framework.CglibAopProxy$CglibMethodInvocation.proceed(CglibAopProxy.java:765)
	at org.springframework.aop.framework.CglibAopProxy$DynamicAdvisedInterceptor.intercept(CglibAopProxy.java:717)
	at com.microserviceone.users.verificationCodeApi.application.usecase.CheckEmailVerificationUseCase$$SpringCGLIB$$0.checkEmailVerification(<generated>)
	at com.microserviceone.users.verificationCodeApi.application.usecase.cached.CachedCheckEmailVerificationUseCase.lambda$0(CachedCheckEmailVerificationUseCase.java:36)
	at com.microserviceone.users.core.cache.service.CacheServiceImpl.getOrCompute(CacheServiceImpl.java:40)
	at com.microserviceone.users.verificationCodeApi.application.usecase.cached.CachedCheckEmailVerificationUseCase.checkEmailVerification(CachedCheckEmailVerificationUseCase.java:31)
	at com.microserviceone.users.verificationCodeApi.application.service.VerificationService.checkEmailVerification(VerificationService.java:55)
	at com.microserviceone.users.verificationCodeApi.web.controller.VerificationCodeController.checkEmailVerification(VerificationCodeController.java:65)
	at java.base/jdk.internal.reflect.NativeMethodAccessorImpl.invoke0(Native Method)
	at java.base/jdk.internal.reflect.NativeMethodAccessorImpl.invoke(NativeMethodAccessorImpl.java:77)
	at java.base/jdk.internal.reflect.DelegatingMethodAccessorImpl.invoke(DelegatingMethodAccessorImpl.java:43)
	at java.base/java.lang.reflect.Method.invoke(Method.java:569)
	at org.springframework.web.method.support.InvocableHandlerMethod.doInvoke(InvocableHandlerMethod.java:259)
	at org.springframework.web.method.support.InvocableHandlerMethod.invokeForRequest(InvocableHandlerMethod.java:192)
	at org.springframework.web.servlet.mvc.method.annotation.ServletInvocableHandlerMethod.invokeAndHandle(ServletInvocableHandlerMethod.java:118)
	at org.springframework.web.servlet.mvc.method.annotation.RequestMappingHandlerAdapter.invokeHandlerMethod(RequestMappingHandlerAdapter.java:920)
	at org.springframework.web.servlet.mvc.method.annotation.RequestMappingHandlerAdapter.handleInternal(RequestMappingHandlerAdapter.java:830)
	at org.springframework.web.servlet.mvc.method.AbstractHandlerMethodAdapter.handle(AbstractHandlerMethodAdapter.java:87)
	at org.springframework.web.servlet.DispatcherServlet.doDispatch(DispatcherServlet.java:1089)
	at org.springframework.web.servlet.DispatcherServlet.doService(DispatcherServlet.java:979)
	at org.springframework.web.servlet.FrameworkServlet.processRequest(FrameworkServlet.java:1014)
	at org.springframework.web.servlet.FrameworkServlet.doPost(FrameworkServlet.java:914)
	at jakarta.servlet.http.HttpServlet.service(HttpServlet.java:590)
	at org.springframework.web.servlet.FrameworkServlet.service(FrameworkServlet.java:885)
	at jakarta.servlet.http.HttpServlet.service(HttpServlet.java:658)
	at org.apache.catalina.core.ApplicationFilterChain.internalDoFilter(ApplicationFilterChain.java:205)
	at org.apache.catalina.core.ApplicationFilterChain.doFilter(ApplicationFilterChain.java:149)
	at org.apache.tomcat.websocket.server.WsFilter.doFilter(WsFilter.java:51)
	at org.apache.catalina.core.ApplicationFilterChain.internalDoFilter(ApplicationFilterChain.java:174)
	at org.apache.catalina.core.ApplicationFilterChain.doFilter(ApplicationFilterChain.java:149)
	at org.springframework.web.filter.OncePerRequestFilter.doFilter(OncePerRequestFilter.java:110)
	at org.apache.catalina.core.ApplicationFilterChain.internalDoFilter(ApplicationFilterChain.java:174)
	at org.apache.catalina.core.ApplicationFilterChain.doFilter(ApplicationFilterChain.java:149)
	at org.springframework.web.filter.CompositeFilter$VirtualFilterChain.doFilter(CompositeFilter.java:108)
	at org.springframework.security.web.FilterChainProxy.lambda$doFilterInternal$3(FilterChainProxy.java:231)
	at org.springframework.security.web.ObservationFilterChainDecorator$FilterObservation$SimpleFilterObservation.lambda$wrap$1(ObservationFilterChainDecorator.java:479)
	at org.springframework.security.web.ObservationFilterChainDecorator$AroundFilterObservation$SimpleAroundFilterObservation.lambda$wrap$1(ObservationFilterChainDecorator.java:340)
	at org.springframework.security.web.ObservationFilterChainDecorator.lambda$wrapSecured$0(ObservationFilterChainDecorator.java:82)
	at org.springframework.security.web.ObservationFilterChainDecorator$VirtualFilterChain.doFilter(ObservationFilterChainDecorator.java:128)
	at org.springframework.security.web.access.intercept.AuthorizationFilter.doFilter(AuthorizationFilter.java:100)
	at org.springframework.security.web.ObservationFilterChainDecorator$ObservationFilter.wrapFilter(ObservationFilterChainDecorator.java:240)
	at org.springframework.security.web.ObservationFilterChainDecorator$ObservationFilter.doFilter(ObservationFilterChainDecorator.java:227)
	at org.springframework.security.web.ObservationFilterChainDecorator$VirtualFilterChain.doFilter(ObservationFilterChainDecorator.java:137)
	at org.springframework.security.web.access.ExceptionTranslationFilter.doFilter(ExceptionTranslationFilter.java:126)
	at org.springframework.security.web.access.ExceptionTranslationFilter.doFilter(ExceptionTranslationFilter.java:120)
	at org.springframework.security.web.ObservationFilterChainDecorator$ObservationFilter.wrapFilter(ObservationFilterChainDecorator.java:240)
	at org.springframework.security.web.ObservationFilterChainDecorator$ObservationFilter.doFilter(ObservationFilterChainDecorator.java:227)
	at org.springframework.security.web.ObservationFilterChainDecorator$VirtualFilterChain.doFilter(ObservationFilterChainDecorator.java:137)
	at org.springframework.security.web.authentication.AnonymousAuthenticationFilter.doFilter(AnonymousAuthenticationFilter.java:100)
	at org.springframework.security.web.ObservationFilterChainDecorator$ObservationFilter.wrapFilter(ObservationFilterChainDecorator.java:240)
	at org.springframework.security.web.ObservationFilterChainDecorator$ObservationFilter.doFilter(ObservationFilterChainDecorator.java:227)
	at org.springframework.security.web.ObservationFilterChainDecorator$VirtualFilterChain.doFilter(ObservationFilterChainDecorator.java:137)
	at org.springframework.security.web.servletapi.SecurityContextHolderAwareRequestFilter.doFilter(SecurityContextHolderAwareRequestFilter.java:179)
	at org.springframework.security.web.ObservationFilterChainDecorator$ObservationFilter.wrapFilter(ObservationFilterChainDecorator.java:240)
	at org.springframework.security.web.ObservationFilterChainDecorator$ObservationFilter.doFilter(ObservationFilterChainDecorator.java:227)
	at org.springframework.security.web.ObservationFilterChainDecorator$VirtualFilterChain.doFilter(ObservationFilterChainDecorator.java:137)
	at org.springframework.security.web.savedrequest.RequestCacheAwareFilter.doFilter(RequestCacheAwareFilter.java:63)
	at org.springframework.security.web.ObservationFilterChainDecorator$ObservationFilter.wrapFilter(ObservationFilterChainDecorator.java:240)
	at org.springframework.security.web.ObservationFilterChainDecorator$ObservationFilter.doFilter(ObservationFilterChainDecorator.java:227)
	at org.springframework.security.web.ObservationFilterChainDecorator$VirtualFilterChain.doFilter(ObservationFilterChainDecorator.java:137)
	at com.microserviceone.users.core.config.internalSecurity.InternalJwtFilter.doFilterInternal(InternalJwtFilter.java:96)
	at org.springframework.web.filter.OncePerRequestFilter.doFilter(OncePerRequestFilter.java:116)
	at org.springframework.security.web.ObservationFilterChainDecorator$ObservationFilter.wrapFilter(ObservationFilterChainDecorator.java:240)
	at org.springframework.security.web.ObservationFilterChainDecorator$ObservationFilter.doFilter(ObservationFilterChainDecorator.java:227)
	at org.springframework.security.web.ObservationFilterChainDecorator$VirtualFilterChain.doFilter(ObservationFilterChainDecorator.java:137)
	at org.springframework.security.web.authentication.logout.LogoutFilter.doFilter(LogoutFilter.java:107)
	at org.springframework.security.web.authentication.logout.LogoutFilter.doFilter(LogoutFilter.java:93)
	at org.springframework.security.web.ObservationFilterChainDecorator$ObservationFilter.wrapFilter(ObservationFilterChainDecorator.java:240)
	at org.springframework.security.web.ObservationFilterChainDecorator$ObservationFilter.doFilter(ObservationFilterChainDecorator.java:227)
	at org.springframework.security.web.ObservationFilterChainDecorator$VirtualFilterChain.doFilter(ObservationFilterChainDecorator.java:137)
	at org.springframework.web.filter.CorsFilter.doFilterInternal(CorsFilter.java:91)
	at org.springframework.web.filter.OncePerRequestFilter.doFilter(OncePerRequestFilter.java:116)
	at org.springframework.security.web.ObservationFilterChainDecorator$ObservationFilter.wrapFilter(ObservationFilterChainDecorator.java:240)
	at org.springframework.security.web.ObservationFilterChainDecorator$ObservationFilter.doFilter(ObservationFilterChainDecorator.java:227)
	at org.springframework.security.web.ObservationFilterChainDecorator$VirtualFilterChain.doFilter(ObservationFilterChainDecorator.java:137)
	at org.springframework.security.web.header.HeaderWriterFilter.doHeadersAfter(HeaderWriterFilter.java:90)
	at org.springframework.security.web.header.HeaderWriterFilter.doFilterInternal(HeaderWriterFilter.java:75)
	at org.springframework.web.filter.OncePerRequestFilter.doFilter(OncePerRequestFilter.java:116)
	at org.springframework.security.web.ObservationFilterChainDecorator$ObservationFilter.wrapFilter(ObservationFilterChainDecorator.java:240)
	at org.springframework.security.web.ObservationFilterChainDecorator$ObservationFilter.doFilter(ObservationFilterChainDecorator.java:227)
	at org.springframework.security.web.ObservationFilterChainDecorator$VirtualFilterChain.doFilter(ObservationFilterChainDecorator.java:137)
	at org.springframework.security.web.context.SecurityContextHolderFilter.doFilter(SecurityContextHolderFilter.java:82)
	at org.springframework.security.web.context.SecurityContextHolderFilter.doFilter(SecurityContextHolderFilter.java:69)
	at org.springframework.security.web.ObservationFilterChainDecorator$ObservationFilter.wrapFilter(ObservationFilterChainDecorator.java:240)
	at org.springframework.security.web.ObservationFilterChainDecorator$ObservationFilter.doFilter(ObservationFilterChainDecorator.java:227)
	at org.springframework.security.web.ObservationFilterChainDecorator$VirtualFilterChain.doFilter(ObservationFilterChainDecorator.java:137)
	at org.springframework.security.web.context.request.async.WebAsyncManagerIntegrationFilter.doFilterInternal(WebAsyncManagerIntegrationFilter.java:62)
	at org.springframework.web.filter.OncePerRequestFilter.doFilter(OncePerRequestFilter.java:116)
	at org.springframework.security.web.ObservationFilterChainDecorator$ObservationFilter.wrapFilter(ObservationFilterChainDecorator.java:240)
	at org.springframework.security.web.ObservationFilterChainDecorator$ObservationFilter.doFilter(ObservationFilterChainDecorator.java:227)
	at org.springframework.security.web.ObservationFilterChainDecorator$VirtualFilterChain.doFilter(ObservationFilterChainDecorator.java:137)
	at org.springframework.security.web.session.DisableEncodeUrlFilter.doFilterInternal(DisableEncodeUrlFilter.java:42)
	at org.springframework.web.filter.OncePerRequestFilter.doFilter(OncePerRequestFilter.java:116)
	at org.springframework.security.web.ObservationFilterChainDecorator$ObservationFilter.wrapFilter(ObservationFilterChainDecorator.java:240)
	at org.springframework.security.web.ObservationFilterChainDecorator$AroundFilterObservation$SimpleAroundFilterObservation.lambda$wrap$0(ObservationFilterChainDecorator.java:323)
	at org.springframework.security.web.ObservationFilterChainDecorator$ObservationFilter.doFilter(ObservationFilterChainDecorator.java:224)
	at org.springframework.security.web.ObservationFilterChainDecorator$VirtualFilterChain.doFilter(ObservationFilterChainDecorator.java:137)
	at org.springframework.security.web.FilterChainProxy.doFilterInternal(FilterChainProxy.java:233)
	at org.springframework.security.web.FilterChainProxy.doFilter(FilterChainProxy.java:191)
	at org.springframework.web.filter.CompositeFilter$VirtualFilterChain.doFilter(CompositeFilter.java:113)
	at org.springframework.web.servlet.handler.HandlerMappingIntrospector.lambda$createCacheFilter$3(HandlerMappingIntrospector.java:195)
	at org.springframework.web.filter.CompositeFilter$VirtualFilterChain.doFilter(CompositeFilter.java:113)
	at org.springframework.web.filter.CompositeFilter.doFilter(CompositeFilter.java:74)
	at org.springframework.security.config.annotation.web.configuration.WebMvcSecurityConfiguration$CompositeFilterChainProxy.doFilter(WebMvcSecurityConfiguration.java:230)
	at org.springframework.web.filter.DelegatingFilterProxy.invokeDelegate(DelegatingFilterProxy.java:352)
	at org.springframework.web.filter.DelegatingFilterProxy.doFilter(DelegatingFilterProxy.java:268)
	at org.apache.catalina.core.ApplicationFilterChain.internalDoFilter(ApplicationFilterChain.java:174)
	at org.apache.catalina.core.ApplicationFilterChain.doFilter(ApplicationFilterChain.java:149)
	at org.springframework.web.filter.RequestContextFilter.doFilterInternal(RequestContextFilter.java:100)
	at org.springframework.web.filter.OncePerRequestFilter.doFilter(OncePerRequestFilter.java:116)
	at org.apache.catalina.core.ApplicationFilterChain.internalDoFilter(ApplicationFilterChain.java:174)
	at org.apache.catalina.core.ApplicationFilterChain.doFilter(ApplicationFilterChain.java:149)
	at org.springframework.web.filter.FormContentFilter.doFilterInternal(FormContentFilter.java:93)
	at org.springframework.web.filter.OncePerRequestFilter.doFilter(OncePerRequestFilter.java:116)
	at org.apache.catalina.core.ApplicationFilterChain.internalDoFilter(ApplicationFilterChain.java:174)
	at org.apache.catalina.core.ApplicationFilterChain.doFilter(ApplicationFilterChain.java:149)
	at org.springframework.web.filter.ServerHttpObservationFilter.doFilterInternal(ServerHttpObservationFilter.java:109)
	at org.springframework.web.filter.OncePerRequestFilter.doFilter(OncePerRequestFilter.java:116)
	at org.apache.catalina.core.ApplicationFilterChain.internalDoFilter(ApplicationFilterChain.java:174)
	at org.apache.catalina.core.ApplicationFilterChain.doFilter(ApplicationFilterChain.java:149)
	at org.springframework.web.filter.CharacterEncodingFilter.doFilterInternal(CharacterEncodingFilter.java:201)
	at org.springframework.web.filter.OncePerRequestFilter.doFilter(OncePerRequestFilter.java:116)
	at org.apache.catalina.core.ApplicationFilterChain.internalDoFilter(ApplicationFilterChain.java:174)
	at org.apache.catalina.core.ApplicationFilterChain.doFilter(ApplicationFilterChain.java:149)
	at org.apache.catalina.core.StandardWrapperValve.invoke(StandardWrapperValve.java:167)
	at org.apache.catalina.core.StandardContextValve.invoke(StandardContextValve.java:90)
	at org.apache.catalina.authenticator.AuthenticatorBase.invoke(AuthenticatorBase.java:482)
	at org.apache.catalina.core.StandardHostValve.invoke(StandardHostValve.java:115)
	at org.apache.catalina.valves.ErrorReportValve.invoke(ErrorReportValve.java:93)
	at org.apache.catalina.core.StandardEngineValve.invoke(StandardEngineValve.java:74)
	at org.apache.catalina.connector.CoyoteAdapter.service(CoyoteAdapter.java:344)
	at org.apache.coyote.http11.Http11Processor.service(Http11Processor.java:391)
	at org.apache.coyote.AbstractProcessorLight.process(AbstractProcessorLight.java:63)
	at org.apache.coyote.AbstractProtocol$ConnectionHandler.process(AbstractProtocol.java:896)
	at org.apache.tomcat.util.net.NioEndpoint$SocketProcessor.doRun(NioEndpoint.java:1744)
	at org.apache.tomcat.util.net.SocketProcessorBase.run(SocketProcessorBase.java:52)
	at org.apache.tomcat.util.threads.ThreadPoolExecutor.runWorker(ThreadPoolExecutor.java:1191)
	at org.apache.tomcat.util.threads.ThreadPoolExecutor$Worker.run(ThreadPoolExecutor.java:659)
	at org.apache.tomcat.util.threads.TaskThread$WrappingRunnable.run(TaskThread.java:63)
	at java.base/java.lang.Thread.run(Thread.java:840)
2025-07-11 13:58:33 [http-nio-8082-exec-1] DEBUG c.m.u.core.logging.LoggingService - CachedCheckEmailVerificationUseCase: Cache miss, ejecutando verificación - Email: pablobedoya3521@gmail.com
2025-07-11 13:58:33 [http-nio-8082-exec-1] INFO  c.m.u.core.logging.LoggingService - CheckEmailVerificationUseCase: Verificando estado de verificación de email - Email: pablobedoya3521@gmail.com
2025-07-11 13:58:33 [http-nio-8082-exec-1] DEBUG c.m.u.core.logging.LoggingService - AdapterVerificationCode: Verificando si email está verificado - Email: pablobedoya3521@gmail.com
2025-07-11 13:58:33 [http-nio-8082-exec-1] DEBUG c.m.u.core.logging.LoggingService - AdapterVerificationCode: Estado de verificación - Email: pablobedoya3521@gmail.com, Verificado: false
2025-07-11 13:58:33 [http-nio-8082-exec-1] WARN  c.m.u.core.logging.LoggingService - CheckEmailVerificationUseCase: Email no verificado - Email: pablobedoya3521@gmail.com
2025-07-11 13:58:33 [http-nio-8082-exec-1] DEBUG c.m.u.core.logging.LoggingService - El correo electrónico aún no ha sido verificado
2025-07-11 13:58:33 [http-nio-8082-exec-1] ERROR c.m.u.core.logging.LoggingService - CheckEmailVerificationUseCase: Excepción de email no verificado - Email: pablobedoya3521@gmail.com
com.microserviceone.users.verificationCodeApi.application.exception.EmailNotVerifiedException: El correo electrónico aún no ha sido verificado
	at com.microserviceone.users.verificationCodeApi.application.usecase.CheckEmailVerificationUseCase.checkEmailVerification(CheckEmailVerificationUseCase.java:30)
	at java.base/jdk.internal.reflect.NativeMethodAccessorImpl.invoke0(Native Method)
	at java.base/jdk.internal.reflect.NativeMethodAccessorImpl.invoke(NativeMethodAccessorImpl.java:77)
	at java.base/jdk.internal.reflect.DelegatingMethodAccessorImpl.invoke(DelegatingMethodAccessorImpl.java:43)
	at java.base/java.lang.reflect.Method.invoke(Method.java:569)
	at org.springframework.aop.support.AopUtils.invokeJoinpointUsingReflection(AopUtils.java:351)
	at org.springframework.aop.framework.ReflectiveMethodInvocation.invokeJoinpoint(ReflectiveMethodInvocation.java:196)
	at org.springframework.aop.framework.ReflectiveMethodInvocation.proceed(ReflectiveMethodInvocation.java:163)
	at org.springframework.aop.framework.CglibAopProxy$CglibMethodInvocation.proceed(CglibAopProxy.java:765)
	at org.springframework.transaction.interceptor.TransactionInterceptor$1.proceedWithInvocation(TransactionInterceptor.java:123)
	at org.springframework.transaction.interceptor.TransactionAspectSupport.invokeWithinTransaction(TransactionAspectSupport.java:385)
	at org.springframework.transaction.interceptor.TransactionInterceptor.invoke(TransactionInterceptor.java:119)
	at org.springframework.aop.framework.ReflectiveMethodInvocation.proceed(ReflectiveMethodInvocation.java:184)
	at org.springframework.aop.framework.CglibAopProxy$CglibMethodInvocation.proceed(CglibAopProxy.java:765)
	at org.springframework.aop.framework.CglibAopProxy$DynamicAdvisedInterceptor.intercept(CglibAopProxy.java:717)
	at com.microserviceone.users.verificationCodeApi.application.usecase.CheckEmailVerificationUseCase$$SpringCGLIB$$0.checkEmailVerification(<generated>)
	at com.microserviceone.users.verificationCodeApi.application.usecase.cached.CachedCheckEmailVerificationUseCase.lambda$0(CachedCheckEmailVerificationUseCase.java:36)
	at com.microserviceone.users.core.cache.service.CacheServiceImpl.getOrCompute(CacheServiceImpl.java:52)
	at com.microserviceone.users.verificationCodeApi.application.usecase.cached.CachedCheckEmailVerificationUseCase.checkEmailVerification(CachedCheckEmailVerificationUseCase.java:31)
	at com.microserviceone.users.verificationCodeApi.application.service.VerificationService.checkEmailVerification(VerificationService.java:55)
	at com.microserviceone.users.verificationCodeApi.web.controller.VerificationCodeController.checkEmailVerification(VerificationCodeController.java:65)
	at java.base/jdk.internal.reflect.NativeMethodAccessorImpl.invoke0(Native Method)
	at java.base/jdk.internal.reflect.NativeMethodAccessorImpl.invoke(NativeMethodAccessorImpl.java:77)
	at java.base/jdk.internal.reflect.DelegatingMethodAccessorImpl.invoke(DelegatingMethodAccessorImpl.java:43)
	at java.base/java.lang.reflect.Method.invoke(Method.java:569)
	at org.springframework.web.method.support.InvocableHandlerMethod.doInvoke(InvocableHandlerMethod.java:259)
	at org.springframework.web.method.support.InvocableHandlerMethod.invokeForRequest(InvocableHandlerMethod.java:192)
	at org.springframework.web.servlet.mvc.method.annotation.ServletInvocableHandlerMethod.invokeAndHandle(ServletInvocableHandlerMethod.java:118)
	at org.springframework.web.servlet.mvc.method.annotation.RequestMappingHandlerAdapter.invokeHandlerMethod(RequestMappingHandlerAdapter.java:920)
	at org.springframework.web.servlet.mvc.method.annotation.RequestMappingHandlerAdapter.handleInternal(RequestMappingHandlerAdapter.java:830)
	at org.springframework.web.servlet.mvc.method.AbstractHandlerMethodAdapter.handle(AbstractHandlerMethodAdapter.java:87)
	at org.springframework.web.servlet.DispatcherServlet.doDispatch(DispatcherServlet.java:1089)
	at org.springframework.web.servlet.DispatcherServlet.doService(DispatcherServlet.java:979)
	at org.springframework.web.servlet.FrameworkServlet.processRequest(FrameworkServlet.java:1014)
	at org.springframework.web.servlet.FrameworkServlet.doPost(FrameworkServlet.java:914)
	at jakarta.servlet.http.HttpServlet.service(HttpServlet.java:590)
	at org.springframework.web.servlet.FrameworkServlet.service(FrameworkServlet.java:885)
	at jakarta.servlet.http.HttpServlet.service(HttpServlet.java:658)
	at org.apache.catalina.core.ApplicationFilterChain.internalDoFilter(ApplicationFilterChain.java:205)
	at org.apache.catalina.core.ApplicationFilterChain.doFilter(ApplicationFilterChain.java:149)
	at org.apache.tomcat.websocket.server.WsFilter.doFilter(WsFilter.java:51)
	at org.apache.catalina.core.ApplicationFilterChain.internalDoFilter(ApplicationFilterChain.java:174)
	at org.apache.catalina.core.ApplicationFilterChain.doFilter(ApplicationFilterChain.java:149)
	at org.springframework.web.filter.OncePerRequestFilter.doFilter(OncePerRequestFilter.java:110)
	at org.apache.catalina.core.ApplicationFilterChain.internalDoFilter(ApplicationFilterChain.java:174)
	at org.apache.catalina.core.ApplicationFilterChain.doFilter(ApplicationFilterChain.java:149)
	at org.springframework.web.filter.CompositeFilter$VirtualFilterChain.doFilter(CompositeFilter.java:108)
	at org.springframework.security.web.FilterChainProxy.lambda$doFilterInternal$3(FilterChainProxy.java:231)
	at org.springframework.security.web.ObservationFilterChainDecorator$FilterObservation$SimpleFilterObservation.lambda$wrap$1(ObservationFilterChainDecorator.java:479)
	at org.springframework.security.web.ObservationFilterChainDecorator$AroundFilterObservation$SimpleAroundFilterObservation.lambda$wrap$1(ObservationFilterChainDecorator.java:340)
	at org.springframework.security.web.ObservationFilterChainDecorator.lambda$wrapSecured$0(ObservationFilterChainDecorator.java:82)
	at org.springframework.security.web.ObservationFilterChainDecorator$VirtualFilterChain.doFilter(ObservationFilterChainDecorator.java:128)
	at org.springframework.security.web.access.intercept.AuthorizationFilter.doFilter(AuthorizationFilter.java:100)
	at org.springframework.security.web.ObservationFilterChainDecorator$ObservationFilter.wrapFilter(ObservationFilterChainDecorator.java:240)
	at org.springframework.security.web.ObservationFilterChainDecorator$ObservationFilter.doFilter(ObservationFilterChainDecorator.java:227)
	at org.springframework.security.web.ObservationFilterChainDecorator$VirtualFilterChain.doFilter(ObservationFilterChainDecorator.java:137)
	at org.springframework.security.web.access.ExceptionTranslationFilter.doFilter(ExceptionTranslationFilter.java:126)
	at org.springframework.security.web.access.ExceptionTranslationFilter.doFilter(ExceptionTranslationFilter.java:120)
	at org.springframework.security.web.ObservationFilterChainDecorator$ObservationFilter.wrapFilter(ObservationFilterChainDecorator.java:240)
	at org.springframework.security.web.ObservationFilterChainDecorator$ObservationFilter.doFilter(ObservationFilterChainDecorator.java:227)
	at org.springframework.security.web.ObservationFilterChainDecorator$VirtualFilterChain.doFilter(ObservationFilterChainDecorator.java:137)
	at org.springframework.security.web.authentication.AnonymousAuthenticationFilter.doFilter(AnonymousAuthenticationFilter.java:100)
	at org.springframework.security.web.ObservationFilterChainDecorator$ObservationFilter.wrapFilter(ObservationFilterChainDecorator.java:240)
	at org.springframework.security.web.ObservationFilterChainDecorator$ObservationFilter.doFilter(ObservationFilterChainDecorator.java:227)
	at org.springframework.security.web.ObservationFilterChainDecorator$VirtualFilterChain.doFilter(ObservationFilterChainDecorator.java:137)
	at org.springframework.security.web.servletapi.SecurityContextHolderAwareRequestFilter.doFilter(SecurityContextHolderAwareRequestFilter.java:179)
	at org.springframework.security.web.ObservationFilterChainDecorator$ObservationFilter.wrapFilter(ObservationFilterChainDecorator.java:240)
	at org.springframework.security.web.ObservationFilterChainDecorator$ObservationFilter.doFilter(ObservationFilterChainDecorator.java:227)
	at org.springframework.security.web.ObservationFilterChainDecorator$VirtualFilterChain.doFilter(ObservationFilterChainDecorator.java:137)
	at org.springframework.security.web.savedrequest.RequestCacheAwareFilter.doFilter(RequestCacheAwareFilter.java:63)
	at org.springframework.security.web.ObservationFilterChainDecorator$ObservationFilter.wrapFilter(ObservationFilterChainDecorator.java:240)
	at org.springframework.security.web.ObservationFilterChainDecorator$ObservationFilter.doFilter(ObservationFilterChainDecorator.java:227)
	at org.springframework.security.web.ObservationFilterChainDecorator$VirtualFilterChain.doFilter(ObservationFilterChainDecorator.java:137)
	at com.microserviceone.users.core.config.internalSecurity.InternalJwtFilter.doFilterInternal(InternalJwtFilter.java:96)
	at org.springframework.web.filter.OncePerRequestFilter.doFilter(OncePerRequestFilter.java:116)
	at org.springframework.security.web.ObservationFilterChainDecorator$ObservationFilter.wrapFilter(ObservationFilterChainDecorator.java:240)
	at org.springframework.security.web.ObservationFilterChainDecorator$ObservationFilter.doFilter(ObservationFilterChainDecorator.java:227)
	at org.springframework.security.web.ObservationFilterChainDecorator$VirtualFilterChain.doFilter(ObservationFilterChainDecorator.java:137)
	at org.springframework.security.web.authentication.logout.LogoutFilter.doFilter(LogoutFilter.java:107)
	at org.springframework.security.web.authentication.logout.LogoutFilter.doFilter(LogoutFilter.java:93)
	at org.springframework.security.web.ObservationFilterChainDecorator$ObservationFilter.wrapFilter(ObservationFilterChainDecorator.java:240)
	at org.springframework.security.web.ObservationFilterChainDecorator$ObservationFilter.doFilter(ObservationFilterChainDecorator.java:227)
	at org.springframework.security.web.ObservationFilterChainDecorator$VirtualFilterChain.doFilter(ObservationFilterChainDecorator.java:137)
	at org.springframework.web.filter.CorsFilter.doFilterInternal(CorsFilter.java:91)
	at org.springframework.web.filter.OncePerRequestFilter.doFilter(OncePerRequestFilter.java:116)
	at org.springframework.security.web.ObservationFilterChainDecorator$ObservationFilter.wrapFilter(ObservationFilterChainDecorator.java:240)
	at org.springframework.security.web.ObservationFilterChainDecorator$ObservationFilter.doFilter(ObservationFilterChainDecorator.java:227)
	at org.springframework.security.web.ObservationFilterChainDecorator$VirtualFilterChain.doFilter(ObservationFilterChainDecorator.java:137)
	at org.springframework.security.web.header.HeaderWriterFilter.doHeadersAfter(HeaderWriterFilter.java:90)
	at org.springframework.security.web.header.HeaderWriterFilter.doFilterInternal(HeaderWriterFilter.java:75)
	at org.springframework.web.filter.OncePerRequestFilter.doFilter(OncePerRequestFilter.java:116)
	at org.springframework.security.web.ObservationFilterChainDecorator$ObservationFilter.wrapFilter(ObservationFilterChainDecorator.java:240)
	at org.springframework.security.web.ObservationFilterChainDecorator$ObservationFilter.doFilter(ObservationFilterChainDecorator.java:227)
	at org.springframework.security.web.ObservationFilterChainDecorator$VirtualFilterChain.doFilter(ObservationFilterChainDecorator.java:137)
	at org.springframework.security.web.context.SecurityContextHolderFilter.doFilter(SecurityContextHolderFilter.java:82)
	at org.springframework.security.web.context.SecurityContextHolderFilter.doFilter(SecurityContextHolderFilter.java:69)
	at org.springframework.security.web.ObservationFilterChainDecorator$ObservationFilter.wrapFilter(ObservationFilterChainDecorator.java:240)
	at org.springframework.security.web.ObservationFilterChainDecorator$ObservationFilter.doFilter(ObservationFilterChainDecorator.java:227)
	at org.springframework.security.web.ObservationFilterChainDecorator$VirtualFilterChain.doFilter(ObservationFilterChainDecorator.java:137)
	at org.springframework.security.web.context.request.async.WebAsyncManagerIntegrationFilter.doFilterInternal(WebAsyncManagerIntegrationFilter.java:62)
	at org.springframework.web.filter.OncePerRequestFilter.doFilter(OncePerRequestFilter.java:116)
	at org.springframework.security.web.ObservationFilterChainDecorator$ObservationFilter.wrapFilter(ObservationFilterChainDecorator.java:240)
	at org.springframework.security.web.ObservationFilterChainDecorator$ObservationFilter.doFilter(ObservationFilterChainDecorator.java:227)
	at org.springframework.security.web.ObservationFilterChainDecorator$VirtualFilterChain.doFilter(ObservationFilterChainDecorator.java:137)
	at org.springframework.security.web.session.DisableEncodeUrlFilter.doFilterInternal(DisableEncodeUrlFilter.java:42)
	at org.springframework.web.filter.OncePerRequestFilter.doFilter(OncePerRequestFilter.java:116)
	at org.springframework.security.web.ObservationFilterChainDecorator$ObservationFilter.wrapFilter(ObservationFilterChainDecorator.java:240)
	at org.springframework.security.web.ObservationFilterChainDecorator$AroundFilterObservation$SimpleAroundFilterObservation.lambda$wrap$0(ObservationFilterChainDecorator.java:323)
	at org.springframework.security.web.ObservationFilterChainDecorator$ObservationFilter.doFilter(ObservationFilterChainDecorator.java:224)
	at org.springframework.security.web.ObservationFilterChainDecorator$VirtualFilterChain.doFilter(ObservationFilterChainDecorator.java:137)
	at org.springframework.security.web.FilterChainProxy.doFilterInternal(FilterChainProxy.java:233)
	at org.springframework.security.web.FilterChainProxy.doFilter(FilterChainProxy.java:191)
	at org.springframework.web.filter.CompositeFilter$VirtualFilterChain.doFilter(CompositeFilter.java:113)
	at org.springframework.web.servlet.handler.HandlerMappingIntrospector.lambda$createCacheFilter$3(HandlerMappingIntrospector.java:195)
	at org.springframework.web.filter.CompositeFilter$VirtualFilterChain.doFilter(CompositeFilter.java:113)
	at org.springframework.web.filter.CompositeFilter.doFilter(CompositeFilter.java:74)
	at org.springframework.security.config.annotation.web.configuration.WebMvcSecurityConfiguration$CompositeFilterChainProxy.doFilter(WebMvcSecurityConfiguration.java:230)
	at org.springframework.web.filter.DelegatingFilterProxy.invokeDelegate(DelegatingFilterProxy.java:352)
	at org.springframework.web.filter.DelegatingFilterProxy.doFilter(DelegatingFilterProxy.java:268)
	at org.apache.catalina.core.ApplicationFilterChain.internalDoFilter(ApplicationFilterChain.java:174)
	at org.apache.catalina.core.ApplicationFilterChain.doFilter(ApplicationFilterChain.java:149)
	at org.springframework.web.filter.RequestContextFilter.doFilterInternal(RequestContextFilter.java:100)
	at org.springframework.web.filter.OncePerRequestFilter.doFilter(OncePerRequestFilter.java:116)
	at org.apache.catalina.core.ApplicationFilterChain.internalDoFilter(ApplicationFilterChain.java:174)
	at org.apache.catalina.core.ApplicationFilterChain.doFilter(ApplicationFilterChain.java:149)
	at org.springframework.web.filter.FormContentFilter.doFilterInternal(FormContentFilter.java:93)
	at org.springframework.web.filter.OncePerRequestFilter.doFilter(OncePerRequestFilter.java:116)
	at org.apache.catalina.core.ApplicationFilterChain.internalDoFilter(ApplicationFilterChain.java:174)
	at org.apache.catalina.core.ApplicationFilterChain.doFilter(ApplicationFilterChain.java:149)
	at org.springframework.web.filter.ServerHttpObservationFilter.doFilterInternal(ServerHttpObservationFilter.java:109)
	at org.springframework.web.filter.OncePerRequestFilter.doFilter(OncePerRequestFilter.java:116)
	at org.apache.catalina.core.ApplicationFilterChain.internalDoFilter(ApplicationFilterChain.java:174)
	at org.apache.catalina.core.ApplicationFilterChain.doFilter(ApplicationFilterChain.java:149)
	at org.springframework.web.filter.CharacterEncodingFilter.doFilterInternal(CharacterEncodingFilter.java:201)
	at org.springframework.web.filter.OncePerRequestFilter.doFilter(OncePerRequestFilter.java:116)
	at org.apache.catalina.core.ApplicationFilterChain.internalDoFilter(ApplicationFilterChain.java:174)
	at org.apache.catalina.core.ApplicationFilterChain.doFilter(ApplicationFilterChain.java:149)
	at org.apache.catalina.core.StandardWrapperValve.invoke(StandardWrapperValve.java:167)
	at org.apache.catalina.core.StandardContextValve.invoke(StandardContextValve.java:90)
	at org.apache.catalina.authenticator.AuthenticatorBase.invoke(AuthenticatorBase.java:482)
	at org.apache.catalina.core.StandardHostValve.invoke(StandardHostValve.java:115)
	at org.apache.catalina.valves.ErrorReportValve.invoke(ErrorReportValve.java:93)
	at org.apache.catalina.core.StandardEngineValve.invoke(StandardEngineValve.java:74)
	at org.apache.catalina.connector.CoyoteAdapter.service(CoyoteAdapter.java:344)
	at org.apache.coyote.http11.Http11Processor.service(Http11Processor.java:391)
	at org.apache.coyote.AbstractProcessorLight.process(AbstractProcessorLight.java:63)
	at org.apache.coyote.AbstractProtocol$ConnectionHandler.process(AbstractProtocol.java:896)
	at org.apache.tomcat.util.net.NioEndpoint$SocketProcessor.doRun(NioEndpoint.java:1744)
	at org.apache.tomcat.util.net.SocketProcessorBase.run(SocketProcessorBase.java:52)
	at org.apache.tomcat.util.threads.ThreadPoolExecutor.runWorker(ThreadPoolExecutor.java:1191)
	at org.apache.tomcat.util.threads.ThreadPoolExecutor$Worker.run(ThreadPoolExecutor.java:659)
	at org.apache.tomcat.util.threads.TaskThread$WrappingRunnable.run(TaskThread.java:63)
	at java.base/java.lang.Thread.run(Thread.java:840)
2025-07-11 13:58:33 [http-nio-8082-exec-1] ERROR c.m.u.core.logging.LoggingService - CachedCheckEmailVerificationUseCase: Error en verificación con cache - Email: pablobedoya3521@gmail.com
com.microserviceone.users.verificationCodeApi.application.exception.EmailNotVerifiedException: El correo electrónico aún no ha sido verificado
	at com.microserviceone.users.verificationCodeApi.application.usecase.CheckEmailVerificationUseCase.checkEmailVerification(CheckEmailVerificationUseCase.java:30)
	at java.base/jdk.internal.reflect.NativeMethodAccessorImpl.invoke0(Native Method)
	at java.base/jdk.internal.reflect.NativeMethodAccessorImpl.invoke(NativeMethodAccessorImpl.java:77)
	at java.base/jdk.internal.reflect.DelegatingMethodAccessorImpl.invoke(DelegatingMethodAccessorImpl.java:43)
	at java.base/java.lang.reflect.Method.invoke(Method.java:569)
	at org.springframework.aop.support.AopUtils.invokeJoinpointUsingReflection(AopUtils.java:351)
	at org.springframework.aop.framework.ReflectiveMethodInvocation.invokeJoinpoint(ReflectiveMethodInvocation.java:196)
	at org.springframework.aop.framework.ReflectiveMethodInvocation.proceed(ReflectiveMethodInvocation.java:163)
	at org.springframework.aop.framework.CglibAopProxy$CglibMethodInvocation.proceed(CglibAopProxy.java:765)
	at org.springframework.transaction.interceptor.TransactionInterceptor$1.proceedWithInvocation(TransactionInterceptor.java:123)
	at org.springframework.transaction.interceptor.TransactionAspectSupport.invokeWithinTransaction(TransactionAspectSupport.java:385)
	at org.springframework.transaction.interceptor.TransactionInterceptor.invoke(TransactionInterceptor.java:119)
	at org.springframework.aop.framework.ReflectiveMethodInvocation.proceed(ReflectiveMethodInvocation.java:184)
	at org.springframework.aop.framework.CglibAopProxy$CglibMethodInvocation.proceed(CglibAopProxy.java:765)
	at org.springframework.aop.framework.CglibAopProxy$DynamicAdvisedInterceptor.intercept(CglibAopProxy.java:717)
	at com.microserviceone.users.verificationCodeApi.application.usecase.CheckEmailVerificationUseCase$$SpringCGLIB$$0.checkEmailVerification(<generated>)
	at com.microserviceone.users.verificationCodeApi.application.usecase.cached.CachedCheckEmailVerificationUseCase.lambda$0(CachedCheckEmailVerificationUseCase.java:36)
	at com.microserviceone.users.core.cache.service.CacheServiceImpl.getOrCompute(CacheServiceImpl.java:52)
	at com.microserviceone.users.verificationCodeApi.application.usecase.cached.CachedCheckEmailVerificationUseCase.checkEmailVerification(CachedCheckEmailVerificationUseCase.java:31)
	at com.microserviceone.users.verificationCodeApi.application.service.VerificationService.checkEmailVerification(VerificationService.java:55)
	at com.microserviceone.users.verificationCodeApi.web.controller.VerificationCodeController.checkEmailVerification(VerificationCodeController.java:65)
	at java.base/jdk.internal.reflect.NativeMethodAccessorImpl.invoke0(Native Method)
	at java.base/jdk.internal.reflect.NativeMethodAccessorImpl.invoke(NativeMethodAccessorImpl.java:77)
	at java.base/jdk.internal.reflect.DelegatingMethodAccessorImpl.invoke(DelegatingMethodAccessorImpl.java:43)
	at java.base/java.lang.reflect.Method.invoke(Method.java:569)
	at org.springframework.web.method.support.InvocableHandlerMethod.doInvoke(InvocableHandlerMethod.java:259)
	at org.springframework.web.method.support.InvocableHandlerMethod.invokeForRequest(InvocableHandlerMethod.java:192)
	at org.springframework.web.servlet.mvc.method.annotation.ServletInvocableHandlerMethod.invokeAndHandle(ServletInvocableHandlerMethod.java:118)
	at org.springframework.web.servlet.mvc.method.annotation.RequestMappingHandlerAdapter.invokeHandlerMethod(RequestMappingHandlerAdapter.java:920)
	at org.springframework.web.servlet.mvc.method.annotation.RequestMappingHandlerAdapter.handleInternal(RequestMappingHandlerAdapter.java:830)
	at org.springframework.web.servlet.mvc.method.AbstractHandlerMethodAdapter.handle(AbstractHandlerMethodAdapter.java:87)
	at org.springframework.web.servlet.DispatcherServlet.doDispatch(DispatcherServlet.java:1089)
	at org.springframework.web.servlet.DispatcherServlet.doService(DispatcherServlet.java:979)
	at org.springframework.web.servlet.FrameworkServlet.processRequest(FrameworkServlet.java:1014)
	at org.springframework.web.servlet.FrameworkServlet.doPost(FrameworkServlet.java:914)
	at jakarta.servlet.http.HttpServlet.service(HttpServlet.java:590)
	at org.springframework.web.servlet.FrameworkServlet.service(FrameworkServlet.java:885)
	at jakarta.servlet.http.HttpServlet.service(HttpServlet.java:658)
	at org.apache.catalina.core.ApplicationFilterChain.internalDoFilter(ApplicationFilterChain.java:205)
	at org.apache.catalina.core.ApplicationFilterChain.doFilter(ApplicationFilterChain.java:149)
	at org.apache.tomcat.websocket.server.WsFilter.doFilter(WsFilter.java:51)
	at org.apache.catalina.core.ApplicationFilterChain.internalDoFilter(ApplicationFilterChain.java:174)
	at org.apache.catalina.core.ApplicationFilterChain.doFilter(ApplicationFilterChain.java:149)
	at org.springframework.web.filter.OncePerRequestFilter.doFilter(OncePerRequestFilter.java:110)
	at org.apache.catalina.core.ApplicationFilterChain.internalDoFilter(ApplicationFilterChain.java:174)
	at org.apache.catalina.core.ApplicationFilterChain.doFilter(ApplicationFilterChain.java:149)
	at org.springframework.web.filter.CompositeFilter$VirtualFilterChain.doFilter(CompositeFilter.java:108)
	at org.springframework.security.web.FilterChainProxy.lambda$doFilterInternal$3(FilterChainProxy.java:231)
	at org.springframework.security.web.ObservationFilterChainDecorator$FilterObservation$SimpleFilterObservation.lambda$wrap$1(ObservationFilterChainDecorator.java:479)
	at org.springframework.security.web.ObservationFilterChainDecorator$AroundFilterObservation$SimpleAroundFilterObservation.lambda$wrap$1(ObservationFilterChainDecorator.java:340)
	at org.springframework.security.web.ObservationFilterChainDecorator.lambda$wrapSecured$0(ObservationFilterChainDecorator.java:82)
	at org.springframework.security.web.ObservationFilterChainDecorator$VirtualFilterChain.doFilter(ObservationFilterChainDecorator.java:128)
	at org.springframework.security.web.access.intercept.AuthorizationFilter.doFilter(AuthorizationFilter.java:100)
	at org.springframework.security.web.ObservationFilterChainDecorator$ObservationFilter.wrapFilter(ObservationFilterChainDecorator.java:240)
	at org.springframework.security.web.ObservationFilterChainDecorator$ObservationFilter.doFilter(ObservationFilterChainDecorator.java:227)
	at org.springframework.security.web.ObservationFilterChainDecorator$VirtualFilterChain.doFilter(ObservationFilterChainDecorator.java:137)
	at org.springframework.security.web.access.ExceptionTranslationFilter.doFilter(ExceptionTranslationFilter.java:126)
	at org.springframework.security.web.access.ExceptionTranslationFilter.doFilter(ExceptionTranslationFilter.java:120)
	at org.springframework.security.web.ObservationFilterChainDecorator$ObservationFilter.wrapFilter(ObservationFilterChainDecorator.java:240)
	at org.springframework.security.web.ObservationFilterChainDecorator$ObservationFilter.doFilter(ObservationFilterChainDecorator.java:227)
	at org.springframework.security.web.ObservationFilterChainDecorator$VirtualFilterChain.doFilter(ObservationFilterChainDecorator.java:137)
	at org.springframework.security.web.authentication.AnonymousAuthenticationFilter.doFilter(AnonymousAuthenticationFilter.java:100)
	at org.springframework.security.web.ObservationFilterChainDecorator$ObservationFilter.wrapFilter(ObservationFilterChainDecorator.java:240)
	at org.springframework.security.web.ObservationFilterChainDecorator$ObservationFilter.doFilter(ObservationFilterChainDecorator.java:227)
	at org.springframework.security.web.ObservationFilterChainDecorator$VirtualFilterChain.doFilter(ObservationFilterChainDecorator.java:137)
	at org.springframework.security.web.servletapi.SecurityContextHolderAwareRequestFilter.doFilter(SecurityContextHolderAwareRequestFilter.java:179)
	at org.springframework.security.web.ObservationFilterChainDecorator$ObservationFilter.wrapFilter(ObservationFilterChainDecorator.java:240)
	at org.springframework.security.web.ObservationFilterChainDecorator$ObservationFilter.doFilter(ObservationFilterChainDecorator.java:227)
	at org.springframework.security.web.ObservationFilterChainDecorator$VirtualFilterChain.doFilter(ObservationFilterChainDecorator.java:137)
	at org.springframework.security.web.savedrequest.RequestCacheAwareFilter.doFilter(RequestCacheAwareFilter.java:63)
	at org.springframework.security.web.ObservationFilterChainDecorator$ObservationFilter.wrapFilter(ObservationFilterChainDecorator.java:240)
	at org.springframework.security.web.ObservationFilterChainDecorator$ObservationFilter.doFilter(ObservationFilterChainDecorator.java:227)
	at org.springframework.security.web.ObservationFilterChainDecorator$VirtualFilterChain.doFilter(ObservationFilterChainDecorator.java:137)
	at com.microserviceone.users.core.config.internalSecurity.InternalJwtFilter.doFilterInternal(InternalJwtFilter.java:96)
	at org.springframework.web.filter.OncePerRequestFilter.doFilter(OncePerRequestFilter.java:116)
	at org.springframework.security.web.ObservationFilterChainDecorator$ObservationFilter.wrapFilter(ObservationFilterChainDecorator.java:240)
	at org.springframework.security.web.ObservationFilterChainDecorator$ObservationFilter.doFilter(ObservationFilterChainDecorator.java:227)
	at org.springframework.security.web.ObservationFilterChainDecorator$VirtualFilterChain.doFilter(ObservationFilterChainDecorator.java:137)
	at org.springframework.security.web.authentication.logout.LogoutFilter.doFilter(LogoutFilter.java:107)
	at org.springframework.security.web.authentication.logout.LogoutFilter.doFilter(LogoutFilter.java:93)
	at org.springframework.security.web.ObservationFilterChainDecorator$ObservationFilter.wrapFilter(ObservationFilterChainDecorator.java:240)
	at org.springframework.security.web.ObservationFilterChainDecorator$ObservationFilter.doFilter(ObservationFilterChainDecorator.java:227)
	at org.springframework.security.web.ObservationFilterChainDecorator$VirtualFilterChain.doFilter(ObservationFilterChainDecorator.java:137)
	at org.springframework.web.filter.CorsFilter.doFilterInternal(CorsFilter.java:91)
	at org.springframework.web.filter.OncePerRequestFilter.doFilter(OncePerRequestFilter.java:116)
	at org.springframework.security.web.ObservationFilterChainDecorator$ObservationFilter.wrapFilter(ObservationFilterChainDecorator.java:240)
	at org.springframework.security.web.ObservationFilterChainDecorator$ObservationFilter.doFilter(ObservationFilterChainDecorator.java:227)
	at org.springframework.security.web.ObservationFilterChainDecorator$VirtualFilterChain.doFilter(ObservationFilterChainDecorator.java:137)
	at org.springframework.security.web.header.HeaderWriterFilter.doHeadersAfter(HeaderWriterFilter.java:90)
	at org.springframework.security.web.header.HeaderWriterFilter.doFilterInternal(HeaderWriterFilter.java:75)
	at org.springframework.web.filter.OncePerRequestFilter.doFilter(OncePerRequestFilter.java:116)
	at org.springframework.security.web.ObservationFilterChainDecorator$ObservationFilter.wrapFilter(ObservationFilterChainDecorator.java:240)
	at org.springframework.security.web.ObservationFilterChainDecorator$ObservationFilter.doFilter(ObservationFilterChainDecorator.java:227)
	at org.springframework.security.web.ObservationFilterChainDecorator$VirtualFilterChain.doFilter(ObservationFilterChainDecorator.java:137)
	at org.springframework.security.web.context.SecurityContextHolderFilter.doFilter(SecurityContextHolderFilter.java:82)
	at org.springframework.security.web.context.SecurityContextHolderFilter.doFilter(SecurityContextHolderFilter.java:69)
	at org.springframework.security.web.ObservationFilterChainDecorator$ObservationFilter.wrapFilter(ObservationFilterChainDecorator.java:240)
	at org.springframework.security.web.ObservationFilterChainDecorator$ObservationFilter.doFilter(ObservationFilterChainDecorator.java:227)
	at org.springframework.security.web.ObservationFilterChainDecorator$VirtualFilterChain.doFilter(ObservationFilterChainDecorator.java:137)
	at org.springframework.security.web.context.request.async.WebAsyncManagerIntegrationFilter.doFilterInternal(WebAsyncManagerIntegrationFilter.java:62)
	at org.springframework.web.filter.OncePerRequestFilter.doFilter(OncePerRequestFilter.java:116)
	at org.springframework.security.web.ObservationFilterChainDecorator$ObservationFilter.wrapFilter(ObservationFilterChainDecorator.java:240)
	at org.springframework.security.web.ObservationFilterChainDecorator$ObservationFilter.doFilter(ObservationFilterChainDecorator.java:227)
	at org.springframework.security.web.ObservationFilterChainDecorator$VirtualFilterChain.doFilter(ObservationFilterChainDecorator.java:137)
	at org.springframework.security.web.session.DisableEncodeUrlFilter.doFilterInternal(DisableEncodeUrlFilter.java:42)
	at org.springframework.web.filter.OncePerRequestFilter.doFilter(OncePerRequestFilter.java:116)
	at org.springframework.security.web.ObservationFilterChainDecorator$ObservationFilter.wrapFilter(ObservationFilterChainDecorator.java:240)
	at org.springframework.security.web.ObservationFilterChainDecorator$AroundFilterObservation$SimpleAroundFilterObservation.lambda$wrap$0(ObservationFilterChainDecorator.java:323)
	at org.springframework.security.web.ObservationFilterChainDecorator$ObservationFilter.doFilter(ObservationFilterChainDecorator.java:224)
	at org.springframework.security.web.ObservationFilterChainDecorator$VirtualFilterChain.doFilter(ObservationFilterChainDecorator.java:137)
	at org.springframework.security.web.FilterChainProxy.doFilterInternal(FilterChainProxy.java:233)
	at org.springframework.security.web.FilterChainProxy.doFilter(FilterChainProxy.java:191)
	at org.springframework.web.filter.CompositeFilter$VirtualFilterChain.doFilter(CompositeFilter.java:113)
	at org.springframework.web.servlet.handler.HandlerMappingIntrospector.lambda$createCacheFilter$3(HandlerMappingIntrospector.java:195)
	at org.springframework.web.filter.CompositeFilter$VirtualFilterChain.doFilter(CompositeFilter.java:113)
	at org.springframework.web.filter.CompositeFilter.doFilter(CompositeFilter.java:74)
	at org.springframework.security.config.annotation.web.configuration.WebMvcSecurityConfiguration$CompositeFilterChainProxy.doFilter(WebMvcSecurityConfiguration.java:230)
	at org.springframework.web.filter.DelegatingFilterProxy.invokeDelegate(DelegatingFilterProxy.java:352)
	at org.springframework.web.filter.DelegatingFilterProxy.doFilter(DelegatingFilterProxy.java:268)
	at org.apache.catalina.core.ApplicationFilterChain.internalDoFilter(ApplicationFilterChain.java:174)
	at org.apache.catalina.core.ApplicationFilterChain.doFilter(ApplicationFilterChain.java:149)
	at org.springframework.web.filter.RequestContextFilter.doFilterInternal(RequestContextFilter.java:100)
	at org.springframework.web.filter.OncePerRequestFilter.doFilter(OncePerRequestFilter.java:116)
	at org.apache.catalina.core.ApplicationFilterChain.internalDoFilter(ApplicationFilterChain.java:174)
	at org.apache.catalina.core.ApplicationFilterChain.doFilter(ApplicationFilterChain.java:149)
	at org.springframework.web.filter.FormContentFilter.doFilterInternal(FormContentFilter.java:93)
	at org.springframework.web.filter.OncePerRequestFilter.doFilter(OncePerRequestFilter.java:116)
	at org.apache.catalina.core.ApplicationFilterChain.internalDoFilter(ApplicationFilterChain.java:174)
	at org.apache.catalina.core.ApplicationFilterChain.doFilter(ApplicationFilterChain.java:149)
	at org.springframework.web.filter.ServerHttpObservationFilter.doFilterInternal(ServerHttpObservationFilter.java:109)
	at org.springframework.web.filter.OncePerRequestFilter.doFilter(OncePerRequestFilter.java:116)
	at org.apache.catalina.core.ApplicationFilterChain.internalDoFilter(ApplicationFilterChain.java:174)
	at org.apache.catalina.core.ApplicationFilterChain.doFilter(ApplicationFilterChain.java:149)
	at org.springframework.web.filter.CharacterEncodingFilter.doFilterInternal(CharacterEncodingFilter.java:201)
	at org.springframework.web.filter.OncePerRequestFilter.doFilter(OncePerRequestFilter.java:116)
	at org.apache.catalina.core.ApplicationFilterChain.internalDoFilter(ApplicationFilterChain.java:174)
	at org.apache.catalina.core.ApplicationFilterChain.doFilter(ApplicationFilterChain.java:149)
	at org.apache.catalina.core.StandardWrapperValve.invoke(StandardWrapperValve.java:167)
	at org.apache.catalina.core.StandardContextValve.invoke(StandardContextValve.java:90)
	at org.apache.catalina.authenticator.AuthenticatorBase.invoke(AuthenticatorBase.java:482)
	at org.apache.catalina.core.StandardHostValve.invoke(StandardHostValve.java:115)
	at org.apache.catalina.valves.ErrorReportValve.invoke(ErrorReportValve.java:93)
	at org.apache.catalina.core.StandardEngineValve.invoke(StandardEngineValve.java:74)
	at org.apache.catalina.connector.CoyoteAdapter.service(CoyoteAdapter.java:344)
	at org.apache.coyote.http11.Http11Processor.service(Http11Processor.java:391)
	at org.apache.coyote.AbstractProcessorLight.process(AbstractProcessorLight.java:63)
	at org.apache.coyote.AbstractProtocol$ConnectionHandler.process(AbstractProtocol.java:896)
	at org.apache.tomcat.util.net.NioEndpoint$SocketProcessor.doRun(NioEndpoint.java:1744)
	at org.apache.tomcat.util.net.SocketProcessorBase.run(SocketProcessorBase.java:52)
	at org.apache.tomcat.util.threads.ThreadPoolExecutor.runWorker(ThreadPoolExecutor.java:1191)
	at org.apache.tomcat.util.threads.ThreadPoolExecutor$Worker.run(ThreadPoolExecutor.java:659)
	at org.apache.tomcat.util.threads.TaskThread$WrappingRunnable.run(TaskThread.java:63)
	at java.base/java.lang.Thread.run(Thread.java:840)
2025-07-11 13:58:33 [http-nio-8082-exec-1] INFO  c.m.u.core.logging.LoggingService - CheckEmailVerificationUseCase: Verificando estado de verificación de email - Email: pablobedoya3521@gmail.com
2025-07-11 13:58:33 [http-nio-8082-exec-1] DEBUG c.m.u.core.logging.LoggingService - AdapterVerificationCode: Verificando si email está verificado - Email: pablobedoya3521@gmail.com
2025-07-11 13:58:33 [http-nio-8082-exec-1] DEBUG c.m.u.core.logging.LoggingService - AdapterVerificationCode: Estado de verificación - Email: pablobedoya3521@gmail.com, Verificado: false
2025-07-11 13:58:33 [http-nio-8082-exec-1] WARN  c.m.u.core.logging.LoggingService - CheckEmailVerificationUseCase: Email no verificado - Email: pablobedoya3521@gmail.com
2025-07-11 13:58:33 [http-nio-8082-exec-1] DEBUG c.m.u.core.logging.LoggingService - El correo electrónico aún no ha sido verificado
2025-07-11 13:58:33 [http-nio-8082-exec-1] ERROR c.m.u.core.logging.LoggingService - CheckEmailVerificationUseCase: Excepción de email no verificado - Email: pablobedoya3521@gmail.com
com.microserviceone.users.verificationCodeApi.application.exception.EmailNotVerifiedException: El correo electrónico aún no ha sido verificado
	at com.microserviceone.users.verificationCodeApi.application.usecase.CheckEmailVerificationUseCase.checkEmailVerification(CheckEmailVerificationUseCase.java:30)
	at java.base/jdk.internal.reflect.NativeMethodAccessorImpl.invoke0(Native Method)
	at java.base/jdk.internal.reflect.NativeMethodAccessorImpl.invoke(NativeMethodAccessorImpl.java:77)
	at java.base/jdk.internal.reflect.DelegatingMethodAccessorImpl.invoke(DelegatingMethodAccessorImpl.java:43)
	at java.base/java.lang.reflect.Method.invoke(Method.java:569)
	at org.springframework.aop.support.AopUtils.invokeJoinpointUsingReflection(AopUtils.java:351)
	at org.springframework.aop.framework.ReflectiveMethodInvocation.invokeJoinpoint(ReflectiveMethodInvocation.java:196)
	at org.springframework.aop.framework.ReflectiveMethodInvocation.proceed(ReflectiveMethodInvocation.java:163)
	at org.springframework.aop.framework.CglibAopProxy$CglibMethodInvocation.proceed(CglibAopProxy.java:765)
	at org.springframework.transaction.interceptor.TransactionInterceptor$1.proceedWithInvocation(TransactionInterceptor.java:123)
	at org.springframework.transaction.interceptor.TransactionAspectSupport.invokeWithinTransaction(TransactionAspectSupport.java:385)
	at org.springframework.transaction.interceptor.TransactionInterceptor.invoke(TransactionInterceptor.java:119)
	at org.springframework.aop.framework.ReflectiveMethodInvocation.proceed(ReflectiveMethodInvocation.java:184)
	at org.springframework.aop.framework.CglibAopProxy$CglibMethodInvocation.proceed(CglibAopProxy.java:765)
	at org.springframework.aop.framework.CglibAopProxy$DynamicAdvisedInterceptor.intercept(CglibAopProxy.java:717)
	at com.microserviceone.users.verificationCodeApi.application.usecase.CheckEmailVerificationUseCase$$SpringCGLIB$$0.checkEmailVerification(<generated>)
	at com.microserviceone.users.verificationCodeApi.application.usecase.cached.CachedCheckEmailVerificationUseCase.checkEmailVerification(CachedCheckEmailVerificationUseCase.java:53)
	at com.microserviceone.users.verificationCodeApi.application.service.VerificationService.checkEmailVerification(VerificationService.java:55)
	at com.microserviceone.users.verificationCodeApi.web.controller.VerificationCodeController.checkEmailVerification(VerificationCodeController.java:65)
	at java.base/jdk.internal.reflect.NativeMethodAccessorImpl.invoke0(Native Method)
	at java.base/jdk.internal.reflect.NativeMethodAccessorImpl.invoke(NativeMethodAccessorImpl.java:77)
	at java.base/jdk.internal.reflect.DelegatingMethodAccessorImpl.invoke(DelegatingMethodAccessorImpl.java:43)
	at java.base/java.lang.reflect.Method.invoke(Method.java:569)
	at org.springframework.web.method.support.InvocableHandlerMethod.doInvoke(InvocableHandlerMethod.java:259)
	at org.springframework.web.method.support.InvocableHandlerMethod.invokeForRequest(InvocableHandlerMethod.java:192)
	at org.springframework.web.servlet.mvc.method.annotation.ServletInvocableHandlerMethod.invokeAndHandle(ServletInvocableHandlerMethod.java:118)
	at org.springframework.web.servlet.mvc.method.annotation.RequestMappingHandlerAdapter.invokeHandlerMethod(RequestMappingHandlerAdapter.java:920)
	at org.springframework.web.servlet.mvc.method.annotation.RequestMappingHandlerAdapter.handleInternal(RequestMappingHandlerAdapter.java:830)
	at org.springframework.web.servlet.mvc.method.AbstractHandlerMethodAdapter.handle(AbstractHandlerMethodAdapter.java:87)
	at org.springframework.web.servlet.DispatcherServlet.doDispatch(DispatcherServlet.java:1089)
	at org.springframework.web.servlet.DispatcherServlet.doService(DispatcherServlet.java:979)
	at org.springframework.web.servlet.FrameworkServlet.processRequest(FrameworkServlet.java:1014)
	at org.springframework.web.servlet.FrameworkServlet.doPost(FrameworkServlet.java:914)
	at jakarta.servlet.http.HttpServlet.service(HttpServlet.java:590)
	at org.springframework.web.servlet.FrameworkServlet.service(FrameworkServlet.java:885)
	at jakarta.servlet.http.HttpServlet.service(HttpServlet.java:658)
	at org.apache.catalina.core.ApplicationFilterChain.internalDoFilter(ApplicationFilterChain.java:205)
	at org.apache.catalina.core.ApplicationFilterChain.doFilter(ApplicationFilterChain.java:149)
	at org.apache.tomcat.websocket.server.WsFilter.doFilter(WsFilter.java:51)
	at org.apache.catalina.core.ApplicationFilterChain.internalDoFilter(ApplicationFilterChain.java:174)
	at org.apache.catalina.core.ApplicationFilterChain.doFilter(ApplicationFilterChain.java:149)
	at org.springframework.web.filter.OncePerRequestFilter.doFilter(OncePerRequestFilter.java:110)
	at org.apache.catalina.core.ApplicationFilterChain.internalDoFilter(ApplicationFilterChain.java:174)
	at org.apache.catalina.core.ApplicationFilterChain.doFilter(ApplicationFilterChain.java:149)
	at org.springframework.web.filter.CompositeFilter$VirtualFilterChain.doFilter(CompositeFilter.java:108)
	at org.springframework.security.web.FilterChainProxy.lambda$doFilterInternal$3(FilterChainProxy.java:231)
	at org.springframework.security.web.ObservationFilterChainDecorator$FilterObservation$SimpleFilterObservation.lambda$wrap$1(ObservationFilterChainDecorator.java:479)
	at org.springframework.security.web.ObservationFilterChainDecorator$AroundFilterObservation$SimpleAroundFilterObservation.lambda$wrap$1(ObservationFilterChainDecorator.java:340)
	at org.springframework.security.web.ObservationFilterChainDecorator.lambda$wrapSecured$0(ObservationFilterChainDecorator.java:82)
	at org.springframework.security.web.ObservationFilterChainDecorator$VirtualFilterChain.doFilter(ObservationFilterChainDecorator.java:128)
	at org.springframework.security.web.access.intercept.AuthorizationFilter.doFilter(AuthorizationFilter.java:100)
	at org.springframework.security.web.ObservationFilterChainDecorator$ObservationFilter.wrapFilter(ObservationFilterChainDecorator.java:240)
	at org.springframework.security.web.ObservationFilterChainDecorator$ObservationFilter.doFilter(ObservationFilterChainDecorator.java:227)
	at org.springframework.security.web.ObservationFilterChainDecorator$VirtualFilterChain.doFilter(ObservationFilterChainDecorator.java:137)
	at org.springframework.security.web.access.ExceptionTranslationFilter.doFilter(ExceptionTranslationFilter.java:126)
	at org.springframework.security.web.access.ExceptionTranslationFilter.doFilter(ExceptionTranslationFilter.java:120)
	at org.springframework.security.web.ObservationFilterChainDecorator$ObservationFilter.wrapFilter(ObservationFilterChainDecorator.java:240)
	at org.springframework.security.web.ObservationFilterChainDecorator$ObservationFilter.doFilter(ObservationFilterChainDecorator.java:227)
	at org.springframework.security.web.ObservationFilterChainDecorator$VirtualFilterChain.doFilter(ObservationFilterChainDecorator.java:137)
	at org.springframework.security.web.authentication.AnonymousAuthenticationFilter.doFilter(AnonymousAuthenticationFilter.java:100)
	at org.springframework.security.web.ObservationFilterChainDecorator$ObservationFilter.wrapFilter(ObservationFilterChainDecorator.java:240)
	at org.springframework.security.web.ObservationFilterChainDecorator$ObservationFilter.doFilter(ObservationFilterChainDecorator.java:227)
	at org.springframework.security.web.ObservationFilterChainDecorator$VirtualFilterChain.doFilter(ObservationFilterChainDecorator.java:137)
	at org.springframework.security.web.servletapi.SecurityContextHolderAwareRequestFilter.doFilter(SecurityContextHolderAwareRequestFilter.java:179)
	at org.springframework.security.web.ObservationFilterChainDecorator$ObservationFilter.wrapFilter(ObservationFilterChainDecorator.java:240)
	at org.springframework.security.web.ObservationFilterChainDecorator$ObservationFilter.doFilter(ObservationFilterChainDecorator.java:227)
	at org.springframework.security.web.ObservationFilterChainDecorator$VirtualFilterChain.doFilter(ObservationFilterChainDecorator.java:137)
	at org.springframework.security.web.savedrequest.RequestCacheAwareFilter.doFilter(RequestCacheAwareFilter.java:63)
	at org.springframework.security.web.ObservationFilterChainDecorator$ObservationFilter.wrapFilter(ObservationFilterChainDecorator.java:240)
	at org.springframework.security.web.ObservationFilterChainDecorator$ObservationFilter.doFilter(ObservationFilterChainDecorator.java:227)
	at org.springframework.security.web.ObservationFilterChainDecorator$VirtualFilterChain.doFilter(ObservationFilterChainDecorator.java:137)
	at com.microserviceone.users.core.config.internalSecurity.InternalJwtFilter.doFilterInternal(InternalJwtFilter.java:96)
	at org.springframework.web.filter.OncePerRequestFilter.doFilter(OncePerRequestFilter.java:116)
	at org.springframework.security.web.ObservationFilterChainDecorator$ObservationFilter.wrapFilter(ObservationFilterChainDecorator.java:240)
	at org.springframework.security.web.ObservationFilterChainDecorator$ObservationFilter.doFilter(ObservationFilterChainDecorator.java:227)
	at org.springframework.security.web.ObservationFilterChainDecorator$VirtualFilterChain.doFilter(ObservationFilterChainDecorator.java:137)
	at org.springframework.security.web.authentication.logout.LogoutFilter.doFilter(LogoutFilter.java:107)
	at org.springframework.security.web.authentication.logout.LogoutFilter.doFilter(LogoutFilter.java:93)
	at org.springframework.security.web.ObservationFilterChainDecorator$ObservationFilter.wrapFilter(ObservationFilterChainDecorator.java:240)
	at org.springframework.security.web.ObservationFilterChainDecorator$ObservationFilter.doFilter(ObservationFilterChainDecorator.java:227)
	at org.springframework.security.web.ObservationFilterChainDecorator$VirtualFilterChain.doFilter(ObservationFilterChainDecorator.java:137)
	at org.springframework.web.filter.CorsFilter.doFilterInternal(CorsFilter.java:91)
	at org.springframework.web.filter.OncePerRequestFilter.doFilter(OncePerRequestFilter.java:116)
	at org.springframework.security.web.ObservationFilterChainDecorator$ObservationFilter.wrapFilter(ObservationFilterChainDecorator.java:240)
	at org.springframework.security.web.ObservationFilterChainDecorator$ObservationFilter.doFilter(ObservationFilterChainDecorator.java:227)
	at org.springframework.security.web.ObservationFilterChainDecorator$VirtualFilterChain.doFilter(ObservationFilterChainDecorator.java:137)
	at org.springframework.security.web.header.HeaderWriterFilter.doHeadersAfter(HeaderWriterFilter.java:90)
	at org.springframework.security.web.header.HeaderWriterFilter.doFilterInternal(HeaderWriterFilter.java:75)
	at org.springframework.web.filter.OncePerRequestFilter.doFilter(OncePerRequestFilter.java:116)
	at org.springframework.security.web.ObservationFilterChainDecorator$ObservationFilter.wrapFilter(ObservationFilterChainDecorator.java:240)
	at org.springframework.security.web.ObservationFilterChainDecorator$ObservationFilter.doFilter(ObservationFilterChainDecorator.java:227)
	at org.springframework.security.web.ObservationFilterChainDecorator$VirtualFilterChain.doFilter(ObservationFilterChainDecorator.java:137)
	at org.springframework.security.web.context.SecurityContextHolderFilter.doFilter(SecurityContextHolderFilter.java:82)
	at org.springframework.security.web.context.SecurityContextHolderFilter.doFilter(SecurityContextHolderFilter.java:69)
	at org.springframework.security.web.ObservationFilterChainDecorator$ObservationFilter.wrapFilter(ObservationFilterChainDecorator.java:240)
	at org.springframework.security.web.ObservationFilterChainDecorator$ObservationFilter.doFilter(ObservationFilterChainDecorator.java:227)
	at org.springframework.security.web.ObservationFilterChainDecorator$VirtualFilterChain.doFilter(ObservationFilterChainDecorator.java:137)
	at org.springframework.security.web.context.request.async.WebAsyncManagerIntegrationFilter.doFilterInternal(WebAsyncManagerIntegrationFilter.java:62)
	at org.springframework.web.filter.OncePerRequestFilter.doFilter(OncePerRequestFilter.java:116)
	at org.springframework.security.web.ObservationFilterChainDecorator$ObservationFilter.wrapFilter(ObservationFilterChainDecorator.java:240)
	at org.springframework.security.web.ObservationFilterChainDecorator$ObservationFilter.doFilter(ObservationFilterChainDecorator.java:227)
	at org.springframework.security.web.ObservationFilterChainDecorator$VirtualFilterChain.doFilter(ObservationFilterChainDecorator.java:137)
	at org.springframework.security.web.session.DisableEncodeUrlFilter.doFilterInternal(DisableEncodeUrlFilter.java:42)
	at org.springframework.web.filter.OncePerRequestFilter.doFilter(OncePerRequestFilter.java:116)
	at org.springframework.security.web.ObservationFilterChainDecorator$ObservationFilter.wrapFilter(ObservationFilterChainDecorator.java:240)
	at org.springframework.security.web.ObservationFilterChainDecorator$AroundFilterObservation$SimpleAroundFilterObservation.lambda$wrap$0(ObservationFilterChainDecorator.java:323)
	at org.springframework.security.web.ObservationFilterChainDecorator$ObservationFilter.doFilter(ObservationFilterChainDecorator.java:224)
	at org.springframework.security.web.ObservationFilterChainDecorator$VirtualFilterChain.doFilter(ObservationFilterChainDecorator.java:137)
	at org.springframework.security.web.FilterChainProxy.doFilterInternal(FilterChainProxy.java:233)
	at org.springframework.security.web.FilterChainProxy.doFilter(FilterChainProxy.java:191)
	at org.springframework.web.filter.CompositeFilter$VirtualFilterChain.doFilter(CompositeFilter.java:113)
	at org.springframework.web.servlet.handler.HandlerMappingIntrospector.lambda$createCacheFilter$3(HandlerMappingIntrospector.java:195)
	at org.springframework.web.filter.CompositeFilter$VirtualFilterChain.doFilter(CompositeFilter.java:113)
	at org.springframework.web.filter.CompositeFilter.doFilter(CompositeFilter.java:74)
	at org.springframework.security.config.annotation.web.configuration.WebMvcSecurityConfiguration$CompositeFilterChainProxy.doFilter(WebMvcSecurityConfiguration.java:230)
	at org.springframework.web.filter.DelegatingFilterProxy.invokeDelegate(DelegatingFilterProxy.java:352)
	at org.springframework.web.filter.DelegatingFilterProxy.doFilter(DelegatingFilterProxy.java:268)
	at org.apache.catalina.core.ApplicationFilterChain.internalDoFilter(ApplicationFilterChain.java:174)
	at org.apache.catalina.core.ApplicationFilterChain.doFilter(ApplicationFilterChain.java:149)
	at org.springframework.web.filter.RequestContextFilter.doFilterInternal(RequestContextFilter.java:100)
	at org.springframework.web.filter.OncePerRequestFilter.doFilter(OncePerRequestFilter.java:116)
	at org.apache.catalina.core.ApplicationFilterChain.internalDoFilter(ApplicationFilterChain.java:174)
	at org.apache.catalina.core.ApplicationFilterChain.doFilter(ApplicationFilterChain.java:149)
	at org.springframework.web.filter.FormContentFilter.doFilterInternal(FormContentFilter.java:93)
	at org.springframework.web.filter.OncePerRequestFilter.doFilter(OncePerRequestFilter.java:116)
	at org.apache.catalina.core.ApplicationFilterChain.internalDoFilter(ApplicationFilterChain.java:174)
	at org.apache.catalina.core.ApplicationFilterChain.doFilter(ApplicationFilterChain.java:149)
	at org.springframework.web.filter.ServerHttpObservationFilter.doFilterInternal(ServerHttpObservationFilter.java:109)
	at org.springframework.web.filter.OncePerRequestFilter.doFilter(OncePerRequestFilter.java:116)
	at org.apache.catalina.core.ApplicationFilterChain.internalDoFilter(ApplicationFilterChain.java:174)
	at org.apache.catalina.core.ApplicationFilterChain.doFilter(ApplicationFilterChain.java:149)
	at org.springframework.web.filter.CharacterEncodingFilter.doFilterInternal(CharacterEncodingFilter.java:201)
	at org.springframework.web.filter.OncePerRequestFilter.doFilter(OncePerRequestFilter.java:116)
	at org.apache.catalina.core.ApplicationFilterChain.internalDoFilter(ApplicationFilterChain.java:174)
	at org.apache.catalina.core.ApplicationFilterChain.doFilter(ApplicationFilterChain.java:149)
	at org.apache.catalina.core.StandardWrapperValve.invoke(StandardWrapperValve.java:167)
	at org.apache.catalina.core.StandardContextValve.invoke(StandardContextValve.java:90)
	at org.apache.catalina.authenticator.AuthenticatorBase.invoke(AuthenticatorBase.java:482)
	at org.apache.catalina.core.StandardHostValve.invoke(StandardHostValve.java:115)
	at org.apache.catalina.valves.ErrorReportValve.invoke(ErrorReportValve.java:93)
	at org.apache.catalina.core.StandardEngineValve.invoke(StandardEngineValve.java:74)
	at org.apache.catalina.connector.CoyoteAdapter.service(CoyoteAdapter.java:344)
	at org.apache.coyote.http11.Http11Processor.service(Http11Processor.java:391)
	at org.apache.coyote.AbstractProcessorLight.process(AbstractProcessorLight.java:63)
	at org.apache.coyote.AbstractProtocol$ConnectionHandler.process(AbstractProtocol.java:896)
	at org.apache.tomcat.util.net.NioEndpoint$SocketProcessor.doRun(NioEndpoint.java:1744)
	at org.apache.tomcat.util.net.SocketProcessorBase.run(SocketProcessorBase.java:52)
	at org.apache.tomcat.util.threads.ThreadPoolExecutor.runWorker(ThreadPoolExecutor.java:1191)
	at org.apache.tomcat.util.threads.ThreadPoolExecutor$Worker.run(ThreadPoolExecutor.java:659)
	at org.apache.tomcat.util.threads.TaskThread$WrappingRunnable.run(TaskThread.java:63)
	at java.base/java.lang.Thread.run(Thread.java:840)
2025-07-11 13:58:33 [http-nio-8082-exec-1] ERROR c.m.u.core.logging.LoggingService - VerificationService: Error al verificar estado de email - Email: pablobedoya3521@gmail.com
com.microserviceone.users.verificationCodeApi.application.exception.EmailNotVerifiedException: El correo electrónico aún no ha sido verificado
	at com.microserviceone.users.verificationCodeApi.application.usecase.CheckEmailVerificationUseCase.checkEmailVerification(CheckEmailVerificationUseCase.java:30)
	at java.base/jdk.internal.reflect.NativeMethodAccessorImpl.invoke0(Native Method)
	at java.base/jdk.internal.reflect.NativeMethodAccessorImpl.invoke(NativeMethodAccessorImpl.java:77)
	at java.base/jdk.internal.reflect.DelegatingMethodAccessorImpl.invoke(DelegatingMethodAccessorImpl.java:43)
	at java.base/java.lang.reflect.Method.invoke(Method.java:569)
	at org.springframework.aop.support.AopUtils.invokeJoinpointUsingReflection(AopUtils.java:351)
	at org.springframework.aop.framework.ReflectiveMethodInvocation.invokeJoinpoint(ReflectiveMethodInvocation.java:196)
	at org.springframework.aop.framework.ReflectiveMethodInvocation.proceed(ReflectiveMethodInvocation.java:163)
	at org.springframework.aop.framework.CglibAopProxy$CglibMethodInvocation.proceed(CglibAopProxy.java:765)
	at org.springframework.transaction.interceptor.TransactionInterceptor$1.proceedWithInvocation(TransactionInterceptor.java:123)
	at org.springframework.transaction.interceptor.TransactionAspectSupport.invokeWithinTransaction(TransactionAspectSupport.java:385)
	at org.springframework.transaction.interceptor.TransactionInterceptor.invoke(TransactionInterceptor.java:119)
	at org.springframework.aop.framework.ReflectiveMethodInvocation.proceed(ReflectiveMethodInvocation.java:184)
	at org.springframework.aop.framework.CglibAopProxy$CglibMethodInvocation.proceed(CglibAopProxy.java:765)
	at org.springframework.aop.framework.CglibAopProxy$DynamicAdvisedInterceptor.intercept(CglibAopProxy.java:717)
	at com.microserviceone.users.verificationCodeApi.application.usecase.CheckEmailVerificationUseCase$$SpringCGLIB$$0.checkEmailVerification(<generated>)
	at com.microserviceone.users.verificationCodeApi.application.usecase.cached.CachedCheckEmailVerificationUseCase.checkEmailVerification(CachedCheckEmailVerificationUseCase.java:53)
	at com.microserviceone.users.verificationCodeApi.application.service.VerificationService.checkEmailVerification(VerificationService.java:55)
	at com.microserviceone.users.verificationCodeApi.web.controller.VerificationCodeController.checkEmailVerification(VerificationCodeController.java:65)
	at java.base/jdk.internal.reflect.NativeMethodAccessorImpl.invoke0(Native Method)
	at java.base/jdk.internal.reflect.NativeMethodAccessorImpl.invoke(NativeMethodAccessorImpl.java:77)
	at java.base/jdk.internal.reflect.DelegatingMethodAccessorImpl.invoke(DelegatingMethodAccessorImpl.java:43)
	at java.base/java.lang.reflect.Method.invoke(Method.java:569)
	at org.springframework.web.method.support.InvocableHandlerMethod.doInvoke(InvocableHandlerMethod.java:259)
	at org.springframework.web.method.support.InvocableHandlerMethod.invokeForRequest(InvocableHandlerMethod.java:192)
	at org.springframework.web.servlet.mvc.method.annotation.ServletInvocableHandlerMethod.invokeAndHandle(ServletInvocableHandlerMethod.java:118)
	at org.springframework.web.servlet.mvc.method.annotation.RequestMappingHandlerAdapter.invokeHandlerMethod(RequestMappingHandlerAdapter.java:920)
	at org.springframework.web.servlet.mvc.method.annotation.RequestMappingHandlerAdapter.handleInternal(RequestMappingHandlerAdapter.java:830)
	at org.springframework.web.servlet.mvc.method.AbstractHandlerMethodAdapter.handle(AbstractHandlerMethodAdapter.java:87)
	at org.springframework.web.servlet.DispatcherServlet.doDispatch(DispatcherServlet.java:1089)
	at org.springframework.web.servlet.DispatcherServlet.doService(DispatcherServlet.java:979)
	at org.springframework.web.servlet.FrameworkServlet.processRequest(FrameworkServlet.java:1014)
	at org.springframework.web.servlet.FrameworkServlet.doPost(FrameworkServlet.java:914)
	at jakarta.servlet.http.HttpServlet.service(HttpServlet.java:590)
	at org.springframework.web.servlet.FrameworkServlet.service(FrameworkServlet.java:885)
	at jakarta.servlet.http.HttpServlet.service(HttpServlet.java:658)
	at org.apache.catalina.core.ApplicationFilterChain.internalDoFilter(ApplicationFilterChain.java:205)
	at org.apache.catalina.core.ApplicationFilterChain.doFilter(ApplicationFilterChain.java:149)
	at org.apache.tomcat.websocket.server.WsFilter.doFilter(WsFilter.java:51)
	at org.apache.catalina.core.ApplicationFilterChain.internalDoFilter(ApplicationFilterChain.java:174)
	at org.apache.catalina.core.ApplicationFilterChain.doFilter(ApplicationFilterChain.java:149)
	at org.springframework.web.filter.OncePerRequestFilter.doFilter(OncePerRequestFilter.java:110)
	at org.apache.catalina.core.ApplicationFilterChain.internalDoFilter(ApplicationFilterChain.java:174)
	at org.apache.catalina.core.ApplicationFilterChain.doFilter(ApplicationFilterChain.java:149)
	at org.springframework.web.filter.CompositeFilter$VirtualFilterChain.doFilter(CompositeFilter.java:108)
	at org.springframework.security.web.FilterChainProxy.lambda$doFilterInternal$3(FilterChainProxy.java:231)
	at org.springframework.security.web.ObservationFilterChainDecorator$FilterObservation$SimpleFilterObservation.lambda$wrap$1(ObservationFilterChainDecorator.java:479)
	at org.springframework.security.web.ObservationFilterChainDecorator$AroundFilterObservation$SimpleAroundFilterObservation.lambda$wrap$1(ObservationFilterChainDecorator.java:340)
	at org.springframework.security.web.ObservationFilterChainDecorator.lambda$wrapSecured$0(ObservationFilterChainDecorator.java:82)
	at org.springframework.security.web.ObservationFilterChainDecorator$VirtualFilterChain.doFilter(ObservationFilterChainDecorator.java:128)
	at org.springframework.security.web.access.intercept.AuthorizationFilter.doFilter(AuthorizationFilter.java:100)
	at org.springframework.security.web.ObservationFilterChainDecorator$ObservationFilter.wrapFilter(ObservationFilterChainDecorator.java:240)
	at org.springframework.security.web.ObservationFilterChainDecorator$ObservationFilter.doFilter(ObservationFilterChainDecorator.java:227)
	at org.springframework.security.web.ObservationFilterChainDecorator$VirtualFilterChain.doFilter(ObservationFilterChainDecorator.java:137)
	at org.springframework.security.web.access.ExceptionTranslationFilter.doFilter(ExceptionTranslationFilter.java:126)
	at org.springframework.security.web.access.ExceptionTranslationFilter.doFilter(ExceptionTranslationFilter.java:120)
	at org.springframework.security.web.ObservationFilterChainDecorator$ObservationFilter.wrapFilter(ObservationFilterChainDecorator.java:240)
	at org.springframework.security.web.ObservationFilterChainDecorator$ObservationFilter.doFilter(ObservationFilterChainDecorator.java:227)
	at org.springframework.security.web.ObservationFilterChainDecorator$VirtualFilterChain.doFilter(ObservationFilterChainDecorator.java:137)
	at org.springframework.security.web.authentication.AnonymousAuthenticationFilter.doFilter(AnonymousAuthenticationFilter.java:100)
	at org.springframework.security.web.ObservationFilterChainDecorator$ObservationFilter.wrapFilter(ObservationFilterChainDecorator.java:240)
	at org.springframework.security.web.ObservationFilterChainDecorator$ObservationFilter.doFilter(ObservationFilterChainDecorator.java:227)
	at org.springframework.security.web.ObservationFilterChainDecorator$VirtualFilterChain.doFilter(ObservationFilterChainDecorator.java:137)
	at org.springframework.security.web.servletapi.SecurityContextHolderAwareRequestFilter.doFilter(SecurityContextHolderAwareRequestFilter.java:179)
	at org.springframework.security.web.ObservationFilterChainDecorator$ObservationFilter.wrapFilter(ObservationFilterChainDecorator.java:240)
	at org.springframework.security.web.ObservationFilterChainDecorator$ObservationFilter.doFilter(ObservationFilterChainDecorator.java:227)
	at org.springframework.security.web.ObservationFilterChainDecorator$VirtualFilterChain.doFilter(ObservationFilterChainDecorator.java:137)
	at org.springframework.security.web.savedrequest.RequestCacheAwareFilter.doFilter(RequestCacheAwareFilter.java:63)
	at org.springframework.security.web.ObservationFilterChainDecorator$ObservationFilter.wrapFilter(ObservationFilterChainDecorator.java:240)
	at org.springframework.security.web.ObservationFilterChainDecorator$ObservationFilter.doFilter(ObservationFilterChainDecorator.java:227)
	at org.springframework.security.web.ObservationFilterChainDecorator$VirtualFilterChain.doFilter(ObservationFilterChainDecorator.java:137)
	at com.microserviceone.users.core.config.internalSecurity.InternalJwtFilter.doFilterInternal(InternalJwtFilter.java:96)
	at org.springframework.web.filter.OncePerRequestFilter.doFilter(OncePerRequestFilter.java:116)
	at org.springframework.security.web.ObservationFilterChainDecorator$ObservationFilter.wrapFilter(ObservationFilterChainDecorator.java:240)
	at org.springframework.security.web.ObservationFilterChainDecorator$ObservationFilter.doFilter(ObservationFilterChainDecorator.java:227)
	at org.springframework.security.web.ObservationFilterChainDecorator$VirtualFilterChain.doFilter(ObservationFilterChainDecorator.java:137)
	at org.springframework.security.web.authentication.logout.LogoutFilter.doFilter(LogoutFilter.java:107)
	at org.springframework.security.web.authentication.logout.LogoutFilter.doFilter(LogoutFilter.java:93)
	at org.springframework.security.web.ObservationFilterChainDecorator$ObservationFilter.wrapFilter(ObservationFilterChainDecorator.java:240)
	at org.springframework.security.web.ObservationFilterChainDecorator$ObservationFilter.doFilter(ObservationFilterChainDecorator.java:227)
	at org.springframework.security.web.ObservationFilterChainDecorator$VirtualFilterChain.doFilter(ObservationFilterChainDecorator.java:137)
	at org.springframework.web.filter.CorsFilter.doFilterInternal(CorsFilter.java:91)
	at org.springframework.web.filter.OncePerRequestFilter.doFilter(OncePerRequestFilter.java:116)
	at org.springframework.security.web.ObservationFilterChainDecorator$ObservationFilter.wrapFilter(ObservationFilterChainDecorator.java:240)
	at org.springframework.security.web.ObservationFilterChainDecorator$ObservationFilter.doFilter(ObservationFilterChainDecorator.java:227)
	at org.springframework.security.web.ObservationFilterChainDecorator$VirtualFilterChain.doFilter(ObservationFilterChainDecorator.java:137)
	at org.springframework.security.web.header.HeaderWriterFilter.doHeadersAfter(HeaderWriterFilter.java:90)
	at org.springframework.security.web.header.HeaderWriterFilter.doFilterInternal(HeaderWriterFilter.java:75)
	at org.springframework.web.filter.OncePerRequestFilter.doFilter(OncePerRequestFilter.java:116)
	at org.springframework.security.web.ObservationFilterChainDecorator$ObservationFilter.wrapFilter(ObservationFilterChainDecorator.java:240)
	at org.springframework.security.web.ObservationFilterChainDecorator$ObservationFilter.doFilter(ObservationFilterChainDecorator.java:227)
	at org.springframework.security.web.ObservationFilterChainDecorator$VirtualFilterChain.doFilter(ObservationFilterChainDecorator.java:137)
	at org.springframework.security.web.context.SecurityContextHolderFilter.doFilter(SecurityContextHolderFilter.java:82)
	at org.springframework.security.web.context.SecurityContextHolderFilter.doFilter(SecurityContextHolderFilter.java:69)
	at org.springframework.security.web.ObservationFilterChainDecorator$ObservationFilter.wrapFilter(ObservationFilterChainDecorator.java:240)
	at org.springframework.security.web.ObservationFilterChainDecorator$ObservationFilter.doFilter(ObservationFilterChainDecorator.java:227)
	at org.springframework.security.web.ObservationFilterChainDecorator$VirtualFilterChain.doFilter(ObservationFilterChainDecorator.java:137)
	at org.springframework.security.web.context.request.async.WebAsyncManagerIntegrationFilter.doFilterInternal(WebAsyncManagerIntegrationFilter.java:62)
	at org.springframework.web.filter.OncePerRequestFilter.doFilter(OncePerRequestFilter.java:116)
	at org.springframework.security.web.ObservationFilterChainDecorator$ObservationFilter.wrapFilter(ObservationFilterChainDecorator.java:240)
	at org.springframework.security.web.ObservationFilterChainDecorator$ObservationFilter.doFilter(ObservationFilterChainDecorator.java:227)
	at org.springframework.security.web.ObservationFilterChainDecorator$VirtualFilterChain.doFilter(ObservationFilterChainDecorator.java:137)
	at org.springframework.security.web.session.DisableEncodeUrlFilter.doFilterInternal(DisableEncodeUrlFilter.java:42)
	at org.springframework.web.filter.OncePerRequestFilter.doFilter(OncePerRequestFilter.java:116)
	at org.springframework.security.web.ObservationFilterChainDecorator$ObservationFilter.wrapFilter(ObservationFilterChainDecorator.java:240)
	at org.springframework.security.web.ObservationFilterChainDecorator$AroundFilterObservation$SimpleAroundFilterObservation.lambda$wrap$0(ObservationFilterChainDecorator.java:323)
	at org.springframework.security.web.ObservationFilterChainDecorator$ObservationFilter.doFilter(ObservationFilterChainDecorator.java:224)
	at org.springframework.security.web.ObservationFilterChainDecorator$VirtualFilterChain.doFilter(ObservationFilterChainDecorator.java:137)
	at org.springframework.security.web.FilterChainProxy.doFilterInternal(FilterChainProxy.java:233)
	at org.springframework.security.web.FilterChainProxy.doFilter(FilterChainProxy.java:191)
	at org.springframework.web.filter.CompositeFilter$VirtualFilterChain.doFilter(CompositeFilter.java:113)
	at org.springframework.web.servlet.handler.HandlerMappingIntrospector.lambda$createCacheFilter$3(HandlerMappingIntrospector.java:195)
	at org.springframework.web.filter.CompositeFilter$VirtualFilterChain.doFilter(CompositeFilter.java:113)
	at org.springframework.web.filter.CompositeFilter.doFilter(CompositeFilter.java:74)
	at org.springframework.security.config.annotation.web.configuration.WebMvcSecurityConfiguration$CompositeFilterChainProxy.doFilter(WebMvcSecurityConfiguration.java:230)
	at org.springframework.web.filter.DelegatingFilterProxy.invokeDelegate(DelegatingFilterProxy.java:352)
	at org.springframework.web.filter.DelegatingFilterProxy.doFilter(DelegatingFilterProxy.java:268)
	at org.apache.catalina.core.ApplicationFilterChain.internalDoFilter(ApplicationFilterChain.java:174)
	at org.apache.catalina.core.ApplicationFilterChain.doFilter(ApplicationFilterChain.java:149)
	at org.springframework.web.filter.RequestContextFilter.doFilterInternal(RequestContextFilter.java:100)
	at org.springframework.web.filter.OncePerRequestFilter.doFilter(OncePerRequestFilter.java:116)
	at org.apache.catalina.core.ApplicationFilterChain.internalDoFilter(ApplicationFilterChain.java:174)
	at org.apache.catalina.core.ApplicationFilterChain.doFilter(ApplicationFilterChain.java:149)
	at org.springframework.web.filter.FormContentFilter.doFilterInternal(FormContentFilter.java:93)
	at org.springframework.web.filter.OncePerRequestFilter.doFilter(OncePerRequestFilter.java:116)
	at org.apache.catalina.core.ApplicationFilterChain.internalDoFilter(ApplicationFilterChain.java:174)
	at org.apache.catalina.core.ApplicationFilterChain.doFilter(ApplicationFilterChain.java:149)
	at org.springframework.web.filter.ServerHttpObservationFilter.doFilterInternal(ServerHttpObservationFilter.java:109)
	at org.springframework.web.filter.OncePerRequestFilter.doFilter(OncePerRequestFilter.java:116)
	at org.apache.catalina.core.ApplicationFilterChain.internalDoFilter(ApplicationFilterChain.java:174)
	at org.apache.catalina.core.ApplicationFilterChain.doFilter(ApplicationFilterChain.java:149)
	at org.springframework.web.filter.CharacterEncodingFilter.doFilterInternal(CharacterEncodingFilter.java:201)
	at org.springframework.web.filter.OncePerRequestFilter.doFilter(OncePerRequestFilter.java:116)
	at org.apache.catalina.core.ApplicationFilterChain.internalDoFilter(ApplicationFilterChain.java:174)
	at org.apache.catalina.core.ApplicationFilterChain.doFilter(ApplicationFilterChain.java:149)
	at org.apache.catalina.core.StandardWrapperValve.invoke(StandardWrapperValve.java:167)
	at org.apache.catalina.core.StandardContextValve.invoke(StandardContextValve.java:90)
	at org.apache.catalina.authenticator.AuthenticatorBase.invoke(AuthenticatorBase.java:482)
	at org.apache.catalina.core.StandardHostValve.invoke(StandardHostValve.java:115)
	at org.apache.catalina.valves.ErrorReportValve.invoke(ErrorReportValve.java:93)
	at org.apache.catalina.core.StandardEngineValve.invoke(StandardEngineValve.java:74)
	at org.apache.catalina.connector.CoyoteAdapter.service(CoyoteAdapter.java:344)
	at org.apache.coyote.http11.Http11Processor.service(Http11Processor.java:391)
	at org.apache.coyote.AbstractProcessorLight.process(AbstractProcessorLight.java:63)
	at org.apache.coyote.AbstractProtocol$ConnectionHandler.process(AbstractProtocol.java:896)
	at org.apache.tomcat.util.net.NioEndpoint$SocketProcessor.doRun(NioEndpoint.java:1744)
	at org.apache.tomcat.util.net.SocketProcessorBase.run(SocketProcessorBase.java:52)
	at org.apache.tomcat.util.threads.ThreadPoolExecutor.runWorker(ThreadPoolExecutor.java:1191)
	at org.apache.tomcat.util.threads.ThreadPoolExecutor$Worker.run(ThreadPoolExecutor.java:659)
	at org.apache.tomcat.util.threads.TaskThread$WrappingRunnable.run(TaskThread.java:63)
	at java.base/java.lang.Thread.run(Thread.java:840)
2025-07-11 13:58:33 [http-nio-8082-exec-1] DEBUG o.s.w.s.m.m.a.ExceptionHandlerExceptionResolver - Using @ExceptionHandler com.microserviceone.users.core.exception.GlobalExceptionHandler#handleEmailNotVerifiedException(EmailNotVerifiedException)
2025-07-11 13:58:33 [http-nio-8082-exec-1] DEBUG o.s.w.s.m.m.a.HttpEntityMethodProcessor - Using 'application/json', given [*/*] and supported [application/json, application/*+json]
2025-07-11 13:58:33 [http-nio-8082-exec-1] DEBUG o.s.w.s.m.m.a.HttpEntityMethodProcessor - Writing [{error=Email no verificado, message=El correo electrónico aún no ha sido verificado, timestamp=2025- (truncated)...]
2025-07-11 13:58:33 [http-nio-8082-exec-1] WARN  o.s.w.s.m.m.a.ExceptionHandlerExceptionResolver - Resolved [com.microserviceone.users.verificationCodeApi.application.exception.EmailNotVerifiedException: El correo electrónico aún no ha sido verificado]
2025-07-11 13:58:33 [http-nio-8082-exec-1] DEBUG o.s.web.servlet.DispatcherServlet - Completed 400 BAD_REQUEST
2025-07-11 13:58:34 [AsyncReporter{org.springframework.boot.actuate.autoconfigure.tracing.zipkin.ZipkinWebClientSender@3aa07ca}] DEBUG o.s.w.r.f.client.ExchangeFunctions - [5615f235] HTTP POST http://localhost:9411/api/v2/spans%20
2025-07-11 13:58:34 [AsyncReporter{org.springframework.boot.actuate.autoconfigure.tracing.zipkin.ZipkinWebClientSender@3aa07ca}] WARN  z.r.AsyncReporter$BoundedAsyncReporter - Spans were dropped due to exceptions. All subsequent errors will be logged at FINE level.
2025-07-11 13:58:34 [AsyncReporter{org.springframework.boot.actuate.autoconfigure.tracing.zipkin.ZipkinWebClientSender@3aa07ca}] WARN  z.r.AsyncReporter$BoundedAsyncReporter - Dropped 5 spans due to WebClientRequestException(finishConnect(..) failed: Conexión rehusada: localhost/127.0.0.1:9411)
org.springframework.web.reactive.function.client.WebClientRequestException: finishConnect(..) failed: Conexión rehusada: localhost/127.0.0.1:9411
	at org.springframework.web.reactive.function.client.ExchangeFunctions$DefaultExchangeFunction.lambda$wrapException$9(ExchangeFunctions.java:136)
	Suppressed: reactor.core.publisher.FluxOnAssembly$OnAssemblyException: 
Error has been observed at the following site(s):
	*__checkpoint ⇢ Request to POST http://localhost:9411/api/v2/spans%20 [DefaultWebClient]
Original Stack Trace:
		at org.springframework.web.reactive.function.client.ExchangeFunctions$DefaultExchangeFunction.lambda$wrapException$9(ExchangeFunctions.java:136)
		at reactor.core.publisher.MonoErrorSupplied.subscribe(MonoErrorSupplied.java:55)
		at reactor.core.publisher.Mono.subscribe(Mono.java:4563)
		at reactor.core.publisher.FluxOnErrorResume$ResumeSubscriber.onError(FluxOnErrorResume.java:103)
		at reactor.core.publisher.FluxPeek$PeekSubscriber.onError(FluxPeek.java:222)
		at reactor.core.publisher.FluxPeek$PeekSubscriber.onError(FluxPeek.java:222)
		at reactor.core.publisher.FluxPeek$PeekSubscriber.onError(FluxPeek.java:222)
		at reactor.core.publisher.MonoNext$NextSubscriber.onError(MonoNext.java:93)
		at reactor.core.publisher.MonoFlatMapMany$FlatMapManyMain.onError(MonoFlatMapMany.java:205)
		at reactor.core.publisher.SerializedSubscriber.onError(SerializedSubscriber.java:124)
		at reactor.core.publisher.FluxRetryWhen$RetryWhenMainSubscriber.whenError(FluxRetryWhen.java:229)
		at reactor.core.publisher.FluxRetryWhen$RetryWhenOtherSubscriber.onError(FluxRetryWhen.java:279)
		at reactor.core.publisher.FluxContextWrite$ContextWriteSubscriber.onError(FluxContextWrite.java:121)
		at reactor.core.publisher.FluxConcatMapNoPrefetch$FluxConcatMapNoPrefetchSubscriber.maybeOnError(FluxConcatMapNoPrefetch.java:327)
		at reactor.core.publisher.FluxConcatMapNoPrefetch$FluxConcatMapNoPrefetchSubscriber.onNext(FluxConcatMapNoPrefetch.java:212)
		at reactor.core.publisher.FluxContextWrite$ContextWriteSubscriber.onNext(FluxContextWrite.java:107)
		at reactor.core.publisher.SinkManyEmitterProcessor.drain(SinkManyEmitterProcessor.java:476)
		at reactor.core.publisher.SinkManyEmitterProcessor$EmitterInner.drainParent(SinkManyEmitterProcessor.java:620)
		at reactor.core.publisher.FluxPublish$PubSubInner.request(FluxPublish.java:874)
		at reactor.core.publisher.FluxContextWrite$ContextWriteSubscriber.request(FluxContextWrite.java:136)
		at reactor.core.publisher.FluxConcatMapNoPrefetch$FluxConcatMapNoPrefetchSubscriber.request(FluxConcatMapNoPrefetch.java:337)
		at reactor.core.publisher.FluxContextWrite$ContextWriteSubscriber.request(FluxContextWrite.java:136)
		at reactor.core.publisher.Operators$DeferredSubscription.request(Operators.java:1743)
		at reactor.core.publisher.FluxRetryWhen$RetryWhenMainSubscriber.onError(FluxRetryWhen.java:196)
		at reactor.core.publisher.MonoCreate$DefaultMonoSink.error(MonoCreate.java:205)
		at reactor.netty.http.client.HttpClientConnect$MonoHttpConnect$ClientTransportSubscriber.onError(HttpClientConnect.java:311)
		at reactor.core.publisher.MonoCreate$DefaultMonoSink.error(MonoCreate.java:205)
		at reactor.netty.resources.DefaultPooledConnectionProvider$DisposableAcquire.onError(DefaultPooledConnectionProvider.java:172)
		at reactor.netty.internal.shaded.reactor.pool.AbstractPool$Borrower.fail(AbstractPool.java:488)
		at reactor.netty.internal.shaded.reactor.pool.SimpleDequePool.lambda$drainLoop$9(SimpleDequePool.java:436)
		at reactor.core.publisher.FluxDoOnEach$DoOnEachSubscriber.onError(FluxDoOnEach.java:186)
		at reactor.core.publisher.MonoCreate$DefaultMonoSink.error(MonoCreate.java:205)
		at reactor.netty.resources.DefaultPooledConnectionProvider$PooledConnectionAllocator$PooledConnectionInitializer.onError(DefaultPooledConnectionProvider.java:583)
		at reactor.core.publisher.MonoFlatMap$FlatMapMain.secondError(MonoFlatMap.java:241)
		at reactor.core.publisher.MonoFlatMap$FlatMapInner.onError(MonoFlatMap.java:315)
		at reactor.core.publisher.FluxOnErrorResume$ResumeSubscriber.onError(FluxOnErrorResume.java:106)
		at reactor.core.publisher.Operators.error(Operators.java:198)
		at reactor.core.publisher.MonoError.subscribe(MonoError.java:53)
		at reactor.core.publisher.Mono.subscribe(Mono.java:4563)
		at reactor.core.publisher.FluxOnErrorResume$ResumeSubscriber.onError(FluxOnErrorResume.java:103)
		at reactor.netty.transport.TransportConnector$MonoChannelPromise.tryFailure(TransportConnector.java:576)
		at reactor.netty.transport.TransportConnector$MonoChannelPromise.setFailure(TransportConnector.java:522)
		at reactor.netty.transport.TransportConnector.lambda$doConnect$7(TransportConnector.java:261)
		at io.netty.util.concurrent.DefaultPromise.notifyListener0(DefaultPromise.java:590)
		at io.netty.util.concurrent.DefaultPromise.notifyListeners0(DefaultPromise.java:583)
		at io.netty.util.concurrent.DefaultPromise.notifyListenersNow(DefaultPromise.java:559)
		at io.netty.util.concurrent.DefaultPromise.notifyListeners(DefaultPromise.java:492)
		at io.netty.util.concurrent.DefaultPromise.setValue0(DefaultPromise.java:636)
		at io.netty.util.concurrent.DefaultPromise.setFailure0(DefaultPromise.java:629)
		at io.netty.util.concurrent.DefaultPromise.tryFailure(DefaultPromise.java:118)
		at io.netty.channel.epoll.AbstractEpollChannel$AbstractEpollUnsafe.fulfillConnectPromise(AbstractEpollChannel.java:675)
		at io.netty.channel.epoll.AbstractEpollChannel$AbstractEpollUnsafe.finishConnect(AbstractEpollChannel.java:694)
		at io.netty.channel.epoll.AbstractEpollChannel$AbstractEpollUnsafe.epollOutReady(AbstractEpollChannel.java:567)
		at io.netty.channel.epoll.EpollEventLoop.processReady(EpollEventLoop.java:499)
		at io.netty.channel.epoll.EpollEventLoop.run(EpollEventLoop.java:407)
		at io.netty.util.concurrent.SingleThreadEventExecutor$4.run(SingleThreadEventExecutor.java:997)
		at io.netty.util.internal.ThreadExecutorMap$2.run(ThreadExecutorMap.java:74)
		at io.netty.util.concurrent.FastThreadLocalRunnable.run(FastThreadLocalRunnable.java:30)
		at java.base/java.lang.Thread.run(Thread.java:840)
	Suppressed: java.lang.Exception: #block terminated with an error
		at reactor.core.publisher.BlockingSingleSubscriber.blockingGet(BlockingSingleSubscriber.java:103)
		at reactor.core.publisher.Mono.block(Mono.java:1779)
		at org.springframework.boot.actuate.autoconfigure.tracing.zipkin.ZipkinWebClientSender$WebClientHttpPostCall.doExecute(ZipkinWebClientSender.java:76)
		at org.springframework.boot.actuate.autoconfigure.tracing.zipkin.ZipkinWebClientSender$WebClientHttpPostCall.doExecute(ZipkinWebClientSender.java:54)
		at zipkin2.Call$Base.execute(Call.java:391)
		at zipkin2.reporter.AsyncReporter$BoundedAsyncReporter.flush(AsyncReporter.java:299)
		at zipkin2.reporter.AsyncReporter$Flusher.run(AsyncReporter.java:378)
		at java.base/java.lang.Thread.run(Thread.java:840)
Caused by: io.netty.channel.AbstractChannel$AnnotatedConnectException: finishConnect(..) failed: Conexión rehusada: localhost/127.0.0.1:9411
Caused by: java.net.ConnectException: finishConnect(..) failed: Conexión rehusada
	at io.netty.channel.unix.Errors.newConnectException0(Errors.java:166)
	at io.netty.channel.unix.Errors.handleConnectErrno(Errors.java:131)
	at io.netty.channel.unix.Socket.finishConnect(Socket.java:359)
	at io.netty.channel.epoll.AbstractEpollChannel$AbstractEpollUnsafe.doFinishConnect(AbstractEpollChannel.java:711)
	at io.netty.channel.epoll.AbstractEpollChannel$AbstractEpollUnsafe.finishConnect(AbstractEpollChannel.java:688)
	at io.netty.channel.epoll.AbstractEpollChannel$AbstractEpollUnsafe.epollOutReady(AbstractEpollChannel.java:567)
	at io.netty.channel.epoll.EpollEventLoop.processReady(EpollEventLoop.java:499)
	at io.netty.channel.epoll.EpollEventLoop.run(EpollEventLoop.java:407)
	at io.netty.util.concurrent.SingleThreadEventExecutor$4.run(SingleThreadEventExecutor.java:997)
	at io.netty.util.internal.ThreadExecutorMap$2.run(ThreadExecutorMap.java:74)
	at io.netty.util.concurrent.FastThreadLocalRunnable.run(FastThreadLocalRunnable.java:30)
	at java.base/java.lang.Thread.run(Thread.java:840)
2025-07-11 13:58:53 [DiscoveryClient-CacheRefreshExecutor-0] INFO  c.netflix.discovery.DiscoveryClient - Disable delta property : false
2025-07-11 13:58:53 [DiscoveryClient-CacheRefreshExecutor-0] INFO  c.netflix.discovery.DiscoveryClient - Single vip registry refresh property : null
2025-07-11 13:58:53 [DiscoveryClient-CacheRefreshExecutor-0] INFO  c.netflix.discovery.DiscoveryClient - Force full registry fetch : false
2025-07-11 13:58:53 [DiscoveryClient-CacheRefreshExecutor-0] INFO  c.netflix.discovery.DiscoveryClient - Application is null : false
2025-07-11 13:58:53 [DiscoveryClient-CacheRefreshExecutor-0] INFO  c.netflix.discovery.DiscoveryClient - Registered Applications size is zero : true
2025-07-11 13:58:53 [DiscoveryClient-CacheRefreshExecutor-0] INFO  c.netflix.discovery.DiscoveryClient - Application version is -1: false
2025-07-11 13:58:53 [DiscoveryClient-CacheRefreshExecutor-0] INFO  c.netflix.discovery.DiscoveryClient - Getting all instance registry info from the eureka server
2025-07-11 13:58:53 [DiscoveryClient-CacheRefreshExecutor-0] DEBUG o.s.web.client.RestTemplate - HTTP GET http://localhost:8081/eureka/apps/
2025-07-11 13:58:53 [DiscoveryClient-CacheRefreshExecutor-0] DEBUG o.s.web.client.RestTemplate - Accept=[application/json, application/*+json]
2025-07-11 13:58:53 [DiscoveryClient-HeartbeatExecutor-0] DEBUG o.s.web.client.RestTemplate - HTTP PUT http://localhost:8081/eureka/apps/USERS-SERVICE/192.168.49.16:users-service:8082?status=UP&lastDirtyTimestamp=1752260303572
2025-07-11 13:58:53 [DiscoveryClient-CacheRefreshExecutor-0] DEBUG o.s.web.client.RestTemplate - Response 200 OK
2025-07-11 13:58:53 [DiscoveryClient-CacheRefreshExecutor-0] DEBUG o.s.web.client.RestTemplate - Reading to [org.springframework.cloud.netflix.eureka.http.EurekaApplications]
2025-07-11 13:58:53 [DiscoveryClient-CacheRefreshExecutor-0] INFO  c.netflix.discovery.DiscoveryClient - The response status is 200
2025-07-11 13:58:53 [DiscoveryClient-HeartbeatExecutor-0] DEBUG o.s.web.client.RestTemplate - Accept=[application/json, application/*+json]
2025-07-11 13:58:53 [DiscoveryClient-HeartbeatExecutor-0] DEBUG o.s.web.client.RestTemplate - Response 200 OK
2025-07-11 13:59:23 [DiscoveryClient-CacheRefreshExecutor-0] DEBUG o.s.web.client.RestTemplate - HTTP GET http://localhost:8081/eureka/apps/delta
2025-07-11 13:59:23 [DiscoveryClient-CacheRefreshExecutor-0] DEBUG o.s.web.client.RestTemplate - Accept=[application/json, application/*+json]
2025-07-11 13:59:23 [DiscoveryClient-CacheRefreshExecutor-0] DEBUG o.s.web.client.RestTemplate - Response 200 OK
2025-07-11 13:59:23 [DiscoveryClient-CacheRefreshExecutor-0] DEBUG o.s.web.client.RestTemplate - Reading to [org.springframework.cloud.netflix.eureka.http.EurekaApplications]
2025-07-11 13:59:23 [DiscoveryClient-HeartbeatExecutor-0] DEBUG o.s.web.client.RestTemplate - HTTP PUT http://localhost:8081/eureka/apps/USERS-SERVICE/192.168.49.16:users-service:8082?status=UP&lastDirtyTimestamp=1752260303572
2025-07-11 13:59:23 [DiscoveryClient-HeartbeatExecutor-0] DEBUG o.s.web.client.RestTemplate - Accept=[application/json, application/*+json]
2025-07-11 13:59:23 [DiscoveryClient-HeartbeatExecutor-0] DEBUG o.s.web.client.RestTemplate - Response 200 OK
2025-07-11 13:59:53 [DiscoveryClient-CacheRefreshExecutor-0] DEBUG o.s.web.client.RestTemplate - HTTP GET http://localhost:8081/eureka/apps/delta
2025-07-11 13:59:53 [DiscoveryClient-CacheRefreshExecutor-0] DEBUG o.s.web.client.RestTemplate - Accept=[application/json, application/*+json]
2025-07-11 13:59:53 [DiscoveryClient-CacheRefreshExecutor-0] DEBUG o.s.web.client.RestTemplate - Response 200 OK
2025-07-11 13:59:53 [DiscoveryClient-CacheRefreshExecutor-0] DEBUG o.s.web.client.RestTemplate - Reading to [org.springframework.cloud.netflix.eureka.http.EurekaApplications]
2025-07-11 13:59:53 [DiscoveryClient-HeartbeatExecutor-0] DEBUG o.s.web.client.RestTemplate - HTTP PUT http://localhost:8081/eureka/apps/USERS-SERVICE/192.168.49.16:users-service:8082?status=UP&lastDirtyTimestamp=1752260303572
2025-07-11 13:59:53 [DiscoveryClient-HeartbeatExecutor-0] DEBUG o.s.web.client.RestTemplate - Accept=[application/json, application/*+json]
2025-07-11 13:59:53 [DiscoveryClient-HeartbeatExecutor-0] DEBUG o.s.web.client.RestTemplate - Response 200 OK
2025-07-11 14:00:23 [DiscoveryClient-CacheRefreshExecutor-0] DEBUG o.s.web.client.RestTemplate - HTTP GET http://localhost:8081/eureka/apps/delta
2025-07-11 14:00:23 [DiscoveryClient-CacheRefreshExecutor-0] DEBUG o.s.web.client.RestTemplate - Accept=[application/json, application/*+json]
2025-07-11 14:00:23 [DiscoveryClient-CacheRefreshExecutor-0] DEBUG o.s.web.client.RestTemplate - Response 200 OK
2025-07-11 14:00:23 [DiscoveryClient-CacheRefreshExecutor-0] DEBUG o.s.web.client.RestTemplate - Reading to [org.springframework.cloud.netflix.eureka.http.EurekaApplications]
2025-07-11 14:00:23 [DiscoveryClient-HeartbeatExecutor-0] DEBUG o.s.web.client.RestTemplate - HTTP PUT http://localhost:8081/eureka/apps/USERS-SERVICE/192.168.49.16:users-service:8082?status=UP&lastDirtyTimestamp=1752260303572
2025-07-11 14:00:23 [DiscoveryClient-HeartbeatExecutor-0] DEBUG o.s.web.client.RestTemplate - Accept=[application/json, application/*+json]
2025-07-11 14:00:23 [DiscoveryClient-HeartbeatExecutor-0] DEBUG o.s.web.client.RestTemplate - Response 200 OK
2025-07-11 14:00:24 [SpringApplicationShutdownHook] INFO  c.netflix.discovery.DiscoveryClient - Saw local status change event StatusChangeEvent [timestamp=1752260424644, current=DOWN, previous=UP]
2025-07-11 14:00:24 [DiscoveryClient-InstanceInfoReplicator-0] INFO  c.netflix.discovery.DiscoveryClient - DiscoveryClient_USERS-SERVICE/192.168.49.16:users-service:8082: registering service...
2025-07-11 14:00:24 [DiscoveryClient-InstanceInfoReplicator-0] DEBUG o.s.web.client.RestTemplate - HTTP POST http://localhost:8081/eureka/apps/USERS-SERVICE
2025-07-11 14:00:24 [DiscoveryClient-InstanceInfoReplicator-0] DEBUG o.s.web.client.RestTemplate - Accept=[application/json, application/*+json]
2025-07-11 14:00:24 [DiscoveryClient-InstanceInfoReplicator-0] DEBUG o.s.web.client.RestTemplate - Writing [InstanceInfo [instanceId = 192.168.49.16:users-service:8082, appName = USERS-SERVICE, hostName = 192.168.49.16, status = DOWN, ipAddr = 192.168.49.16, port = 8082, securePort = 443, dataCenterInfo = com.netflix.appinfo.MyDataCenterInfo@369434ab] as "application/json"
2025-07-11 14:00:24 [DiscoveryClient-InstanceInfoReplicator-0] DEBUG o.s.web.client.RestTemplate - Response 204 NO_CONTENT
2025-07-11 14:00:24 [DiscoveryClient-InstanceInfoReplicator-0] INFO  c.netflix.discovery.DiscoveryClient - DiscoveryClient_USERS-SERVICE/192.168.49.16:users-service:8082 - registration status: 204
2025-07-11 14:00:24 [AsyncReporter{org.springframework.boot.actuate.autoconfigure.tracing.zipkin.ZipkinWebClientSender@3aa07ca}] DEBUG o.s.w.r.f.client.ExchangeFunctions - [d92bf9c] HTTP POST http://localhost:9411/api/v2/spans%20
2025-07-11 14:00:24 [SpringApplicationShutdownHook] INFO  c.netflix.discovery.DiscoveryClient - Shutting down DiscoveryClient ...
2025-07-11 14:00:27 [SpringApplicationShutdownHook] INFO  c.netflix.discovery.DiscoveryClient - Unregistering ...
2025-07-11 14:00:27 [SpringApplicationShutdownHook] DEBUG o.s.web.client.RestTemplate - HTTP DELETE http://localhost:8081/eureka/apps/USERS-SERVICE/192.168.49.16:users-service:8082
2025-07-11 14:00:27 [SpringApplicationShutdownHook] DEBUG o.s.web.client.RestTemplate - Accept=[application/json, application/*+json]
2025-07-11 14:00:27 [SpringApplicationShutdownHook] INFO  c.n.d.s.t.d.RedirectingEurekaHttpClient - Request execution error. endpoint=DefaultEndpoint{ serviceUrl='http://localhost:8081/eureka/} exception=I/O error on DELETE request for "http://localhost:8081/eureka/apps/USERS-SERVICE/192.168.49.16:users-service:8082": Connect to http://localhost:8081 [localhost/127.0.0.1, localhost/0:0:0:0:0:0:0:1] failed: Conexión rehusada stacktrace=org.springframework.web.client.ResourceAccessException: I/O error on DELETE request for "http://localhost:8081/eureka/apps/USERS-SERVICE/192.168.49.16:users-service:8082": Connect to http://localhost:8081 [localhost/127.0.0.1, localhost/0:0:0:0:0:0:0:1] failed: Conexión rehusada
	at org.springframework.web.client.RestTemplate.createResourceAccessException(RestTemplate.java:915)
	at org.springframework.web.client.RestTemplate.doExecute(RestTemplate.java:895)
	at org.springframework.web.client.RestTemplate.execute(RestTemplate.java:790)
	at org.springframework.web.client.RestTemplate.exchange(RestTemplate.java:672)
	at org.springframework.cloud.netflix.eureka.http.RestTemplateEurekaHttpClient.cancel(RestTemplateEurekaHttpClient.java:87)
	at com.netflix.discovery.shared.transport.decorator.EurekaHttpClientDecorator$2.execute(EurekaHttpClientDecorator.java:74)
	at com.netflix.discovery.shared.transport.decorator.RedirectingEurekaHttpClient.execute(RedirectingEurekaHttpClient.java:91)
	at com.netflix.discovery.shared.transport.decorator.EurekaHttpClientDecorator.cancel(EurekaHttpClientDecorator.java:71)
	at com.netflix.discovery.shared.transport.decorator.EurekaHttpClientDecorator$2.execute(EurekaHttpClientDecorator.java:74)
	at com.netflix.discovery.shared.transport.decorator.RetryableEurekaHttpClient.execute(RetryableEurekaHttpClient.java:120)
	at com.netflix.discovery.shared.transport.decorator.EurekaHttpClientDecorator.cancel(EurekaHttpClientDecorator.java:71)
	at com.netflix.discovery.shared.transport.decorator.EurekaHttpClientDecorator$2.execute(EurekaHttpClientDecorator.java:74)
	at com.netflix.discovery.shared.transport.decorator.SessionedEurekaHttpClient.execute(SessionedEurekaHttpClient.java:77)
	at com.netflix.discovery.shared.transport.decorator.EurekaHttpClientDecorator.cancel(EurekaHttpClientDecorator.java:71)
	at com.netflix.discovery.DiscoveryClient.unregister(DiscoveryClient.java:916)
	at com.netflix.discovery.DiscoveryClient.shutdown(DiscoveryClient.java:892)
	at java.base/jdk.internal.reflect.NativeMethodAccessorImpl.invoke0(Native Method)
	at java.base/jdk.internal.reflect.NativeMethodAccessorImpl.invoke(NativeMethodAccessorImpl.java:77)
	at java.base/jdk.internal.reflect.DelegatingMethodAccessorImpl.invoke(DelegatingMethodAccessorImpl.java:43)
	at java.base/java.lang.reflect.Method.invoke(Method.java:569)
	at org.springframework.beans.factory.annotation.InitDestroyAnnotationBeanPostProcessor$LifecycleMethod.invoke(InitDestroyAnnotationBeanPostProcessor.java:457)
	at org.springframework.beans.factory.annotation.InitDestroyAnnotationBeanPostProcessor$LifecycleMetadata.invokeDestroyMethods(InitDestroyAnnotationBeanPostProcessor.java:415)
	at org.springframework.beans.factory.annotation.InitDestroyAnnotationBeanPostProcessor.postProcessBeforeDestruction(InitDestroyAnnotationBeanPostProcessor.java:239)
	at org.springframework.beans.factory.support.DisposableBeanAdapter.destroy(DisposableBeanAdapter.java:202)
	at org.springframework.beans.factory.support.DisposableBeanAdapter.run(DisposableBeanAdapter.java:195)
	at org.springframework.cloud.context.scope.GenericScope$BeanLifecycleWrapper.destroy(GenericScope.java:389)
	at org.springframework.cloud.context.scope.GenericScope.destroy(GenericScope.java:136)
	at org.springframework.beans.factory.support.DisposableBeanAdapter.destroy(DisposableBeanAdapter.java:211)
	at org.springframework.beans.factory.support.DefaultSingletonBeanRegistry.destroyBean(DefaultSingletonBeanRegistry.java:587)
	at org.springframework.beans.factory.support.DefaultSingletonBeanRegistry.destroySingleton(DefaultSingletonBeanRegistry.java:559)
	at org.springframework.beans.factory.support.DefaultListableBeanFactory.destroySingleton(DefaultListableBeanFactory.java:1202)
	at org.springframework.beans.factory.support.DefaultSingletonBeanRegistry.destroySingletons(DefaultSingletonBeanRegistry.java:520)
	at org.springframework.beans.factory.support.DefaultListableBeanFactory.destroySingletons(DefaultListableBeanFactory.java:1195)
	at org.springframework.context.support.AbstractApplicationContext.destroyBeans(AbstractApplicationContext.java:1183)
	at org.springframework.context.support.AbstractApplicationContext.doClose(AbstractApplicationContext.java:1144)
	at org.springframework.boot.web.servlet.context.ServletWebServerApplicationContext.doClose(ServletWebServerApplicationContext.java:174)
	at org.springframework.context.support.AbstractApplicationContext.close(AbstractApplicationContext.java:1090)
	at org.springframework.boot.SpringApplicationShutdownHook.closeAndWait(SpringApplicationShutdownHook.java:145)
	at java.base/java.lang.Iterable.forEach(Iterable.java:75)
	at org.springframework.boot.SpringApplicationShutdownHook.run(SpringApplicationShutdownHook.java:114)
	at java.base/java.lang.Thread.run(Thread.java:840)
Caused by: org.apache.hc.client5.http.HttpHostConnectException: Connect to http://localhost:8081 [localhost/127.0.0.1, localhost/0:0:0:0:0:0:0:1] failed: Conexión rehusada
	at java.base/sun.nio.ch.Net.pollConnect(Native Method)
	at java.base/sun.nio.ch.Net.pollConnectNow(Net.java:672)
	at java.base/sun.nio.ch.NioSocketImpl.timedFinishConnect(NioSocketImpl.java:547)
	at java.base/sun.nio.ch.NioSocketImpl.connect(NioSocketImpl.java:602)
	at java.base/java.net.SocksSocketImpl.connect(SocksSocketImpl.java:327)
	at java.base/java.net.Socket.connect(Socket.java:633)
	at org.apache.hc.client5.http.socket.PlainConnectionSocketFactory.lambda$connectSocket$0(PlainConnectionSocketFactory.java:91)
	at java.base/java.security.AccessController.doPrivileged(AccessController.java:569)
	at org.apache.hc.client5.http.socket.PlainConnectionSocketFactory.connectSocket(PlainConnectionSocketFactory.java:90)
	at org.apache.hc.client5.http.socket.ConnectionSocketFactory.connectSocket(ConnectionSocketFactory.java:123)
	at org.apache.hc.client5.http.impl.io.DefaultHttpClientConnectionOperator.connect(DefaultHttpClientConnectionOperator.java:184)
	at org.apache.hc.client5.http.impl.io.PoolingHttpClientConnectionManager.connect(PoolingHttpClientConnectionManager.java:447)
	at org.apache.hc.client5.http.impl.classic.InternalExecRuntime.connectEndpoint(InternalExecRuntime.java:162)
	at org.apache.hc.client5.http.impl.classic.InternalExecRuntime.connectEndpoint(InternalExecRuntime.java:172)
	at org.apache.hc.client5.http.impl.classic.ConnectExec.execute(ConnectExec.java:142)
	at org.apache.hc.client5.http.impl.classic.ExecChainElement.execute(ExecChainElement.java:51)
	at org.apache.hc.client5.http.impl.classic.ProtocolExec.execute(ProtocolExec.java:192)
	at org.apache.hc.client5.http.impl.classic.ExecChainElement.execute(ExecChainElement.java:51)
	at org.apache.hc.client5.http.impl.classic.HttpRequestRetryExec.execute(HttpRequestRetryExec.java:96)
	at org.apache.hc.client5.http.impl.classic.ExecChainElement.execute(ExecChainElement.java:51)
	at org.apache.hc.client5.http.impl.classic.ContentCompressionExec.execute(ContentCompressionExec.java:152)
	at org.apache.hc.client5.http.impl.classic.ExecChainElement.execute(ExecChainElement.java:51)
	at org.apache.hc.client5.http.impl.classic.RedirectExec.execute(RedirectExec.java:115)
	at org.apache.hc.client5.http.impl.classic.ExecChainElement.execute(ExecChainElement.java:51)
	at org.apache.hc.client5.http.impl.classic.InternalHttpClient.doExecute(InternalHttpClient.java:170)
	at org.apache.hc.client5.http.impl.classic.CloseableHttpClient.execute(CloseableHttpClient.java:87)
	at org.apache.hc.client5.http.impl.classic.CloseableHttpClient.execute(CloseableHttpClient.java:55)
	at org.apache.hc.client5.http.classic.HttpClient.executeOpen(HttpClient.java:183)
	at org.springframework.http.client.HttpComponentsClientHttpRequest.executeInternal(HttpComponentsClientHttpRequest.java:95)
	at org.springframework.http.client.AbstractStreamingClientHttpRequest.executeInternal(AbstractStreamingClientHttpRequest.java:70)
	at org.springframework.http.client.AbstractClientHttpRequest.execute(AbstractClientHttpRequest.java:66)
	at org.springframework.http.client.InterceptingClientHttpRequest$InterceptingRequestExecution.execute(InterceptingClientHttpRequest.java:112)
	at org.springframework.cloud.netflix.eureka.http.RestTemplateTransportClientFactory.lambda$restTemplate$0(RestTemplateTransportClientFactory.java:143)
	at org.springframework.http.client.InterceptingClientHttpRequest$InterceptingRequestExecution.execute(InterceptingClientHttpRequest.java:88)
	at org.springframework.http.client.InterceptingClientHttpRequest.executeInternal(InterceptingClientHttpRequest.java:72)
	at org.springframework.http.client.AbstractBufferingClientHttpRequest.executeInternal(AbstractBufferingClientHttpRequest.java:48)
	at org.springframework.http.client.AbstractClientHttpRequest.execute(AbstractClientHttpRequest.java:66)
	at org.springframework.web.client.RestTemplate.doExecute(RestTemplate.java:889)
	... 39 more

2025-07-11 14:00:27 [SpringApplicationShutdownHook] WARN  c.n.d.s.t.d.RetryableEurekaHttpClient - Request execution failed with message: I/O error on DELETE request for "http://localhost:8081/eureka/apps/USERS-SERVICE/192.168.49.16:users-service:8082": Connect to http://localhost:8081 [localhost/127.0.0.1, localhost/0:0:0:0:0:0:0:1] failed: Conexión rehusada
2025-07-11 14:00:27 [SpringApplicationShutdownHook] DEBUG o.s.web.client.RestTemplate - HTTP DELETE http://localhost:8081/eureka/apps/USERS-SERVICE/192.168.49.16:users-service:8082
2025-07-11 14:00:27 [SpringApplicationShutdownHook] DEBUG o.s.web.client.RestTemplate - Accept=[application/json, application/*+json]
2025-07-11 14:00:27 [SpringApplicationShutdownHook] INFO  c.n.d.s.t.d.RedirectingEurekaHttpClient - Request execution error. endpoint=DefaultEndpoint{ serviceUrl='http://localhost:8081/eureka/}, exception=I/O error on DELETE request for "http://localhost:8081/eureka/apps/USERS-SERVICE/192.168.49.16:users-service:8082": Connect to http://localhost:8081 [localhost/127.0.0.1, localhost/0:0:0:0:0:0:0:1] failed: Conexión rehusada stacktrace=org.springframework.web.client.ResourceAccessException: I/O error on DELETE request for "http://localhost:8081/eureka/apps/USERS-SERVICE/192.168.49.16:users-service:8082": Connect to http://localhost:8081 [localhost/127.0.0.1, localhost/0:0:0:0:0:0:0:1] failed: Conexión rehusada
	at org.springframework.web.client.RestTemplate.createResourceAccessException(RestTemplate.java:915)
	at org.springframework.web.client.RestTemplate.doExecute(RestTemplate.java:895)
	at org.springframework.web.client.RestTemplate.execute(RestTemplate.java:790)
	at org.springframework.web.client.RestTemplate.exchange(RestTemplate.java:672)
	at org.springframework.cloud.netflix.eureka.http.RestTemplateEurekaHttpClient.cancel(RestTemplateEurekaHttpClient.java:87)
	at com.netflix.discovery.shared.transport.decorator.EurekaHttpClientDecorator$2.execute(EurekaHttpClientDecorator.java:74)
	at com.netflix.discovery.shared.transport.decorator.RedirectingEurekaHttpClient.executeOnNewServer(RedirectingEurekaHttpClient.java:121)
	at com.netflix.discovery.shared.transport.decorator.RedirectingEurekaHttpClient.execute(RedirectingEurekaHttpClient.java:80)
	at com.netflix.discovery.shared.transport.decorator.EurekaHttpClientDecorator.cancel(EurekaHttpClientDecorator.java:71)
	at com.netflix.discovery.shared.transport.decorator.EurekaHttpClientDecorator$2.execute(EurekaHttpClientDecorator.java:74)
	at com.netflix.discovery.shared.transport.decorator.RetryableEurekaHttpClient.execute(RetryableEurekaHttpClient.java:120)
	at com.netflix.discovery.shared.transport.decorator.EurekaHttpClientDecorator.cancel(EurekaHttpClientDecorator.java:71)
	at com.netflix.discovery.shared.transport.decorator.EurekaHttpClientDecorator$2.execute(EurekaHttpClientDecorator.java:74)
	at com.netflix.discovery.shared.transport.decorator.SessionedEurekaHttpClient.execute(SessionedEurekaHttpClient.java:77)
	at com.netflix.discovery.shared.transport.decorator.EurekaHttpClientDecorator.cancel(EurekaHttpClientDecorator.java:71)
	at com.netflix.discovery.DiscoveryClient.unregister(DiscoveryClient.java:916)
	at com.netflix.discovery.DiscoveryClient.shutdown(DiscoveryClient.java:892)
	at java.base/jdk.internal.reflect.NativeMethodAccessorImpl.invoke0(Native Method)
	at java.base/jdk.internal.reflect.NativeMethodAccessorImpl.invoke(NativeMethodAccessorImpl.java:77)
	at java.base/jdk.internal.reflect.DelegatingMethodAccessorImpl.invoke(DelegatingMethodAccessorImpl.java:43)
	at java.base/java.lang.reflect.Method.invoke(Method.java:569)
	at org.springframework.beans.factory.annotation.InitDestroyAnnotationBeanPostProcessor$LifecycleMethod.invoke(InitDestroyAnnotationBeanPostProcessor.java:457)
	at org.springframework.beans.factory.annotation.InitDestroyAnnotationBeanPostProcessor$LifecycleMetadata.invokeDestroyMethods(InitDestroyAnnotationBeanPostProcessor.java:415)
	at org.springframework.beans.factory.annotation.InitDestroyAnnotationBeanPostProcessor.postProcessBeforeDestruction(InitDestroyAnnotationBeanPostProcessor.java:239)
	at org.springframework.beans.factory.support.DisposableBeanAdapter.destroy(DisposableBeanAdapter.java:202)
	at org.springframework.beans.factory.support.DisposableBeanAdapter.run(DisposableBeanAdapter.java:195)
	at org.springframework.cloud.context.scope.GenericScope$BeanLifecycleWrapper.destroy(GenericScope.java:389)
	at org.springframework.cloud.context.scope.GenericScope.destroy(GenericScope.java:136)
	at org.springframework.beans.factory.support.DisposableBeanAdapter.destroy(DisposableBeanAdapter.java:211)
	at org.springframework.beans.factory.support.DefaultSingletonBeanRegistry.destroyBean(DefaultSingletonBeanRegistry.java:587)
	at org.springframework.beans.factory.support.DefaultSingletonBeanRegistry.destroySingleton(DefaultSingletonBeanRegistry.java:559)
	at org.springframework.beans.factory.support.DefaultListableBeanFactory.destroySingleton(DefaultListableBeanFactory.java:1202)
	at org.springframework.beans.factory.support.DefaultSingletonBeanRegistry.destroySingletons(DefaultSingletonBeanRegistry.java:520)
	at org.springframework.beans.factory.support.DefaultListableBeanFactory.destroySingletons(DefaultListableBeanFactory.java:1195)
	at org.springframework.context.support.AbstractApplicationContext.destroyBeans(AbstractApplicationContext.java:1183)
	at org.springframework.context.support.AbstractApplicationContext.doClose(AbstractApplicationContext.java:1144)
	at org.springframework.boot.web.servlet.context.ServletWebServerApplicationContext.doClose(ServletWebServerApplicationContext.java:174)
	at org.springframework.context.support.AbstractApplicationContext.close(AbstractApplicationContext.java:1090)
	at org.springframework.boot.SpringApplicationShutdownHook.closeAndWait(SpringApplicationShutdownHook.java:145)
	at java.base/java.lang.Iterable.forEach(Iterable.java:75)
	at org.springframework.boot.SpringApplicationShutdownHook.run(SpringApplicationShutdownHook.java:114)
	at java.base/java.lang.Thread.run(Thread.java:840)
Caused by: org.apache.hc.client5.http.HttpHostConnectException: Connect to http://localhost:8081 [localhost/127.0.0.1, localhost/0:0:0:0:0:0:0:1] failed: Conexión rehusada
	at java.base/sun.nio.ch.Net.pollConnect(Native Method)
	at java.base/sun.nio.ch.Net.pollConnectNow(Net.java:672)
	at java.base/sun.nio.ch.NioSocketImpl.timedFinishConnect(NioSocketImpl.java:547)
	at java.base/sun.nio.ch.NioSocketImpl.connect(NioSocketImpl.java:602)
	at java.base/java.net.SocksSocketImpl.connect(SocksSocketImpl.java:327)
	at java.base/java.net.Socket.connect(Socket.java:633)
	at org.apache.hc.client5.http.socket.PlainConnectionSocketFactory.lambda$connectSocket$0(PlainConnectionSocketFactory.java:91)
	at java.base/java.security.AccessController.doPrivileged(AccessController.java:569)
	at org.apache.hc.client5.http.socket.PlainConnectionSocketFactory.connectSocket(PlainConnectionSocketFactory.java:90)
	at org.apache.hc.client5.http.socket.ConnectionSocketFactory.connectSocket(ConnectionSocketFactory.java:123)
	at org.apache.hc.client5.http.impl.io.DefaultHttpClientConnectionOperator.connect(DefaultHttpClientConnectionOperator.java:184)
	at org.apache.hc.client5.http.impl.io.PoolingHttpClientConnectionManager.connect(PoolingHttpClientConnectionManager.java:447)
	at org.apache.hc.client5.http.impl.classic.InternalExecRuntime.connectEndpoint(InternalExecRuntime.java:162)
	at org.apache.hc.client5.http.impl.classic.InternalExecRuntime.connectEndpoint(InternalExecRuntime.java:172)
	at org.apache.hc.client5.http.impl.classic.ConnectExec.execute(ConnectExec.java:142)
	at org.apache.hc.client5.http.impl.classic.ExecChainElement.execute(ExecChainElement.java:51)
	at org.apache.hc.client5.http.impl.classic.ProtocolExec.execute(ProtocolExec.java:192)
	at org.apache.hc.client5.http.impl.classic.ExecChainElement.execute(ExecChainElement.java:51)
	at org.apache.hc.client5.http.impl.classic.HttpRequestRetryExec.execute(HttpRequestRetryExec.java:96)
	at org.apache.hc.client5.http.impl.classic.ExecChainElement.execute(ExecChainElement.java:51)
	at org.apache.hc.client5.http.impl.classic.ContentCompressionExec.execute(ContentCompressionExec.java:152)
	at org.apache.hc.client5.http.impl.classic.ExecChainElement.execute(ExecChainElement.java:51)
	at org.apache.hc.client5.http.impl.classic.RedirectExec.execute(RedirectExec.java:115)
	at org.apache.hc.client5.http.impl.classic.ExecChainElement.execute(ExecChainElement.java:51)
	at org.apache.hc.client5.http.impl.classic.InternalHttpClient.doExecute(InternalHttpClient.java:170)
	at org.apache.hc.client5.http.impl.classic.CloseableHttpClient.execute(CloseableHttpClient.java:87)
	at org.apache.hc.client5.http.impl.classic.CloseableHttpClient.execute(CloseableHttpClient.java:55)
	at org.apache.hc.client5.http.classic.HttpClient.executeOpen(HttpClient.java:183)
	at org.springframework.http.client.HttpComponentsClientHttpRequest.executeInternal(HttpComponentsClientHttpRequest.java:95)
	at org.springframework.http.client.AbstractStreamingClientHttpRequest.executeInternal(AbstractStreamingClientHttpRequest.java:70)
	at org.springframework.http.client.AbstractClientHttpRequest.execute(AbstractClientHttpRequest.java:66)
	at org.springframework.http.client.InterceptingClientHttpRequest$InterceptingRequestExecution.execute(InterceptingClientHttpRequest.java:112)
	at org.springframework.cloud.netflix.eureka.http.RestTemplateTransportClientFactory.lambda$restTemplate$0(RestTemplateTransportClientFactory.java:143)
	at org.springframework.http.client.InterceptingClientHttpRequest$InterceptingRequestExecution.execute(InterceptingClientHttpRequest.java:88)
	at org.springframework.http.client.InterceptingClientHttpRequest.executeInternal(InterceptingClientHttpRequest.java:72)
	at org.springframework.http.client.AbstractBufferingClientHttpRequest.executeInternal(AbstractBufferingClientHttpRequest.java:48)
	at org.springframework.http.client.AbstractClientHttpRequest.execute(AbstractClientHttpRequest.java:66)
	at org.springframework.web.client.RestTemplate.doExecute(RestTemplate.java:889)
	... 40 more

2025-07-11 14:00:27 [SpringApplicationShutdownHook] WARN  c.n.d.s.t.d.RetryableEurekaHttpClient - Request execution failed with message: I/O error on DELETE request for "http://localhost:8081/eureka/apps/USERS-SERVICE/192.168.49.16:users-service:8082": Connect to http://localhost:8081 [localhost/127.0.0.1, localhost/0:0:0:0:0:0:0:1] failed: Conexión rehusada
2025-07-11 14:00:27 [SpringApplicationShutdownHook] ERROR c.netflix.discovery.DiscoveryClient - DiscoveryClient_USERS-SERVICE/192.168.49.16:users-service:8082 - de-registration failedCannot execute request on any known server
com.netflix.discovery.shared.transport.TransportException: Cannot execute request on any known server
	at com.netflix.discovery.shared.transport.decorator.RetryableEurekaHttpClient.execute(RetryableEurekaHttpClient.java:112)
	at com.netflix.discovery.shared.transport.decorator.EurekaHttpClientDecorator.cancel(EurekaHttpClientDecorator.java:71)
	at com.netflix.discovery.shared.transport.decorator.EurekaHttpClientDecorator$2.execute(EurekaHttpClientDecorator.java:74)
	at com.netflix.discovery.shared.transport.decorator.SessionedEurekaHttpClient.execute(SessionedEurekaHttpClient.java:77)
	at com.netflix.discovery.shared.transport.decorator.EurekaHttpClientDecorator.cancel(EurekaHttpClientDecorator.java:71)
	at com.netflix.discovery.DiscoveryClient.unregister(DiscoveryClient.java:916)
	at com.netflix.discovery.DiscoveryClient.shutdown(DiscoveryClient.java:892)
	at java.base/jdk.internal.reflect.NativeMethodAccessorImpl.invoke0(Native Method)
	at java.base/jdk.internal.reflect.NativeMethodAccessorImpl.invoke(NativeMethodAccessorImpl.java:77)
	at java.base/jdk.internal.reflect.DelegatingMethodAccessorImpl.invoke(DelegatingMethodAccessorImpl.java:43)
	at java.base/java.lang.reflect.Method.invoke(Method.java:569)
	at org.springframework.beans.factory.annotation.InitDestroyAnnotationBeanPostProcessor$LifecycleMethod.invoke(InitDestroyAnnotationBeanPostProcessor.java:457)
	at org.springframework.beans.factory.annotation.InitDestroyAnnotationBeanPostProcessor$LifecycleMetadata.invokeDestroyMethods(InitDestroyAnnotationBeanPostProcessor.java:415)
	at org.springframework.beans.factory.annotation.InitDestroyAnnotationBeanPostProcessor.postProcessBeforeDestruction(InitDestroyAnnotationBeanPostProcessor.java:239)
	at org.springframework.beans.factory.support.DisposableBeanAdapter.destroy(DisposableBeanAdapter.java:202)
	at org.springframework.beans.factory.support.DisposableBeanAdapter.run(DisposableBeanAdapter.java:195)
	at org.springframework.cloud.context.scope.GenericScope$BeanLifecycleWrapper.destroy(GenericScope.java:389)
	at org.springframework.cloud.context.scope.GenericScope.destroy(GenericScope.java:136)
	at org.springframework.beans.factory.support.DisposableBeanAdapter.destroy(DisposableBeanAdapter.java:211)
	at org.springframework.beans.factory.support.DefaultSingletonBeanRegistry.destroyBean(DefaultSingletonBeanRegistry.java:587)
	at org.springframework.beans.factory.support.DefaultSingletonBeanRegistry.destroySingleton(DefaultSingletonBeanRegistry.java:559)
	at org.springframework.beans.factory.support.DefaultListableBeanFactory.destroySingleton(DefaultListableBeanFactory.java:1202)
	at org.springframework.beans.factory.support.DefaultSingletonBeanRegistry.destroySingletons(DefaultSingletonBeanRegistry.java:520)
	at org.springframework.beans.factory.support.DefaultListableBeanFactory.destroySingletons(DefaultListableBeanFactory.java:1195)
	at org.springframework.context.support.AbstractApplicationContext.destroyBeans(AbstractApplicationContext.java:1183)
	at org.springframework.context.support.AbstractApplicationContext.doClose(AbstractApplicationContext.java:1144)
	at org.springframework.boot.web.servlet.context.ServletWebServerApplicationContext.doClose(ServletWebServerApplicationContext.java:174)
	at org.springframework.context.support.AbstractApplicationContext.close(AbstractApplicationContext.java:1090)
	at org.springframework.boot.SpringApplicationShutdownHook.closeAndWait(SpringApplicationShutdownHook.java:145)
	at java.base/java.lang.Iterable.forEach(Iterable.java:75)
	at org.springframework.boot.SpringApplicationShutdownHook.run(SpringApplicationShutdownHook.java:114)
	at java.base/java.lang.Thread.run(Thread.java:840)
2025-07-11 14:00:27 [SpringApplicationShutdownHook] INFO  c.netflix.discovery.DiscoveryClient - Completed shut down of DiscoveryClient
2025-07-11 15:25:16 [restartedMain] INFO  c.m.users.UsersApplication - Starting UsersApplication using Java 17.0.15 with PID 90747 (/home/sebastian/Documentos/stranger-drug/users/target/classes started by sebastian in /home/sebastian/Documentos/stranger-drug/users)
2025-07-11 15:25:16 [restartedMain] DEBUG c.m.users.UsersApplication - Running with Spring Boot v3.2.3, Spring v6.1.4
2025-07-11 15:25:16 [restartedMain] INFO  c.m.users.UsersApplication - The following 6 profiles are active: "common", "database", "email", "logging", "security", "local"
2025-07-11 15:25:18 [restartedMain] WARN  o.s.c.s.PostProcessorRegistrationDelegate$BeanPostProcessorChecker - Bean 'org.springframework.cloud.client.loadbalancer.LoadBalancerAutoConfiguration$LoadBalancerInterceptorConfig' of type [org.springframework.cloud.client.loadbalancer.LoadBalancerAutoConfiguration$LoadBalancerInterceptorConfig] is not eligible for getting processed by all BeanPostProcessors (for example: not eligible for auto-proxying). The currently created BeanPostProcessor [lbRestClientPostProcessor] is declared through a non-static factory method on that class; consider declaring it as static instead.
2025-07-11 15:25:18 [restartedMain] WARN  o.s.c.s.PostProcessorRegistrationDelegate$BeanPostProcessorChecker - Bean 'org.springframework.cloud.loadbalancer.config.BlockingLoadBalancerClientAutoConfiguration' of type [org.springframework.cloud.loadbalancer.config.BlockingLoadBalancerClientAutoConfiguration] is not eligible for getting processed by all BeanPostProcessors (for example: not eligible for auto-proxying). Is this bean getting eagerly injected into a currently created BeanPostProcessor [lbRestClientPostProcessor]? Check the corresponding BeanPostProcessor declaration and its dependencies.
2025-07-11 15:25:18 [restartedMain] WARN  o.s.c.s.PostProcessorRegistrationDelegate$BeanPostProcessorChecker - Bean 'org.springframework.cloud.loadbalancer.config.LoadBalancerAutoConfiguration' of type [org.springframework.cloud.loadbalancer.config.LoadBalancerAutoConfiguration] is not eligible for getting processed by all BeanPostProcessors (for example: not eligible for auto-proxying). Is this bean getting eagerly injected into a currently created BeanPostProcessor [lbRestClientPostProcessor]? Check the corresponding BeanPostProcessor declaration and its dependencies.
2025-07-11 15:25:18 [restartedMain] WARN  o.s.c.s.PostProcessorRegistrationDelegate$BeanPostProcessorChecker - Bean 'org.springframework.cloud.commons.config.CommonsConfigAutoConfiguration' of type [org.springframework.cloud.commons.config.CommonsConfigAutoConfiguration] is not eligible for getting processed by all BeanPostProcessors (for example: not eligible for auto-proxying). Is this bean getting eagerly injected into a currently created BeanPostProcessor [lbRestClientPostProcessor]? Check the corresponding BeanPostProcessor declaration and its dependencies.
2025-07-11 15:25:18 [restartedMain] WARN  o.s.c.s.PostProcessorRegistrationDelegate$BeanPostProcessorChecker - Bean 'org.springframework.cloud.client.loadbalancer.LoadBalancerDefaultMappingsProviderAutoConfiguration' of type [org.springframework.cloud.client.loadbalancer.LoadBalancerDefaultMappingsProviderAutoConfiguration] is not eligible for getting processed by all BeanPostProcessors (for example: not eligible for auto-proxying). Is this bean getting eagerly injected into a currently created BeanPostProcessor [lbRestClientPostProcessor]? Check the corresponding BeanPostProcessor declaration and its dependencies.
2025-07-11 15:25:18 [restartedMain] WARN  o.s.c.s.PostProcessorRegistrationDelegate$BeanPostProcessorChecker - Bean 'loadBalancerClientsDefaultsMappingsProvider' of type [org.springframework.cloud.client.loadbalancer.LoadBalancerDefaultMappingsProviderAutoConfiguration$$Lambda$762/0x00007f2be8559808] is not eligible for getting processed by all BeanPostProcessors (for example: not eligible for auto-proxying). Is this bean getting eagerly injected into a currently created BeanPostProcessor [lbRestClientPostProcessor]? Check the corresponding BeanPostProcessor declaration and its dependencies.
2025-07-11 15:25:18 [restartedMain] WARN  o.s.c.s.PostProcessorRegistrationDelegate$BeanPostProcessorChecker - Bean 'defaultsBindHandlerAdvisor' of type [org.springframework.cloud.commons.config.DefaultsBindHandlerAdvisor] is not eligible for getting processed by all BeanPostProcessors (for example: not eligible for auto-proxying). Is this bean getting eagerly injected into a currently created BeanPostProcessor [lbRestClientPostProcessor]? Check the corresponding BeanPostProcessor declaration and its dependencies.
2025-07-11 15:25:18 [restartedMain] WARN  o.s.c.s.PostProcessorRegistrationDelegate$BeanPostProcessorChecker - Bean 'spring.cloud.loadbalancer-org.springframework.cloud.client.loadbalancer.LoadBalancerClientsProperties' of type [org.springframework.cloud.client.loadbalancer.LoadBalancerClientsProperties] is not eligible for getting processed by all BeanPostProcessors (for example: not eligible for auto-proxying). Is this bean getting eagerly injected into a currently created BeanPostProcessor [lbRestClientPostProcessor]? Check the corresponding BeanPostProcessor declaration and its dependencies.
2025-07-11 15:25:18 [restartedMain] WARN  o.s.c.s.PostProcessorRegistrationDelegate$BeanPostProcessorChecker - Bean 'default.org.springframework.cloud.loadbalancer.config.LoadBalancerAutoConfiguration.LoadBalancerClientSpecification' of type [org.springframework.cloud.loadbalancer.annotation.LoadBalancerClientSpecification] is not eligible for getting processed by all BeanPostProcessors (for example: not eligible for auto-proxying). Is this bean getting eagerly injected into a currently created BeanPostProcessor [lbRestClientPostProcessor]? Check the corresponding BeanPostProcessor declaration and its dependencies.
2025-07-11 15:25:18 [restartedMain] WARN  o.s.c.s.PostProcessorRegistrationDelegate$BeanPostProcessorChecker - Bean 'default.org.springframework.cloud.loadbalancer.config.BlockingLoadBalancerClientAutoConfiguration.LoadBalancerClientSpecification' of type [org.springframework.cloud.loadbalancer.annotation.LoadBalancerClientSpecification] is not eligible for getting processed by all BeanPostProcessors (for example: not eligible for auto-proxying). Is this bean getting eagerly injected into a currently created BeanPostProcessor [lbRestClientPostProcessor]? Check the corresponding BeanPostProcessor declaration and its dependencies.
2025-07-11 15:25:18 [restartedMain] WARN  o.s.c.s.PostProcessorRegistrationDelegate$BeanPostProcessorChecker - Bean 'default.org.springframework.cloud.netflix.eureka.loadbalancer.LoadBalancerEurekaAutoConfiguration.LoadBalancerClientSpecification' of type [org.springframework.cloud.loadbalancer.annotation.LoadBalancerClientSpecification] is not eligible for getting processed by all BeanPostProcessors (for example: not eligible for auto-proxying). Is this bean getting eagerly injected into a currently created BeanPostProcessor [lbRestClientPostProcessor]? Check the corresponding BeanPostProcessor declaration and its dependencies.
2025-07-11 15:25:18 [restartedMain] WARN  o.s.c.s.PostProcessorRegistrationDelegate$BeanPostProcessorChecker - Bean 'loadBalancerClientFactory' of type [org.springframework.cloud.loadbalancer.support.LoadBalancerClientFactory] is not eligible for getting processed by all BeanPostProcessors (for example: not eligible for auto-proxying). Is this bean getting eagerly injected into a currently created BeanPostProcessor [lbRestClientPostProcessor]? Check the corresponding BeanPostProcessor declaration and its dependencies.
2025-07-11 15:25:18 [restartedMain] WARN  o.s.c.s.PostProcessorRegistrationDelegate$BeanPostProcessorChecker - Bean 'blockingLoadBalancerClient' of type [org.springframework.cloud.loadbalancer.blocking.client.BlockingLoadBalancerClient] is not eligible for getting processed by all BeanPostProcessors (for example: not eligible for auto-proxying). Is this bean getting eagerly injected into a currently created BeanPostProcessor [lbRestClientPostProcessor]? Check the corresponding BeanPostProcessor declaration and its dependencies.
2025-07-11 15:25:18 [restartedMain] WARN  o.s.c.s.PostProcessorRegistrationDelegate$BeanPostProcessorChecker - Bean 'loadBalancerServiceInstanceCookieTransformer' of type [org.springframework.cloud.loadbalancer.core.LoadBalancerServiceInstanceCookieTransformer] is not eligible for getting processed by all BeanPostProcessors (for example: not eligible for auto-proxying). Is this bean getting eagerly injected into a currently created BeanPostProcessor [lbRestClientPostProcessor]? Check the corresponding BeanPostProcessor declaration and its dependencies.
2025-07-11 15:25:18 [restartedMain] WARN  o.s.c.s.PostProcessorRegistrationDelegate$BeanPostProcessorChecker - Bean 'xForwarderHeadersTransformer' of type [org.springframework.cloud.loadbalancer.blocking.XForwardedHeadersTransformer] is not eligible for getting processed by all BeanPostProcessors (for example: not eligible for auto-proxying). Is this bean getting eagerly injected into a currently created BeanPostProcessor [lbRestClientPostProcessor]? Check the corresponding BeanPostProcessor declaration and its dependencies.
2025-07-11 15:25:18 [restartedMain] WARN  o.s.c.s.PostProcessorRegistrationDelegate$BeanPostProcessorChecker - Bean 'org.springframework.cloud.client.loadbalancer.LoadBalancerAutoConfiguration' of type [org.springframework.cloud.client.loadbalancer.LoadBalancerAutoConfiguration] is not eligible for getting processed by all BeanPostProcessors (for example: not eligible for auto-proxying). Is this bean getting eagerly injected into a currently created BeanPostProcessor [lbRestClientPostProcessor]? Check the corresponding BeanPostProcessor declaration and its dependencies.
2025-07-11 15:25:18 [restartedMain] WARN  o.s.c.s.PostProcessorRegistrationDelegate$BeanPostProcessorChecker - Bean 'loadBalancerRequestFactory' of type [org.springframework.cloud.client.loadbalancer.LoadBalancerRequestFactory] is not eligible for getting processed by all BeanPostProcessors (for example: not eligible for auto-proxying). Is this bean getting eagerly injected into a currently created BeanPostProcessor [lbRestClientPostProcessor]? Check the corresponding BeanPostProcessor declaration and its dependencies.
2025-07-11 15:25:18 [restartedMain] WARN  o.s.c.s.PostProcessorRegistrationDelegate$BeanPostProcessorChecker - Bean 'loadBalancerInterceptor' of type [org.springframework.cloud.client.loadbalancer.LoadBalancerInterceptor] is not eligible for getting processed by all BeanPostProcessors (for example: not eligible for auto-proxying). Is this bean getting eagerly injected into a currently created BeanPostProcessor [lbRestClientPostProcessor]? Check the corresponding BeanPostProcessor declaration and its dependencies.
2025-07-11 15:25:18 [restartedMain] WARN  o.s.c.s.PostProcessorRegistrationDelegate$BeanPostProcessorChecker - Bean 'org.springframework.cloud.client.loadbalancer.reactive.LoadBalancerBeanPostProcessorAutoConfiguration' of type [org.springframework.cloud.client.loadbalancer.reactive.LoadBalancerBeanPostProcessorAutoConfiguration] is not eligible for getting processed by all BeanPostProcessors (for example: not eligible for auto-proxying). The currently created BeanPostProcessor [loadBalancerWebClientBuilderBeanPostProcessor] is declared through a non-static factory method on that class; consider declaring it as static instead.
2025-07-11 15:25:18 [restartedMain] WARN  o.s.c.s.PostProcessorRegistrationDelegate$BeanPostProcessorChecker - Bean 'org.springframework.cloud.client.loadbalancer.reactive.LoadBalancerBeanPostProcessorAutoConfiguration$ReactorDeferringLoadBalancerFilterConfig' of type [org.springframework.cloud.client.loadbalancer.reactive.LoadBalancerBeanPostProcessorAutoConfiguration$ReactorDeferringLoadBalancerFilterConfig] is not eligible for getting processed by all BeanPostProcessors (for example: not eligible for auto-proxying). Is this bean getting eagerly injected into a currently created BeanPostProcessor [loadBalancerWebClientBuilderBeanPostProcessor]? Check the corresponding BeanPostProcessor declaration and its dependencies.
2025-07-11 15:25:18 [restartedMain] WARN  o.s.c.s.PostProcessorRegistrationDelegate$BeanPostProcessorChecker - Bean 'reactorDeferringLoadBalancerExchangeFilterFunction' of type [org.springframework.cloud.client.loadbalancer.reactive.DeferringLoadBalancerExchangeFilterFunction] is not eligible for getting processed by all BeanPostProcessors (for example: not eligible for auto-proxying). Is this bean getting eagerly injected into a currently created BeanPostProcessor [loadBalancerWebClientBuilderBeanPostProcessor]? Check the corresponding BeanPostProcessor declaration and its dependencies.
2025-07-11 15:25:19 [restartedMain] DEBUG o.s.w.f.ServerHttpObservationFilter - Filter 'webMvcObservationFilter' configured for use
2025-07-11 15:25:19 [restartedMain] DEBUG c.m.u.c.c.i.InternalJwtFilter - Filter 'internalJwtFilter' configured for use
2025-07-11 15:25:19 [restartedMain] WARN  org.hibernate.orm.deprecation - HHH90000025: MariaDBDialect does not need to be specified explicitly using 'hibernate.dialect' (remove the property setting and it will be selected by default)
2025-07-11 15:25:20 [restartedMain] INFO  c.m.u.core.logging.LoggingService - CacheConfiguration: Cache manager configurado con 8 caches
2025-07-11 15:25:22 [restartedMain] WARN  o.s.b.a.o.j.JpaBaseConfiguration$JpaWebConfiguration - spring.jpa.open-in-view is enabled by default. Therefore, database queries may be performed during view rendering. Explicitly configure spring.jpa.open-in-view to disable this warning
2025-07-11 15:25:22 [restartedMain] WARN  o.s.b.a.s.s.UserDetailsServiceAutoConfiguration - 

Using generated security password: 2537b27d-f4be-4fc2-94ce-16b0e36e0b97

This generated password is for development use only. Your security configuration must be updated before running your application in production.

2025-07-11 15:25:22 [restartedMain] INFO  c.m.u.core.logging.LoggingService - SecurityConfig: Iniciando configuración de seguridad del microservicio users
2025-07-11 15:25:22 [restartedMain] DEBUG o.s.w.s.m.m.a.RequestMappingHandlerMapping - 26 mappings in 'requestMappingHandlerMapping'
2025-07-11 15:25:22 [restartedMain] DEBUG o.s.w.s.h.SimpleUrlHandlerMapping - Patterns [/webjars/**, /**, /swagger-ui*/*swagger-initializer.js, /swagger-ui*/**] in 'resourceHandlerMapping'
2025-07-11 15:25:22 [restartedMain] INFO  c.m.u.core.logging.LoggingService - SecurityConfig: Configuración de seguridad completada - Todos los endpoints permitidos, filtro JWT interno configurado
2025-07-11 15:25:22 [restartedMain] DEBUG o.s.w.s.m.m.a.RequestMappingHandlerAdapter - ControllerAdvice beans: 0 @ModelAttribute, 0 @InitBinder, 1 RequestBodyAdvice, 1 ResponseBodyAdvice
2025-07-11 15:25:22 [restartedMain] DEBUG o.s.w.s.m.m.a.ExceptionHandlerExceptionResolver - ControllerAdvice beans: 2 @ExceptionHandler, 1 ResponseBodyAdvice
2025-07-11 15:25:23 [restartedMain] WARN  o.s.b.d.a.OptionalLiveReloadServer - Unable to start LiveReload server
2025-07-11 15:25:23 [restartedMain] INFO  c.netflix.discovery.DiscoveryClient - Initializing Eureka in region us-east-1
2025-07-11 15:25:23 [restartedMain] INFO  c.n.d.s.r.aws.ConfigClusterResolver - Resolving eureka endpoints via configuration
2025-07-11 15:25:23 [restartedMain] INFO  c.netflix.discovery.DiscoveryClient - Disable delta property : false
2025-07-11 15:25:23 [restartedMain] INFO  c.netflix.discovery.DiscoveryClient - Single vip registry refresh property : null
2025-07-11 15:25:23 [restartedMain] INFO  c.netflix.discovery.DiscoveryClient - Force full registry fetch : false
2025-07-11 15:25:23 [restartedMain] INFO  c.netflix.discovery.DiscoveryClient - Application is null : false
2025-07-11 15:25:23 [restartedMain] INFO  c.netflix.discovery.DiscoveryClient - Registered Applications size is zero : true
2025-07-11 15:25:23 [restartedMain] INFO  c.netflix.discovery.DiscoveryClient - Application version is -1: true
2025-07-11 15:25:23 [restartedMain] INFO  c.netflix.discovery.DiscoveryClient - Getting all instance registry info from the eureka server
2025-07-11 15:25:23 [restartedMain] DEBUG o.s.web.client.RestTemplate - HTTP GET http://localhost:8081/eureka/apps/
2025-07-11 15:25:23 [restartedMain] DEBUG o.s.web.client.RestTemplate - Accept=[application/json, application/*+json]
2025-07-11 15:25:23 [restartedMain] DEBUG o.s.web.client.RestTemplate - Response 200 OK
2025-07-11 15:25:23 [restartedMain] DEBUG o.s.web.client.RestTemplate - Reading to [org.springframework.cloud.netflix.eureka.http.EurekaApplications]
2025-07-11 15:25:23 [restartedMain] INFO  c.netflix.discovery.DiscoveryClient - The response status is 200
2025-07-11 15:25:23 [restartedMain] INFO  c.netflix.discovery.DiscoveryClient - Starting heartbeat executor: renew interval is: 30
2025-07-11 15:25:23 [restartedMain] INFO  c.n.discovery.InstanceInfoReplicator - InstanceInfoReplicator onDemand update allowed rate per min is 4
2025-07-11 15:25:23 [restartedMain] INFO  c.netflix.discovery.DiscoveryClient - Discovery Client initialized at timestamp 1752265523747 with initial instances count: 1
2025-07-11 15:25:23 [restartedMain] INFO  c.netflix.discovery.DiscoveryClient - Saw local status change event StatusChangeEvent [timestamp=1752265523763, current=UP, previous=STARTING]
2025-07-11 15:25:23 [DiscoveryClient-InstanceInfoReplicator-0] INFO  c.netflix.discovery.DiscoveryClient - DiscoveryClient_USERS-SERVICE/192.168.49.16:users-service:8082: registering service...
2025-07-11 15:25:23 [DiscoveryClient-InstanceInfoReplicator-0] DEBUG o.s.web.client.RestTemplate - HTTP POST http://localhost:8081/eureka/apps/USERS-SERVICE
2025-07-11 15:25:23 [DiscoveryClient-InstanceInfoReplicator-0] DEBUG o.s.web.client.RestTemplate - Accept=[application/json, application/*+json]
2025-07-11 15:25:23 [DiscoveryClient-InstanceInfoReplicator-0] DEBUG o.s.web.client.RestTemplate - Writing [InstanceInfo [instanceId = 192.168.49.16:users-service:8082, appName = USERS-SERVICE, hostName = 192.168.49.16, status = UP, ipAddr = 192.168.49.16, port = 8082, securePort = 443, dataCenterInfo = com.netflix.appinfo.MyDataCenterInfo@7e5e959f] as "application/json"
2025-07-11 15:25:23 [restartedMain] INFO  c.m.users.UsersApplication - Started UsersApplication in 8.052 seconds (process running for 8.432)
2025-07-11 15:25:23 [DiscoveryClient-InstanceInfoReplicator-0] DEBUG o.s.web.client.RestTemplate - Response 204 NO_CONTENT
2025-07-11 15:25:23 [DiscoveryClient-InstanceInfoReplicator-0] INFO  c.netflix.discovery.DiscoveryClient - DiscoveryClient_USERS-SERVICE/192.168.49.16:users-service:8082 - registration status: 204
2025-07-11 15:25:53 [DiscoveryClient-CacheRefreshExecutor-0] DEBUG o.s.web.client.RestTemplate - HTTP GET http://localhost:8081/eureka/apps/delta
2025-07-11 15:25:53 [DiscoveryClient-CacheRefreshExecutor-0] DEBUG o.s.web.client.RestTemplate - Accept=[application/json, application/*+json]
2025-07-11 15:25:53 [DiscoveryClient-HeartbeatExecutor-0] DEBUG o.s.web.client.RestTemplate - HTTP PUT http://localhost:8081/eureka/apps/USERS-SERVICE/192.168.49.16:users-service:8082?status=UP&lastDirtyTimestamp=1752265523763
2025-07-11 15:25:53 [DiscoveryClient-CacheRefreshExecutor-0] DEBUG o.s.web.client.RestTemplate - Response 200 OK
2025-07-11 15:25:53 [DiscoveryClient-CacheRefreshExecutor-0] DEBUG o.s.web.client.RestTemplate - Reading to [org.springframework.cloud.netflix.eureka.http.EurekaApplications]
2025-07-11 15:25:53 [DiscoveryClient-HeartbeatExecutor-0] DEBUG o.s.web.client.RestTemplate - Accept=[application/json, application/*+json]
2025-07-11 15:25:53 [DiscoveryClient-HeartbeatExecutor-0] DEBUG o.s.web.client.RestTemplate - Response 200 OK
2025-07-11 15:26:23 [DiscoveryClient-CacheRefreshExecutor-0] DEBUG o.s.web.client.RestTemplate - HTTP GET http://localhost:8081/eureka/apps/delta
2025-07-11 15:26:23 [DiscoveryClient-CacheRefreshExecutor-0] DEBUG o.s.web.client.RestTemplate - Accept=[application/json, application/*+json]
2025-07-11 15:26:23 [DiscoveryClient-CacheRefreshExecutor-0] DEBUG o.s.web.client.RestTemplate - Response 200 OK
2025-07-11 15:26:23 [DiscoveryClient-CacheRefreshExecutor-0] DEBUG o.s.web.client.RestTemplate - Reading to [org.springframework.cloud.netflix.eureka.http.EurekaApplications]
2025-07-11 15:26:23 [DiscoveryClient-HeartbeatExecutor-0] DEBUG o.s.web.client.RestTemplate - HTTP PUT http://localhost:8081/eureka/apps/USERS-SERVICE/192.168.49.16:users-service:8082?status=UP&lastDirtyTimestamp=1752265523763
2025-07-11 15:26:23 [DiscoveryClient-HeartbeatExecutor-0] DEBUG o.s.web.client.RestTemplate - Accept=[application/json, application/*+json]
2025-07-11 15:26:23 [DiscoveryClient-HeartbeatExecutor-0] DEBUG o.s.web.client.RestTemplate - Response 200 OK
2025-07-11 15:26:53 [DiscoveryClient-CacheRefreshExecutor-0] DEBUG o.s.web.client.RestTemplate - HTTP GET http://localhost:8081/eureka/apps/delta
2025-07-11 15:26:53 [DiscoveryClient-CacheRefreshExecutor-0] DEBUG o.s.web.client.RestTemplate - Accept=[application/json, application/*+json]
2025-07-11 15:26:53 [DiscoveryClient-CacheRefreshExecutor-0] DEBUG o.s.web.client.RestTemplate - Response 200 OK
2025-07-11 15:26:53 [DiscoveryClient-CacheRefreshExecutor-0] DEBUG o.s.web.client.RestTemplate - Reading to [org.springframework.cloud.netflix.eureka.http.EurekaApplications]
2025-07-11 15:26:53 [DiscoveryClient-HeartbeatExecutor-0] DEBUG o.s.web.client.RestTemplate - HTTP PUT http://localhost:8081/eureka/apps/USERS-SERVICE/192.168.49.16:users-service:8082?status=UP&lastDirtyTimestamp=1752265523763
2025-07-11 15:26:53 [DiscoveryClient-HeartbeatExecutor-0] DEBUG o.s.web.client.RestTemplate - Accept=[application/json, application/*+json]
2025-07-11 15:26:53 [DiscoveryClient-HeartbeatExecutor-0] DEBUG o.s.web.client.RestTemplate - Response 200 OK
2025-07-11 15:27:23 [DiscoveryClient-CacheRefreshExecutor-0] DEBUG o.s.web.client.RestTemplate - HTTP GET http://localhost:8081/eureka/apps/delta
2025-07-11 15:27:23 [DiscoveryClient-CacheRefreshExecutor-0] DEBUG o.s.web.client.RestTemplate - Accept=[application/json, application/*+json]
2025-07-11 15:27:23 [DiscoveryClient-CacheRefreshExecutor-0] DEBUG o.s.web.client.RestTemplate - Response 200 OK
2025-07-11 15:27:23 [DiscoveryClient-CacheRefreshExecutor-0] DEBUG o.s.web.client.RestTemplate - Reading to [org.springframework.cloud.netflix.eureka.http.EurekaApplications]
2025-07-11 15:27:23 [DiscoveryClient-HeartbeatExecutor-0] DEBUG o.s.web.client.RestTemplate - HTTP PUT http://localhost:8081/eureka/apps/USERS-SERVICE/192.168.49.16:users-service:8082?status=UP&lastDirtyTimestamp=1752265523763
2025-07-11 15:27:23 [DiscoveryClient-HeartbeatExecutor-0] DEBUG o.s.web.client.RestTemplate - Accept=[application/json, application/*+json]
2025-07-11 15:27:23 [DiscoveryClient-HeartbeatExecutor-0] DEBUG o.s.web.client.RestTemplate - Response 200 OK
2025-07-11 15:27:53 [DiscoveryClient-CacheRefreshExecutor-0] DEBUG o.s.web.client.RestTemplate - HTTP GET http://localhost:8081/eureka/apps/delta
2025-07-11 15:27:53 [DiscoveryClient-CacheRefreshExecutor-0] DEBUG o.s.web.client.RestTemplate - Accept=[application/json, application/*+json]
2025-07-11 15:27:53 [DiscoveryClient-CacheRefreshExecutor-0] DEBUG o.s.web.client.RestTemplate - Response 200 OK
2025-07-11 15:27:53 [DiscoveryClient-CacheRefreshExecutor-0] DEBUG o.s.web.client.RestTemplate - Reading to [org.springframework.cloud.netflix.eureka.http.EurekaApplications]
2025-07-11 15:27:53 [DiscoveryClient-HeartbeatExecutor-0] DEBUG o.s.web.client.RestTemplate - HTTP PUT http://localhost:8081/eureka/apps/USERS-SERVICE/192.168.49.16:users-service:8082?status=UP&lastDirtyTimestamp=1752265523763
2025-07-11 15:27:53 [DiscoveryClient-HeartbeatExecutor-0] DEBUG o.s.web.client.RestTemplate - Accept=[application/json, application/*+json]
2025-07-11 15:27:53 [DiscoveryClient-HeartbeatExecutor-0] DEBUG o.s.web.client.RestTemplate - Response 200 OK
2025-07-11 15:28:23 [DiscoveryClient-CacheRefreshExecutor-0] DEBUG o.s.web.client.RestTemplate - HTTP GET http://localhost:8081/eureka/apps/delta
2025-07-11 15:28:23 [DiscoveryClient-CacheRefreshExecutor-0] DEBUG o.s.web.client.RestTemplate - Accept=[application/json, application/*+json]
2025-07-11 15:28:23 [DiscoveryClient-CacheRefreshExecutor-0] DEBUG o.s.web.client.RestTemplate - Response 200 OK
2025-07-11 15:28:23 [DiscoveryClient-CacheRefreshExecutor-0] DEBUG o.s.web.client.RestTemplate - Reading to [org.springframework.cloud.netflix.eureka.http.EurekaApplications]
2025-07-11 15:28:23 [DiscoveryClient-HeartbeatExecutor-0] DEBUG o.s.web.client.RestTemplate - HTTP PUT http://localhost:8081/eureka/apps/USERS-SERVICE/192.168.49.16:users-service:8082?status=UP&lastDirtyTimestamp=1752265523763
2025-07-11 15:28:23 [DiscoveryClient-HeartbeatExecutor-0] DEBUG o.s.web.client.RestTemplate - Accept=[application/json, application/*+json]
2025-07-11 15:28:23 [DiscoveryClient-HeartbeatExecutor-0] DEBUG o.s.web.client.RestTemplate - Response 200 OK
2025-07-11 15:28:53 [DiscoveryClient-CacheRefreshExecutor-0] DEBUG o.s.web.client.RestTemplate - HTTP GET http://localhost:8081/eureka/apps/delta
2025-07-11 15:28:53 [DiscoveryClient-CacheRefreshExecutor-0] DEBUG o.s.web.client.RestTemplate - Accept=[application/json, application/*+json]
2025-07-11 15:28:53 [DiscoveryClient-HeartbeatExecutor-0] DEBUG o.s.web.client.RestTemplate - HTTP PUT http://localhost:8081/eureka/apps/USERS-SERVICE/192.168.49.16:users-service:8082?status=UP&lastDirtyTimestamp=1752265523763
2025-07-11 15:28:53 [DiscoveryClient-HeartbeatExecutor-0] DEBUG o.s.web.client.RestTemplate - Accept=[application/json, application/*+json]
2025-07-11 15:28:53 [DiscoveryClient-CacheRefreshExecutor-0] DEBUG o.s.web.client.RestTemplate - Response 200 OK
2025-07-11 15:28:53 [DiscoveryClient-CacheRefreshExecutor-0] DEBUG o.s.web.client.RestTemplate - Reading to [org.springframework.cloud.netflix.eureka.http.EurekaApplications]
2025-07-11 15:28:53 [DiscoveryClient-HeartbeatExecutor-0] DEBUG o.s.web.client.RestTemplate - Response 200 OK
2025-07-11 15:29:17 [http-nio-8082-exec-1] INFO  o.s.web.servlet.DispatcherServlet - Initializing Servlet 'dispatcherServlet'
2025-07-11 15:29:17 [http-nio-8082-exec-1] DEBUG o.s.web.servlet.DispatcherServlet - Detected StandardServletMultipartResolver
2025-07-11 15:29:17 [http-nio-8082-exec-1] DEBUG o.s.web.servlet.DispatcherServlet - Detected AcceptHeaderLocaleResolver
2025-07-11 15:29:17 [http-nio-8082-exec-1] DEBUG o.s.web.servlet.DispatcherServlet - Detected FixedThemeResolver
2025-07-11 15:29:17 [http-nio-8082-exec-1] DEBUG o.s.web.servlet.DispatcherServlet - Detected org.springframework.web.servlet.view.DefaultRequestToViewNameTranslator@4abe2f55
2025-07-11 15:29:17 [http-nio-8082-exec-1] DEBUG o.s.web.servlet.DispatcherServlet - Detected org.springframework.web.servlet.support.SessionFlashMapManager@4fba5e7e
2025-07-11 15:29:17 [http-nio-8082-exec-1] DEBUG o.s.web.servlet.DispatcherServlet - enableLoggingRequestDetails='false': request parameters and headers will be masked to prevent unsafe logging of potentially sensitive data
2025-07-11 15:29:17 [http-nio-8082-exec-1] INFO  o.s.web.servlet.DispatcherServlet - Completed initialization in 2 ms
2025-07-11 15:29:17 [http-nio-8082-exec-1] DEBUG c.m.u.core.logging.LoggingService - InternalJwtFilter: Procesando solicitud: /register/id/1
2025-07-11 15:29:17 [http-nio-8082-exec-1] DEBUG c.m.u.core.logging.LoggingService - InternalJwtFilter: Path '/register/id/1' requiere JWT: false
2025-07-11 15:29:17 [http-nio-8082-exec-1] DEBUG c.m.u.core.logging.LoggingService - InternalJwtFilter: Path no protegido, continuando sin validación JWT
2025-07-11 15:29:17 [http-nio-8082-exec-1] DEBUG o.s.web.servlet.DispatcherServlet - PATCH "/register/id/1", parameters={}
2025-07-11 15:29:17 [http-nio-8082-exec-1] DEBUG o.s.w.s.m.m.a.RequestMappingHandlerMapping - Mapped to com.microserviceone.users.registrationApi.web.controller.RegisterController#updateLastLogin(Long)
2025-07-11 15:29:17 [http-nio-8082-exec-1] INFO  c.m.u.core.logging.LoggingService - Iniciando actualización por id -id: 1
2025-07-11 15:29:17 [http-nio-8082-exec-1] INFO  c.m.u.core.logging.LoggingService - RegistrationService: Iniciando actualización por id -Id
2025-07-11 15:29:17 [http-nio-8082-exec-1] INFO  c.m.u.core.logging.LoggingService - Validando que exista user con el -ID id 1
2025-07-11 15:29:17 [http-nio-8082-exec-1] INFO  c.m.u.core.logging.LoggingService - Validando existencia de usuario con ID: 1
2025-07-11 15:29:17 [http-nio-8082-exec-1] INFO  c.m.u.core.logging.LoggingService - AdapterRegister: Buscando usuario en la base de datos por ID: 1
2025-07-11 15:29:17 [http-nio-8082-exec-1] WARN  c.m.u.core.logging.LoggingService - AdapterRegister: Usuario no encontrado en la base de datos - ID: 1
2025-07-11 15:29:17 [http-nio-8082-exec-1] ERROR c.m.u.core.logging.LoggingService - Usuario no encontrado con ID: 1
2025-07-11 15:29:17 [http-nio-8082-exec-1] DEBUG c.m.u.core.logging.LoggingService - Usuario no encontrado - ID: 1
2025-07-11 15:29:17 [http-nio-8082-exec-1] ERROR c.m.u.core.logging.LoggingService - Error al actualizar usuario con id -Id 1
com.microserviceone.users.registrationApi.application.exception.UserNotFoundException: Usuario no encontrado con ID: 1
	at com.microserviceone.users.registrationApi.application.usecase.ValidateExistUserUseCase.validateExist(ValidateExistUserUseCase.java:19)
	at com.microserviceone.users.registrationApi.application.usecase.UpdateLastLoginUseCase.updateLastLogin(UpdateLastLoginUseCase.java:25)
	at com.microserviceone.users.registrationApi.application.service.RegistrationService.updateLastLogin(RegistrationService.java:165)
	at com.microserviceone.users.registrationApi.web.controller.RegisterController.updateLastLogin(RegisterController.java:383)
	at java.base/jdk.internal.reflect.NativeMethodAccessorImpl.invoke0(Native Method)
	at java.base/jdk.internal.reflect.NativeMethodAccessorImpl.invoke(NativeMethodAccessorImpl.java:77)
	at java.base/jdk.internal.reflect.DelegatingMethodAccessorImpl.invoke(DelegatingMethodAccessorImpl.java:43)
	at java.base/java.lang.reflect.Method.invoke(Method.java:569)
	at org.springframework.web.method.support.InvocableHandlerMethod.doInvoke(InvocableHandlerMethod.java:259)
	at org.springframework.web.method.support.InvocableHandlerMethod.invokeForRequest(InvocableHandlerMethod.java:192)
	at org.springframework.web.servlet.mvc.method.annotation.ServletInvocableHandlerMethod.invokeAndHandle(ServletInvocableHandlerMethod.java:118)
	at org.springframework.web.servlet.mvc.method.annotation.RequestMappingHandlerAdapter.invokeHandlerMethod(RequestMappingHandlerAdapter.java:920)
	at org.springframework.web.servlet.mvc.method.annotation.RequestMappingHandlerAdapter.handleInternal(RequestMappingHandlerAdapter.java:830)
	at org.springframework.web.servlet.mvc.method.AbstractHandlerMethodAdapter.handle(AbstractHandlerMethodAdapter.java:87)
	at org.springframework.web.servlet.DispatcherServlet.doDispatch(DispatcherServlet.java:1089)
	at org.springframework.web.servlet.DispatcherServlet.doService(DispatcherServlet.java:979)
	at org.springframework.web.servlet.FrameworkServlet.processRequest(FrameworkServlet.java:1014)
	at org.springframework.web.servlet.FrameworkServlet.service(FrameworkServlet.java:888)
	at jakarta.servlet.http.HttpServlet.service(HttpServlet.java:658)
	at org.apache.catalina.core.ApplicationFilterChain.internalDoFilter(ApplicationFilterChain.java:205)
	at org.apache.catalina.core.ApplicationFilterChain.doFilter(ApplicationFilterChain.java:149)
	at org.apache.tomcat.websocket.server.WsFilter.doFilter(WsFilter.java:51)
	at org.apache.catalina.core.ApplicationFilterChain.internalDoFilter(ApplicationFilterChain.java:174)
	at org.apache.catalina.core.ApplicationFilterChain.doFilter(ApplicationFilterChain.java:149)
	at org.springframework.web.filter.OncePerRequestFilter.doFilter(OncePerRequestFilter.java:110)
	at org.apache.catalina.core.ApplicationFilterChain.internalDoFilter(ApplicationFilterChain.java:174)
	at org.apache.catalina.core.ApplicationFilterChain.doFilter(ApplicationFilterChain.java:149)
	at org.springframework.web.filter.CompositeFilter$VirtualFilterChain.doFilter(CompositeFilter.java:108)
	at org.springframework.security.web.FilterChainProxy.lambda$doFilterInternal$3(FilterChainProxy.java:231)
	at org.springframework.security.web.ObservationFilterChainDecorator$FilterObservation$SimpleFilterObservation.lambda$wrap$1(ObservationFilterChainDecorator.java:479)
	at org.springframework.security.web.ObservationFilterChainDecorator$AroundFilterObservation$SimpleAroundFilterObservation.lambda$wrap$1(ObservationFilterChainDecorator.java:340)
	at org.springframework.security.web.ObservationFilterChainDecorator.lambda$wrapSecured$0(ObservationFilterChainDecorator.java:82)
	at org.springframework.security.web.ObservationFilterChainDecorator$VirtualFilterChain.doFilter(ObservationFilterChainDecorator.java:128)
	at org.springframework.security.web.access.intercept.AuthorizationFilter.doFilter(AuthorizationFilter.java:100)
	at org.springframework.security.web.ObservationFilterChainDecorator$ObservationFilter.wrapFilter(ObservationFilterChainDecorator.java:240)
	at org.springframework.security.web.ObservationFilterChainDecorator$ObservationFilter.doFilter(ObservationFilterChainDecorator.java:227)
	at org.springframework.security.web.ObservationFilterChainDecorator$VirtualFilterChain.doFilter(ObservationFilterChainDecorator.java:137)
	at org.springframework.security.web.access.ExceptionTranslationFilter.doFilter(ExceptionTranslationFilter.java:126)
	at org.springframework.security.web.access.ExceptionTranslationFilter.doFilter(ExceptionTranslationFilter.java:120)
	at org.springframework.security.web.ObservationFilterChainDecorator$ObservationFilter.wrapFilter(ObservationFilterChainDecorator.java:240)
	at org.springframework.security.web.ObservationFilterChainDecorator$ObservationFilter.doFilter(ObservationFilterChainDecorator.java:227)
	at org.springframework.security.web.ObservationFilterChainDecorator$VirtualFilterChain.doFilter(ObservationFilterChainDecorator.java:137)
	at org.springframework.security.web.authentication.AnonymousAuthenticationFilter.doFilter(AnonymousAuthenticationFilter.java:100)
	at org.springframework.security.web.ObservationFilterChainDecorator$ObservationFilter.wrapFilter(ObservationFilterChainDecorator.java:240)
	at org.springframework.security.web.ObservationFilterChainDecorator$ObservationFilter.doFilter(ObservationFilterChainDecorator.java:227)
	at org.springframework.security.web.ObservationFilterChainDecorator$VirtualFilterChain.doFilter(ObservationFilterChainDecorator.java:137)
	at org.springframework.security.web.servletapi.SecurityContextHolderAwareRequestFilter.doFilter(SecurityContextHolderAwareRequestFilter.java:179)
	at org.springframework.security.web.ObservationFilterChainDecorator$ObservationFilter.wrapFilter(ObservationFilterChainDecorator.java:240)
	at org.springframework.security.web.ObservationFilterChainDecorator$ObservationFilter.doFilter(ObservationFilterChainDecorator.java:227)
	at org.springframework.security.web.ObservationFilterChainDecorator$VirtualFilterChain.doFilter(ObservationFilterChainDecorator.java:137)
	at org.springframework.security.web.savedrequest.RequestCacheAwareFilter.doFilter(RequestCacheAwareFilter.java:63)
	at org.springframework.security.web.ObservationFilterChainDecorator$ObservationFilter.wrapFilter(ObservationFilterChainDecorator.java:240)
	at org.springframework.security.web.ObservationFilterChainDecorator$ObservationFilter.doFilter(ObservationFilterChainDecorator.java:227)
	at org.springframework.security.web.ObservationFilterChainDecorator$VirtualFilterChain.doFilter(ObservationFilterChainDecorator.java:137)
	at com.microserviceone.users.core.config.internalSecurity.InternalJwtFilter.doFilterInternal(InternalJwtFilter.java:51)
	at org.springframework.web.filter.OncePerRequestFilter.doFilter(OncePerRequestFilter.java:116)
	at org.springframework.security.web.ObservationFilterChainDecorator$ObservationFilter.wrapFilter(ObservationFilterChainDecorator.java:240)
	at org.springframework.security.web.ObservationFilterChainDecorator$ObservationFilter.doFilter(ObservationFilterChainDecorator.java:227)
	at org.springframework.security.web.ObservationFilterChainDecorator$VirtualFilterChain.doFilter(ObservationFilterChainDecorator.java:137)
	at org.springframework.security.web.authentication.logout.LogoutFilter.doFilter(LogoutFilter.java:107)
	at org.springframework.security.web.authentication.logout.LogoutFilter.doFilter(LogoutFilter.java:93)
	at org.springframework.security.web.ObservationFilterChainDecorator$ObservationFilter.wrapFilter(ObservationFilterChainDecorator.java:240)
	at org.springframework.security.web.ObservationFilterChainDecorator$ObservationFilter.doFilter(ObservationFilterChainDecorator.java:227)
	at org.springframework.security.web.ObservationFilterChainDecorator$VirtualFilterChain.doFilter(ObservationFilterChainDecorator.java:137)
	at org.springframework.web.filter.CorsFilter.doFilterInternal(CorsFilter.java:91)
	at org.springframework.web.filter.OncePerRequestFilter.doFilter(OncePerRequestFilter.java:116)
	at org.springframework.security.web.ObservationFilterChainDecorator$ObservationFilter.wrapFilter(ObservationFilterChainDecorator.java:240)
	at org.springframework.security.web.ObservationFilterChainDecorator$ObservationFilter.doFilter(ObservationFilterChainDecorator.java:227)
	at org.springframework.security.web.ObservationFilterChainDecorator$VirtualFilterChain.doFilter(ObservationFilterChainDecorator.java:137)
	at org.springframework.security.web.header.HeaderWriterFilter.doHeadersAfter(HeaderWriterFilter.java:90)
	at org.springframework.security.web.header.HeaderWriterFilter.doFilterInternal(HeaderWriterFilter.java:75)
	at org.springframework.web.filter.OncePerRequestFilter.doFilter(OncePerRequestFilter.java:116)
	at org.springframework.security.web.ObservationFilterChainDecorator$ObservationFilter.wrapFilter(ObservationFilterChainDecorator.java:240)
	at org.springframework.security.web.ObservationFilterChainDecorator$ObservationFilter.doFilter(ObservationFilterChainDecorator.java:227)
	at org.springframework.security.web.ObservationFilterChainDecorator$VirtualFilterChain.doFilter(ObservationFilterChainDecorator.java:137)
	at org.springframework.security.web.context.SecurityContextHolderFilter.doFilter(SecurityContextHolderFilter.java:82)
	at org.springframework.security.web.context.SecurityContextHolderFilter.doFilter(SecurityContextHolderFilter.java:69)
	at org.springframework.security.web.ObservationFilterChainDecorator$ObservationFilter.wrapFilter(ObservationFilterChainDecorator.java:240)
	at org.springframework.security.web.ObservationFilterChainDecorator$ObservationFilter.doFilter(ObservationFilterChainDecorator.java:227)
	at org.springframework.security.web.ObservationFilterChainDecorator$VirtualFilterChain.doFilter(ObservationFilterChainDecorator.java:137)
	at org.springframework.security.web.context.request.async.WebAsyncManagerIntegrationFilter.doFilterInternal(WebAsyncManagerIntegrationFilter.java:62)
	at org.springframework.web.filter.OncePerRequestFilter.doFilter(OncePerRequestFilter.java:116)
	at org.springframework.security.web.ObservationFilterChainDecorator$ObservationFilter.wrapFilter(ObservationFilterChainDecorator.java:240)
	at org.springframework.security.web.ObservationFilterChainDecorator$ObservationFilter.doFilter(ObservationFilterChainDecorator.java:227)
	at org.springframework.security.web.ObservationFilterChainDecorator$VirtualFilterChain.doFilter(ObservationFilterChainDecorator.java:137)
	at org.springframework.security.web.session.DisableEncodeUrlFilter.doFilterInternal(DisableEncodeUrlFilter.java:42)
	at org.springframework.web.filter.OncePerRequestFilter.doFilter(OncePerRequestFilter.java:116)
	at org.springframework.security.web.ObservationFilterChainDecorator$ObservationFilter.wrapFilter(ObservationFilterChainDecorator.java:240)
	at org.springframework.security.web.ObservationFilterChainDecorator$AroundFilterObservation$SimpleAroundFilterObservation.lambda$wrap$0(ObservationFilterChainDecorator.java:323)
	at org.springframework.security.web.ObservationFilterChainDecorator$ObservationFilter.doFilter(ObservationFilterChainDecorator.java:224)
	at org.springframework.security.web.ObservationFilterChainDecorator$VirtualFilterChain.doFilter(ObservationFilterChainDecorator.java:137)
	at org.springframework.security.web.FilterChainProxy.doFilterInternal(FilterChainProxy.java:233)
	at org.springframework.security.web.FilterChainProxy.doFilter(FilterChainProxy.java:191)
	at org.springframework.web.filter.CompositeFilter$VirtualFilterChain.doFilter(CompositeFilter.java:113)
	at org.springframework.web.servlet.handler.HandlerMappingIntrospector.lambda$createCacheFilter$3(HandlerMappingIntrospector.java:195)
	at org.springframework.web.filter.CompositeFilter$VirtualFilterChain.doFilter(CompositeFilter.java:113)
	at org.springframework.web.filter.CompositeFilter.doFilter(CompositeFilter.java:74)
	at org.springframework.security.config.annotation.web.configuration.WebMvcSecurityConfiguration$CompositeFilterChainProxy.doFilter(WebMvcSecurityConfiguration.java:230)
	at org.springframework.web.filter.DelegatingFilterProxy.invokeDelegate(DelegatingFilterProxy.java:352)
	at org.springframework.web.filter.DelegatingFilterProxy.doFilter(DelegatingFilterProxy.java:268)
	at org.apache.catalina.core.ApplicationFilterChain.internalDoFilter(ApplicationFilterChain.java:174)
	at org.apache.catalina.core.ApplicationFilterChain.doFilter(ApplicationFilterChain.java:149)
	at org.springframework.web.filter.RequestContextFilter.doFilterInternal(RequestContextFilter.java:100)
	at org.springframework.web.filter.OncePerRequestFilter.doFilter(OncePerRequestFilter.java:116)
	at org.apache.catalina.core.ApplicationFilterChain.internalDoFilter(ApplicationFilterChain.java:174)
	at org.apache.catalina.core.ApplicationFilterChain.doFilter(ApplicationFilterChain.java:149)
	at org.springframework.web.filter.FormContentFilter.doFilterInternal(FormContentFilter.java:93)
	at org.springframework.web.filter.OncePerRequestFilter.doFilter(OncePerRequestFilter.java:116)
	at org.apache.catalina.core.ApplicationFilterChain.internalDoFilter(ApplicationFilterChain.java:174)
	at org.apache.catalina.core.ApplicationFilterChain.doFilter(ApplicationFilterChain.java:149)
	at org.springframework.web.filter.ServerHttpObservationFilter.doFilterInternal(ServerHttpObservationFilter.java:109)
	at org.springframework.web.filter.OncePerRequestFilter.doFilter(OncePerRequestFilter.java:116)
	at org.apache.catalina.core.ApplicationFilterChain.internalDoFilter(ApplicationFilterChain.java:174)
	at org.apache.catalina.core.ApplicationFilterChain.doFilter(ApplicationFilterChain.java:149)
	at org.springframework.web.filter.CharacterEncodingFilter.doFilterInternal(CharacterEncodingFilter.java:201)
	at org.springframework.web.filter.OncePerRequestFilter.doFilter(OncePerRequestFilter.java:116)
	at org.apache.catalina.core.ApplicationFilterChain.internalDoFilter(ApplicationFilterChain.java:174)
	at org.apache.catalina.core.ApplicationFilterChain.doFilter(ApplicationFilterChain.java:149)
	at org.apache.catalina.core.StandardWrapperValve.invoke(StandardWrapperValve.java:167)
	at org.apache.catalina.core.StandardContextValve.invoke(StandardContextValve.java:90)
	at org.apache.catalina.authenticator.AuthenticatorBase.invoke(AuthenticatorBase.java:482)
	at org.apache.catalina.core.StandardHostValve.invoke(StandardHostValve.java:115)
	at org.apache.catalina.valves.ErrorReportValve.invoke(ErrorReportValve.java:93)
	at org.apache.catalina.core.StandardEngineValve.invoke(StandardEngineValve.java:74)
	at org.apache.catalina.connector.CoyoteAdapter.service(CoyoteAdapter.java:344)
	at org.apache.coyote.http11.Http11Processor.service(Http11Processor.java:391)
	at org.apache.coyote.AbstractProcessorLight.process(AbstractProcessorLight.java:63)
	at org.apache.coyote.AbstractProtocol$ConnectionHandler.process(AbstractProtocol.java:896)
	at org.apache.tomcat.util.net.NioEndpoint$SocketProcessor.doRun(NioEndpoint.java:1744)
	at org.apache.tomcat.util.net.SocketProcessorBase.run(SocketProcessorBase.java:52)
	at org.apache.tomcat.util.threads.ThreadPoolExecutor.runWorker(ThreadPoolExecutor.java:1191)
	at org.apache.tomcat.util.threads.ThreadPoolExecutor$Worker.run(ThreadPoolExecutor.java:659)
	at org.apache.tomcat.util.threads.TaskThread$WrappingRunnable.run(TaskThread.java:63)
	at java.base/java.lang.Thread.run(Thread.java:840)
2025-07-11 15:29:17 [http-nio-8082-exec-1] ERROR c.m.u.core.logging.LoggingService - Error al actualizar campo de usuario -ID id: 1
2025-07-11 15:29:17 [http-nio-8082-exec-1] DEBUG o.s.w.s.m.m.a.ExceptionHandlerExceptionResolver - Using @ExceptionHandler com.microserviceone.users.core.exception.GlobalExceptionHandler#handleUserNotFoundException(UserNotFoundException)
2025-07-11 15:29:17 [http-nio-8082-exec-1] DEBUG o.s.w.s.m.m.a.HttpEntityMethodProcessor - Using 'application/json', given [*/*] and supported [application/json, application/*+json]
2025-07-11 15:29:17 [http-nio-8082-exec-1] DEBUG o.s.w.s.m.m.a.HttpEntityMethodProcessor - Writing [{error=Usuario no encontrado, message=Usuario no encontrado con ID: 1, userId=1, timestamp=2025-07-1 (truncated)...]
2025-07-11 15:29:18 [http-nio-8082-exec-1] WARN  o.s.w.s.m.m.a.ExceptionHandlerExceptionResolver - Resolved [com.microserviceone.users.registrationApi.application.exception.UserNotFoundException: Usuario no encontrado con ID: 1]
2025-07-11 15:29:18 [http-nio-8082-exec-1] DEBUG o.s.web.servlet.DispatcherServlet - Completed 404 NOT_FOUND
2025-07-11 15:29:18 [AsyncReporter{org.springframework.boot.actuate.autoconfigure.tracing.zipkin.ZipkinWebClientSender@5a97b080}] DEBUG o.s.w.r.f.client.ExchangeFunctions - [22a21b37] HTTP POST http://localhost:9411/api/v2/spans%20
2025-07-11 15:29:19 [AsyncReporter{org.springframework.boot.actuate.autoconfigure.tracing.zipkin.ZipkinWebClientSender@5a97b080}] WARN  z.r.AsyncReporter$BoundedAsyncReporter - Spans were dropped due to exceptions. All subsequent errors will be logged at FINE level.
2025-07-11 15:29:19 [AsyncReporter{org.springframework.boot.actuate.autoconfigure.tracing.zipkin.ZipkinWebClientSender@5a97b080}] WARN  z.r.AsyncReporter$BoundedAsyncReporter - Dropped 5 spans due to WebClientRequestException(finishConnect(..) failed: Conexión rehusada: localhost/127.0.0.1:9411)
org.springframework.web.reactive.function.client.WebClientRequestException: finishConnect(..) failed: Conexión rehusada: localhost/127.0.0.1:9411
	at org.springframework.web.reactive.function.client.ExchangeFunctions$DefaultExchangeFunction.lambda$wrapException$9(ExchangeFunctions.java:136)
	Suppressed: reactor.core.publisher.FluxOnAssembly$OnAssemblyException: 
Error has been observed at the following site(s):
	*__checkpoint ⇢ Request to POST http://localhost:9411/api/v2/spans%20 [DefaultWebClient]
Original Stack Trace:
		at org.springframework.web.reactive.function.client.ExchangeFunctions$DefaultExchangeFunction.lambda$wrapException$9(ExchangeFunctions.java:136)
		at reactor.core.publisher.MonoErrorSupplied.subscribe(MonoErrorSupplied.java:55)
		at reactor.core.publisher.Mono.subscribe(Mono.java:4563)
		at reactor.core.publisher.FluxOnErrorResume$ResumeSubscriber.onError(FluxOnErrorResume.java:103)
		at reactor.core.publisher.FluxPeek$PeekSubscriber.onError(FluxPeek.java:222)
		at reactor.core.publisher.FluxPeek$PeekSubscriber.onError(FluxPeek.java:222)
		at reactor.core.publisher.FluxPeek$PeekSubscriber.onError(FluxPeek.java:222)
		at reactor.core.publisher.MonoNext$NextSubscriber.onError(MonoNext.java:93)
		at reactor.core.publisher.MonoFlatMapMany$FlatMapManyMain.onError(MonoFlatMapMany.java:205)
		at reactor.core.publisher.SerializedSubscriber.onError(SerializedSubscriber.java:124)
		at reactor.core.publisher.FluxRetryWhen$RetryWhenMainSubscriber.whenError(FluxRetryWhen.java:229)
		at reactor.core.publisher.FluxRetryWhen$RetryWhenOtherSubscriber.onError(FluxRetryWhen.java:279)
		at reactor.core.publisher.FluxContextWrite$ContextWriteSubscriber.onError(FluxContextWrite.java:121)
		at reactor.core.publisher.FluxConcatMapNoPrefetch$FluxConcatMapNoPrefetchSubscriber.maybeOnError(FluxConcatMapNoPrefetch.java:327)
		at reactor.core.publisher.FluxConcatMapNoPrefetch$FluxConcatMapNoPrefetchSubscriber.onNext(FluxConcatMapNoPrefetch.java:212)
		at reactor.core.publisher.FluxContextWrite$ContextWriteSubscriber.onNext(FluxContextWrite.java:107)
		at reactor.core.publisher.SinkManyEmitterProcessor.drain(SinkManyEmitterProcessor.java:476)
		at reactor.core.publisher.SinkManyEmitterProcessor$EmitterInner.drainParent(SinkManyEmitterProcessor.java:620)
		at reactor.core.publisher.FluxPublish$PubSubInner.request(FluxPublish.java:874)
		at reactor.core.publisher.FluxContextWrite$ContextWriteSubscriber.request(FluxContextWrite.java:136)
		at reactor.core.publisher.FluxConcatMapNoPrefetch$FluxConcatMapNoPrefetchSubscriber.request(FluxConcatMapNoPrefetch.java:337)
		at reactor.core.publisher.FluxContextWrite$ContextWriteSubscriber.request(FluxContextWrite.java:136)
		at reactor.core.publisher.Operators$DeferredSubscription.request(Operators.java:1743)
		at reactor.core.publisher.FluxRetryWhen$RetryWhenMainSubscriber.onError(FluxRetryWhen.java:196)
		at reactor.core.publisher.MonoCreate$DefaultMonoSink.error(MonoCreate.java:205)
		at reactor.netty.http.client.HttpClientConnect$MonoHttpConnect$ClientTransportSubscriber.onError(HttpClientConnect.java:311)
		at reactor.core.publisher.MonoCreate$DefaultMonoSink.error(MonoCreate.java:205)
		at reactor.netty.resources.DefaultPooledConnectionProvider$DisposableAcquire.onError(DefaultPooledConnectionProvider.java:172)
		at reactor.netty.internal.shaded.reactor.pool.AbstractPool$Borrower.fail(AbstractPool.java:488)
		at reactor.netty.internal.shaded.reactor.pool.SimpleDequePool.lambda$drainLoop$9(SimpleDequePool.java:436)
		at reactor.core.publisher.FluxDoOnEach$DoOnEachSubscriber.onError(FluxDoOnEach.java:186)
		at reactor.core.publisher.MonoCreate$DefaultMonoSink.error(MonoCreate.java:205)
		at reactor.netty.resources.DefaultPooledConnectionProvider$PooledConnectionAllocator$PooledConnectionInitializer.onError(DefaultPooledConnectionProvider.java:583)
		at reactor.core.publisher.MonoFlatMap$FlatMapMain.secondError(MonoFlatMap.java:241)
		at reactor.core.publisher.MonoFlatMap$FlatMapInner.onError(MonoFlatMap.java:315)
		at reactor.core.publisher.FluxOnErrorResume$ResumeSubscriber.onError(FluxOnErrorResume.java:106)
		at reactor.core.publisher.Operators.error(Operators.java:198)
		at reactor.core.publisher.MonoError.subscribe(MonoError.java:53)
		at reactor.core.publisher.Mono.subscribe(Mono.java:4563)
		at reactor.core.publisher.FluxOnErrorResume$ResumeSubscriber.onError(FluxOnErrorResume.java:103)
		at reactor.netty.transport.TransportConnector$MonoChannelPromise.tryFailure(TransportConnector.java:576)
		at reactor.netty.transport.TransportConnector$MonoChannelPromise.setFailure(TransportConnector.java:522)
		at reactor.netty.transport.TransportConnector.lambda$doConnect$7(TransportConnector.java:261)
		at io.netty.util.concurrent.DefaultPromise.notifyListener0(DefaultPromise.java:590)
		at io.netty.util.concurrent.DefaultPromise.notifyListeners0(DefaultPromise.java:583)
		at io.netty.util.concurrent.DefaultPromise.notifyListenersNow(DefaultPromise.java:559)
		at io.netty.util.concurrent.DefaultPromise.notifyListeners(DefaultPromise.java:492)
		at io.netty.util.concurrent.DefaultPromise.setValue0(DefaultPromise.java:636)
		at io.netty.util.concurrent.DefaultPromise.setFailure0(DefaultPromise.java:629)
		at io.netty.util.concurrent.DefaultPromise.tryFailure(DefaultPromise.java:118)
		at io.netty.channel.epoll.AbstractEpollChannel$AbstractEpollUnsafe.fulfillConnectPromise(AbstractEpollChannel.java:675)
		at io.netty.channel.epoll.AbstractEpollChannel$AbstractEpollUnsafe.finishConnect(AbstractEpollChannel.java:694)
		at io.netty.channel.epoll.AbstractEpollChannel$AbstractEpollUnsafe.epollOutReady(AbstractEpollChannel.java:567)
		at io.netty.channel.epoll.EpollEventLoop.processReady(EpollEventLoop.java:499)
		at io.netty.channel.epoll.EpollEventLoop.run(EpollEventLoop.java:407)
		at io.netty.util.concurrent.SingleThreadEventExecutor$4.run(SingleThreadEventExecutor.java:997)
		at io.netty.util.internal.ThreadExecutorMap$2.run(ThreadExecutorMap.java:74)
		at io.netty.util.concurrent.FastThreadLocalRunnable.run(FastThreadLocalRunnable.java:30)
		at java.base/java.lang.Thread.run(Thread.java:840)
	Suppressed: java.lang.Exception: #block terminated with an error
		at reactor.core.publisher.BlockingSingleSubscriber.blockingGet(BlockingSingleSubscriber.java:103)
		at reactor.core.publisher.Mono.block(Mono.java:1779)
		at org.springframework.boot.actuate.autoconfigure.tracing.zipkin.ZipkinWebClientSender$WebClientHttpPostCall.doExecute(ZipkinWebClientSender.java:76)
		at org.springframework.boot.actuate.autoconfigure.tracing.zipkin.ZipkinWebClientSender$WebClientHttpPostCall.doExecute(ZipkinWebClientSender.java:54)
		at zipkin2.Call$Base.execute(Call.java:391)
		at zipkin2.reporter.AsyncReporter$BoundedAsyncReporter.flush(AsyncReporter.java:299)
		at zipkin2.reporter.AsyncReporter$Flusher.run(AsyncReporter.java:378)
		at java.base/java.lang.Thread.run(Thread.java:840)
Caused by: io.netty.channel.AbstractChannel$AnnotatedConnectException: finishConnect(..) failed: Conexión rehusada: localhost/127.0.0.1:9411
Caused by: java.net.ConnectException: finishConnect(..) failed: Conexión rehusada
	at io.netty.channel.unix.Errors.newConnectException0(Errors.java:166)
	at io.netty.channel.unix.Errors.handleConnectErrno(Errors.java:131)
	at io.netty.channel.unix.Socket.finishConnect(Socket.java:359)
	at io.netty.channel.epoll.AbstractEpollChannel$AbstractEpollUnsafe.doFinishConnect(AbstractEpollChannel.java:711)
	at io.netty.channel.epoll.AbstractEpollChannel$AbstractEpollUnsafe.finishConnect(AbstractEpollChannel.java:688)
	at io.netty.channel.epoll.AbstractEpollChannel$AbstractEpollUnsafe.epollOutReady(AbstractEpollChannel.java:567)
	at io.netty.channel.epoll.EpollEventLoop.processReady(EpollEventLoop.java:499)
	at io.netty.channel.epoll.EpollEventLoop.run(EpollEventLoop.java:407)
	at io.netty.util.concurrent.SingleThreadEventExecutor$4.run(SingleThreadEventExecutor.java:997)
	at io.netty.util.internal.ThreadExecutorMap$2.run(ThreadExecutorMap.java:74)
	at io.netty.util.concurrent.FastThreadLocalRunnable.run(FastThreadLocalRunnable.java:30)
	at java.base/java.lang.Thread.run(Thread.java:840)
2025-07-11 15:29:20 [http-nio-8082-exec-2] DEBUG c.m.u.core.logging.LoggingService - InternalJwtFilter: Procesando solicitud: /register/id/1
2025-07-11 15:29:20 [http-nio-8082-exec-2] DEBUG c.m.u.core.logging.LoggingService - InternalJwtFilter: Path '/register/id/1' requiere JWT: false
2025-07-11 15:29:20 [http-nio-8082-exec-2] DEBUG c.m.u.core.logging.LoggingService - InternalJwtFilter: Path no protegido, continuando sin validación JWT
2025-07-11 15:29:20 [http-nio-8082-exec-2] DEBUG o.s.web.servlet.DispatcherServlet - PATCH "/register/id/1", parameters={}
2025-07-11 15:29:20 [http-nio-8082-exec-2] DEBUG o.s.w.s.m.m.a.RequestMappingHandlerMapping - Mapped to com.microserviceone.users.registrationApi.web.controller.RegisterController#updateLastLogin(Long)
2025-07-11 15:29:20 [http-nio-8082-exec-2] INFO  c.m.u.core.logging.LoggingService - Iniciando actualización por id -id: 1
2025-07-11 15:29:20 [http-nio-8082-exec-2] INFO  c.m.u.core.logging.LoggingService - RegistrationService: Iniciando actualización por id -Id
2025-07-11 15:29:20 [http-nio-8082-exec-2] INFO  c.m.u.core.logging.LoggingService - Validando que exista user con el -ID id 1
2025-07-11 15:29:20 [http-nio-8082-exec-2] INFO  c.m.u.core.logging.LoggingService - Validando existencia de usuario con ID: 1
2025-07-11 15:29:20 [http-nio-8082-exec-2] INFO  c.m.u.core.logging.LoggingService - AdapterRegister: Buscando usuario en la base de datos por ID: 1
2025-07-11 15:29:20 [http-nio-8082-exec-2] WARN  c.m.u.core.logging.LoggingService - AdapterRegister: Usuario no encontrado en la base de datos - ID: 1
2025-07-11 15:29:20 [http-nio-8082-exec-2] ERROR c.m.u.core.logging.LoggingService - Usuario no encontrado con ID: 1
2025-07-11 15:29:20 [http-nio-8082-exec-2] DEBUG c.m.u.core.logging.LoggingService - Usuario no encontrado - ID: 1
2025-07-11 15:29:20 [http-nio-8082-exec-2] ERROR c.m.u.core.logging.LoggingService - Error al actualizar usuario con id -Id 1
com.microserviceone.users.registrationApi.application.exception.UserNotFoundException: Usuario no encontrado con ID: 1
	at com.microserviceone.users.registrationApi.application.usecase.ValidateExistUserUseCase.validateExist(ValidateExistUserUseCase.java:19)
	at com.microserviceone.users.registrationApi.application.usecase.UpdateLastLoginUseCase.updateLastLogin(UpdateLastLoginUseCase.java:25)
	at com.microserviceone.users.registrationApi.application.service.RegistrationService.updateLastLogin(RegistrationService.java:165)
	at com.microserviceone.users.registrationApi.web.controller.RegisterController.updateLastLogin(RegisterController.java:383)
	at java.base/jdk.internal.reflect.NativeMethodAccessorImpl.invoke0(Native Method)
	at java.base/jdk.internal.reflect.NativeMethodAccessorImpl.invoke(NativeMethodAccessorImpl.java:77)
	at java.base/jdk.internal.reflect.DelegatingMethodAccessorImpl.invoke(DelegatingMethodAccessorImpl.java:43)
	at java.base/java.lang.reflect.Method.invoke(Method.java:569)
	at org.springframework.web.method.support.InvocableHandlerMethod.doInvoke(InvocableHandlerMethod.java:259)
	at org.springframework.web.method.support.InvocableHandlerMethod.invokeForRequest(InvocableHandlerMethod.java:192)
	at org.springframework.web.servlet.mvc.method.annotation.ServletInvocableHandlerMethod.invokeAndHandle(ServletInvocableHandlerMethod.java:118)
	at org.springframework.web.servlet.mvc.method.annotation.RequestMappingHandlerAdapter.invokeHandlerMethod(RequestMappingHandlerAdapter.java:920)
	at org.springframework.web.servlet.mvc.method.annotation.RequestMappingHandlerAdapter.handleInternal(RequestMappingHandlerAdapter.java:830)
	at org.springframework.web.servlet.mvc.method.AbstractHandlerMethodAdapter.handle(AbstractHandlerMethodAdapter.java:87)
	at org.springframework.web.servlet.DispatcherServlet.doDispatch(DispatcherServlet.java:1089)
	at org.springframework.web.servlet.DispatcherServlet.doService(DispatcherServlet.java:979)
	at org.springframework.web.servlet.FrameworkServlet.processRequest(FrameworkServlet.java:1014)
	at org.springframework.web.servlet.FrameworkServlet.service(FrameworkServlet.java:888)
	at jakarta.servlet.http.HttpServlet.service(HttpServlet.java:658)
	at org.apache.catalina.core.ApplicationFilterChain.internalDoFilter(ApplicationFilterChain.java:205)
	at org.apache.catalina.core.ApplicationFilterChain.doFilter(ApplicationFilterChain.java:149)
	at org.apache.tomcat.websocket.server.WsFilter.doFilter(WsFilter.java:51)
	at org.apache.catalina.core.ApplicationFilterChain.internalDoFilter(ApplicationFilterChain.java:174)
	at org.apache.catalina.core.ApplicationFilterChain.doFilter(ApplicationFilterChain.java:149)
	at org.springframework.web.filter.OncePerRequestFilter.doFilter(OncePerRequestFilter.java:110)
	at org.apache.catalina.core.ApplicationFilterChain.internalDoFilter(ApplicationFilterChain.java:174)
	at org.apache.catalina.core.ApplicationFilterChain.doFilter(ApplicationFilterChain.java:149)
	at org.springframework.web.filter.CompositeFilter$VirtualFilterChain.doFilter(CompositeFilter.java:108)
	at org.springframework.security.web.FilterChainProxy.lambda$doFilterInternal$3(FilterChainProxy.java:231)
	at org.springframework.security.web.ObservationFilterChainDecorator$FilterObservation$SimpleFilterObservation.lambda$wrap$1(ObservationFilterChainDecorator.java:479)
	at org.springframework.security.web.ObservationFilterChainDecorator$AroundFilterObservation$SimpleAroundFilterObservation.lambda$wrap$1(ObservationFilterChainDecorator.java:340)
	at org.springframework.security.web.ObservationFilterChainDecorator.lambda$wrapSecured$0(ObservationFilterChainDecorator.java:82)
	at org.springframework.security.web.ObservationFilterChainDecorator$VirtualFilterChain.doFilter(ObservationFilterChainDecorator.java:128)
	at org.springframework.security.web.access.intercept.AuthorizationFilter.doFilter(AuthorizationFilter.java:100)
	at org.springframework.security.web.ObservationFilterChainDecorator$ObservationFilter.wrapFilter(ObservationFilterChainDecorator.java:240)
	at org.springframework.security.web.ObservationFilterChainDecorator$ObservationFilter.doFilter(ObservationFilterChainDecorator.java:227)
	at org.springframework.security.web.ObservationFilterChainDecorator$VirtualFilterChain.doFilter(ObservationFilterChainDecorator.java:137)
	at org.springframework.security.web.access.ExceptionTranslationFilter.doFilter(ExceptionTranslationFilter.java:126)
	at org.springframework.security.web.access.ExceptionTranslationFilter.doFilter(ExceptionTranslationFilter.java:120)
	at org.springframework.security.web.ObservationFilterChainDecorator$ObservationFilter.wrapFilter(ObservationFilterChainDecorator.java:240)
	at org.springframework.security.web.ObservationFilterChainDecorator$ObservationFilter.doFilter(ObservationFilterChainDecorator.java:227)
	at org.springframework.security.web.ObservationFilterChainDecorator$VirtualFilterChain.doFilter(ObservationFilterChainDecorator.java:137)
	at org.springframework.security.web.authentication.AnonymousAuthenticationFilter.doFilter(AnonymousAuthenticationFilter.java:100)
	at org.springframework.security.web.ObservationFilterChainDecorator$ObservationFilter.wrapFilter(ObservationFilterChainDecorator.java:240)
	at org.springframework.security.web.ObservationFilterChainDecorator$ObservationFilter.doFilter(ObservationFilterChainDecorator.java:227)
	at org.springframework.security.web.ObservationFilterChainDecorator$VirtualFilterChain.doFilter(ObservationFilterChainDecorator.java:137)
	at org.springframework.security.web.servletapi.SecurityContextHolderAwareRequestFilter.doFilter(SecurityContextHolderAwareRequestFilter.java:179)
	at org.springframework.security.web.ObservationFilterChainDecorator$ObservationFilter.wrapFilter(ObservationFilterChainDecorator.java:240)
	at org.springframework.security.web.ObservationFilterChainDecorator$ObservationFilter.doFilter(ObservationFilterChainDecorator.java:227)
	at org.springframework.security.web.ObservationFilterChainDecorator$VirtualFilterChain.doFilter(ObservationFilterChainDecorator.java:137)
	at org.springframework.security.web.savedrequest.RequestCacheAwareFilter.doFilter(RequestCacheAwareFilter.java:63)
	at org.springframework.security.web.ObservationFilterChainDecorator$ObservationFilter.wrapFilter(ObservationFilterChainDecorator.java:240)
	at org.springframework.security.web.ObservationFilterChainDecorator$ObservationFilter.doFilter(ObservationFilterChainDecorator.java:227)
	at org.springframework.security.web.ObservationFilterChainDecorator$VirtualFilterChain.doFilter(ObservationFilterChainDecorator.java:137)
	at com.microserviceone.users.core.config.internalSecurity.InternalJwtFilter.doFilterInternal(InternalJwtFilter.java:51)
	at org.springframework.web.filter.OncePerRequestFilter.doFilter(OncePerRequestFilter.java:116)
	at org.springframework.security.web.ObservationFilterChainDecorator$ObservationFilter.wrapFilter(ObservationFilterChainDecorator.java:240)
	at org.springframework.security.web.ObservationFilterChainDecorator$ObservationFilter.doFilter(ObservationFilterChainDecorator.java:227)
	at org.springframework.security.web.ObservationFilterChainDecorator$VirtualFilterChain.doFilter(ObservationFilterChainDecorator.java:137)
	at org.springframework.security.web.authentication.logout.LogoutFilter.doFilter(LogoutFilter.java:107)
	at org.springframework.security.web.authentication.logout.LogoutFilter.doFilter(LogoutFilter.java:93)
	at org.springframework.security.web.ObservationFilterChainDecorator$ObservationFilter.wrapFilter(ObservationFilterChainDecorator.java:240)
	at org.springframework.security.web.ObservationFilterChainDecorator$ObservationFilter.doFilter(ObservationFilterChainDecorator.java:227)
	at org.springframework.security.web.ObservationFilterChainDecorator$VirtualFilterChain.doFilter(ObservationFilterChainDecorator.java:137)
	at org.springframework.web.filter.CorsFilter.doFilterInternal(CorsFilter.java:91)
	at org.springframework.web.filter.OncePerRequestFilter.doFilter(OncePerRequestFilter.java:116)
	at org.springframework.security.web.ObservationFilterChainDecorator$ObservationFilter.wrapFilter(ObservationFilterChainDecorator.java:240)
	at org.springframework.security.web.ObservationFilterChainDecorator$ObservationFilter.doFilter(ObservationFilterChainDecorator.java:227)
	at org.springframework.security.web.ObservationFilterChainDecorator$VirtualFilterChain.doFilter(ObservationFilterChainDecorator.java:137)
	at org.springframework.security.web.header.HeaderWriterFilter.doHeadersAfter(HeaderWriterFilter.java:90)
	at org.springframework.security.web.header.HeaderWriterFilter.doFilterInternal(HeaderWriterFilter.java:75)
	at org.springframework.web.filter.OncePerRequestFilter.doFilter(OncePerRequestFilter.java:116)
	at org.springframework.security.web.ObservationFilterChainDecorator$ObservationFilter.wrapFilter(ObservationFilterChainDecorator.java:240)
	at org.springframework.security.web.ObservationFilterChainDecorator$ObservationFilter.doFilter(ObservationFilterChainDecorator.java:227)
	at org.springframework.security.web.ObservationFilterChainDecorator$VirtualFilterChain.doFilter(ObservationFilterChainDecorator.java:137)
	at org.springframework.security.web.context.SecurityContextHolderFilter.doFilter(SecurityContextHolderFilter.java:82)
	at org.springframework.security.web.context.SecurityContextHolderFilter.doFilter(SecurityContextHolderFilter.java:69)
	at org.springframework.security.web.ObservationFilterChainDecorator$ObservationFilter.wrapFilter(ObservationFilterChainDecorator.java:240)
	at org.springframework.security.web.ObservationFilterChainDecorator$ObservationFilter.doFilter(ObservationFilterChainDecorator.java:227)
	at org.springframework.security.web.ObservationFilterChainDecorator$VirtualFilterChain.doFilter(ObservationFilterChainDecorator.java:137)
	at org.springframework.security.web.context.request.async.WebAsyncManagerIntegrationFilter.doFilterInternal(WebAsyncManagerIntegrationFilter.java:62)
	at org.springframework.web.filter.OncePerRequestFilter.doFilter(OncePerRequestFilter.java:116)
	at org.springframework.security.web.ObservationFilterChainDecorator$ObservationFilter.wrapFilter(ObservationFilterChainDecorator.java:240)
	at org.springframework.security.web.ObservationFilterChainDecorator$ObservationFilter.doFilter(ObservationFilterChainDecorator.java:227)
	at org.springframework.security.web.ObservationFilterChainDecorator$VirtualFilterChain.doFilter(ObservationFilterChainDecorator.java:137)
	at org.springframework.security.web.session.DisableEncodeUrlFilter.doFilterInternal(DisableEncodeUrlFilter.java:42)
	at org.springframework.web.filter.OncePerRequestFilter.doFilter(OncePerRequestFilter.java:116)
	at org.springframework.security.web.ObservationFilterChainDecorator$ObservationFilter.wrapFilter(ObservationFilterChainDecorator.java:240)
	at org.springframework.security.web.ObservationFilterChainDecorator$AroundFilterObservation$SimpleAroundFilterObservation.lambda$wrap$0(ObservationFilterChainDecorator.java:323)
	at org.springframework.security.web.ObservationFilterChainDecorator$ObservationFilter.doFilter(ObservationFilterChainDecorator.java:224)
	at org.springframework.security.web.ObservationFilterChainDecorator$VirtualFilterChain.doFilter(ObservationFilterChainDecorator.java:137)
	at org.springframework.security.web.FilterChainProxy.doFilterInternal(FilterChainProxy.java:233)
	at org.springframework.security.web.FilterChainProxy.doFilter(FilterChainProxy.java:191)
	at org.springframework.web.filter.CompositeFilter$VirtualFilterChain.doFilter(CompositeFilter.java:113)
	at org.springframework.web.servlet.handler.HandlerMappingIntrospector.lambda$createCacheFilter$3(HandlerMappingIntrospector.java:195)
	at org.springframework.web.filter.CompositeFilter$VirtualFilterChain.doFilter(CompositeFilter.java:113)
	at org.springframework.web.filter.CompositeFilter.doFilter(CompositeFilter.java:74)
	at org.springframework.security.config.annotation.web.configuration.WebMvcSecurityConfiguration$CompositeFilterChainProxy.doFilter(WebMvcSecurityConfiguration.java:230)
	at org.springframework.web.filter.DelegatingFilterProxy.invokeDelegate(DelegatingFilterProxy.java:352)
	at org.springframework.web.filter.DelegatingFilterProxy.doFilter(DelegatingFilterProxy.java:268)
	at org.apache.catalina.core.ApplicationFilterChain.internalDoFilter(ApplicationFilterChain.java:174)
	at org.apache.catalina.core.ApplicationFilterChain.doFilter(ApplicationFilterChain.java:149)
	at org.springframework.web.filter.RequestContextFilter.doFilterInternal(RequestContextFilter.java:100)
	at org.springframework.web.filter.OncePerRequestFilter.doFilter(OncePerRequestFilter.java:116)
	at org.apache.catalina.core.ApplicationFilterChain.internalDoFilter(ApplicationFilterChain.java:174)
	at org.apache.catalina.core.ApplicationFilterChain.doFilter(ApplicationFilterChain.java:149)
	at org.springframework.web.filter.FormContentFilter.doFilterInternal(FormContentFilter.java:93)
	at org.springframework.web.filter.OncePerRequestFilter.doFilter(OncePerRequestFilter.java:116)
	at org.apache.catalina.core.ApplicationFilterChain.internalDoFilter(ApplicationFilterChain.java:174)
	at org.apache.catalina.core.ApplicationFilterChain.doFilter(ApplicationFilterChain.java:149)
	at org.springframework.web.filter.ServerHttpObservationFilter.doFilterInternal(ServerHttpObservationFilter.java:109)
	at org.springframework.web.filter.OncePerRequestFilter.doFilter(OncePerRequestFilter.java:116)
	at org.apache.catalina.core.ApplicationFilterChain.internalDoFilter(ApplicationFilterChain.java:174)
	at org.apache.catalina.core.ApplicationFilterChain.doFilter(ApplicationFilterChain.java:149)
	at org.springframework.web.filter.CharacterEncodingFilter.doFilterInternal(CharacterEncodingFilter.java:201)
	at org.springframework.web.filter.OncePerRequestFilter.doFilter(OncePerRequestFilter.java:116)
	at org.apache.catalina.core.ApplicationFilterChain.internalDoFilter(ApplicationFilterChain.java:174)
	at org.apache.catalina.core.ApplicationFilterChain.doFilter(ApplicationFilterChain.java:149)
	at org.apache.catalina.core.StandardWrapperValve.invoke(StandardWrapperValve.java:167)
	at org.apache.catalina.core.StandardContextValve.invoke(StandardContextValve.java:90)
	at org.apache.catalina.authenticator.AuthenticatorBase.invoke(AuthenticatorBase.java:482)
	at org.apache.catalina.core.StandardHostValve.invoke(StandardHostValve.java:115)
	at org.apache.catalina.valves.ErrorReportValve.invoke(ErrorReportValve.java:93)
	at org.apache.catalina.core.StandardEngineValve.invoke(StandardEngineValve.java:74)
	at org.apache.catalina.connector.CoyoteAdapter.service(CoyoteAdapter.java:344)
	at org.apache.coyote.http11.Http11Processor.service(Http11Processor.java:391)
	at org.apache.coyote.AbstractProcessorLight.process(AbstractProcessorLight.java:63)
	at org.apache.coyote.AbstractProtocol$ConnectionHandler.process(AbstractProtocol.java:896)
	at org.apache.tomcat.util.net.NioEndpoint$SocketProcessor.doRun(NioEndpoint.java:1744)
	at org.apache.tomcat.util.net.SocketProcessorBase.run(SocketProcessorBase.java:52)
	at org.apache.tomcat.util.threads.ThreadPoolExecutor.runWorker(ThreadPoolExecutor.java:1191)
	at org.apache.tomcat.util.threads.ThreadPoolExecutor$Worker.run(ThreadPoolExecutor.java:659)
	at org.apache.tomcat.util.threads.TaskThread$WrappingRunnable.run(TaskThread.java:63)
	at java.base/java.lang.Thread.run(Thread.java:840)
2025-07-11 15:29:20 [http-nio-8082-exec-2] ERROR c.m.u.core.logging.LoggingService - Error al actualizar campo de usuario -ID id: 1
2025-07-11 15:29:20 [http-nio-8082-exec-2] DEBUG o.s.w.s.m.m.a.ExceptionHandlerExceptionResolver - Using @ExceptionHandler com.microserviceone.users.core.exception.GlobalExceptionHandler#handleUserNotFoundException(UserNotFoundException)
2025-07-11 15:29:20 [http-nio-8082-exec-2] DEBUG o.s.w.s.m.m.a.HttpEntityMethodProcessor - Using 'application/json', given [*/*] and supported [application/json, application/*+json]
2025-07-11 15:29:20 [http-nio-8082-exec-2] DEBUG o.s.w.s.m.m.a.HttpEntityMethodProcessor - Writing [{error=Usuario no encontrado, message=Usuario no encontrado con ID: 1, userId=1, timestamp=2025-07-1 (truncated)...]
2025-07-11 15:29:20 [http-nio-8082-exec-2] WARN  o.s.w.s.m.m.a.ExceptionHandlerExceptionResolver - Resolved [com.microserviceone.users.registrationApi.application.exception.UserNotFoundException: Usuario no encontrado con ID: 1]
2025-07-11 15:29:20 [http-nio-8082-exec-2] DEBUG o.s.web.servlet.DispatcherServlet - Completed 404 NOT_FOUND
2025-07-11 15:29:21 [AsyncReporter{org.springframework.boot.actuate.autoconfigure.tracing.zipkin.ZipkinWebClientSender@5a97b080}] DEBUG o.s.w.r.f.client.ExchangeFunctions - [468701e4] HTTP POST http://localhost:9411/api/v2/spans%20
2025-07-11 15:29:21 [http-nio-8082-exec-3] DEBUG c.m.u.core.logging.LoggingService - InternalJwtFilter: Procesando solicitud: /register/id/1
2025-07-11 15:29:21 [http-nio-8082-exec-3] DEBUG c.m.u.core.logging.LoggingService - InternalJwtFilter: Path '/register/id/1' requiere JWT: false
2025-07-11 15:29:21 [http-nio-8082-exec-3] DEBUG c.m.u.core.logging.LoggingService - InternalJwtFilter: Path no protegido, continuando sin validación JWT
2025-07-11 15:29:21 [http-nio-8082-exec-3] DEBUG o.s.web.servlet.DispatcherServlet - PATCH "/register/id/1", parameters={}
2025-07-11 15:29:21 [http-nio-8082-exec-3] DEBUG o.s.w.s.m.m.a.RequestMappingHandlerMapping - Mapped to com.microserviceone.users.registrationApi.web.controller.RegisterController#updateLastLogin(Long)
2025-07-11 15:29:21 [http-nio-8082-exec-3] INFO  c.m.u.core.logging.LoggingService - Iniciando actualización por id -id: 1
2025-07-11 15:29:21 [http-nio-8082-exec-3] INFO  c.m.u.core.logging.LoggingService - RegistrationService: Iniciando actualización por id -Id
2025-07-11 15:29:21 [http-nio-8082-exec-3] INFO  c.m.u.core.logging.LoggingService - Validando que exista user con el -ID id 1
2025-07-11 15:29:21 [http-nio-8082-exec-3] INFO  c.m.u.core.logging.LoggingService - Validando existencia de usuario con ID: 1
2025-07-11 15:29:21 [http-nio-8082-exec-3] INFO  c.m.u.core.logging.LoggingService - AdapterRegister: Buscando usuario en la base de datos por ID: 1
2025-07-11 15:29:21 [http-nio-8082-exec-3] WARN  c.m.u.core.logging.LoggingService - AdapterRegister: Usuario no encontrado en la base de datos - ID: 1
2025-07-11 15:29:21 [http-nio-8082-exec-3] ERROR c.m.u.core.logging.LoggingService - Usuario no encontrado con ID: 1
2025-07-11 15:29:21 [http-nio-8082-exec-3] DEBUG c.m.u.core.logging.LoggingService - Usuario no encontrado - ID: 1
2025-07-11 15:29:21 [http-nio-8082-exec-3] ERROR c.m.u.core.logging.LoggingService - Error al actualizar usuario con id -Id 1
com.microserviceone.users.registrationApi.application.exception.UserNotFoundException: Usuario no encontrado con ID: 1
	at com.microserviceone.users.registrationApi.application.usecase.ValidateExistUserUseCase.validateExist(ValidateExistUserUseCase.java:19)
	at com.microserviceone.users.registrationApi.application.usecase.UpdateLastLoginUseCase.updateLastLogin(UpdateLastLoginUseCase.java:25)
	at com.microserviceone.users.registrationApi.application.service.RegistrationService.updateLastLogin(RegistrationService.java:165)
	at com.microserviceone.users.registrationApi.web.controller.RegisterController.updateLastLogin(RegisterController.java:383)
	at java.base/jdk.internal.reflect.NativeMethodAccessorImpl.invoke0(Native Method)
	at java.base/jdk.internal.reflect.NativeMethodAccessorImpl.invoke(NativeMethodAccessorImpl.java:77)
	at java.base/jdk.internal.reflect.DelegatingMethodAccessorImpl.invoke(DelegatingMethodAccessorImpl.java:43)
	at java.base/java.lang.reflect.Method.invoke(Method.java:569)
	at org.springframework.web.method.support.InvocableHandlerMethod.doInvoke(InvocableHandlerMethod.java:259)
	at org.springframework.web.method.support.InvocableHandlerMethod.invokeForRequest(InvocableHandlerMethod.java:192)
	at org.springframework.web.servlet.mvc.method.annotation.ServletInvocableHandlerMethod.invokeAndHandle(ServletInvocableHandlerMethod.java:118)
	at org.springframework.web.servlet.mvc.method.annotation.RequestMappingHandlerAdapter.invokeHandlerMethod(RequestMappingHandlerAdapter.java:920)
	at org.springframework.web.servlet.mvc.method.annotation.RequestMappingHandlerAdapter.handleInternal(RequestMappingHandlerAdapter.java:830)
	at org.springframework.web.servlet.mvc.method.AbstractHandlerMethodAdapter.handle(AbstractHandlerMethodAdapter.java:87)
	at org.springframework.web.servlet.DispatcherServlet.doDispatch(DispatcherServlet.java:1089)
	at org.springframework.web.servlet.DispatcherServlet.doService(DispatcherServlet.java:979)
	at org.springframework.web.servlet.FrameworkServlet.processRequest(FrameworkServlet.java:1014)
	at org.springframework.web.servlet.FrameworkServlet.service(FrameworkServlet.java:888)
	at jakarta.servlet.http.HttpServlet.service(HttpServlet.java:658)
	at org.apache.catalina.core.ApplicationFilterChain.internalDoFilter(ApplicationFilterChain.java:205)
	at org.apache.catalina.core.ApplicationFilterChain.doFilter(ApplicationFilterChain.java:149)
	at org.apache.tomcat.websocket.server.WsFilter.doFilter(WsFilter.java:51)
	at org.apache.catalina.core.ApplicationFilterChain.internalDoFilter(ApplicationFilterChain.java:174)
	at org.apache.catalina.core.ApplicationFilterChain.doFilter(ApplicationFilterChain.java:149)
	at org.springframework.web.filter.OncePerRequestFilter.doFilter(OncePerRequestFilter.java:110)
	at org.apache.catalina.core.ApplicationFilterChain.internalDoFilter(ApplicationFilterChain.java:174)
	at org.apache.catalina.core.ApplicationFilterChain.doFilter(ApplicationFilterChain.java:149)
	at org.springframework.web.filter.CompositeFilter$VirtualFilterChain.doFilter(CompositeFilter.java:108)
	at org.springframework.security.web.FilterChainProxy.lambda$doFilterInternal$3(FilterChainProxy.java:231)
	at org.springframework.security.web.ObservationFilterChainDecorator$FilterObservation$SimpleFilterObservation.lambda$wrap$1(ObservationFilterChainDecorator.java:479)
	at org.springframework.security.web.ObservationFilterChainDecorator$AroundFilterObservation$SimpleAroundFilterObservation.lambda$wrap$1(ObservationFilterChainDecorator.java:340)
	at org.springframework.security.web.ObservationFilterChainDecorator.lambda$wrapSecured$0(ObservationFilterChainDecorator.java:82)
	at org.springframework.security.web.ObservationFilterChainDecorator$VirtualFilterChain.doFilter(ObservationFilterChainDecorator.java:128)
	at org.springframework.security.web.access.intercept.AuthorizationFilter.doFilter(AuthorizationFilter.java:100)
	at org.springframework.security.web.ObservationFilterChainDecorator$ObservationFilter.wrapFilter(ObservationFilterChainDecorator.java:240)
	at org.springframework.security.web.ObservationFilterChainDecorator$ObservationFilter.doFilter(ObservationFilterChainDecorator.java:227)
	at org.springframework.security.web.ObservationFilterChainDecorator$VirtualFilterChain.doFilter(ObservationFilterChainDecorator.java:137)
	at org.springframework.security.web.access.ExceptionTranslationFilter.doFilter(ExceptionTranslationFilter.java:126)
	at org.springframework.security.web.access.ExceptionTranslationFilter.doFilter(ExceptionTranslationFilter.java:120)
	at org.springframework.security.web.ObservationFilterChainDecorator$ObservationFilter.wrapFilter(ObservationFilterChainDecorator.java:240)
	at org.springframework.security.web.ObservationFilterChainDecorator$ObservationFilter.doFilter(ObservationFilterChainDecorator.java:227)
	at org.springframework.security.web.ObservationFilterChainDecorator$VirtualFilterChain.doFilter(ObservationFilterChainDecorator.java:137)
	at org.springframework.security.web.authentication.AnonymousAuthenticationFilter.doFilter(AnonymousAuthenticationFilter.java:100)
	at org.springframework.security.web.ObservationFilterChainDecorator$ObservationFilter.wrapFilter(ObservationFilterChainDecorator.java:240)
	at org.springframework.security.web.ObservationFilterChainDecorator$ObservationFilter.doFilter(ObservationFilterChainDecorator.java:227)
	at org.springframework.security.web.ObservationFilterChainDecorator$VirtualFilterChain.doFilter(ObservationFilterChainDecorator.java:137)
	at org.springframework.security.web.servletapi.SecurityContextHolderAwareRequestFilter.doFilter(SecurityContextHolderAwareRequestFilter.java:179)
	at org.springframework.security.web.ObservationFilterChainDecorator$ObservationFilter.wrapFilter(ObservationFilterChainDecorator.java:240)
	at org.springframework.security.web.ObservationFilterChainDecorator$ObservationFilter.doFilter(ObservationFilterChainDecorator.java:227)
	at org.springframework.security.web.ObservationFilterChainDecorator$VirtualFilterChain.doFilter(ObservationFilterChainDecorator.java:137)
	at org.springframework.security.web.savedrequest.RequestCacheAwareFilter.doFilter(RequestCacheAwareFilter.java:63)
	at org.springframework.security.web.ObservationFilterChainDecorator$ObservationFilter.wrapFilter(ObservationFilterChainDecorator.java:240)
	at org.springframework.security.web.ObservationFilterChainDecorator$ObservationFilter.doFilter(ObservationFilterChainDecorator.java:227)
	at org.springframework.security.web.ObservationFilterChainDecorator$VirtualFilterChain.doFilter(ObservationFilterChainDecorator.java:137)
	at com.microserviceone.users.core.config.internalSecurity.InternalJwtFilter.doFilterInternal(InternalJwtFilter.java:51)
	at org.springframework.web.filter.OncePerRequestFilter.doFilter(OncePerRequestFilter.java:116)
	at org.springframework.security.web.ObservationFilterChainDecorator$ObservationFilter.wrapFilter(ObservationFilterChainDecorator.java:240)
	at org.springframework.security.web.ObservationFilterChainDecorator$ObservationFilter.doFilter(ObservationFilterChainDecorator.java:227)
	at org.springframework.security.web.ObservationFilterChainDecorator$VirtualFilterChain.doFilter(ObservationFilterChainDecorator.java:137)
	at org.springframework.security.web.authentication.logout.LogoutFilter.doFilter(LogoutFilter.java:107)
	at org.springframework.security.web.authentication.logout.LogoutFilter.doFilter(LogoutFilter.java:93)
	at org.springframework.security.web.ObservationFilterChainDecorator$ObservationFilter.wrapFilter(ObservationFilterChainDecorator.java:240)
	at org.springframework.security.web.ObservationFilterChainDecorator$ObservationFilter.doFilter(ObservationFilterChainDecorator.java:227)
	at org.springframework.security.web.ObservationFilterChainDecorator$VirtualFilterChain.doFilter(ObservationFilterChainDecorator.java:137)
	at org.springframework.web.filter.CorsFilter.doFilterInternal(CorsFilter.java:91)
	at org.springframework.web.filter.OncePerRequestFilter.doFilter(OncePerRequestFilter.java:116)
	at org.springframework.security.web.ObservationFilterChainDecorator$ObservationFilter.wrapFilter(ObservationFilterChainDecorator.java:240)
	at org.springframework.security.web.ObservationFilterChainDecorator$ObservationFilter.doFilter(ObservationFilterChainDecorator.java:227)
	at org.springframework.security.web.ObservationFilterChainDecorator$VirtualFilterChain.doFilter(ObservationFilterChainDecorator.java:137)
	at org.springframework.security.web.header.HeaderWriterFilter.doHeadersAfter(HeaderWriterFilter.java:90)
	at org.springframework.security.web.header.HeaderWriterFilter.doFilterInternal(HeaderWriterFilter.java:75)
	at org.springframework.web.filter.OncePerRequestFilter.doFilter(OncePerRequestFilter.java:116)
	at org.springframework.security.web.ObservationFilterChainDecorator$ObservationFilter.wrapFilter(ObservationFilterChainDecorator.java:240)
	at org.springframework.security.web.ObservationFilterChainDecorator$ObservationFilter.doFilter(ObservationFilterChainDecorator.java:227)
	at org.springframework.security.web.ObservationFilterChainDecorator$VirtualFilterChain.doFilter(ObservationFilterChainDecorator.java:137)
	at org.springframework.security.web.context.SecurityContextHolderFilter.doFilter(SecurityContextHolderFilter.java:82)
	at org.springframework.security.web.context.SecurityContextHolderFilter.doFilter(SecurityContextHolderFilter.java:69)
	at org.springframework.security.web.ObservationFilterChainDecorator$ObservationFilter.wrapFilter(ObservationFilterChainDecorator.java:240)
	at org.springframework.security.web.ObservationFilterChainDecorator$ObservationFilter.doFilter(ObservationFilterChainDecorator.java:227)
	at org.springframework.security.web.ObservationFilterChainDecorator$VirtualFilterChain.doFilter(ObservationFilterChainDecorator.java:137)
	at org.springframework.security.web.context.request.async.WebAsyncManagerIntegrationFilter.doFilterInternal(WebAsyncManagerIntegrationFilter.java:62)
	at org.springframework.web.filter.OncePerRequestFilter.doFilter(OncePerRequestFilter.java:116)
	at org.springframework.security.web.ObservationFilterChainDecorator$ObservationFilter.wrapFilter(ObservationFilterChainDecorator.java:240)
	at org.springframework.security.web.ObservationFilterChainDecorator$ObservationFilter.doFilter(ObservationFilterChainDecorator.java:227)
	at org.springframework.security.web.ObservationFilterChainDecorator$VirtualFilterChain.doFilter(ObservationFilterChainDecorator.java:137)
	at org.springframework.security.web.session.DisableEncodeUrlFilter.doFilterInternal(DisableEncodeUrlFilter.java:42)
	at org.springframework.web.filter.OncePerRequestFilter.doFilter(OncePerRequestFilter.java:116)
	at org.springframework.security.web.ObservationFilterChainDecorator$ObservationFilter.wrapFilter(ObservationFilterChainDecorator.java:240)
	at org.springframework.security.web.ObservationFilterChainDecorator$AroundFilterObservation$SimpleAroundFilterObservation.lambda$wrap$0(ObservationFilterChainDecorator.java:323)
	at org.springframework.security.web.ObservationFilterChainDecorator$ObservationFilter.doFilter(ObservationFilterChainDecorator.java:224)
	at org.springframework.security.web.ObservationFilterChainDecorator$VirtualFilterChain.doFilter(ObservationFilterChainDecorator.java:137)
	at org.springframework.security.web.FilterChainProxy.doFilterInternal(FilterChainProxy.java:233)
	at org.springframework.security.web.FilterChainProxy.doFilter(FilterChainProxy.java:191)
	at org.springframework.web.filter.CompositeFilter$VirtualFilterChain.doFilter(CompositeFilter.java:113)
	at org.springframework.web.servlet.handler.HandlerMappingIntrospector.lambda$createCacheFilter$3(HandlerMappingIntrospector.java:195)
	at org.springframework.web.filter.CompositeFilter$VirtualFilterChain.doFilter(CompositeFilter.java:113)
	at org.springframework.web.filter.CompositeFilter.doFilter(CompositeFilter.java:74)
	at org.springframework.security.config.annotation.web.configuration.WebMvcSecurityConfiguration$CompositeFilterChainProxy.doFilter(WebMvcSecurityConfiguration.java:230)
	at org.springframework.web.filter.DelegatingFilterProxy.invokeDelegate(DelegatingFilterProxy.java:352)
	at org.springframework.web.filter.DelegatingFilterProxy.doFilter(DelegatingFilterProxy.java:268)
	at org.apache.catalina.core.ApplicationFilterChain.internalDoFilter(ApplicationFilterChain.java:174)
	at org.apache.catalina.core.ApplicationFilterChain.doFilter(ApplicationFilterChain.java:149)
	at org.springframework.web.filter.RequestContextFilter.doFilterInternal(RequestContextFilter.java:100)
	at org.springframework.web.filter.OncePerRequestFilter.doFilter(OncePerRequestFilter.java:116)
	at org.apache.catalina.core.ApplicationFilterChain.internalDoFilter(ApplicationFilterChain.java:174)
	at org.apache.catalina.core.ApplicationFilterChain.doFilter(ApplicationFilterChain.java:149)
	at org.springframework.web.filter.FormContentFilter.doFilterInternal(FormContentFilter.java:93)
	at org.springframework.web.filter.OncePerRequestFilter.doFilter(OncePerRequestFilter.java:116)
	at org.apache.catalina.core.ApplicationFilterChain.internalDoFilter(ApplicationFilterChain.java:174)
	at org.apache.catalina.core.ApplicationFilterChain.doFilter(ApplicationFilterChain.java:149)
	at org.springframework.web.filter.ServerHttpObservationFilter.doFilterInternal(ServerHttpObservationFilter.java:109)
	at org.springframework.web.filter.OncePerRequestFilter.doFilter(OncePerRequestFilter.java:116)
	at org.apache.catalina.core.ApplicationFilterChain.internalDoFilter(ApplicationFilterChain.java:174)
	at org.apache.catalina.core.ApplicationFilterChain.doFilter(ApplicationFilterChain.java:149)
	at org.springframework.web.filter.CharacterEncodingFilter.doFilterInternal(CharacterEncodingFilter.java:201)
	at org.springframework.web.filter.OncePerRequestFilter.doFilter(OncePerRequestFilter.java:116)
	at org.apache.catalina.core.ApplicationFilterChain.internalDoFilter(ApplicationFilterChain.java:174)
	at org.apache.catalina.core.ApplicationFilterChain.doFilter(ApplicationFilterChain.java:149)
	at org.apache.catalina.core.StandardWrapperValve.invoke(StandardWrapperValve.java:167)
	at org.apache.catalina.core.StandardContextValve.invoke(StandardContextValve.java:90)
	at org.apache.catalina.authenticator.AuthenticatorBase.invoke(AuthenticatorBase.java:482)
	at org.apache.catalina.core.StandardHostValve.invoke(StandardHostValve.java:115)
	at org.apache.catalina.valves.ErrorReportValve.invoke(ErrorReportValve.java:93)
	at org.apache.catalina.core.StandardEngineValve.invoke(StandardEngineValve.java:74)
	at org.apache.catalina.connector.CoyoteAdapter.service(CoyoteAdapter.java:344)
	at org.apache.coyote.http11.Http11Processor.service(Http11Processor.java:391)
	at org.apache.coyote.AbstractProcessorLight.process(AbstractProcessorLight.java:63)
	at org.apache.coyote.AbstractProtocol$ConnectionHandler.process(AbstractProtocol.java:896)
	at org.apache.tomcat.util.net.NioEndpoint$SocketProcessor.doRun(NioEndpoint.java:1744)
	at org.apache.tomcat.util.net.SocketProcessorBase.run(SocketProcessorBase.java:52)
	at org.apache.tomcat.util.threads.ThreadPoolExecutor.runWorker(ThreadPoolExecutor.java:1191)
	at org.apache.tomcat.util.threads.ThreadPoolExecutor$Worker.run(ThreadPoolExecutor.java:659)
	at org.apache.tomcat.util.threads.TaskThread$WrappingRunnable.run(TaskThread.java:63)
	at java.base/java.lang.Thread.run(Thread.java:840)
2025-07-11 15:29:21 [http-nio-8082-exec-3] ERROR c.m.u.core.logging.LoggingService - Error al actualizar campo de usuario -ID id: 1
2025-07-11 15:29:21 [http-nio-8082-exec-3] DEBUG o.s.w.s.m.m.a.ExceptionHandlerExceptionResolver - Using @ExceptionHandler com.microserviceone.users.core.exception.GlobalExceptionHandler#handleUserNotFoundException(UserNotFoundException)
2025-07-11 15:29:21 [http-nio-8082-exec-3] DEBUG o.s.w.s.m.m.a.HttpEntityMethodProcessor - Using 'application/json', given [*/*] and supported [application/json, application/*+json]
2025-07-11 15:29:21 [http-nio-8082-exec-3] DEBUG o.s.w.s.m.m.a.HttpEntityMethodProcessor - Writing [{error=Usuario no encontrado, message=Usuario no encontrado con ID: 1, userId=1, timestamp=2025-07-1 (truncated)...]
2025-07-11 15:29:21 [http-nio-8082-exec-3] WARN  o.s.w.s.m.m.a.ExceptionHandlerExceptionResolver - Resolved [com.microserviceone.users.registrationApi.application.exception.UserNotFoundException: Usuario no encontrado con ID: 1]
2025-07-11 15:29:21 [http-nio-8082-exec-3] DEBUG o.s.web.servlet.DispatcherServlet - Completed 404 NOT_FOUND
2025-07-11 15:29:22 [AsyncReporter{org.springframework.boot.actuate.autoconfigure.tracing.zipkin.ZipkinWebClientSender@5a97b080}] DEBUG o.s.w.r.f.client.ExchangeFunctions - [30262e3] HTTP POST http://localhost:9411/api/v2/spans%20
2025-07-11 15:29:22 [http-nio-8082-exec-4] DEBUG c.m.u.core.logging.LoggingService - InternalJwtFilter: Procesando solicitud: /register/id/1
2025-07-11 15:29:22 [http-nio-8082-exec-4] DEBUG c.m.u.core.logging.LoggingService - InternalJwtFilter: Path '/register/id/1' requiere JWT: false
2025-07-11 15:29:22 [http-nio-8082-exec-4] DEBUG c.m.u.core.logging.LoggingService - InternalJwtFilter: Path no protegido, continuando sin validación JWT
2025-07-11 15:29:22 [http-nio-8082-exec-4] DEBUG o.s.web.servlet.DispatcherServlet - PATCH "/register/id/1", parameters={}
2025-07-11 15:29:22 [http-nio-8082-exec-4] DEBUG o.s.w.s.m.m.a.RequestMappingHandlerMapping - Mapped to com.microserviceone.users.registrationApi.web.controller.RegisterController#updateLastLogin(Long)
2025-07-11 15:29:22 [http-nio-8082-exec-4] INFO  c.m.u.core.logging.LoggingService - Iniciando actualización por id -id: 1
2025-07-11 15:29:22 [http-nio-8082-exec-4] INFO  c.m.u.core.logging.LoggingService - RegistrationService: Iniciando actualización por id -Id
2025-07-11 15:29:22 [http-nio-8082-exec-4] INFO  c.m.u.core.logging.LoggingService - Validando que exista user con el -ID id 1
2025-07-11 15:29:22 [http-nio-8082-exec-4] INFO  c.m.u.core.logging.LoggingService - Validando existencia de usuario con ID: 1
2025-07-11 15:29:22 [http-nio-8082-exec-4] INFO  c.m.u.core.logging.LoggingService - AdapterRegister: Buscando usuario en la base de datos por ID: 1
2025-07-11 15:29:22 [http-nio-8082-exec-4] WARN  c.m.u.core.logging.LoggingService - AdapterRegister: Usuario no encontrado en la base de datos - ID: 1
2025-07-11 15:29:22 [http-nio-8082-exec-4] ERROR c.m.u.core.logging.LoggingService - Usuario no encontrado con ID: 1
2025-07-11 15:29:22 [http-nio-8082-exec-4] DEBUG c.m.u.core.logging.LoggingService - Usuario no encontrado - ID: 1
2025-07-11 15:29:22 [http-nio-8082-exec-4] ERROR c.m.u.core.logging.LoggingService - Error al actualizar usuario con id -Id 1
com.microserviceone.users.registrationApi.application.exception.UserNotFoundException: Usuario no encontrado con ID: 1
	at com.microserviceone.users.registrationApi.application.usecase.ValidateExistUserUseCase.validateExist(ValidateExistUserUseCase.java:19)
	at com.microserviceone.users.registrationApi.application.usecase.UpdateLastLoginUseCase.updateLastLogin(UpdateLastLoginUseCase.java:25)
	at com.microserviceone.users.registrationApi.application.service.RegistrationService.updateLastLogin(RegistrationService.java:165)
	at com.microserviceone.users.registrationApi.web.controller.RegisterController.updateLastLogin(RegisterController.java:383)
	at java.base/jdk.internal.reflect.NativeMethodAccessorImpl.invoke0(Native Method)
	at java.base/jdk.internal.reflect.NativeMethodAccessorImpl.invoke(NativeMethodAccessorImpl.java:77)
	at java.base/jdk.internal.reflect.DelegatingMethodAccessorImpl.invoke(DelegatingMethodAccessorImpl.java:43)
	at java.base/java.lang.reflect.Method.invoke(Method.java:569)
	at org.springframework.web.method.support.InvocableHandlerMethod.doInvoke(InvocableHandlerMethod.java:259)
	at org.springframework.web.method.support.InvocableHandlerMethod.invokeForRequest(InvocableHandlerMethod.java:192)
	at org.springframework.web.servlet.mvc.method.annotation.ServletInvocableHandlerMethod.invokeAndHandle(ServletInvocableHandlerMethod.java:118)
	at org.springframework.web.servlet.mvc.method.annotation.RequestMappingHandlerAdapter.invokeHandlerMethod(RequestMappingHandlerAdapter.java:920)
	at org.springframework.web.servlet.mvc.method.annotation.RequestMappingHandlerAdapter.handleInternal(RequestMappingHandlerAdapter.java:830)
	at org.springframework.web.servlet.mvc.method.AbstractHandlerMethodAdapter.handle(AbstractHandlerMethodAdapter.java:87)
	at org.springframework.web.servlet.DispatcherServlet.doDispatch(DispatcherServlet.java:1089)
	at org.springframework.web.servlet.DispatcherServlet.doService(DispatcherServlet.java:979)
	at org.springframework.web.servlet.FrameworkServlet.processRequest(FrameworkServlet.java:1014)
	at org.springframework.web.servlet.FrameworkServlet.service(FrameworkServlet.java:888)
	at jakarta.servlet.http.HttpServlet.service(HttpServlet.java:658)
	at org.apache.catalina.core.ApplicationFilterChain.internalDoFilter(ApplicationFilterChain.java:205)
	at org.apache.catalina.core.ApplicationFilterChain.doFilter(ApplicationFilterChain.java:149)
	at org.apache.tomcat.websocket.server.WsFilter.doFilter(WsFilter.java:51)
	at org.apache.catalina.core.ApplicationFilterChain.internalDoFilter(ApplicationFilterChain.java:174)
	at org.apache.catalina.core.ApplicationFilterChain.doFilter(ApplicationFilterChain.java:149)
	at org.springframework.web.filter.OncePerRequestFilter.doFilter(OncePerRequestFilter.java:110)
	at org.apache.catalina.core.ApplicationFilterChain.internalDoFilter(ApplicationFilterChain.java:174)
	at org.apache.catalina.core.ApplicationFilterChain.doFilter(ApplicationFilterChain.java:149)
	at org.springframework.web.filter.CompositeFilter$VirtualFilterChain.doFilter(CompositeFilter.java:108)
	at org.springframework.security.web.FilterChainProxy.lambda$doFilterInternal$3(FilterChainProxy.java:231)
	at org.springframework.security.web.ObservationFilterChainDecorator$FilterObservation$SimpleFilterObservation.lambda$wrap$1(ObservationFilterChainDecorator.java:479)
	at org.springframework.security.web.ObservationFilterChainDecorator$AroundFilterObservation$SimpleAroundFilterObservation.lambda$wrap$1(ObservationFilterChainDecorator.java:340)
	at org.springframework.security.web.ObservationFilterChainDecorator.lambda$wrapSecured$0(ObservationFilterChainDecorator.java:82)
	at org.springframework.security.web.ObservationFilterChainDecorator$VirtualFilterChain.doFilter(ObservationFilterChainDecorator.java:128)
	at org.springframework.security.web.access.intercept.AuthorizationFilter.doFilter(AuthorizationFilter.java:100)
	at org.springframework.security.web.ObservationFilterChainDecorator$ObservationFilter.wrapFilter(ObservationFilterChainDecorator.java:240)
	at org.springframework.security.web.ObservationFilterChainDecorator$ObservationFilter.doFilter(ObservationFilterChainDecorator.java:227)
	at org.springframework.security.web.ObservationFilterChainDecorator$VirtualFilterChain.doFilter(ObservationFilterChainDecorator.java:137)
	at org.springframework.security.web.access.ExceptionTranslationFilter.doFilter(ExceptionTranslationFilter.java:126)
	at org.springframework.security.web.access.ExceptionTranslationFilter.doFilter(ExceptionTranslationFilter.java:120)
	at org.springframework.security.web.ObservationFilterChainDecorator$ObservationFilter.wrapFilter(ObservationFilterChainDecorator.java:240)
	at org.springframework.security.web.ObservationFilterChainDecorator$ObservationFilter.doFilter(ObservationFilterChainDecorator.java:227)
	at org.springframework.security.web.ObservationFilterChainDecorator$VirtualFilterChain.doFilter(ObservationFilterChainDecorator.java:137)
	at org.springframework.security.web.authentication.AnonymousAuthenticationFilter.doFilter(AnonymousAuthenticationFilter.java:100)
	at org.springframework.security.web.ObservationFilterChainDecorator$ObservationFilter.wrapFilter(ObservationFilterChainDecorator.java:240)
	at org.springframework.security.web.ObservationFilterChainDecorator$ObservationFilter.doFilter(ObservationFilterChainDecorator.java:227)
	at org.springframework.security.web.ObservationFilterChainDecorator$VirtualFilterChain.doFilter(ObservationFilterChainDecorator.java:137)
	at org.springframework.security.web.servletapi.SecurityContextHolderAwareRequestFilter.doFilter(SecurityContextHolderAwareRequestFilter.java:179)
	at org.springframework.security.web.ObservationFilterChainDecorator$ObservationFilter.wrapFilter(ObservationFilterChainDecorator.java:240)
	at org.springframework.security.web.ObservationFilterChainDecorator$ObservationFilter.doFilter(ObservationFilterChainDecorator.java:227)
	at org.springframework.security.web.ObservationFilterChainDecorator$VirtualFilterChain.doFilter(ObservationFilterChainDecorator.java:137)
	at org.springframework.security.web.savedrequest.RequestCacheAwareFilter.doFilter(RequestCacheAwareFilter.java:63)
	at org.springframework.security.web.ObservationFilterChainDecorator$ObservationFilter.wrapFilter(ObservationFilterChainDecorator.java:240)
	at org.springframework.security.web.ObservationFilterChainDecorator$ObservationFilter.doFilter(ObservationFilterChainDecorator.java:227)
	at org.springframework.security.web.ObservationFilterChainDecorator$VirtualFilterChain.doFilter(ObservationFilterChainDecorator.java:137)
	at com.microserviceone.users.core.config.internalSecurity.InternalJwtFilter.doFilterInternal(InternalJwtFilter.java:51)
	at org.springframework.web.filter.OncePerRequestFilter.doFilter(OncePerRequestFilter.java:116)
	at org.springframework.security.web.ObservationFilterChainDecorator$ObservationFilter.wrapFilter(ObservationFilterChainDecorator.java:240)
	at org.springframework.security.web.ObservationFilterChainDecorator$ObservationFilter.doFilter(ObservationFilterChainDecorator.java:227)
	at org.springframework.security.web.ObservationFilterChainDecorator$VirtualFilterChain.doFilter(ObservationFilterChainDecorator.java:137)
	at org.springframework.security.web.authentication.logout.LogoutFilter.doFilter(LogoutFilter.java:107)
	at org.springframework.security.web.authentication.logout.LogoutFilter.doFilter(LogoutFilter.java:93)
	at org.springframework.security.web.ObservationFilterChainDecorator$ObservationFilter.wrapFilter(ObservationFilterChainDecorator.java:240)
	at org.springframework.security.web.ObservationFilterChainDecorator$ObservationFilter.doFilter(ObservationFilterChainDecorator.java:227)
	at org.springframework.security.web.ObservationFilterChainDecorator$VirtualFilterChain.doFilter(ObservationFilterChainDecorator.java:137)
	at org.springframework.web.filter.CorsFilter.doFilterInternal(CorsFilter.java:91)
	at org.springframework.web.filter.OncePerRequestFilter.doFilter(OncePerRequestFilter.java:116)
	at org.springframework.security.web.ObservationFilterChainDecorator$ObservationFilter.wrapFilter(ObservationFilterChainDecorator.java:240)
	at org.springframework.security.web.ObservationFilterChainDecorator$ObservationFilter.doFilter(ObservationFilterChainDecorator.java:227)
	at org.springframework.security.web.ObservationFilterChainDecorator$VirtualFilterChain.doFilter(ObservationFilterChainDecorator.java:137)
	at org.springframework.security.web.header.HeaderWriterFilter.doHeadersAfter(HeaderWriterFilter.java:90)
	at org.springframework.security.web.header.HeaderWriterFilter.doFilterInternal(HeaderWriterFilter.java:75)
	at org.springframework.web.filter.OncePerRequestFilter.doFilter(OncePerRequestFilter.java:116)
	at org.springframework.security.web.ObservationFilterChainDecorator$ObservationFilter.wrapFilter(ObservationFilterChainDecorator.java:240)
	at org.springframework.security.web.ObservationFilterChainDecorator$ObservationFilter.doFilter(ObservationFilterChainDecorator.java:227)
	at org.springframework.security.web.ObservationFilterChainDecorator$VirtualFilterChain.doFilter(ObservationFilterChainDecorator.java:137)
	at org.springframework.security.web.context.SecurityContextHolderFilter.doFilter(SecurityContextHolderFilter.java:82)
	at org.springframework.security.web.context.SecurityContextHolderFilter.doFilter(SecurityContextHolderFilter.java:69)
	at org.springframework.security.web.ObservationFilterChainDecorator$ObservationFilter.wrapFilter(ObservationFilterChainDecorator.java:240)
	at org.springframework.security.web.ObservationFilterChainDecorator$ObservationFilter.doFilter(ObservationFilterChainDecorator.java:227)
	at org.springframework.security.web.ObservationFilterChainDecorator$VirtualFilterChain.doFilter(ObservationFilterChainDecorator.java:137)
	at org.springframework.security.web.context.request.async.WebAsyncManagerIntegrationFilter.doFilterInternal(WebAsyncManagerIntegrationFilter.java:62)
	at org.springframework.web.filter.OncePerRequestFilter.doFilter(OncePerRequestFilter.java:116)
	at org.springframework.security.web.ObservationFilterChainDecorator$ObservationFilter.wrapFilter(ObservationFilterChainDecorator.java:240)
	at org.springframework.security.web.ObservationFilterChainDecorator$ObservationFilter.doFilter(ObservationFilterChainDecorator.java:227)
	at org.springframework.security.web.ObservationFilterChainDecorator$VirtualFilterChain.doFilter(ObservationFilterChainDecorator.java:137)
	at org.springframework.security.web.session.DisableEncodeUrlFilter.doFilterInternal(DisableEncodeUrlFilter.java:42)
	at org.springframework.web.filter.OncePerRequestFilter.doFilter(OncePerRequestFilter.java:116)
	at org.springframework.security.web.ObservationFilterChainDecorator$ObservationFilter.wrapFilter(ObservationFilterChainDecorator.java:240)
	at org.springframework.security.web.ObservationFilterChainDecorator$AroundFilterObservation$SimpleAroundFilterObservation.lambda$wrap$0(ObservationFilterChainDecorator.java:323)
	at org.springframework.security.web.ObservationFilterChainDecorator$ObservationFilter.doFilter(ObservationFilterChainDecorator.java:224)
	at org.springframework.security.web.ObservationFilterChainDecorator$VirtualFilterChain.doFilter(ObservationFilterChainDecorator.java:137)
	at org.springframework.security.web.FilterChainProxy.doFilterInternal(FilterChainProxy.java:233)
	at org.springframework.security.web.FilterChainProxy.doFilter(FilterChainProxy.java:191)
	at org.springframework.web.filter.CompositeFilter$VirtualFilterChain.doFilter(CompositeFilter.java:113)
	at org.springframework.web.servlet.handler.HandlerMappingIntrospector.lambda$createCacheFilter$3(HandlerMappingIntrospector.java:195)
	at org.springframework.web.filter.CompositeFilter$VirtualFilterChain.doFilter(CompositeFilter.java:113)
	at org.springframework.web.filter.CompositeFilter.doFilter(CompositeFilter.java:74)
	at org.springframework.security.config.annotation.web.configuration.WebMvcSecurityConfiguration$CompositeFilterChainProxy.doFilter(WebMvcSecurityConfiguration.java:230)
	at org.springframework.web.filter.DelegatingFilterProxy.invokeDelegate(DelegatingFilterProxy.java:352)
	at org.springframework.web.filter.DelegatingFilterProxy.doFilter(DelegatingFilterProxy.java:268)
	at org.apache.catalina.core.ApplicationFilterChain.internalDoFilter(ApplicationFilterChain.java:174)
	at org.apache.catalina.core.ApplicationFilterChain.doFilter(ApplicationFilterChain.java:149)
	at org.springframework.web.filter.RequestContextFilter.doFilterInternal(RequestContextFilter.java:100)
	at org.springframework.web.filter.OncePerRequestFilter.doFilter(OncePerRequestFilter.java:116)
	at org.apache.catalina.core.ApplicationFilterChain.internalDoFilter(ApplicationFilterChain.java:174)
	at org.apache.catalina.core.ApplicationFilterChain.doFilter(ApplicationFilterChain.java:149)
	at org.springframework.web.filter.FormContentFilter.doFilterInternal(FormContentFilter.java:93)
	at org.springframework.web.filter.OncePerRequestFilter.doFilter(OncePerRequestFilter.java:116)
	at org.apache.catalina.core.ApplicationFilterChain.internalDoFilter(ApplicationFilterChain.java:174)
	at org.apache.catalina.core.ApplicationFilterChain.doFilter(ApplicationFilterChain.java:149)
	at org.springframework.web.filter.ServerHttpObservationFilter.doFilterInternal(ServerHttpObservationFilter.java:109)
	at org.springframework.web.filter.OncePerRequestFilter.doFilter(OncePerRequestFilter.java:116)
	at org.apache.catalina.core.ApplicationFilterChain.internalDoFilter(ApplicationFilterChain.java:174)
	at org.apache.catalina.core.ApplicationFilterChain.doFilter(ApplicationFilterChain.java:149)
	at org.springframework.web.filter.CharacterEncodingFilter.doFilterInternal(CharacterEncodingFilter.java:201)
	at org.springframework.web.filter.OncePerRequestFilter.doFilter(OncePerRequestFilter.java:116)
	at org.apache.catalina.core.ApplicationFilterChain.internalDoFilter(ApplicationFilterChain.java:174)
	at org.apache.catalina.core.ApplicationFilterChain.doFilter(ApplicationFilterChain.java:149)
	at org.apache.catalina.core.StandardWrapperValve.invoke(StandardWrapperValve.java:167)
	at org.apache.catalina.core.StandardContextValve.invoke(StandardContextValve.java:90)
	at org.apache.catalina.authenticator.AuthenticatorBase.invoke(AuthenticatorBase.java:482)
	at org.apache.catalina.core.StandardHostValve.invoke(StandardHostValve.java:115)
	at org.apache.catalina.valves.ErrorReportValve.invoke(ErrorReportValve.java:93)
	at org.apache.catalina.core.StandardEngineValve.invoke(StandardEngineValve.java:74)
	at org.apache.catalina.connector.CoyoteAdapter.service(CoyoteAdapter.java:344)
	at org.apache.coyote.http11.Http11Processor.service(Http11Processor.java:391)
	at org.apache.coyote.AbstractProcessorLight.process(AbstractProcessorLight.java:63)
	at org.apache.coyote.AbstractProtocol$ConnectionHandler.process(AbstractProtocol.java:896)
	at org.apache.tomcat.util.net.NioEndpoint$SocketProcessor.doRun(NioEndpoint.java:1744)
	at org.apache.tomcat.util.net.SocketProcessorBase.run(SocketProcessorBase.java:52)
	at org.apache.tomcat.util.threads.ThreadPoolExecutor.runWorker(ThreadPoolExecutor.java:1191)
	at org.apache.tomcat.util.threads.ThreadPoolExecutor$Worker.run(ThreadPoolExecutor.java:659)
	at org.apache.tomcat.util.threads.TaskThread$WrappingRunnable.run(TaskThread.java:63)
	at java.base/java.lang.Thread.run(Thread.java:840)
2025-07-11 15:29:22 [http-nio-8082-exec-4] ERROR c.m.u.core.logging.LoggingService - Error al actualizar campo de usuario -ID id: 1
2025-07-11 15:29:22 [http-nio-8082-exec-4] DEBUG o.s.w.s.m.m.a.ExceptionHandlerExceptionResolver - Using @ExceptionHandler com.microserviceone.users.core.exception.GlobalExceptionHandler#handleUserNotFoundException(UserNotFoundException)
2025-07-11 15:29:22 [http-nio-8082-exec-4] DEBUG o.s.w.s.m.m.a.HttpEntityMethodProcessor - Using 'application/json', given [*/*] and supported [application/json, application/*+json]
2025-07-11 15:29:22 [http-nio-8082-exec-4] DEBUG o.s.w.s.m.m.a.HttpEntityMethodProcessor - Writing [{error=Usuario no encontrado, message=Usuario no encontrado con ID: 1, userId=1, timestamp=2025-07-1 (truncated)...]
2025-07-11 15:29:22 [http-nio-8082-exec-4] WARN  o.s.w.s.m.m.a.ExceptionHandlerExceptionResolver - Resolved [com.microserviceone.users.registrationApi.application.exception.UserNotFoundException: Usuario no encontrado con ID: 1]
2025-07-11 15:29:22 [http-nio-8082-exec-4] DEBUG o.s.web.servlet.DispatcherServlet - Completed 404 NOT_FOUND
2025-07-11 15:29:23 [http-nio-8082-exec-5] DEBUG c.m.u.core.logging.LoggingService - InternalJwtFilter: Procesando solicitud: /register/id/1
2025-07-11 15:29:23 [http-nio-8082-exec-5] DEBUG c.m.u.core.logging.LoggingService - InternalJwtFilter: Path '/register/id/1' requiere JWT: false
2025-07-11 15:29:23 [http-nio-8082-exec-5] DEBUG c.m.u.core.logging.LoggingService - InternalJwtFilter: Path no protegido, continuando sin validación JWT
2025-07-11 15:29:23 [http-nio-8082-exec-5] DEBUG o.s.web.servlet.DispatcherServlet - PATCH "/register/id/1", parameters={}
2025-07-11 15:29:23 [http-nio-8082-exec-5] DEBUG o.s.w.s.m.m.a.RequestMappingHandlerMapping - Mapped to com.microserviceone.users.registrationApi.web.controller.RegisterController#updateLastLogin(Long)
2025-07-11 15:29:23 [http-nio-8082-exec-5] INFO  c.m.u.core.logging.LoggingService - Iniciando actualización por id -id: 1
2025-07-11 15:29:23 [http-nio-8082-exec-5] INFO  c.m.u.core.logging.LoggingService - RegistrationService: Iniciando actualización por id -Id
2025-07-11 15:29:23 [http-nio-8082-exec-5] INFO  c.m.u.core.logging.LoggingService - Validando que exista user con el -ID id 1
2025-07-11 15:29:23 [http-nio-8082-exec-5] INFO  c.m.u.core.logging.LoggingService - Validando existencia de usuario con ID: 1
2025-07-11 15:29:23 [http-nio-8082-exec-5] INFO  c.m.u.core.logging.LoggingService - AdapterRegister: Buscando usuario en la base de datos por ID: 1
2025-07-11 15:29:23 [http-nio-8082-exec-5] WARN  c.m.u.core.logging.LoggingService - AdapterRegister: Usuario no encontrado en la base de datos - ID: 1
2025-07-11 15:29:23 [http-nio-8082-exec-5] ERROR c.m.u.core.logging.LoggingService - Usuario no encontrado con ID: 1
2025-07-11 15:29:23 [http-nio-8082-exec-5] DEBUG c.m.u.core.logging.LoggingService - Usuario no encontrado - ID: 1
2025-07-11 15:29:23 [http-nio-8082-exec-5] ERROR c.m.u.core.logging.LoggingService - Error al actualizar usuario con id -Id 1
com.microserviceone.users.registrationApi.application.exception.UserNotFoundException: Usuario no encontrado con ID: 1
	at com.microserviceone.users.registrationApi.application.usecase.ValidateExistUserUseCase.validateExist(ValidateExistUserUseCase.java:19)
	at com.microserviceone.users.registrationApi.application.usecase.UpdateLastLoginUseCase.updateLastLogin(UpdateLastLoginUseCase.java:25)
	at com.microserviceone.users.registrationApi.application.service.RegistrationService.updateLastLogin(RegistrationService.java:165)
	at com.microserviceone.users.registrationApi.web.controller.RegisterController.updateLastLogin(RegisterController.java:383)
	at java.base/jdk.internal.reflect.NativeMethodAccessorImpl.invoke0(Native Method)
	at java.base/jdk.internal.reflect.NativeMethodAccessorImpl.invoke(NativeMethodAccessorImpl.java:77)
	at java.base/jdk.internal.reflect.DelegatingMethodAccessorImpl.invoke(DelegatingMethodAccessorImpl.java:43)
	at java.base/java.lang.reflect.Method.invoke(Method.java:569)
	at org.springframework.web.method.support.InvocableHandlerMethod.doInvoke(InvocableHandlerMethod.java:259)
	at org.springframework.web.method.support.InvocableHandlerMethod.invokeForRequest(InvocableHandlerMethod.java:192)
	at org.springframework.web.servlet.mvc.method.annotation.ServletInvocableHandlerMethod.invokeAndHandle(ServletInvocableHandlerMethod.java:118)
	at org.springframework.web.servlet.mvc.method.annotation.RequestMappingHandlerAdapter.invokeHandlerMethod(RequestMappingHandlerAdapter.java:920)
	at org.springframework.web.servlet.mvc.method.annotation.RequestMappingHandlerAdapter.handleInternal(RequestMappingHandlerAdapter.java:830)
	at org.springframework.web.servlet.mvc.method.AbstractHandlerMethodAdapter.handle(AbstractHandlerMethodAdapter.java:87)
	at org.springframework.web.servlet.DispatcherServlet.doDispatch(DispatcherServlet.java:1089)
	at org.springframework.web.servlet.DispatcherServlet.doService(DispatcherServlet.java:979)
	at org.springframework.web.servlet.FrameworkServlet.processRequest(FrameworkServlet.java:1014)
	at org.springframework.web.servlet.FrameworkServlet.service(FrameworkServlet.java:888)
	at jakarta.servlet.http.HttpServlet.service(HttpServlet.java:658)
	at org.apache.catalina.core.ApplicationFilterChain.internalDoFilter(ApplicationFilterChain.java:205)
	at org.apache.catalina.core.ApplicationFilterChain.doFilter(ApplicationFilterChain.java:149)
	at org.apache.tomcat.websocket.server.WsFilter.doFilter(WsFilter.java:51)
	at org.apache.catalina.core.ApplicationFilterChain.internalDoFilter(ApplicationFilterChain.java:174)
	at org.apache.catalina.core.ApplicationFilterChain.doFilter(ApplicationFilterChain.java:149)
	at org.springframework.web.filter.OncePerRequestFilter.doFilter(OncePerRequestFilter.java:110)
	at org.apache.catalina.core.ApplicationFilterChain.internalDoFilter(ApplicationFilterChain.java:174)
	at org.apache.catalina.core.ApplicationFilterChain.doFilter(ApplicationFilterChain.java:149)
	at org.springframework.web.filter.CompositeFilter$VirtualFilterChain.doFilter(CompositeFilter.java:108)
	at org.springframework.security.web.FilterChainProxy.lambda$doFilterInternal$3(FilterChainProxy.java:231)
	at org.springframework.security.web.ObservationFilterChainDecorator$FilterObservation$SimpleFilterObservation.lambda$wrap$1(ObservationFilterChainDecorator.java:479)
	at org.springframework.security.web.ObservationFilterChainDecorator$AroundFilterObservation$SimpleAroundFilterObservation.lambda$wrap$1(ObservationFilterChainDecorator.java:340)
	at org.springframework.security.web.ObservationFilterChainDecorator.lambda$wrapSecured$0(ObservationFilterChainDecorator.java:82)
	at org.springframework.security.web.ObservationFilterChainDecorator$VirtualFilterChain.doFilter(ObservationFilterChainDecorator.java:128)
	at org.springframework.security.web.access.intercept.AuthorizationFilter.doFilter(AuthorizationFilter.java:100)
	at org.springframework.security.web.ObservationFilterChainDecorator$ObservationFilter.wrapFilter(ObservationFilterChainDecorator.java:240)
	at org.springframework.security.web.ObservationFilterChainDecorator$ObservationFilter.doFilter(ObservationFilterChainDecorator.java:227)
	at org.springframework.security.web.ObservationFilterChainDecorator$VirtualFilterChain.doFilter(ObservationFilterChainDecorator.java:137)
	at org.springframework.security.web.access.ExceptionTranslationFilter.doFilter(ExceptionTranslationFilter.java:126)
	at org.springframework.security.web.access.ExceptionTranslationFilter.doFilter(ExceptionTranslationFilter.java:120)
	at org.springframework.security.web.ObservationFilterChainDecorator$ObservationFilter.wrapFilter(ObservationFilterChainDecorator.java:240)
	at org.springframework.security.web.ObservationFilterChainDecorator$ObservationFilter.doFilter(ObservationFilterChainDecorator.java:227)
	at org.springframework.security.web.ObservationFilterChainDecorator$VirtualFilterChain.doFilter(ObservationFilterChainDecorator.java:137)
	at org.springframework.security.web.authentication.AnonymousAuthenticationFilter.doFilter(AnonymousAuthenticationFilter.java:100)
	at org.springframework.security.web.ObservationFilterChainDecorator$ObservationFilter.wrapFilter(ObservationFilterChainDecorator.java:240)
	at org.springframework.security.web.ObservationFilterChainDecorator$ObservationFilter.doFilter(ObservationFilterChainDecorator.java:227)
	at org.springframework.security.web.ObservationFilterChainDecorator$VirtualFilterChain.doFilter(ObservationFilterChainDecorator.java:137)
	at org.springframework.security.web.servletapi.SecurityContextHolderAwareRequestFilter.doFilter(SecurityContextHolderAwareRequestFilter.java:179)
	at org.springframework.security.web.ObservationFilterChainDecorator$ObservationFilter.wrapFilter(ObservationFilterChainDecorator.java:240)
	at org.springframework.security.web.ObservationFilterChainDecorator$ObservationFilter.doFilter(ObservationFilterChainDecorator.java:227)
	at org.springframework.security.web.ObservationFilterChainDecorator$VirtualFilterChain.doFilter(ObservationFilterChainDecorator.java:137)
	at org.springframework.security.web.savedrequest.RequestCacheAwareFilter.doFilter(RequestCacheAwareFilter.java:63)
	at org.springframework.security.web.ObservationFilterChainDecorator$ObservationFilter.wrapFilter(ObservationFilterChainDecorator.java:240)
	at org.springframework.security.web.ObservationFilterChainDecorator$ObservationFilter.doFilter(ObservationFilterChainDecorator.java:227)
	at org.springframework.security.web.ObservationFilterChainDecorator$VirtualFilterChain.doFilter(ObservationFilterChainDecorator.java:137)
	at com.microserviceone.users.core.config.internalSecurity.InternalJwtFilter.doFilterInternal(InternalJwtFilter.java:51)
	at org.springframework.web.filter.OncePerRequestFilter.doFilter(OncePerRequestFilter.java:116)
	at org.springframework.security.web.ObservationFilterChainDecorator$ObservationFilter.wrapFilter(ObservationFilterChainDecorator.java:240)
	at org.springframework.security.web.ObservationFilterChainDecorator$ObservationFilter.doFilter(ObservationFilterChainDecorator.java:227)
	at org.springframework.security.web.ObservationFilterChainDecorator$VirtualFilterChain.doFilter(ObservationFilterChainDecorator.java:137)
	at org.springframework.security.web.authentication.logout.LogoutFilter.doFilter(LogoutFilter.java:107)
	at org.springframework.security.web.authentication.logout.LogoutFilter.doFilter(LogoutFilter.java:93)
	at org.springframework.security.web.ObservationFilterChainDecorator$ObservationFilter.wrapFilter(ObservationFilterChainDecorator.java:240)
	at org.springframework.security.web.ObservationFilterChainDecorator$ObservationFilter.doFilter(ObservationFilterChainDecorator.java:227)
	at org.springframework.security.web.ObservationFilterChainDecorator$VirtualFilterChain.doFilter(ObservationFilterChainDecorator.java:137)
	at org.springframework.web.filter.CorsFilter.doFilterInternal(CorsFilter.java:91)
	at org.springframework.web.filter.OncePerRequestFilter.doFilter(OncePerRequestFilter.java:116)
	at org.springframework.security.web.ObservationFilterChainDecorator$ObservationFilter.wrapFilter(ObservationFilterChainDecorator.java:240)
	at org.springframework.security.web.ObservationFilterChainDecorator$ObservationFilter.doFilter(ObservationFilterChainDecorator.java:227)
	at org.springframework.security.web.ObservationFilterChainDecorator$VirtualFilterChain.doFilter(ObservationFilterChainDecorator.java:137)
	at org.springframework.security.web.header.HeaderWriterFilter.doHeadersAfter(HeaderWriterFilter.java:90)
	at org.springframework.security.web.header.HeaderWriterFilter.doFilterInternal(HeaderWriterFilter.java:75)
	at org.springframework.web.filter.OncePerRequestFilter.doFilter(OncePerRequestFilter.java:116)
	at org.springframework.security.web.ObservationFilterChainDecorator$ObservationFilter.wrapFilter(ObservationFilterChainDecorator.java:240)
	at org.springframework.security.web.ObservationFilterChainDecorator$ObservationFilter.doFilter(ObservationFilterChainDecorator.java:227)
	at org.springframework.security.web.ObservationFilterChainDecorator$VirtualFilterChain.doFilter(ObservationFilterChainDecorator.java:137)
	at org.springframework.security.web.context.SecurityContextHolderFilter.doFilter(SecurityContextHolderFilter.java:82)
	at org.springframework.security.web.context.SecurityContextHolderFilter.doFilter(SecurityContextHolderFilter.java:69)
	at org.springframework.security.web.ObservationFilterChainDecorator$ObservationFilter.wrapFilter(ObservationFilterChainDecorator.java:240)
	at org.springframework.security.web.ObservationFilterChainDecorator$ObservationFilter.doFilter(ObservationFilterChainDecorator.java:227)
	at org.springframework.security.web.ObservationFilterChainDecorator$VirtualFilterChain.doFilter(ObservationFilterChainDecorator.java:137)
	at org.springframework.security.web.context.request.async.WebAsyncManagerIntegrationFilter.doFilterInternal(WebAsyncManagerIntegrationFilter.java:62)
	at org.springframework.web.filter.OncePerRequestFilter.doFilter(OncePerRequestFilter.java:116)
	at org.springframework.security.web.ObservationFilterChainDecorator$ObservationFilter.wrapFilter(ObservationFilterChainDecorator.java:240)
	at org.springframework.security.web.ObservationFilterChainDecorator$ObservationFilter.doFilter(ObservationFilterChainDecorator.java:227)
	at org.springframework.security.web.ObservationFilterChainDecorator$VirtualFilterChain.doFilter(ObservationFilterChainDecorator.java:137)
	at org.springframework.security.web.session.DisableEncodeUrlFilter.doFilterInternal(DisableEncodeUrlFilter.java:42)
	at org.springframework.web.filter.OncePerRequestFilter.doFilter(OncePerRequestFilter.java:116)
	at org.springframework.security.web.ObservationFilterChainDecorator$ObservationFilter.wrapFilter(ObservationFilterChainDecorator.java:240)
	at org.springframework.security.web.ObservationFilterChainDecorator$AroundFilterObservation$SimpleAroundFilterObservation.lambda$wrap$0(ObservationFilterChainDecorator.java:323)
	at org.springframework.security.web.ObservationFilterChainDecorator$ObservationFilter.doFilter(ObservationFilterChainDecorator.java:224)
	at org.springframework.security.web.ObservationFilterChainDecorator$VirtualFilterChain.doFilter(ObservationFilterChainDecorator.java:137)
	at org.springframework.security.web.FilterChainProxy.doFilterInternal(FilterChainProxy.java:233)
	at org.springframework.security.web.FilterChainProxy.doFilter(FilterChainProxy.java:191)
	at org.springframework.web.filter.CompositeFilter$VirtualFilterChain.doFilter(CompositeFilter.java:113)
	at org.springframework.web.servlet.handler.HandlerMappingIntrospector.lambda$createCacheFilter$3(HandlerMappingIntrospector.java:195)
	at org.springframework.web.filter.CompositeFilter$VirtualFilterChain.doFilter(CompositeFilter.java:113)
	at org.springframework.web.filter.CompositeFilter.doFilter(CompositeFilter.java:74)
	at org.springframework.security.config.annotation.web.configuration.WebMvcSecurityConfiguration$CompositeFilterChainProxy.doFilter(WebMvcSecurityConfiguration.java:230)
	at org.springframework.web.filter.DelegatingFilterProxy.invokeDelegate(DelegatingFilterProxy.java:352)
	at org.springframework.web.filter.DelegatingFilterProxy.doFilter(DelegatingFilterProxy.java:268)
	at org.apache.catalina.core.ApplicationFilterChain.internalDoFilter(ApplicationFilterChain.java:174)
	at org.apache.catalina.core.ApplicationFilterChain.doFilter(ApplicationFilterChain.java:149)
	at org.springframework.web.filter.RequestContextFilter.doFilterInternal(RequestContextFilter.java:100)
	at org.springframework.web.filter.OncePerRequestFilter.doFilter(OncePerRequestFilter.java:116)
	at org.apache.catalina.core.ApplicationFilterChain.internalDoFilter(ApplicationFilterChain.java:174)
	at org.apache.catalina.core.ApplicationFilterChain.doFilter(ApplicationFilterChain.java:149)
	at org.springframework.web.filter.FormContentFilter.doFilterInternal(FormContentFilter.java:93)
	at org.springframework.web.filter.OncePerRequestFilter.doFilter(OncePerRequestFilter.java:116)
	at org.apache.catalina.core.ApplicationFilterChain.internalDoFilter(ApplicationFilterChain.java:174)
	at org.apache.catalina.core.ApplicationFilterChain.doFilter(ApplicationFilterChain.java:149)
	at org.springframework.web.filter.ServerHttpObservationFilter.doFilterInternal(ServerHttpObservationFilter.java:109)
	at org.springframework.web.filter.OncePerRequestFilter.doFilter(OncePerRequestFilter.java:116)
	at org.apache.catalina.core.ApplicationFilterChain.internalDoFilter(ApplicationFilterChain.java:174)
	at org.apache.catalina.core.ApplicationFilterChain.doFilter(ApplicationFilterChain.java:149)
	at org.springframework.web.filter.CharacterEncodingFilter.doFilterInternal(CharacterEncodingFilter.java:201)
	at org.springframework.web.filter.OncePerRequestFilter.doFilter(OncePerRequestFilter.java:116)
	at org.apache.catalina.core.ApplicationFilterChain.internalDoFilter(ApplicationFilterChain.java:174)
	at org.apache.catalina.core.ApplicationFilterChain.doFilter(ApplicationFilterChain.java:149)
	at org.apache.catalina.core.StandardWrapperValve.invoke(StandardWrapperValve.java:167)
	at org.apache.catalina.core.StandardContextValve.invoke(StandardContextValve.java:90)
	at org.apache.catalina.authenticator.AuthenticatorBase.invoke(AuthenticatorBase.java:482)
	at org.apache.catalina.core.StandardHostValve.invoke(StandardHostValve.java:115)
	at org.apache.catalina.valves.ErrorReportValve.invoke(ErrorReportValve.java:93)
	at org.apache.catalina.core.StandardEngineValve.invoke(StandardEngineValve.java:74)
	at org.apache.catalina.connector.CoyoteAdapter.service(CoyoteAdapter.java:344)
	at org.apache.coyote.http11.Http11Processor.service(Http11Processor.java:391)
	at org.apache.coyote.AbstractProcessorLight.process(AbstractProcessorLight.java:63)
	at org.apache.coyote.AbstractProtocol$ConnectionHandler.process(AbstractProtocol.java:896)
	at org.apache.tomcat.util.net.NioEndpoint$SocketProcessor.doRun(NioEndpoint.java:1744)
	at org.apache.tomcat.util.net.SocketProcessorBase.run(SocketProcessorBase.java:52)
	at org.apache.tomcat.util.threads.ThreadPoolExecutor.runWorker(ThreadPoolExecutor.java:1191)
	at org.apache.tomcat.util.threads.ThreadPoolExecutor$Worker.run(ThreadPoolExecutor.java:659)
	at org.apache.tomcat.util.threads.TaskThread$WrappingRunnable.run(TaskThread.java:63)
	at java.base/java.lang.Thread.run(Thread.java:840)
2025-07-11 15:29:23 [AsyncReporter{org.springframework.boot.actuate.autoconfigure.tracing.zipkin.ZipkinWebClientSender@5a97b080}] DEBUG o.s.w.r.f.client.ExchangeFunctions - [3bf2c0f8] HTTP POST http://localhost:9411/api/v2/spans%20
2025-07-11 15:29:23 [http-nio-8082-exec-5] ERROR c.m.u.core.logging.LoggingService - Error al actualizar campo de usuario -ID id: 1
2025-07-11 15:29:23 [http-nio-8082-exec-5] DEBUG o.s.w.s.m.m.a.ExceptionHandlerExceptionResolver - Using @ExceptionHandler com.microserviceone.users.core.exception.GlobalExceptionHandler#handleUserNotFoundException(UserNotFoundException)
2025-07-11 15:29:23 [http-nio-8082-exec-5] DEBUG o.s.w.s.m.m.a.HttpEntityMethodProcessor - Using 'application/json', given [*/*] and supported [application/json, application/*+json]
2025-07-11 15:29:23 [http-nio-8082-exec-5] DEBUG o.s.w.s.m.m.a.HttpEntityMethodProcessor - Writing [{error=Usuario no encontrado, message=Usuario no encontrado con ID: 1, userId=1, timestamp=2025-07-1 (truncated)...]
2025-07-11 15:29:23 [http-nio-8082-exec-5] WARN  o.s.w.s.m.m.a.ExceptionHandlerExceptionResolver - Resolved [com.microserviceone.users.registrationApi.application.exception.UserNotFoundException: Usuario no encontrado con ID: 1]
2025-07-11 15:29:23 [http-nio-8082-exec-5] DEBUG o.s.web.servlet.DispatcherServlet - Completed 404 NOT_FOUND
2025-07-11 15:29:23 [DiscoveryClient-CacheRefreshExecutor-0] DEBUG o.s.web.client.RestTemplate - HTTP GET http://localhost:8081/eureka/apps/delta
2025-07-11 15:29:23 [DiscoveryClient-CacheRefreshExecutor-0] DEBUG o.s.web.client.RestTemplate - Accept=[application/json, application/*+json]
2025-07-11 15:29:23 [DiscoveryClient-HeartbeatExecutor-0] DEBUG o.s.web.client.RestTemplate - HTTP PUT http://localhost:8081/eureka/apps/USERS-SERVICE/192.168.49.16:users-service:8082?status=UP&lastDirtyTimestamp=1752265523763
2025-07-11 15:29:23 [DiscoveryClient-HeartbeatExecutor-0] DEBUG o.s.web.client.RestTemplate - Accept=[application/json, application/*+json]
2025-07-11 15:29:23 [DiscoveryClient-CacheRefreshExecutor-0] DEBUG o.s.web.client.RestTemplate - Response 200 OK
2025-07-11 15:29:23 [DiscoveryClient-CacheRefreshExecutor-0] DEBUG o.s.web.client.RestTemplate - Reading to [org.springframework.cloud.netflix.eureka.http.EurekaApplications]
2025-07-11 15:29:23 [DiscoveryClient-HeartbeatExecutor-0] DEBUG o.s.web.client.RestTemplate - Response 200 OK
2025-07-11 15:29:24 [AsyncReporter{org.springframework.boot.actuate.autoconfigure.tracing.zipkin.ZipkinWebClientSender@5a97b080}] DEBUG o.s.w.r.f.client.ExchangeFunctions - [45e21c5c] HTTP POST http://localhost:9411/api/v2/spans%20
2025-07-11 15:29:24 [http-nio-8082-exec-6] DEBUG c.m.u.core.logging.LoggingService - InternalJwtFilter: Procesando solicitud: /register/id/1
2025-07-11 15:29:24 [http-nio-8082-exec-6] DEBUG c.m.u.core.logging.LoggingService - InternalJwtFilter: Path '/register/id/1' requiere JWT: false
2025-07-11 15:29:24 [http-nio-8082-exec-6] DEBUG c.m.u.core.logging.LoggingService - InternalJwtFilter: Path no protegido, continuando sin validación JWT
2025-07-11 15:29:24 [http-nio-8082-exec-6] DEBUG o.s.web.servlet.DispatcherServlet - PATCH "/register/id/1", parameters={}
2025-07-11 15:29:24 [http-nio-8082-exec-6] DEBUG o.s.w.s.m.m.a.RequestMappingHandlerMapping - Mapped to com.microserviceone.users.registrationApi.web.controller.RegisterController#updateLastLogin(Long)
2025-07-11 15:29:24 [http-nio-8082-exec-6] INFO  c.m.u.core.logging.LoggingService - Iniciando actualización por id -id: 1
2025-07-11 15:29:24 [http-nio-8082-exec-6] INFO  c.m.u.core.logging.LoggingService - RegistrationService: Iniciando actualización por id -Id
2025-07-11 15:29:24 [http-nio-8082-exec-6] INFO  c.m.u.core.logging.LoggingService - Validando que exista user con el -ID id 1
2025-07-11 15:29:24 [http-nio-8082-exec-6] INFO  c.m.u.core.logging.LoggingService - Validando existencia de usuario con ID: 1
2025-07-11 15:29:24 [http-nio-8082-exec-6] INFO  c.m.u.core.logging.LoggingService - AdapterRegister: Buscando usuario en la base de datos por ID: 1
2025-07-11 15:29:24 [http-nio-8082-exec-6] WARN  c.m.u.core.logging.LoggingService - AdapterRegister: Usuario no encontrado en la base de datos - ID: 1
2025-07-11 15:29:24 [http-nio-8082-exec-6] ERROR c.m.u.core.logging.LoggingService - Usuario no encontrado con ID: 1
2025-07-11 15:29:24 [http-nio-8082-exec-6] DEBUG c.m.u.core.logging.LoggingService - Usuario no encontrado - ID: 1
2025-07-11 15:29:24 [http-nio-8082-exec-6] ERROR c.m.u.core.logging.LoggingService - Error al actualizar usuario con id -Id 1
com.microserviceone.users.registrationApi.application.exception.UserNotFoundException: Usuario no encontrado con ID: 1
	at com.microserviceone.users.registrationApi.application.usecase.ValidateExistUserUseCase.validateExist(ValidateExistUserUseCase.java:19)
	at com.microserviceone.users.registrationApi.application.usecase.UpdateLastLoginUseCase.updateLastLogin(UpdateLastLoginUseCase.java:25)
	at com.microserviceone.users.registrationApi.application.service.RegistrationService.updateLastLogin(RegistrationService.java:165)
	at com.microserviceone.users.registrationApi.web.controller.RegisterController.updateLastLogin(RegisterController.java:383)
	at java.base/jdk.internal.reflect.NativeMethodAccessorImpl.invoke0(Native Method)
	at java.base/jdk.internal.reflect.NativeMethodAccessorImpl.invoke(NativeMethodAccessorImpl.java:77)
	at java.base/jdk.internal.reflect.DelegatingMethodAccessorImpl.invoke(DelegatingMethodAccessorImpl.java:43)
	at java.base/java.lang.reflect.Method.invoke(Method.java:569)
	at org.springframework.web.method.support.InvocableHandlerMethod.doInvoke(InvocableHandlerMethod.java:259)
	at org.springframework.web.method.support.InvocableHandlerMethod.invokeForRequest(InvocableHandlerMethod.java:192)
	at org.springframework.web.servlet.mvc.method.annotation.ServletInvocableHandlerMethod.invokeAndHandle(ServletInvocableHandlerMethod.java:118)
	at org.springframework.web.servlet.mvc.method.annotation.RequestMappingHandlerAdapter.invokeHandlerMethod(RequestMappingHandlerAdapter.java:920)
	at org.springframework.web.servlet.mvc.method.annotation.RequestMappingHandlerAdapter.handleInternal(RequestMappingHandlerAdapter.java:830)
	at org.springframework.web.servlet.mvc.method.AbstractHandlerMethodAdapter.handle(AbstractHandlerMethodAdapter.java:87)
	at org.springframework.web.servlet.DispatcherServlet.doDispatch(DispatcherServlet.java:1089)
	at org.springframework.web.servlet.DispatcherServlet.doService(DispatcherServlet.java:979)
	at org.springframework.web.servlet.FrameworkServlet.processRequest(FrameworkServlet.java:1014)
	at org.springframework.web.servlet.FrameworkServlet.service(FrameworkServlet.java:888)
	at jakarta.servlet.http.HttpServlet.service(HttpServlet.java:658)
	at org.apache.catalina.core.ApplicationFilterChain.internalDoFilter(ApplicationFilterChain.java:205)
	at org.apache.catalina.core.ApplicationFilterChain.doFilter(ApplicationFilterChain.java:149)
	at org.apache.tomcat.websocket.server.WsFilter.doFilter(WsFilter.java:51)
	at org.apache.catalina.core.ApplicationFilterChain.internalDoFilter(ApplicationFilterChain.java:174)
	at org.apache.catalina.core.ApplicationFilterChain.doFilter(ApplicationFilterChain.java:149)
	at org.springframework.web.filter.OncePerRequestFilter.doFilter(OncePerRequestFilter.java:110)
	at org.apache.catalina.core.ApplicationFilterChain.internalDoFilter(ApplicationFilterChain.java:174)
	at org.apache.catalina.core.ApplicationFilterChain.doFilter(ApplicationFilterChain.java:149)
	at org.springframework.web.filter.CompositeFilter$VirtualFilterChain.doFilter(CompositeFilter.java:108)
	at org.springframework.security.web.FilterChainProxy.lambda$doFilterInternal$3(FilterChainProxy.java:231)
	at org.springframework.security.web.ObservationFilterChainDecorator$FilterObservation$SimpleFilterObservation.lambda$wrap$1(ObservationFilterChainDecorator.java:479)
	at org.springframework.security.web.ObservationFilterChainDecorator$AroundFilterObservation$SimpleAroundFilterObservation.lambda$wrap$1(ObservationFilterChainDecorator.java:340)
	at org.springframework.security.web.ObservationFilterChainDecorator.lambda$wrapSecured$0(ObservationFilterChainDecorator.java:82)
	at org.springframework.security.web.ObservationFilterChainDecorator$VirtualFilterChain.doFilter(ObservationFilterChainDecorator.java:128)
	at org.springframework.security.web.access.intercept.AuthorizationFilter.doFilter(AuthorizationFilter.java:100)
	at org.springframework.security.web.ObservationFilterChainDecorator$ObservationFilter.wrapFilter(ObservationFilterChainDecorator.java:240)
	at org.springframework.security.web.ObservationFilterChainDecorator$ObservationFilter.doFilter(ObservationFilterChainDecorator.java:227)
	at org.springframework.security.web.ObservationFilterChainDecorator$VirtualFilterChain.doFilter(ObservationFilterChainDecorator.java:137)
	at org.springframework.security.web.access.ExceptionTranslationFilter.doFilter(ExceptionTranslationFilter.java:126)
	at org.springframework.security.web.access.ExceptionTranslationFilter.doFilter(ExceptionTranslationFilter.java:120)
	at org.springframework.security.web.ObservationFilterChainDecorator$ObservationFilter.wrapFilter(ObservationFilterChainDecorator.java:240)
	at org.springframework.security.web.ObservationFilterChainDecorator$ObservationFilter.doFilter(ObservationFilterChainDecorator.java:227)
	at org.springframework.security.web.ObservationFilterChainDecorator$VirtualFilterChain.doFilter(ObservationFilterChainDecorator.java:137)
	at org.springframework.security.web.authentication.AnonymousAuthenticationFilter.doFilter(AnonymousAuthenticationFilter.java:100)
	at org.springframework.security.web.ObservationFilterChainDecorator$ObservationFilter.wrapFilter(ObservationFilterChainDecorator.java:240)
	at org.springframework.security.web.ObservationFilterChainDecorator$ObservationFilter.doFilter(ObservationFilterChainDecorator.java:227)
	at org.springframework.security.web.ObservationFilterChainDecorator$VirtualFilterChain.doFilter(ObservationFilterChainDecorator.java:137)
	at org.springframework.security.web.servletapi.SecurityContextHolderAwareRequestFilter.doFilter(SecurityContextHolderAwareRequestFilter.java:179)
	at org.springframework.security.web.ObservationFilterChainDecorator$ObservationFilter.wrapFilter(ObservationFilterChainDecorator.java:240)
	at org.springframework.security.web.ObservationFilterChainDecorator$ObservationFilter.doFilter(ObservationFilterChainDecorator.java:227)
	at org.springframework.security.web.ObservationFilterChainDecorator$VirtualFilterChain.doFilter(ObservationFilterChainDecorator.java:137)
	at org.springframework.security.web.savedrequest.RequestCacheAwareFilter.doFilter(RequestCacheAwareFilter.java:63)
	at org.springframework.security.web.ObservationFilterChainDecorator$ObservationFilter.wrapFilter(ObservationFilterChainDecorator.java:240)
	at org.springframework.security.web.ObservationFilterChainDecorator$ObservationFilter.doFilter(ObservationFilterChainDecorator.java:227)
	at org.springframework.security.web.ObservationFilterChainDecorator$VirtualFilterChain.doFilter(ObservationFilterChainDecorator.java:137)
	at com.microserviceone.users.core.config.internalSecurity.InternalJwtFilter.doFilterInternal(InternalJwtFilter.java:51)
	at org.springframework.web.filter.OncePerRequestFilter.doFilter(OncePerRequestFilter.java:116)
	at org.springframework.security.web.ObservationFilterChainDecorator$ObservationFilter.wrapFilter(ObservationFilterChainDecorator.java:240)
	at org.springframework.security.web.ObservationFilterChainDecorator$ObservationFilter.doFilter(ObservationFilterChainDecorator.java:227)
	at org.springframework.security.web.ObservationFilterChainDecorator$VirtualFilterChain.doFilter(ObservationFilterChainDecorator.java:137)
	at org.springframework.security.web.authentication.logout.LogoutFilter.doFilter(LogoutFilter.java:107)
	at org.springframework.security.web.authentication.logout.LogoutFilter.doFilter(LogoutFilter.java:93)
	at org.springframework.security.web.ObservationFilterChainDecorator$ObservationFilter.wrapFilter(ObservationFilterChainDecorator.java:240)
	at org.springframework.security.web.ObservationFilterChainDecorator$ObservationFilter.doFilter(ObservationFilterChainDecorator.java:227)
	at org.springframework.security.web.ObservationFilterChainDecorator$VirtualFilterChain.doFilter(ObservationFilterChainDecorator.java:137)
	at org.springframework.web.filter.CorsFilter.doFilterInternal(CorsFilter.java:91)
	at org.springframework.web.filter.OncePerRequestFilter.doFilter(OncePerRequestFilter.java:116)
	at org.springframework.security.web.ObservationFilterChainDecorator$ObservationFilter.wrapFilter(ObservationFilterChainDecorator.java:240)
	at org.springframework.security.web.ObservationFilterChainDecorator$ObservationFilter.doFilter(ObservationFilterChainDecorator.java:227)
	at org.springframework.security.web.ObservationFilterChainDecorator$VirtualFilterChain.doFilter(ObservationFilterChainDecorator.java:137)
	at org.springframework.security.web.header.HeaderWriterFilter.doHeadersAfter(HeaderWriterFilter.java:90)
	at org.springframework.security.web.header.HeaderWriterFilter.doFilterInternal(HeaderWriterFilter.java:75)
	at org.springframework.web.filter.OncePerRequestFilter.doFilter(OncePerRequestFilter.java:116)
	at org.springframework.security.web.ObservationFilterChainDecorator$ObservationFilter.wrapFilter(ObservationFilterChainDecorator.java:240)
	at org.springframework.security.web.ObservationFilterChainDecorator$ObservationFilter.doFilter(ObservationFilterChainDecorator.java:227)
	at org.springframework.security.web.ObservationFilterChainDecorator$VirtualFilterChain.doFilter(ObservationFilterChainDecorator.java:137)
	at org.springframework.security.web.context.SecurityContextHolderFilter.doFilter(SecurityContextHolderFilter.java:82)
	at org.springframework.security.web.context.SecurityContextHolderFilter.doFilter(SecurityContextHolderFilter.java:69)
	at org.springframework.security.web.ObservationFilterChainDecorator$ObservationFilter.wrapFilter(ObservationFilterChainDecorator.java:240)
	at org.springframework.security.web.ObservationFilterChainDecorator$ObservationFilter.doFilter(ObservationFilterChainDecorator.java:227)
	at org.springframework.security.web.ObservationFilterChainDecorator$VirtualFilterChain.doFilter(ObservationFilterChainDecorator.java:137)
	at org.springframework.security.web.context.request.async.WebAsyncManagerIntegrationFilter.doFilterInternal(WebAsyncManagerIntegrationFilter.java:62)
	at org.springframework.web.filter.OncePerRequestFilter.doFilter(OncePerRequestFilter.java:116)
	at org.springframework.security.web.ObservationFilterChainDecorator$ObservationFilter.wrapFilter(ObservationFilterChainDecorator.java:240)
	at org.springframework.security.web.ObservationFilterChainDecorator$ObservationFilter.doFilter(ObservationFilterChainDecorator.java:227)
	at org.springframework.security.web.ObservationFilterChainDecorator$VirtualFilterChain.doFilter(ObservationFilterChainDecorator.java:137)
	at org.springframework.security.web.session.DisableEncodeUrlFilter.doFilterInternal(DisableEncodeUrlFilter.java:42)
	at org.springframework.web.filter.OncePerRequestFilter.doFilter(OncePerRequestFilter.java:116)
	at org.springframework.security.web.ObservationFilterChainDecorator$ObservationFilter.wrapFilter(ObservationFilterChainDecorator.java:240)
	at org.springframework.security.web.ObservationFilterChainDecorator$AroundFilterObservation$SimpleAroundFilterObservation.lambda$wrap$0(ObservationFilterChainDecorator.java:323)
	at org.springframework.security.web.ObservationFilterChainDecorator$ObservationFilter.doFilter(ObservationFilterChainDecorator.java:224)
	at org.springframework.security.web.ObservationFilterChainDecorator$VirtualFilterChain.doFilter(ObservationFilterChainDecorator.java:137)
	at org.springframework.security.web.FilterChainProxy.doFilterInternal(FilterChainProxy.java:233)
	at org.springframework.security.web.FilterChainProxy.doFilter(FilterChainProxy.java:191)
	at org.springframework.web.filter.CompositeFilter$VirtualFilterChain.doFilter(CompositeFilter.java:113)
	at org.springframework.web.servlet.handler.HandlerMappingIntrospector.lambda$createCacheFilter$3(HandlerMappingIntrospector.java:195)
	at org.springframework.web.filter.CompositeFilter$VirtualFilterChain.doFilter(CompositeFilter.java:113)
	at org.springframework.web.filter.CompositeFilter.doFilter(CompositeFilter.java:74)
	at org.springframework.security.config.annotation.web.configuration.WebMvcSecurityConfiguration$CompositeFilterChainProxy.doFilter(WebMvcSecurityConfiguration.java:230)
	at org.springframework.web.filter.DelegatingFilterProxy.invokeDelegate(DelegatingFilterProxy.java:352)
	at org.springframework.web.filter.DelegatingFilterProxy.doFilter(DelegatingFilterProxy.java:268)
	at org.apache.catalina.core.ApplicationFilterChain.internalDoFilter(ApplicationFilterChain.java:174)
	at org.apache.catalina.core.ApplicationFilterChain.doFilter(ApplicationFilterChain.java:149)
	at org.springframework.web.filter.RequestContextFilter.doFilterInternal(RequestContextFilter.java:100)
	at org.springframework.web.filter.OncePerRequestFilter.doFilter(OncePerRequestFilter.java:116)
	at org.apache.catalina.core.ApplicationFilterChain.internalDoFilter(ApplicationFilterChain.java:174)
	at org.apache.catalina.core.ApplicationFilterChain.doFilter(ApplicationFilterChain.java:149)
	at org.springframework.web.filter.FormContentFilter.doFilterInternal(FormContentFilter.java:93)
	at org.springframework.web.filter.OncePerRequestFilter.doFilter(OncePerRequestFilter.java:116)
	at org.apache.catalina.core.ApplicationFilterChain.internalDoFilter(ApplicationFilterChain.java:174)
	at org.apache.catalina.core.ApplicationFilterChain.doFilter(ApplicationFilterChain.java:149)
	at org.springframework.web.filter.ServerHttpObservationFilter.doFilterInternal(ServerHttpObservationFilter.java:109)
	at org.springframework.web.filter.OncePerRequestFilter.doFilter(OncePerRequestFilter.java:116)
	at org.apache.catalina.core.ApplicationFilterChain.internalDoFilter(ApplicationFilterChain.java:174)
	at org.apache.catalina.core.ApplicationFilterChain.doFilter(ApplicationFilterChain.java:149)
	at org.springframework.web.filter.CharacterEncodingFilter.doFilterInternal(CharacterEncodingFilter.java:201)
	at org.springframework.web.filter.OncePerRequestFilter.doFilter(OncePerRequestFilter.java:116)
	at org.apache.catalina.core.ApplicationFilterChain.internalDoFilter(ApplicationFilterChain.java:174)
	at org.apache.catalina.core.ApplicationFilterChain.doFilter(ApplicationFilterChain.java:149)
	at org.apache.catalina.core.StandardWrapperValve.invoke(StandardWrapperValve.java:167)
	at org.apache.catalina.core.StandardContextValve.invoke(StandardContextValve.java:90)
	at org.apache.catalina.authenticator.AuthenticatorBase.invoke(AuthenticatorBase.java:482)
	at org.apache.catalina.core.StandardHostValve.invoke(StandardHostValve.java:115)
	at org.apache.catalina.valves.ErrorReportValve.invoke(ErrorReportValve.java:93)
	at org.apache.catalina.core.StandardEngineValve.invoke(StandardEngineValve.java:74)
	at org.apache.catalina.connector.CoyoteAdapter.service(CoyoteAdapter.java:344)
	at org.apache.coyote.http11.Http11Processor.service(Http11Processor.java:391)
	at org.apache.coyote.AbstractProcessorLight.process(AbstractProcessorLight.java:63)
	at org.apache.coyote.AbstractProtocol$ConnectionHandler.process(AbstractProtocol.java:896)
	at org.apache.tomcat.util.net.NioEndpoint$SocketProcessor.doRun(NioEndpoint.java:1744)
	at org.apache.tomcat.util.net.SocketProcessorBase.run(SocketProcessorBase.java:52)
	at org.apache.tomcat.util.threads.ThreadPoolExecutor.runWorker(ThreadPoolExecutor.java:1191)
	at org.apache.tomcat.util.threads.ThreadPoolExecutor$Worker.run(ThreadPoolExecutor.java:659)
	at org.apache.tomcat.util.threads.TaskThread$WrappingRunnable.run(TaskThread.java:63)
	at java.base/java.lang.Thread.run(Thread.java:840)
2025-07-11 15:29:24 [http-nio-8082-exec-6] ERROR c.m.u.core.logging.LoggingService - Error al actualizar campo de usuario -ID id: 1
2025-07-11 15:29:24 [http-nio-8082-exec-6] DEBUG o.s.w.s.m.m.a.ExceptionHandlerExceptionResolver - Using @ExceptionHandler com.microserviceone.users.core.exception.GlobalExceptionHandler#handleUserNotFoundException(UserNotFoundException)
2025-07-11 15:29:24 [http-nio-8082-exec-6] DEBUG o.s.w.s.m.m.a.HttpEntityMethodProcessor - Using 'application/json', given [*/*] and supported [application/json, application/*+json]
2025-07-11 15:29:24 [http-nio-8082-exec-6] DEBUG o.s.w.s.m.m.a.HttpEntityMethodProcessor - Writing [{error=Usuario no encontrado, message=Usuario no encontrado con ID: 1, userId=1, timestamp=2025-07-1 (truncated)...]
2025-07-11 15:29:24 [http-nio-8082-exec-6] WARN  o.s.w.s.m.m.a.ExceptionHandlerExceptionResolver - Resolved [com.microserviceone.users.registrationApi.application.exception.UserNotFoundException: Usuario no encontrado con ID: 1]
2025-07-11 15:29:24 [http-nio-8082-exec-6] DEBUG o.s.web.servlet.DispatcherServlet - Completed 404 NOT_FOUND
2025-07-11 15:29:25 [AsyncReporter{org.springframework.boot.actuate.autoconfigure.tracing.zipkin.ZipkinWebClientSender@5a97b080}] DEBUG o.s.w.r.f.client.ExchangeFunctions - [ed464fd] HTTP POST http://localhost:9411/api/v2/spans%20
2025-07-11 15:29:53 [DiscoveryClient-CacheRefreshExecutor-0] DEBUG o.s.web.client.RestTemplate - HTTP GET http://localhost:8081/eureka/apps/delta
2025-07-11 15:29:53 [DiscoveryClient-CacheRefreshExecutor-0] DEBUG o.s.web.client.RestTemplate - Accept=[application/json, application/*+json]
2025-07-11 15:29:53 [DiscoveryClient-HeartbeatExecutor-0] DEBUG o.s.web.client.RestTemplate - HTTP PUT http://localhost:8081/eureka/apps/USERS-SERVICE/192.168.49.16:users-service:8082?status=UP&lastDirtyTimestamp=1752265523763
2025-07-11 15:29:53 [DiscoveryClient-HeartbeatExecutor-0] DEBUG o.s.web.client.RestTemplate - Accept=[application/json, application/*+json]
2025-07-11 15:29:53 [DiscoveryClient-CacheRefreshExecutor-0] DEBUG o.s.web.client.RestTemplate - Response 200 OK
2025-07-11 15:29:53 [DiscoveryClient-CacheRefreshExecutor-0] DEBUG o.s.web.client.RestTemplate - Reading to [org.springframework.cloud.netflix.eureka.http.EurekaApplications]
2025-07-11 15:29:53 [DiscoveryClient-HeartbeatExecutor-0] DEBUG o.s.web.client.RestTemplate - Response 200 OK
2025-07-11 15:30:23 [AsyncResolver-bootstrap-executor-0] INFO  c.n.d.s.r.aws.ConfigClusterResolver - Resolving eureka endpoints via configuration
2025-07-11 15:30:23 [DiscoveryClient-CacheRefreshExecutor-0] DEBUG o.s.web.client.RestTemplate - HTTP GET http://localhost:8081/eureka/apps/delta
2025-07-11 15:30:23 [DiscoveryClient-CacheRefreshExecutor-0] DEBUG o.s.web.client.RestTemplate - Accept=[application/json, application/*+json]
2025-07-11 15:30:23 [DiscoveryClient-HeartbeatExecutor-0] DEBUG o.s.web.client.RestTemplate - HTTP PUT http://localhost:8081/eureka/apps/USERS-SERVICE/192.168.49.16:users-service:8082?status=UP&lastDirtyTimestamp=1752265523763
2025-07-11 15:30:23 [DiscoveryClient-HeartbeatExecutor-0] DEBUG o.s.web.client.RestTemplate - Accept=[application/json, application/*+json]
2025-07-11 15:30:23 [DiscoveryClient-CacheRefreshExecutor-0] DEBUG o.s.web.client.RestTemplate - Response 200 OK
2025-07-11 15:30:23 [DiscoveryClient-CacheRefreshExecutor-0] DEBUG o.s.web.client.RestTemplate - Reading to [org.springframework.cloud.netflix.eureka.http.EurekaApplications]
2025-07-11 15:30:23 [DiscoveryClient-HeartbeatExecutor-0] DEBUG o.s.web.client.RestTemplate - Response 200 OK
2025-07-11 15:30:53 [DiscoveryClient-CacheRefreshExecutor-0] DEBUG o.s.web.client.RestTemplate - HTTP GET http://localhost:8081/eureka/apps/delta
2025-07-11 15:30:53 [DiscoveryClient-HeartbeatExecutor-0] DEBUG o.s.web.client.RestTemplate - HTTP PUT http://localhost:8081/eureka/apps/USERS-SERVICE/192.168.49.16:users-service:8082?status=UP&lastDirtyTimestamp=1752265523763
2025-07-11 15:30:53 [DiscoveryClient-CacheRefreshExecutor-0] DEBUG o.s.web.client.RestTemplate - Accept=[application/json, application/*+json]
2025-07-11 15:30:53 [DiscoveryClient-HeartbeatExecutor-0] DEBUG o.s.web.client.RestTemplate - Accept=[application/json, application/*+json]
2025-07-11 15:30:53 [DiscoveryClient-HeartbeatExecutor-0] DEBUG o.s.web.client.RestTemplate - Response 200 OK
2025-07-11 15:30:53 [DiscoveryClient-CacheRefreshExecutor-0] DEBUG o.s.web.client.RestTemplate - Response 200 OK
2025-07-11 15:30:53 [DiscoveryClient-CacheRefreshExecutor-0] DEBUG o.s.web.client.RestTemplate - Reading to [org.springframework.cloud.netflix.eureka.http.EurekaApplications]
2025-07-11 15:31:23 [DiscoveryClient-HeartbeatExecutor-0] DEBUG o.s.web.client.RestTemplate - HTTP PUT http://localhost:8081/eureka/apps/USERS-SERVICE/192.168.49.16:users-service:8082?status=UP&lastDirtyTimestamp=1752265523763
2025-07-11 15:31:23 [DiscoveryClient-HeartbeatExecutor-0] DEBUG o.s.web.client.RestTemplate - Accept=[application/json, application/*+json]
2025-07-11 15:31:23 [DiscoveryClient-CacheRefreshExecutor-0] DEBUG o.s.web.client.RestTemplate - HTTP GET http://localhost:8081/eureka/apps/delta
2025-07-11 15:31:23 [DiscoveryClient-CacheRefreshExecutor-0] DEBUG o.s.web.client.RestTemplate - Accept=[application/json, application/*+json]
2025-07-11 15:31:23 [DiscoveryClient-HeartbeatExecutor-0] DEBUG o.s.web.client.RestTemplate - Response 200 OK
2025-07-11 15:31:23 [DiscoveryClient-CacheRefreshExecutor-0] DEBUG o.s.web.client.RestTemplate - Response 200 OK
2025-07-11 15:31:23 [DiscoveryClient-CacheRefreshExecutor-0] DEBUG o.s.web.client.RestTemplate - Reading to [org.springframework.cloud.netflix.eureka.http.EurekaApplications]
2025-07-11 15:31:53 [DiscoveryClient-HeartbeatExecutor-0] DEBUG o.s.web.client.RestTemplate - HTTP PUT http://localhost:8081/eureka/apps/USERS-SERVICE/192.168.49.16:users-service:8082?status=UP&lastDirtyTimestamp=1752265523763
2025-07-11 15:31:53 [DiscoveryClient-CacheRefreshExecutor-0] DEBUG o.s.web.client.RestTemplate - HTTP GET http://localhost:8081/eureka/apps/delta
2025-07-11 15:31:53 [DiscoveryClient-CacheRefreshExecutor-0] DEBUG o.s.web.client.RestTemplate - Accept=[application/json, application/*+json]
2025-07-11 15:31:53 [DiscoveryClient-HeartbeatExecutor-0] DEBUG o.s.web.client.RestTemplate - Accept=[application/json, application/*+json]
2025-07-11 15:31:53 [DiscoveryClient-CacheRefreshExecutor-0] DEBUG o.s.web.client.RestTemplate - Response 200 OK
2025-07-11 15:31:53 [DiscoveryClient-HeartbeatExecutor-0] DEBUG o.s.web.client.RestTemplate - Response 200 OK
2025-07-11 15:31:53 [DiscoveryClient-CacheRefreshExecutor-0] DEBUG o.s.web.client.RestTemplate - Reading to [org.springframework.cloud.netflix.eureka.http.EurekaApplications]
2025-07-11 15:32:23 [DiscoveryClient-HeartbeatExecutor-0] DEBUG o.s.web.client.RestTemplate - HTTP PUT http://localhost:8081/eureka/apps/USERS-SERVICE/192.168.49.16:users-service:8082?status=UP&lastDirtyTimestamp=1752265523763
2025-07-11 15:32:23 [DiscoveryClient-HeartbeatExecutor-0] DEBUG o.s.web.client.RestTemplate - Accept=[application/json, application/*+json]
2025-07-11 15:32:23 [DiscoveryClient-CacheRefreshExecutor-0] DEBUG o.s.web.client.RestTemplate - HTTP GET http://localhost:8081/eureka/apps/delta
2025-07-11 15:32:23 [DiscoveryClient-CacheRefreshExecutor-0] DEBUG o.s.web.client.RestTemplate - Accept=[application/json, application/*+json]
2025-07-11 15:32:23 [DiscoveryClient-HeartbeatExecutor-0] DEBUG o.s.web.client.RestTemplate - Response 200 OK
2025-07-11 15:32:23 [DiscoveryClient-CacheRefreshExecutor-0] DEBUG o.s.web.client.RestTemplate - Response 200 OK
2025-07-11 15:32:23 [DiscoveryClient-CacheRefreshExecutor-0] DEBUG o.s.web.client.RestTemplate - Reading to [org.springframework.cloud.netflix.eureka.http.EurekaApplications]
2025-07-11 15:32:53 [DiscoveryClient-HeartbeatExecutor-0] DEBUG o.s.web.client.RestTemplate - HTTP PUT http://localhost:8081/eureka/apps/USERS-SERVICE/192.168.49.16:users-service:8082?status=UP&lastDirtyTimestamp=1752265523763
2025-07-11 15:32:53 [DiscoveryClient-HeartbeatExecutor-0] DEBUG o.s.web.client.RestTemplate - Accept=[application/json, application/*+json]
2025-07-11 15:32:53 [DiscoveryClient-CacheRefreshExecutor-0] DEBUG o.s.web.client.RestTemplate - HTTP GET http://localhost:8081/eureka/apps/delta
2025-07-11 15:32:53 [DiscoveryClient-CacheRefreshExecutor-0] DEBUG o.s.web.client.RestTemplate - Accept=[application/json, application/*+json]
2025-07-11 15:32:53 [DiscoveryClient-HeartbeatExecutor-0] DEBUG o.s.web.client.RestTemplate - Response 200 OK
2025-07-11 15:32:53 [DiscoveryClient-CacheRefreshExecutor-0] DEBUG o.s.web.client.RestTemplate - Response 200 OK
2025-07-11 15:32:53 [DiscoveryClient-CacheRefreshExecutor-0] DEBUG o.s.web.client.RestTemplate - Reading to [org.springframework.cloud.netflix.eureka.http.EurekaApplications]
2025-07-11 15:33:23 [DiscoveryClient-HeartbeatExecutor-0] DEBUG o.s.web.client.RestTemplate - HTTP PUT http://localhost:8081/eureka/apps/USERS-SERVICE/192.168.49.16:users-service:8082?status=UP&lastDirtyTimestamp=1752265523763
2025-07-11 15:33:23 [DiscoveryClient-HeartbeatExecutor-0] DEBUG o.s.web.client.RestTemplate - Accept=[application/json, application/*+json]
2025-07-11 15:33:23 [DiscoveryClient-CacheRefreshExecutor-0] DEBUG o.s.web.client.RestTemplate - HTTP GET http://localhost:8081/eureka/apps/delta
2025-07-11 15:33:23 [DiscoveryClient-CacheRefreshExecutor-0] DEBUG o.s.web.client.RestTemplate - Accept=[application/json, application/*+json]
2025-07-11 15:33:23 [DiscoveryClient-HeartbeatExecutor-0] DEBUG o.s.web.client.RestTemplate - Response 200 OK
2025-07-11 15:33:23 [DiscoveryClient-CacheRefreshExecutor-0] DEBUG o.s.web.client.RestTemplate - Response 200 OK
2025-07-11 15:33:23 [DiscoveryClient-CacheRefreshExecutor-0] DEBUG o.s.web.client.RestTemplate - Reading to [org.springframework.cloud.netflix.eureka.http.EurekaApplications]
2025-07-11 15:33:53 [DiscoveryClient-HeartbeatExecutor-0] DEBUG o.s.web.client.RestTemplate - HTTP PUT http://localhost:8081/eureka/apps/USERS-SERVICE/192.168.49.16:users-service:8082?status=UP&lastDirtyTimestamp=1752265523763
2025-07-11 15:33:53 [DiscoveryClient-HeartbeatExecutor-0] DEBUG o.s.web.client.RestTemplate - Accept=[application/json, application/*+json]
2025-07-11 15:33:53 [DiscoveryClient-CacheRefreshExecutor-0] DEBUG o.s.web.client.RestTemplate - HTTP GET http://localhost:8081/eureka/apps/delta
2025-07-11 15:33:53 [DiscoveryClient-CacheRefreshExecutor-0] DEBUG o.s.web.client.RestTemplate - Accept=[application/json, application/*+json]
2025-07-11 15:33:53 [DiscoveryClient-HeartbeatExecutor-0] DEBUG o.s.web.client.RestTemplate - Response 200 OK
2025-07-11 15:33:53 [DiscoveryClient-CacheRefreshExecutor-0] DEBUG o.s.web.client.RestTemplate - Response 200 OK
2025-07-11 15:33:53 [DiscoveryClient-CacheRefreshExecutor-0] DEBUG o.s.web.client.RestTemplate - Reading to [org.springframework.cloud.netflix.eureka.http.EurekaApplications]
2025-07-11 15:34:23 [DiscoveryClient-HeartbeatExecutor-0] DEBUG o.s.web.client.RestTemplate - HTTP PUT http://localhost:8081/eureka/apps/USERS-SERVICE/192.168.49.16:users-service:8082?status=UP&lastDirtyTimestamp=1752265523763
2025-07-11 15:34:23 [DiscoveryClient-HeartbeatExecutor-0] DEBUG o.s.web.client.RestTemplate - Accept=[application/json, application/*+json]
2025-07-11 15:34:23 [DiscoveryClient-CacheRefreshExecutor-0] DEBUG o.s.web.client.RestTemplate - HTTP GET http://localhost:8081/eureka/apps/delta
2025-07-11 15:34:23 [DiscoveryClient-CacheRefreshExecutor-0] DEBUG o.s.web.client.RestTemplate - Accept=[application/json, application/*+json]
2025-07-11 15:34:23 [DiscoveryClient-CacheRefreshExecutor-0] DEBUG o.s.web.client.RestTemplate - Response 200 OK
2025-07-11 15:34:23 [DiscoveryClient-HeartbeatExecutor-0] DEBUG o.s.web.client.RestTemplate - Response 200 OK
2025-07-11 15:34:23 [DiscoveryClient-CacheRefreshExecutor-0] DEBUG o.s.web.client.RestTemplate - Reading to [org.springframework.cloud.netflix.eureka.http.EurekaApplications]
2025-07-11 15:34:53 [DiscoveryClient-HeartbeatExecutor-0] DEBUG o.s.web.client.RestTemplate - HTTP PUT http://localhost:8081/eureka/apps/USERS-SERVICE/192.168.49.16:users-service:8082?status=UP&lastDirtyTimestamp=1752265523763
2025-07-11 15:34:53 [DiscoveryClient-HeartbeatExecutor-0] DEBUG o.s.web.client.RestTemplate - Accept=[application/json, application/*+json]
2025-07-11 15:34:53 [DiscoveryClient-CacheRefreshExecutor-0] DEBUG o.s.web.client.RestTemplate - HTTP GET http://localhost:8081/eureka/apps/delta
2025-07-11 15:34:53 [DiscoveryClient-CacheRefreshExecutor-0] DEBUG o.s.web.client.RestTemplate - Accept=[application/json, application/*+json]
2025-07-11 15:34:53 [DiscoveryClient-HeartbeatExecutor-0] DEBUG o.s.web.client.RestTemplate - Response 200 OK
2025-07-11 15:34:53 [DiscoveryClient-CacheRefreshExecutor-0] DEBUG o.s.web.client.RestTemplate - Response 200 OK
2025-07-11 15:34:53 [DiscoveryClient-CacheRefreshExecutor-0] DEBUG o.s.web.client.RestTemplate - Reading to [org.springframework.cloud.netflix.eureka.http.EurekaApplications]
2025-07-11 15:35:23 [AsyncResolver-bootstrap-executor-0] INFO  c.n.d.s.r.aws.ConfigClusterResolver - Resolving eureka endpoints via configuration
2025-07-11 15:35:23 [DiscoveryClient-HeartbeatExecutor-0] DEBUG o.s.web.client.RestTemplate - HTTP PUT http://localhost:8081/eureka/apps/USERS-SERVICE/192.168.49.16:users-service:8082?status=UP&lastDirtyTimestamp=1752265523763
2025-07-11 15:35:23 [DiscoveryClient-HeartbeatExecutor-0] DEBUG o.s.web.client.RestTemplate - Accept=[application/json, application/*+json]
2025-07-11 15:35:23 [DiscoveryClient-CacheRefreshExecutor-0] DEBUG o.s.web.client.RestTemplate - HTTP GET http://localhost:8081/eureka/apps/delta
2025-07-11 15:35:23 [DiscoveryClient-CacheRefreshExecutor-0] DEBUG o.s.web.client.RestTemplate - Accept=[application/json, application/*+json]
2025-07-11 15:35:23 [DiscoveryClient-HeartbeatExecutor-0] DEBUG o.s.web.client.RestTemplate - Response 200 OK
2025-07-11 15:35:23 [DiscoveryClient-CacheRefreshExecutor-0] DEBUG o.s.web.client.RestTemplate - Response 200 OK
2025-07-11 15:35:23 [DiscoveryClient-CacheRefreshExecutor-0] DEBUG o.s.web.client.RestTemplate - Reading to [org.springframework.cloud.netflix.eureka.http.EurekaApplications]
2025-07-11 15:35:24 [http-nio-8082-exec-8] DEBUG c.m.u.core.logging.LoggingService - InternalJwtFilter: Procesando solicitud: /register/id/1
2025-07-11 15:35:24 [http-nio-8082-exec-8] DEBUG c.m.u.core.logging.LoggingService - InternalJwtFilter: Path '/register/id/1' requiere JWT: false
2025-07-11 15:35:24 [http-nio-8082-exec-8] DEBUG c.m.u.core.logging.LoggingService - InternalJwtFilter: Path no protegido, continuando sin validación JWT
2025-07-11 15:35:24 [http-nio-8082-exec-8] DEBUG o.s.web.servlet.DispatcherServlet - PATCH "/register/id/1", parameters={}
2025-07-11 15:35:24 [http-nio-8082-exec-8] DEBUG o.s.w.s.m.m.a.RequestMappingHandlerMapping - Mapped to com.microserviceone.users.registrationApi.web.controller.RegisterController#updateLastLogin(Long)
2025-07-11 15:35:24 [http-nio-8082-exec-8] INFO  c.m.u.core.logging.LoggingService - Iniciando actualización por id -id: 1
2025-07-11 15:35:24 [http-nio-8082-exec-8] INFO  c.m.u.core.logging.LoggingService - RegistrationService: Iniciando actualización por id -Id
2025-07-11 15:35:24 [http-nio-8082-exec-8] INFO  c.m.u.core.logging.LoggingService - Validando que exista user con el -ID id 1
2025-07-11 15:35:24 [http-nio-8082-exec-8] INFO  c.m.u.core.logging.LoggingService - Validando existencia de usuario con ID: 1
2025-07-11 15:35:24 [http-nio-8082-exec-8] INFO  c.m.u.core.logging.LoggingService - AdapterRegister: Buscando usuario en la base de datos por ID: 1
2025-07-11 15:35:24 [http-nio-8082-exec-8] WARN  c.m.u.core.logging.LoggingService - AdapterRegister: Usuario no encontrado en la base de datos - ID: 1
2025-07-11 15:35:24 [http-nio-8082-exec-8] ERROR c.m.u.core.logging.LoggingService - Usuario no encontrado con ID: 1
2025-07-11 15:35:24 [http-nio-8082-exec-8] DEBUG c.m.u.core.logging.LoggingService - Usuario no encontrado - ID: 1
2025-07-11 15:35:24 [http-nio-8082-exec-8] ERROR c.m.u.core.logging.LoggingService - Error al actualizar usuario con id -Id 1
com.microserviceone.users.registrationApi.application.exception.UserNotFoundException: Usuario no encontrado con ID: 1
	at com.microserviceone.users.registrationApi.application.usecase.ValidateExistUserUseCase.validateExist(ValidateExistUserUseCase.java:19)
	at com.microserviceone.users.registrationApi.application.usecase.UpdateLastLoginUseCase.updateLastLogin(UpdateLastLoginUseCase.java:25)
	at com.microserviceone.users.registrationApi.application.service.RegistrationService.updateLastLogin(RegistrationService.java:165)
	at com.microserviceone.users.registrationApi.web.controller.RegisterController.updateLastLogin(RegisterController.java:383)
	at java.base/jdk.internal.reflect.NativeMethodAccessorImpl.invoke0(Native Method)
	at java.base/jdk.internal.reflect.NativeMethodAccessorImpl.invoke(NativeMethodAccessorImpl.java:77)
	at java.base/jdk.internal.reflect.DelegatingMethodAccessorImpl.invoke(DelegatingMethodAccessorImpl.java:43)
	at java.base/java.lang.reflect.Method.invoke(Method.java:569)
	at org.springframework.web.method.support.InvocableHandlerMethod.doInvoke(InvocableHandlerMethod.java:259)
	at org.springframework.web.method.support.InvocableHandlerMethod.invokeForRequest(InvocableHandlerMethod.java:192)
	at org.springframework.web.servlet.mvc.method.annotation.ServletInvocableHandlerMethod.invokeAndHandle(ServletInvocableHandlerMethod.java:118)
	at org.springframework.web.servlet.mvc.method.annotation.RequestMappingHandlerAdapter.invokeHandlerMethod(RequestMappingHandlerAdapter.java:920)
	at org.springframework.web.servlet.mvc.method.annotation.RequestMappingHandlerAdapter.handleInternal(RequestMappingHandlerAdapter.java:830)
	at org.springframework.web.servlet.mvc.method.AbstractHandlerMethodAdapter.handle(AbstractHandlerMethodAdapter.java:87)
	at org.springframework.web.servlet.DispatcherServlet.doDispatch(DispatcherServlet.java:1089)
	at org.springframework.web.servlet.DispatcherServlet.doService(DispatcherServlet.java:979)
	at org.springframework.web.servlet.FrameworkServlet.processRequest(FrameworkServlet.java:1014)
	at org.springframework.web.servlet.FrameworkServlet.service(FrameworkServlet.java:888)
	at jakarta.servlet.http.HttpServlet.service(HttpServlet.java:658)
	at org.apache.catalina.core.ApplicationFilterChain.internalDoFilter(ApplicationFilterChain.java:205)
	at org.apache.catalina.core.ApplicationFilterChain.doFilter(ApplicationFilterChain.java:149)
	at org.apache.tomcat.websocket.server.WsFilter.doFilter(WsFilter.java:51)
	at org.apache.catalina.core.ApplicationFilterChain.internalDoFilter(ApplicationFilterChain.java:174)
	at org.apache.catalina.core.ApplicationFilterChain.doFilter(ApplicationFilterChain.java:149)
	at org.springframework.web.filter.OncePerRequestFilter.doFilter(OncePerRequestFilter.java:110)
	at org.apache.catalina.core.ApplicationFilterChain.internalDoFilter(ApplicationFilterChain.java:174)
	at org.apache.catalina.core.ApplicationFilterChain.doFilter(ApplicationFilterChain.java:149)
	at org.springframework.web.filter.CompositeFilter$VirtualFilterChain.doFilter(CompositeFilter.java:108)
	at org.springframework.security.web.FilterChainProxy.lambda$doFilterInternal$3(FilterChainProxy.java:231)
	at org.springframework.security.web.ObservationFilterChainDecorator$FilterObservation$SimpleFilterObservation.lambda$wrap$1(ObservationFilterChainDecorator.java:479)
	at org.springframework.security.web.ObservationFilterChainDecorator$AroundFilterObservation$SimpleAroundFilterObservation.lambda$wrap$1(ObservationFilterChainDecorator.java:340)
	at org.springframework.security.web.ObservationFilterChainDecorator.lambda$wrapSecured$0(ObservationFilterChainDecorator.java:82)
	at org.springframework.security.web.ObservationFilterChainDecorator$VirtualFilterChain.doFilter(ObservationFilterChainDecorator.java:128)
	at org.springframework.security.web.access.intercept.AuthorizationFilter.doFilter(AuthorizationFilter.java:100)
	at org.springframework.security.web.ObservationFilterChainDecorator$ObservationFilter.wrapFilter(ObservationFilterChainDecorator.java:240)
	at org.springframework.security.web.ObservationFilterChainDecorator$ObservationFilter.doFilter(ObservationFilterChainDecorator.java:227)
	at org.springframework.security.web.ObservationFilterChainDecorator$VirtualFilterChain.doFilter(ObservationFilterChainDecorator.java:137)
	at org.springframework.security.web.access.ExceptionTranslationFilter.doFilter(ExceptionTranslationFilter.java:126)
	at org.springframework.security.web.access.ExceptionTranslationFilter.doFilter(ExceptionTranslationFilter.java:120)
	at org.springframework.security.web.ObservationFilterChainDecorator$ObservationFilter.wrapFilter(ObservationFilterChainDecorator.java:240)
	at org.springframework.security.web.ObservationFilterChainDecorator$ObservationFilter.doFilter(ObservationFilterChainDecorator.java:227)
	at org.springframework.security.web.ObservationFilterChainDecorator$VirtualFilterChain.doFilter(ObservationFilterChainDecorator.java:137)
	at org.springframework.security.web.authentication.AnonymousAuthenticationFilter.doFilter(AnonymousAuthenticationFilter.java:100)
	at org.springframework.security.web.ObservationFilterChainDecorator$ObservationFilter.wrapFilter(ObservationFilterChainDecorator.java:240)
	at org.springframework.security.web.ObservationFilterChainDecorator$ObservationFilter.doFilter(ObservationFilterChainDecorator.java:227)
	at org.springframework.security.web.ObservationFilterChainDecorator$VirtualFilterChain.doFilter(ObservationFilterChainDecorator.java:137)
	at org.springframework.security.web.servletapi.SecurityContextHolderAwareRequestFilter.doFilter(SecurityContextHolderAwareRequestFilter.java:179)
	at org.springframework.security.web.ObservationFilterChainDecorator$ObservationFilter.wrapFilter(ObservationFilterChainDecorator.java:240)
	at org.springframework.security.web.ObservationFilterChainDecorator$ObservationFilter.doFilter(ObservationFilterChainDecorator.java:227)
	at org.springframework.security.web.ObservationFilterChainDecorator$VirtualFilterChain.doFilter(ObservationFilterChainDecorator.java:137)
	at org.springframework.security.web.savedrequest.RequestCacheAwareFilter.doFilter(RequestCacheAwareFilter.java:63)
	at org.springframework.security.web.ObservationFilterChainDecorator$ObservationFilter.wrapFilter(ObservationFilterChainDecorator.java:240)
	at org.springframework.security.web.ObservationFilterChainDecorator$ObservationFilter.doFilter(ObservationFilterChainDecorator.java:227)
	at org.springframework.security.web.ObservationFilterChainDecorator$VirtualFilterChain.doFilter(ObservationFilterChainDecorator.java:137)
	at com.microserviceone.users.core.config.internalSecurity.InternalJwtFilter.doFilterInternal(InternalJwtFilter.java:51)
	at org.springframework.web.filter.OncePerRequestFilter.doFilter(OncePerRequestFilter.java:116)
	at org.springframework.security.web.ObservationFilterChainDecorator$ObservationFilter.wrapFilter(ObservationFilterChainDecorator.java:240)
	at org.springframework.security.web.ObservationFilterChainDecorator$ObservationFilter.doFilter(ObservationFilterChainDecorator.java:227)
	at org.springframework.security.web.ObservationFilterChainDecorator$VirtualFilterChain.doFilter(ObservationFilterChainDecorator.java:137)
	at org.springframework.security.web.authentication.logout.LogoutFilter.doFilter(LogoutFilter.java:107)
	at org.springframework.security.web.authentication.logout.LogoutFilter.doFilter(LogoutFilter.java:93)
	at org.springframework.security.web.ObservationFilterChainDecorator$ObservationFilter.wrapFilter(ObservationFilterChainDecorator.java:240)
	at org.springframework.security.web.ObservationFilterChainDecorator$ObservationFilter.doFilter(ObservationFilterChainDecorator.java:227)
	at org.springframework.security.web.ObservationFilterChainDecorator$VirtualFilterChain.doFilter(ObservationFilterChainDecorator.java:137)
	at org.springframework.web.filter.CorsFilter.doFilterInternal(CorsFilter.java:91)
	at org.springframework.web.filter.OncePerRequestFilter.doFilter(OncePerRequestFilter.java:116)
	at org.springframework.security.web.ObservationFilterChainDecorator$ObservationFilter.wrapFilter(ObservationFilterChainDecorator.java:240)
	at org.springframework.security.web.ObservationFilterChainDecorator$ObservationFilter.doFilter(ObservationFilterChainDecorator.java:227)
	at org.springframework.security.web.ObservationFilterChainDecorator$VirtualFilterChain.doFilter(ObservationFilterChainDecorator.java:137)
	at org.springframework.security.web.header.HeaderWriterFilter.doHeadersAfter(HeaderWriterFilter.java:90)
	at org.springframework.security.web.header.HeaderWriterFilter.doFilterInternal(HeaderWriterFilter.java:75)
	at org.springframework.web.filter.OncePerRequestFilter.doFilter(OncePerRequestFilter.java:116)
	at org.springframework.security.web.ObservationFilterChainDecorator$ObservationFilter.wrapFilter(ObservationFilterChainDecorator.java:240)
	at org.springframework.security.web.ObservationFilterChainDecorator$ObservationFilter.doFilter(ObservationFilterChainDecorator.java:227)
	at org.springframework.security.web.ObservationFilterChainDecorator$VirtualFilterChain.doFilter(ObservationFilterChainDecorator.java:137)
	at org.springframework.security.web.context.SecurityContextHolderFilter.doFilter(SecurityContextHolderFilter.java:82)
	at org.springframework.security.web.context.SecurityContextHolderFilter.doFilter(SecurityContextHolderFilter.java:69)
	at org.springframework.security.web.ObservationFilterChainDecorator$ObservationFilter.wrapFilter(ObservationFilterChainDecorator.java:240)
	at org.springframework.security.web.ObservationFilterChainDecorator$ObservationFilter.doFilter(ObservationFilterChainDecorator.java:227)
	at org.springframework.security.web.ObservationFilterChainDecorator$VirtualFilterChain.doFilter(ObservationFilterChainDecorator.java:137)
	at org.springframework.security.web.context.request.async.WebAsyncManagerIntegrationFilter.doFilterInternal(WebAsyncManagerIntegrationFilter.java:62)
	at org.springframework.web.filter.OncePerRequestFilter.doFilter(OncePerRequestFilter.java:116)
	at org.springframework.security.web.ObservationFilterChainDecorator$ObservationFilter.wrapFilter(ObservationFilterChainDecorator.java:240)
	at org.springframework.security.web.ObservationFilterChainDecorator$ObservationFilter.doFilter(ObservationFilterChainDecorator.java:227)
	at org.springframework.security.web.ObservationFilterChainDecorator$VirtualFilterChain.doFilter(ObservationFilterChainDecorator.java:137)
	at org.springframework.security.web.session.DisableEncodeUrlFilter.doFilterInternal(DisableEncodeUrlFilter.java:42)
	at org.springframework.web.filter.OncePerRequestFilter.doFilter(OncePerRequestFilter.java:116)
	at org.springframework.security.web.ObservationFilterChainDecorator$ObservationFilter.wrapFilter(ObservationFilterChainDecorator.java:240)
	at org.springframework.security.web.ObservationFilterChainDecorator$AroundFilterObservation$SimpleAroundFilterObservation.lambda$wrap$0(ObservationFilterChainDecorator.java:323)
	at org.springframework.security.web.ObservationFilterChainDecorator$ObservationFilter.doFilter(ObservationFilterChainDecorator.java:224)
	at org.springframework.security.web.ObservationFilterChainDecorator$VirtualFilterChain.doFilter(ObservationFilterChainDecorator.java:137)
	at org.springframework.security.web.FilterChainProxy.doFilterInternal(FilterChainProxy.java:233)
	at org.springframework.security.web.FilterChainProxy.doFilter(FilterChainProxy.java:191)
	at org.springframework.web.filter.CompositeFilter$VirtualFilterChain.doFilter(CompositeFilter.java:113)
	at org.springframework.web.servlet.handler.HandlerMappingIntrospector.lambda$createCacheFilter$3(HandlerMappingIntrospector.java:195)
	at org.springframework.web.filter.CompositeFilter$VirtualFilterChain.doFilter(CompositeFilter.java:113)
	at org.springframework.web.filter.CompositeFilter.doFilter(CompositeFilter.java:74)
	at org.springframework.security.config.annotation.web.configuration.WebMvcSecurityConfiguration$CompositeFilterChainProxy.doFilter(WebMvcSecurityConfiguration.java:230)
	at org.springframework.web.filter.DelegatingFilterProxy.invokeDelegate(DelegatingFilterProxy.java:352)
	at org.springframework.web.filter.DelegatingFilterProxy.doFilter(DelegatingFilterProxy.java:268)
	at org.apache.catalina.core.ApplicationFilterChain.internalDoFilter(ApplicationFilterChain.java:174)
	at org.apache.catalina.core.ApplicationFilterChain.doFilter(ApplicationFilterChain.java:149)
	at org.springframework.web.filter.RequestContextFilter.doFilterInternal(RequestContextFilter.java:100)
	at org.springframework.web.filter.OncePerRequestFilter.doFilter(OncePerRequestFilter.java:116)
	at org.apache.catalina.core.ApplicationFilterChain.internalDoFilter(ApplicationFilterChain.java:174)
	at org.apache.catalina.core.ApplicationFilterChain.doFilter(ApplicationFilterChain.java:149)
	at org.springframework.web.filter.FormContentFilter.doFilterInternal(FormContentFilter.java:93)
	at org.springframework.web.filter.OncePerRequestFilter.doFilter(OncePerRequestFilter.java:116)
	at org.apache.catalina.core.ApplicationFilterChain.internalDoFilter(ApplicationFilterChain.java:174)
	at org.apache.catalina.core.ApplicationFilterChain.doFilter(ApplicationFilterChain.java:149)
	at org.springframework.web.filter.ServerHttpObservationFilter.doFilterInternal(ServerHttpObservationFilter.java:109)
	at org.springframework.web.filter.OncePerRequestFilter.doFilter(OncePerRequestFilter.java:116)
	at org.apache.catalina.core.ApplicationFilterChain.internalDoFilter(ApplicationFilterChain.java:174)
	at org.apache.catalina.core.ApplicationFilterChain.doFilter(ApplicationFilterChain.java:149)
	at org.springframework.web.filter.CharacterEncodingFilter.doFilterInternal(CharacterEncodingFilter.java:201)
	at org.springframework.web.filter.OncePerRequestFilter.doFilter(OncePerRequestFilter.java:116)
	at org.apache.catalina.core.ApplicationFilterChain.internalDoFilter(ApplicationFilterChain.java:174)
	at org.apache.catalina.core.ApplicationFilterChain.doFilter(ApplicationFilterChain.java:149)
	at org.apache.catalina.core.StandardWrapperValve.invoke(StandardWrapperValve.java:167)
	at org.apache.catalina.core.StandardContextValve.invoke(StandardContextValve.java:90)
	at org.apache.catalina.authenticator.AuthenticatorBase.invoke(AuthenticatorBase.java:482)
	at org.apache.catalina.core.StandardHostValve.invoke(StandardHostValve.java:115)
	at org.apache.catalina.valves.ErrorReportValve.invoke(ErrorReportValve.java:93)
	at org.apache.catalina.core.StandardEngineValve.invoke(StandardEngineValve.java:74)
	at org.apache.catalina.connector.CoyoteAdapter.service(CoyoteAdapter.java:344)
	at org.apache.coyote.http11.Http11Processor.service(Http11Processor.java:391)
	at org.apache.coyote.AbstractProcessorLight.process(AbstractProcessorLight.java:63)
	at org.apache.coyote.AbstractProtocol$ConnectionHandler.process(AbstractProtocol.java:896)
	at org.apache.tomcat.util.net.NioEndpoint$SocketProcessor.doRun(NioEndpoint.java:1744)
	at org.apache.tomcat.util.net.SocketProcessorBase.run(SocketProcessorBase.java:52)
	at org.apache.tomcat.util.threads.ThreadPoolExecutor.runWorker(ThreadPoolExecutor.java:1191)
	at org.apache.tomcat.util.threads.ThreadPoolExecutor$Worker.run(ThreadPoolExecutor.java:659)
	at org.apache.tomcat.util.threads.TaskThread$WrappingRunnable.run(TaskThread.java:63)
	at java.base/java.lang.Thread.run(Thread.java:840)
2025-07-11 15:35:24 [http-nio-8082-exec-8] ERROR c.m.u.core.logging.LoggingService - Error al actualizar campo de usuario -ID id: 1
2025-07-11 15:35:24 [http-nio-8082-exec-8] DEBUG o.s.w.s.m.m.a.ExceptionHandlerExceptionResolver - Using @ExceptionHandler com.microserviceone.users.core.exception.GlobalExceptionHandler#handleUserNotFoundException(UserNotFoundException)
2025-07-11 15:35:24 [http-nio-8082-exec-8] DEBUG o.s.w.s.m.m.a.HttpEntityMethodProcessor - Using 'application/json', given [*/*] and supported [application/json, application/*+json]
2025-07-11 15:35:24 [http-nio-8082-exec-8] DEBUG o.s.w.s.m.m.a.HttpEntityMethodProcessor - Writing [{error=Usuario no encontrado, message=Usuario no encontrado con ID: 1, userId=1, timestamp=2025-07-1 (truncated)...]
2025-07-11 15:35:24 [http-nio-8082-exec-8] WARN  o.s.w.s.m.m.a.ExceptionHandlerExceptionResolver - Resolved [com.microserviceone.users.registrationApi.application.exception.UserNotFoundException: Usuario no encontrado con ID: 1]
2025-07-11 15:35:24 [http-nio-8082-exec-8] DEBUG o.s.web.servlet.DispatcherServlet - Completed 404 NOT_FOUND
2025-07-11 15:35:25 [AsyncReporter{org.springframework.boot.actuate.autoconfigure.tracing.zipkin.ZipkinWebClientSender@5a97b080}] DEBUG o.s.w.r.f.client.ExchangeFunctions - [354388cd] HTTP POST http://localhost:9411/api/v2/spans%20
2025-07-11 15:35:25 [http-nio-8082-exec-9] DEBUG c.m.u.core.logging.LoggingService - InternalJwtFilter: Procesando solicitud: /register/id/1
2025-07-11 15:35:25 [http-nio-8082-exec-9] DEBUG c.m.u.core.logging.LoggingService - InternalJwtFilter: Path '/register/id/1' requiere JWT: false
2025-07-11 15:35:25 [http-nio-8082-exec-9] DEBUG c.m.u.core.logging.LoggingService - InternalJwtFilter: Path no protegido, continuando sin validación JWT
2025-07-11 15:35:25 [http-nio-8082-exec-9] DEBUG o.s.web.servlet.DispatcherServlet - PATCH "/register/id/1", parameters={}
2025-07-11 15:35:25 [http-nio-8082-exec-9] DEBUG o.s.w.s.m.m.a.RequestMappingHandlerMapping - Mapped to com.microserviceone.users.registrationApi.web.controller.RegisterController#updateLastLogin(Long)
2025-07-11 15:35:25 [http-nio-8082-exec-9] INFO  c.m.u.core.logging.LoggingService - Iniciando actualización por id -id: 1
2025-07-11 15:35:25 [http-nio-8082-exec-9] INFO  c.m.u.core.logging.LoggingService - RegistrationService: Iniciando actualización por id -Id
2025-07-11 15:35:25 [http-nio-8082-exec-9] INFO  c.m.u.core.logging.LoggingService - Validando que exista user con el -ID id 1
2025-07-11 15:35:25 [http-nio-8082-exec-9] INFO  c.m.u.core.logging.LoggingService - Validando existencia de usuario con ID: 1
2025-07-11 15:35:25 [http-nio-8082-exec-9] INFO  c.m.u.core.logging.LoggingService - AdapterRegister: Buscando usuario en la base de datos por ID: 1
2025-07-11 15:35:25 [http-nio-8082-exec-9] WARN  c.m.u.core.logging.LoggingService - AdapterRegister: Usuario no encontrado en la base de datos - ID: 1
2025-07-11 15:35:25 [http-nio-8082-exec-9] ERROR c.m.u.core.logging.LoggingService - Usuario no encontrado con ID: 1
2025-07-11 15:35:25 [http-nio-8082-exec-9] DEBUG c.m.u.core.logging.LoggingService - Usuario no encontrado - ID: 1
2025-07-11 15:35:25 [http-nio-8082-exec-9] ERROR c.m.u.core.logging.LoggingService - Error al actualizar usuario con id -Id 1
com.microserviceone.users.registrationApi.application.exception.UserNotFoundException: Usuario no encontrado con ID: 1
	at com.microserviceone.users.registrationApi.application.usecase.ValidateExistUserUseCase.validateExist(ValidateExistUserUseCase.java:19)
	at com.microserviceone.users.registrationApi.application.usecase.UpdateLastLoginUseCase.updateLastLogin(UpdateLastLoginUseCase.java:25)
	at com.microserviceone.users.registrationApi.application.service.RegistrationService.updateLastLogin(RegistrationService.java:165)
	at com.microserviceone.users.registrationApi.web.controller.RegisterController.updateLastLogin(RegisterController.java:383)
	at java.base/jdk.internal.reflect.NativeMethodAccessorImpl.invoke0(Native Method)
	at java.base/jdk.internal.reflect.NativeMethodAccessorImpl.invoke(NativeMethodAccessorImpl.java:77)
	at java.base/jdk.internal.reflect.DelegatingMethodAccessorImpl.invoke(DelegatingMethodAccessorImpl.java:43)
	at java.base/java.lang.reflect.Method.invoke(Method.java:569)
	at org.springframework.web.method.support.InvocableHandlerMethod.doInvoke(InvocableHandlerMethod.java:259)
	at org.springframework.web.method.support.InvocableHandlerMethod.invokeForRequest(InvocableHandlerMethod.java:192)
	at org.springframework.web.servlet.mvc.method.annotation.ServletInvocableHandlerMethod.invokeAndHandle(ServletInvocableHandlerMethod.java:118)
	at org.springframework.web.servlet.mvc.method.annotation.RequestMappingHandlerAdapter.invokeHandlerMethod(RequestMappingHandlerAdapter.java:920)
	at org.springframework.web.servlet.mvc.method.annotation.RequestMappingHandlerAdapter.handleInternal(RequestMappingHandlerAdapter.java:830)
	at org.springframework.web.servlet.mvc.method.AbstractHandlerMethodAdapter.handle(AbstractHandlerMethodAdapter.java:87)
	at org.springframework.web.servlet.DispatcherServlet.doDispatch(DispatcherServlet.java:1089)
	at org.springframework.web.servlet.DispatcherServlet.doService(DispatcherServlet.java:979)
	at org.springframework.web.servlet.FrameworkServlet.processRequest(FrameworkServlet.java:1014)
	at org.springframework.web.servlet.FrameworkServlet.service(FrameworkServlet.java:888)
	at jakarta.servlet.http.HttpServlet.service(HttpServlet.java:658)
	at org.apache.catalina.core.ApplicationFilterChain.internalDoFilter(ApplicationFilterChain.java:205)
	at org.apache.catalina.core.ApplicationFilterChain.doFilter(ApplicationFilterChain.java:149)
	at org.apache.tomcat.websocket.server.WsFilter.doFilter(WsFilter.java:51)
	at org.apache.catalina.core.ApplicationFilterChain.internalDoFilter(ApplicationFilterChain.java:174)
	at org.apache.catalina.core.ApplicationFilterChain.doFilter(ApplicationFilterChain.java:149)
	at org.springframework.web.filter.OncePerRequestFilter.doFilter(OncePerRequestFilter.java:110)
	at org.apache.catalina.core.ApplicationFilterChain.internalDoFilter(ApplicationFilterChain.java:174)
	at org.apache.catalina.core.ApplicationFilterChain.doFilter(ApplicationFilterChain.java:149)
	at org.springframework.web.filter.CompositeFilter$VirtualFilterChain.doFilter(CompositeFilter.java:108)
	at org.springframework.security.web.FilterChainProxy.lambda$doFilterInternal$3(FilterChainProxy.java:231)
	at org.springframework.security.web.ObservationFilterChainDecorator$FilterObservation$SimpleFilterObservation.lambda$wrap$1(ObservationFilterChainDecorator.java:479)
	at org.springframework.security.web.ObservationFilterChainDecorator$AroundFilterObservation$SimpleAroundFilterObservation.lambda$wrap$1(ObservationFilterChainDecorator.java:340)
	at org.springframework.security.web.ObservationFilterChainDecorator.lambda$wrapSecured$0(ObservationFilterChainDecorator.java:82)
	at org.springframework.security.web.ObservationFilterChainDecorator$VirtualFilterChain.doFilter(ObservationFilterChainDecorator.java:128)
	at org.springframework.security.web.access.intercept.AuthorizationFilter.doFilter(AuthorizationFilter.java:100)
	at org.springframework.security.web.ObservationFilterChainDecorator$ObservationFilter.wrapFilter(ObservationFilterChainDecorator.java:240)
	at org.springframework.security.web.ObservationFilterChainDecorator$ObservationFilter.doFilter(ObservationFilterChainDecorator.java:227)
	at org.springframework.security.web.ObservationFilterChainDecorator$VirtualFilterChain.doFilter(ObservationFilterChainDecorator.java:137)
	at org.springframework.security.web.access.ExceptionTranslationFilter.doFilter(ExceptionTranslationFilter.java:126)
	at org.springframework.security.web.access.ExceptionTranslationFilter.doFilter(ExceptionTranslationFilter.java:120)
	at org.springframework.security.web.ObservationFilterChainDecorator$ObservationFilter.wrapFilter(ObservationFilterChainDecorator.java:240)
	at org.springframework.security.web.ObservationFilterChainDecorator$ObservationFilter.doFilter(ObservationFilterChainDecorator.java:227)
	at org.springframework.security.web.ObservationFilterChainDecorator$VirtualFilterChain.doFilter(ObservationFilterChainDecorator.java:137)
	at org.springframework.security.web.authentication.AnonymousAuthenticationFilter.doFilter(AnonymousAuthenticationFilter.java:100)
	at org.springframework.security.web.ObservationFilterChainDecorator$ObservationFilter.wrapFilter(ObservationFilterChainDecorator.java:240)
	at org.springframework.security.web.ObservationFilterChainDecorator$ObservationFilter.doFilter(ObservationFilterChainDecorator.java:227)
	at org.springframework.security.web.ObservationFilterChainDecorator$VirtualFilterChain.doFilter(ObservationFilterChainDecorator.java:137)
	at org.springframework.security.web.servletapi.SecurityContextHolderAwareRequestFilter.doFilter(SecurityContextHolderAwareRequestFilter.java:179)
	at org.springframework.security.web.ObservationFilterChainDecorator$ObservationFilter.wrapFilter(ObservationFilterChainDecorator.java:240)
	at org.springframework.security.web.ObservationFilterChainDecorator$ObservationFilter.doFilter(ObservationFilterChainDecorator.java:227)
	at org.springframework.security.web.ObservationFilterChainDecorator$VirtualFilterChain.doFilter(ObservationFilterChainDecorator.java:137)
	at org.springframework.security.web.savedrequest.RequestCacheAwareFilter.doFilter(RequestCacheAwareFilter.java:63)
	at org.springframework.security.web.ObservationFilterChainDecorator$ObservationFilter.wrapFilter(ObservationFilterChainDecorator.java:240)
	at org.springframework.security.web.ObservationFilterChainDecorator$ObservationFilter.doFilter(ObservationFilterChainDecorator.java:227)
	at org.springframework.security.web.ObservationFilterChainDecorator$VirtualFilterChain.doFilter(ObservationFilterChainDecorator.java:137)
	at com.microserviceone.users.core.config.internalSecurity.InternalJwtFilter.doFilterInternal(InternalJwtFilter.java:51)
	at org.springframework.web.filter.OncePerRequestFilter.doFilter(OncePerRequestFilter.java:116)
	at org.springframework.security.web.ObservationFilterChainDecorator$ObservationFilter.wrapFilter(ObservationFilterChainDecorator.java:240)
	at org.springframework.security.web.ObservationFilterChainDecorator$ObservationFilter.doFilter(ObservationFilterChainDecorator.java:227)
	at org.springframework.security.web.ObservationFilterChainDecorator$VirtualFilterChain.doFilter(ObservationFilterChainDecorator.java:137)
	at org.springframework.security.web.authentication.logout.LogoutFilter.doFilter(LogoutFilter.java:107)
	at org.springframework.security.web.authentication.logout.LogoutFilter.doFilter(LogoutFilter.java:93)
	at org.springframework.security.web.ObservationFilterChainDecorator$ObservationFilter.wrapFilter(ObservationFilterChainDecorator.java:240)
	at org.springframework.security.web.ObservationFilterChainDecorator$ObservationFilter.doFilter(ObservationFilterChainDecorator.java:227)
	at org.springframework.security.web.ObservationFilterChainDecorator$VirtualFilterChain.doFilter(ObservationFilterChainDecorator.java:137)
	at org.springframework.web.filter.CorsFilter.doFilterInternal(CorsFilter.java:91)
	at org.springframework.web.filter.OncePerRequestFilter.doFilter(OncePerRequestFilter.java:116)
	at org.springframework.security.web.ObservationFilterChainDecorator$ObservationFilter.wrapFilter(ObservationFilterChainDecorator.java:240)
	at org.springframework.security.web.ObservationFilterChainDecorator$ObservationFilter.doFilter(ObservationFilterChainDecorator.java:227)
	at org.springframework.security.web.ObservationFilterChainDecorator$VirtualFilterChain.doFilter(ObservationFilterChainDecorator.java:137)
	at org.springframework.security.web.header.HeaderWriterFilter.doHeadersAfter(HeaderWriterFilter.java:90)
	at org.springframework.security.web.header.HeaderWriterFilter.doFilterInternal(HeaderWriterFilter.java:75)
	at org.springframework.web.filter.OncePerRequestFilter.doFilter(OncePerRequestFilter.java:116)
	at org.springframework.security.web.ObservationFilterChainDecorator$ObservationFilter.wrapFilter(ObservationFilterChainDecorator.java:240)
	at org.springframework.security.web.ObservationFilterChainDecorator$ObservationFilter.doFilter(ObservationFilterChainDecorator.java:227)
	at org.springframework.security.web.ObservationFilterChainDecorator$VirtualFilterChain.doFilter(ObservationFilterChainDecorator.java:137)
	at org.springframework.security.web.context.SecurityContextHolderFilter.doFilter(SecurityContextHolderFilter.java:82)
	at org.springframework.security.web.context.SecurityContextHolderFilter.doFilter(SecurityContextHolderFilter.java:69)
	at org.springframework.security.web.ObservationFilterChainDecorator$ObservationFilter.wrapFilter(ObservationFilterChainDecorator.java:240)
	at org.springframework.security.web.ObservationFilterChainDecorator$ObservationFilter.doFilter(ObservationFilterChainDecorator.java:227)
	at org.springframework.security.web.ObservationFilterChainDecorator$VirtualFilterChain.doFilter(ObservationFilterChainDecorator.java:137)
	at org.springframework.security.web.context.request.async.WebAsyncManagerIntegrationFilter.doFilterInternal(WebAsyncManagerIntegrationFilter.java:62)
	at org.springframework.web.filter.OncePerRequestFilter.doFilter(OncePerRequestFilter.java:116)
	at org.springframework.security.web.ObservationFilterChainDecorator$ObservationFilter.wrapFilter(ObservationFilterChainDecorator.java:240)
	at org.springframework.security.web.ObservationFilterChainDecorator$ObservationFilter.doFilter(ObservationFilterChainDecorator.java:227)
	at org.springframework.security.web.ObservationFilterChainDecorator$VirtualFilterChain.doFilter(ObservationFilterChainDecorator.java:137)
	at org.springframework.security.web.session.DisableEncodeUrlFilter.doFilterInternal(DisableEncodeUrlFilter.java:42)
	at org.springframework.web.filter.OncePerRequestFilter.doFilter(OncePerRequestFilter.java:116)
	at org.springframework.security.web.ObservationFilterChainDecorator$ObservationFilter.wrapFilter(ObservationFilterChainDecorator.java:240)
	at org.springframework.security.web.ObservationFilterChainDecorator$AroundFilterObservation$SimpleAroundFilterObservation.lambda$wrap$0(ObservationFilterChainDecorator.java:323)
	at org.springframework.security.web.ObservationFilterChainDecorator$ObservationFilter.doFilter(ObservationFilterChainDecorator.java:224)
	at org.springframework.security.web.ObservationFilterChainDecorator$VirtualFilterChain.doFilter(ObservationFilterChainDecorator.java:137)
	at org.springframework.security.web.FilterChainProxy.doFilterInternal(FilterChainProxy.java:233)
	at org.springframework.security.web.FilterChainProxy.doFilter(FilterChainProxy.java:191)
	at org.springframework.web.filter.CompositeFilter$VirtualFilterChain.doFilter(CompositeFilter.java:113)
	at org.springframework.web.servlet.handler.HandlerMappingIntrospector.lambda$createCacheFilter$3(HandlerMappingIntrospector.java:195)
	at org.springframework.web.filter.CompositeFilter$VirtualFilterChain.doFilter(CompositeFilter.java:113)
	at org.springframework.web.filter.CompositeFilter.doFilter(CompositeFilter.java:74)
	at org.springframework.security.config.annotation.web.configuration.WebMvcSecurityConfiguration$CompositeFilterChainProxy.doFilter(WebMvcSecurityConfiguration.java:230)
	at org.springframework.web.filter.DelegatingFilterProxy.invokeDelegate(DelegatingFilterProxy.java:352)
	at org.springframework.web.filter.DelegatingFilterProxy.doFilter(DelegatingFilterProxy.java:268)
	at org.apache.catalina.core.ApplicationFilterChain.internalDoFilter(ApplicationFilterChain.java:174)
	at org.apache.catalina.core.ApplicationFilterChain.doFilter(ApplicationFilterChain.java:149)
	at org.springframework.web.filter.RequestContextFilter.doFilterInternal(RequestContextFilter.java:100)
	at org.springframework.web.filter.OncePerRequestFilter.doFilter(OncePerRequestFilter.java:116)
	at org.apache.catalina.core.ApplicationFilterChain.internalDoFilter(ApplicationFilterChain.java:174)
	at org.apache.catalina.core.ApplicationFilterChain.doFilter(ApplicationFilterChain.java:149)
	at org.springframework.web.filter.FormContentFilter.doFilterInternal(FormContentFilter.java:93)
	at org.springframework.web.filter.OncePerRequestFilter.doFilter(OncePerRequestFilter.java:116)
	at org.apache.catalina.core.ApplicationFilterChain.internalDoFilter(ApplicationFilterChain.java:174)
	at org.apache.catalina.core.ApplicationFilterChain.doFilter(ApplicationFilterChain.java:149)
	at org.springframework.web.filter.ServerHttpObservationFilter.doFilterInternal(ServerHttpObservationFilter.java:109)
	at org.springframework.web.filter.OncePerRequestFilter.doFilter(OncePerRequestFilter.java:116)
	at org.apache.catalina.core.ApplicationFilterChain.internalDoFilter(ApplicationFilterChain.java:174)
	at org.apache.catalina.core.ApplicationFilterChain.doFilter(ApplicationFilterChain.java:149)
	at org.springframework.web.filter.CharacterEncodingFilter.doFilterInternal(CharacterEncodingFilter.java:201)
	at org.springframework.web.filter.OncePerRequestFilter.doFilter(OncePerRequestFilter.java:116)
	at org.apache.catalina.core.ApplicationFilterChain.internalDoFilter(ApplicationFilterChain.java:174)
	at org.apache.catalina.core.ApplicationFilterChain.doFilter(ApplicationFilterChain.java:149)
	at org.apache.catalina.core.StandardWrapperValve.invoke(StandardWrapperValve.java:167)
	at org.apache.catalina.core.StandardContextValve.invoke(StandardContextValve.java:90)
	at org.apache.catalina.authenticator.AuthenticatorBase.invoke(AuthenticatorBase.java:482)
	at org.apache.catalina.core.StandardHostValve.invoke(StandardHostValve.java:115)
	at org.apache.catalina.valves.ErrorReportValve.invoke(ErrorReportValve.java:93)
	at org.apache.catalina.core.StandardEngineValve.invoke(StandardEngineValve.java:74)
	at org.apache.catalina.connector.CoyoteAdapter.service(CoyoteAdapter.java:344)
	at org.apache.coyote.http11.Http11Processor.service(Http11Processor.java:391)
	at org.apache.coyote.AbstractProcessorLight.process(AbstractProcessorLight.java:63)
	at org.apache.coyote.AbstractProtocol$ConnectionHandler.process(AbstractProtocol.java:896)
	at org.apache.tomcat.util.net.NioEndpoint$SocketProcessor.doRun(NioEndpoint.java:1744)
	at org.apache.tomcat.util.net.SocketProcessorBase.run(SocketProcessorBase.java:52)
	at org.apache.tomcat.util.threads.ThreadPoolExecutor.runWorker(ThreadPoolExecutor.java:1191)
	at org.apache.tomcat.util.threads.ThreadPoolExecutor$Worker.run(ThreadPoolExecutor.java:659)
	at org.apache.tomcat.util.threads.TaskThread$WrappingRunnable.run(TaskThread.java:63)
	at java.base/java.lang.Thread.run(Thread.java:840)
2025-07-11 15:35:25 [http-nio-8082-exec-9] ERROR c.m.u.core.logging.LoggingService - Error al actualizar campo de usuario -ID id: 1
2025-07-11 15:35:25 [http-nio-8082-exec-9] DEBUG o.s.w.s.m.m.a.ExceptionHandlerExceptionResolver - Using @ExceptionHandler com.microserviceone.users.core.exception.GlobalExceptionHandler#handleUserNotFoundException(UserNotFoundException)
2025-07-11 15:35:25 [http-nio-8082-exec-9] DEBUG o.s.w.s.m.m.a.HttpEntityMethodProcessor - Using 'application/json', given [*/*] and supported [application/json, application/*+json]
2025-07-11 15:35:25 [http-nio-8082-exec-9] DEBUG o.s.w.s.m.m.a.HttpEntityMethodProcessor - Writing [{error=Usuario no encontrado, message=Usuario no encontrado con ID: 1, userId=1, timestamp=2025-07-1 (truncated)...]
2025-07-11 15:35:25 [http-nio-8082-exec-9] WARN  o.s.w.s.m.m.a.ExceptionHandlerExceptionResolver - Resolved [com.microserviceone.users.registrationApi.application.exception.UserNotFoundException: Usuario no encontrado con ID: 1]
2025-07-11 15:35:25 [http-nio-8082-exec-9] DEBUG o.s.web.servlet.DispatcherServlet - Completed 404 NOT_FOUND
2025-07-11 15:35:26 [AsyncReporter{org.springframework.boot.actuate.autoconfigure.tracing.zipkin.ZipkinWebClientSender@5a97b080}] DEBUG o.s.w.r.f.client.ExchangeFunctions - [5ffded91] HTTP POST http://localhost:9411/api/v2/spans%20
2025-07-11 15:35:26 [http-nio-8082-exec-10] DEBUG c.m.u.core.logging.LoggingService - InternalJwtFilter: Procesando solicitud: /register/id/1
2025-07-11 15:35:26 [http-nio-8082-exec-10] DEBUG c.m.u.core.logging.LoggingService - InternalJwtFilter: Path '/register/id/1' requiere JWT: false
2025-07-11 15:35:26 [http-nio-8082-exec-10] DEBUG c.m.u.core.logging.LoggingService - InternalJwtFilter: Path no protegido, continuando sin validación JWT
2025-07-11 15:35:26 [http-nio-8082-exec-10] DEBUG o.s.web.servlet.DispatcherServlet - PATCH "/register/id/1", parameters={}
2025-07-11 15:35:26 [http-nio-8082-exec-10] DEBUG o.s.w.s.m.m.a.RequestMappingHandlerMapping - Mapped to com.microserviceone.users.registrationApi.web.controller.RegisterController#updateLastLogin(Long)
2025-07-11 15:35:26 [http-nio-8082-exec-10] INFO  c.m.u.core.logging.LoggingService - Iniciando actualización por id -id: 1
2025-07-11 15:35:26 [http-nio-8082-exec-10] INFO  c.m.u.core.logging.LoggingService - RegistrationService: Iniciando actualización por id -Id
2025-07-11 15:35:26 [http-nio-8082-exec-10] INFO  c.m.u.core.logging.LoggingService - Validando que exista user con el -ID id 1
2025-07-11 15:35:26 [http-nio-8082-exec-10] INFO  c.m.u.core.logging.LoggingService - Validando existencia de usuario con ID: 1
2025-07-11 15:35:26 [http-nio-8082-exec-10] INFO  c.m.u.core.logging.LoggingService - AdapterRegister: Buscando usuario en la base de datos por ID: 1
2025-07-11 15:35:26 [http-nio-8082-exec-10] WARN  c.m.u.core.logging.LoggingService - AdapterRegister: Usuario no encontrado en la base de datos - ID: 1
2025-07-11 15:35:26 [http-nio-8082-exec-10] ERROR c.m.u.core.logging.LoggingService - Usuario no encontrado con ID: 1
2025-07-11 15:35:26 [http-nio-8082-exec-10] DEBUG c.m.u.core.logging.LoggingService - Usuario no encontrado - ID: 1
2025-07-11 15:35:26 [http-nio-8082-exec-10] ERROR c.m.u.core.logging.LoggingService - Error al actualizar usuario con id -Id 1
com.microserviceone.users.registrationApi.application.exception.UserNotFoundException: Usuario no encontrado con ID: 1
	at com.microserviceone.users.registrationApi.application.usecase.ValidateExistUserUseCase.validateExist(ValidateExistUserUseCase.java:19)
	at com.microserviceone.users.registrationApi.application.usecase.UpdateLastLoginUseCase.updateLastLogin(UpdateLastLoginUseCase.java:25)
	at com.microserviceone.users.registrationApi.application.service.RegistrationService.updateLastLogin(RegistrationService.java:165)
	at com.microserviceone.users.registrationApi.web.controller.RegisterController.updateLastLogin(RegisterController.java:383)
	at java.base/jdk.internal.reflect.NativeMethodAccessorImpl.invoke0(Native Method)
	at java.base/jdk.internal.reflect.NativeMethodAccessorImpl.invoke(NativeMethodAccessorImpl.java:77)
	at java.base/jdk.internal.reflect.DelegatingMethodAccessorImpl.invoke(DelegatingMethodAccessorImpl.java:43)
	at java.base/java.lang.reflect.Method.invoke(Method.java:569)
	at org.springframework.web.method.support.InvocableHandlerMethod.doInvoke(InvocableHandlerMethod.java:259)
	at org.springframework.web.method.support.InvocableHandlerMethod.invokeForRequest(InvocableHandlerMethod.java:192)
	at org.springframework.web.servlet.mvc.method.annotation.ServletInvocableHandlerMethod.invokeAndHandle(ServletInvocableHandlerMethod.java:118)
	at org.springframework.web.servlet.mvc.method.annotation.RequestMappingHandlerAdapter.invokeHandlerMethod(RequestMappingHandlerAdapter.java:920)
	at org.springframework.web.servlet.mvc.method.annotation.RequestMappingHandlerAdapter.handleInternal(RequestMappingHandlerAdapter.java:830)
	at org.springframework.web.servlet.mvc.method.AbstractHandlerMethodAdapter.handle(AbstractHandlerMethodAdapter.java:87)
	at org.springframework.web.servlet.DispatcherServlet.doDispatch(DispatcherServlet.java:1089)
	at org.springframework.web.servlet.DispatcherServlet.doService(DispatcherServlet.java:979)
	at org.springframework.web.servlet.FrameworkServlet.processRequest(FrameworkServlet.java:1014)
	at org.springframework.web.servlet.FrameworkServlet.service(FrameworkServlet.java:888)
	at jakarta.servlet.http.HttpServlet.service(HttpServlet.java:658)
	at org.apache.catalina.core.ApplicationFilterChain.internalDoFilter(ApplicationFilterChain.java:205)
	at org.apache.catalina.core.ApplicationFilterChain.doFilter(ApplicationFilterChain.java:149)
	at org.apache.tomcat.websocket.server.WsFilter.doFilter(WsFilter.java:51)
	at org.apache.catalina.core.ApplicationFilterChain.internalDoFilter(ApplicationFilterChain.java:174)
	at org.apache.catalina.core.ApplicationFilterChain.doFilter(ApplicationFilterChain.java:149)
	at org.springframework.web.filter.OncePerRequestFilter.doFilter(OncePerRequestFilter.java:110)
	at org.apache.catalina.core.ApplicationFilterChain.internalDoFilter(ApplicationFilterChain.java:174)
	at org.apache.catalina.core.ApplicationFilterChain.doFilter(ApplicationFilterChain.java:149)
	at org.springframework.web.filter.CompositeFilter$VirtualFilterChain.doFilter(CompositeFilter.java:108)
	at org.springframework.security.web.FilterChainProxy.lambda$doFilterInternal$3(FilterChainProxy.java:231)
	at org.springframework.security.web.ObservationFilterChainDecorator$FilterObservation$SimpleFilterObservation.lambda$wrap$1(ObservationFilterChainDecorator.java:479)
	at org.springframework.security.web.ObservationFilterChainDecorator$AroundFilterObservation$SimpleAroundFilterObservation.lambda$wrap$1(ObservationFilterChainDecorator.java:340)
	at org.springframework.security.web.ObservationFilterChainDecorator.lambda$wrapSecured$0(ObservationFilterChainDecorator.java:82)
	at org.springframework.security.web.ObservationFilterChainDecorator$VirtualFilterChain.doFilter(ObservationFilterChainDecorator.java:128)
	at org.springframework.security.web.access.intercept.AuthorizationFilter.doFilter(AuthorizationFilter.java:100)
	at org.springframework.security.web.ObservationFilterChainDecorator$ObservationFilter.wrapFilter(ObservationFilterChainDecorator.java:240)
	at org.springframework.security.web.ObservationFilterChainDecorator$ObservationFilter.doFilter(ObservationFilterChainDecorator.java:227)
	at org.springframework.security.web.ObservationFilterChainDecorator$VirtualFilterChain.doFilter(ObservationFilterChainDecorator.java:137)
	at org.springframework.security.web.access.ExceptionTranslationFilter.doFilter(ExceptionTranslationFilter.java:126)
	at org.springframework.security.web.access.ExceptionTranslationFilter.doFilter(ExceptionTranslationFilter.java:120)
	at org.springframework.security.web.ObservationFilterChainDecorator$ObservationFilter.wrapFilter(ObservationFilterChainDecorator.java:240)
	at org.springframework.security.web.ObservationFilterChainDecorator$ObservationFilter.doFilter(ObservationFilterChainDecorator.java:227)
	at org.springframework.security.web.ObservationFilterChainDecorator$VirtualFilterChain.doFilter(ObservationFilterChainDecorator.java:137)
	at org.springframework.security.web.authentication.AnonymousAuthenticationFilter.doFilter(AnonymousAuthenticationFilter.java:100)
	at org.springframework.security.web.ObservationFilterChainDecorator$ObservationFilter.wrapFilter(ObservationFilterChainDecorator.java:240)
	at org.springframework.security.web.ObservationFilterChainDecorator$ObservationFilter.doFilter(ObservationFilterChainDecorator.java:227)
	at org.springframework.security.web.ObservationFilterChainDecorator$VirtualFilterChain.doFilter(ObservationFilterChainDecorator.java:137)
	at org.springframework.security.web.servletapi.SecurityContextHolderAwareRequestFilter.doFilter(SecurityContextHolderAwareRequestFilter.java:179)
	at org.springframework.security.web.ObservationFilterChainDecorator$ObservationFilter.wrapFilter(ObservationFilterChainDecorator.java:240)
	at org.springframework.security.web.ObservationFilterChainDecorator$ObservationFilter.doFilter(ObservationFilterChainDecorator.java:227)
	at org.springframework.security.web.ObservationFilterChainDecorator$VirtualFilterChain.doFilter(ObservationFilterChainDecorator.java:137)
	at org.springframework.security.web.savedrequest.RequestCacheAwareFilter.doFilter(RequestCacheAwareFilter.java:63)
	at org.springframework.security.web.ObservationFilterChainDecorator$ObservationFilter.wrapFilter(ObservationFilterChainDecorator.java:240)
	at org.springframework.security.web.ObservationFilterChainDecorator$ObservationFilter.doFilter(ObservationFilterChainDecorator.java:227)
	at org.springframework.security.web.ObservationFilterChainDecorator$VirtualFilterChain.doFilter(ObservationFilterChainDecorator.java:137)
	at com.microserviceone.users.core.config.internalSecurity.InternalJwtFilter.doFilterInternal(InternalJwtFilter.java:51)
	at org.springframework.web.filter.OncePerRequestFilter.doFilter(OncePerRequestFilter.java:116)
	at org.springframework.security.web.ObservationFilterChainDecorator$ObservationFilter.wrapFilter(ObservationFilterChainDecorator.java:240)
	at org.springframework.security.web.ObservationFilterChainDecorator$ObservationFilter.doFilter(ObservationFilterChainDecorator.java:227)
	at org.springframework.security.web.ObservationFilterChainDecorator$VirtualFilterChain.doFilter(ObservationFilterChainDecorator.java:137)
	at org.springframework.security.web.authentication.logout.LogoutFilter.doFilter(LogoutFilter.java:107)
	at org.springframework.security.web.authentication.logout.LogoutFilter.doFilter(LogoutFilter.java:93)
	at org.springframework.security.web.ObservationFilterChainDecorator$ObservationFilter.wrapFilter(ObservationFilterChainDecorator.java:240)
	at org.springframework.security.web.ObservationFilterChainDecorator$ObservationFilter.doFilter(ObservationFilterChainDecorator.java:227)
	at org.springframework.security.web.ObservationFilterChainDecorator$VirtualFilterChain.doFilter(ObservationFilterChainDecorator.java:137)
	at org.springframework.web.filter.CorsFilter.doFilterInternal(CorsFilter.java:91)
	at org.springframework.web.filter.OncePerRequestFilter.doFilter(OncePerRequestFilter.java:116)
	at org.springframework.security.web.ObservationFilterChainDecorator$ObservationFilter.wrapFilter(ObservationFilterChainDecorator.java:240)
	at org.springframework.security.web.ObservationFilterChainDecorator$ObservationFilter.doFilter(ObservationFilterChainDecorator.java:227)
	at org.springframework.security.web.ObservationFilterChainDecorator$VirtualFilterChain.doFilter(ObservationFilterChainDecorator.java:137)
	at org.springframework.security.web.header.HeaderWriterFilter.doHeadersAfter(HeaderWriterFilter.java:90)
	at org.springframework.security.web.header.HeaderWriterFilter.doFilterInternal(HeaderWriterFilter.java:75)
	at org.springframework.web.filter.OncePerRequestFilter.doFilter(OncePerRequestFilter.java:116)
	at org.springframework.security.web.ObservationFilterChainDecorator$ObservationFilter.wrapFilter(ObservationFilterChainDecorator.java:240)
	at org.springframework.security.web.ObservationFilterChainDecorator$ObservationFilter.doFilter(ObservationFilterChainDecorator.java:227)
	at org.springframework.security.web.ObservationFilterChainDecorator$VirtualFilterChain.doFilter(ObservationFilterChainDecorator.java:137)
	at org.springframework.security.web.context.SecurityContextHolderFilter.doFilter(SecurityContextHolderFilter.java:82)
	at org.springframework.security.web.context.SecurityContextHolderFilter.doFilter(SecurityContextHolderFilter.java:69)
	at org.springframework.security.web.ObservationFilterChainDecorator$ObservationFilter.wrapFilter(ObservationFilterChainDecorator.java:240)
	at org.springframework.security.web.ObservationFilterChainDecorator$ObservationFilter.doFilter(ObservationFilterChainDecorator.java:227)
	at org.springframework.security.web.ObservationFilterChainDecorator$VirtualFilterChain.doFilter(ObservationFilterChainDecorator.java:137)
	at org.springframework.security.web.context.request.async.WebAsyncManagerIntegrationFilter.doFilterInternal(WebAsyncManagerIntegrationFilter.java:62)
	at org.springframework.web.filter.OncePerRequestFilter.doFilter(OncePerRequestFilter.java:116)
	at org.springframework.security.web.ObservationFilterChainDecorator$ObservationFilter.wrapFilter(ObservationFilterChainDecorator.java:240)
	at org.springframework.security.web.ObservationFilterChainDecorator$ObservationFilter.doFilter(ObservationFilterChainDecorator.java:227)
	at org.springframework.security.web.ObservationFilterChainDecorator$VirtualFilterChain.doFilter(ObservationFilterChainDecorator.java:137)
	at org.springframework.security.web.session.DisableEncodeUrlFilter.doFilterInternal(DisableEncodeUrlFilter.java:42)
	at org.springframework.web.filter.OncePerRequestFilter.doFilter(OncePerRequestFilter.java:116)
	at org.springframework.security.web.ObservationFilterChainDecorator$ObservationFilter.wrapFilter(ObservationFilterChainDecorator.java:240)
	at org.springframework.security.web.ObservationFilterChainDecorator$AroundFilterObservation$SimpleAroundFilterObservation.lambda$wrap$0(ObservationFilterChainDecorator.java:323)
	at org.springframework.security.web.ObservationFilterChainDecorator$ObservationFilter.doFilter(ObservationFilterChainDecorator.java:224)
	at org.springframework.security.web.ObservationFilterChainDecorator$VirtualFilterChain.doFilter(ObservationFilterChainDecorator.java:137)
	at org.springframework.security.web.FilterChainProxy.doFilterInternal(FilterChainProxy.java:233)
	at org.springframework.security.web.FilterChainProxy.doFilter(FilterChainProxy.java:191)
	at org.springframework.web.filter.CompositeFilter$VirtualFilterChain.doFilter(CompositeFilter.java:113)
	at org.springframework.web.servlet.handler.HandlerMappingIntrospector.lambda$createCacheFilter$3(HandlerMappingIntrospector.java:195)
	at org.springframework.web.filter.CompositeFilter$VirtualFilterChain.doFilter(CompositeFilter.java:113)
	at org.springframework.web.filter.CompositeFilter.doFilter(CompositeFilter.java:74)
	at org.springframework.security.config.annotation.web.configuration.WebMvcSecurityConfiguration$CompositeFilterChainProxy.doFilter(WebMvcSecurityConfiguration.java:230)
	at org.springframework.web.filter.DelegatingFilterProxy.invokeDelegate(DelegatingFilterProxy.java:352)
	at org.springframework.web.filter.DelegatingFilterProxy.doFilter(DelegatingFilterProxy.java:268)
	at org.apache.catalina.core.ApplicationFilterChain.internalDoFilter(ApplicationFilterChain.java:174)
	at org.apache.catalina.core.ApplicationFilterChain.doFilter(ApplicationFilterChain.java:149)
	at org.springframework.web.filter.RequestContextFilter.doFilterInternal(RequestContextFilter.java:100)
	at org.springframework.web.filter.OncePerRequestFilter.doFilter(OncePerRequestFilter.java:116)
	at org.apache.catalina.core.ApplicationFilterChain.internalDoFilter(ApplicationFilterChain.java:174)
	at org.apache.catalina.core.ApplicationFilterChain.doFilter(ApplicationFilterChain.java:149)
	at org.springframework.web.filter.FormContentFilter.doFilterInternal(FormContentFilter.java:93)
	at org.springframework.web.filter.OncePerRequestFilter.doFilter(OncePerRequestFilter.java:116)
	at org.apache.catalina.core.ApplicationFilterChain.internalDoFilter(ApplicationFilterChain.java:174)
	at org.apache.catalina.core.ApplicationFilterChain.doFilter(ApplicationFilterChain.java:149)
	at org.springframework.web.filter.ServerHttpObservationFilter.doFilterInternal(ServerHttpObservationFilter.java:109)
	at org.springframework.web.filter.OncePerRequestFilter.doFilter(OncePerRequestFilter.java:116)
	at org.apache.catalina.core.ApplicationFilterChain.internalDoFilter(ApplicationFilterChain.java:174)
	at org.apache.catalina.core.ApplicationFilterChain.doFilter(ApplicationFilterChain.java:149)
	at org.springframework.web.filter.CharacterEncodingFilter.doFilterInternal(CharacterEncodingFilter.java:201)
	at org.springframework.web.filter.OncePerRequestFilter.doFilter(OncePerRequestFilter.java:116)
	at org.apache.catalina.core.ApplicationFilterChain.internalDoFilter(ApplicationFilterChain.java:174)
	at org.apache.catalina.core.ApplicationFilterChain.doFilter(ApplicationFilterChain.java:149)
	at org.apache.catalina.core.StandardWrapperValve.invoke(StandardWrapperValve.java:167)
	at org.apache.catalina.core.StandardContextValve.invoke(StandardContextValve.java:90)
	at org.apache.catalina.authenticator.AuthenticatorBase.invoke(AuthenticatorBase.java:482)
	at org.apache.catalina.core.StandardHostValve.invoke(StandardHostValve.java:115)
	at org.apache.catalina.valves.ErrorReportValve.invoke(ErrorReportValve.java:93)
	at org.apache.catalina.core.StandardEngineValve.invoke(StandardEngineValve.java:74)
	at org.apache.catalina.connector.CoyoteAdapter.service(CoyoteAdapter.java:344)
	at org.apache.coyote.http11.Http11Processor.service(Http11Processor.java:391)
	at org.apache.coyote.AbstractProcessorLight.process(AbstractProcessorLight.java:63)
	at org.apache.coyote.AbstractProtocol$ConnectionHandler.process(AbstractProtocol.java:896)
	at org.apache.tomcat.util.net.NioEndpoint$SocketProcessor.doRun(NioEndpoint.java:1744)
	at org.apache.tomcat.util.net.SocketProcessorBase.run(SocketProcessorBase.java:52)
	at org.apache.tomcat.util.threads.ThreadPoolExecutor.runWorker(ThreadPoolExecutor.java:1191)
	at org.apache.tomcat.util.threads.ThreadPoolExecutor$Worker.run(ThreadPoolExecutor.java:659)
	at org.apache.tomcat.util.threads.TaskThread$WrappingRunnable.run(TaskThread.java:63)
	at java.base/java.lang.Thread.run(Thread.java:840)
2025-07-11 15:35:26 [http-nio-8082-exec-10] ERROR c.m.u.core.logging.LoggingService - Error al actualizar campo de usuario -ID id: 1
2025-07-11 15:35:26 [http-nio-8082-exec-10] DEBUG o.s.w.s.m.m.a.ExceptionHandlerExceptionResolver - Using @ExceptionHandler com.microserviceone.users.core.exception.GlobalExceptionHandler#handleUserNotFoundException(UserNotFoundException)
2025-07-11 15:35:26 [http-nio-8082-exec-10] DEBUG o.s.w.s.m.m.a.HttpEntityMethodProcessor - Using 'application/json', given [*/*] and supported [application/json, application/*+json]
2025-07-11 15:35:26 [http-nio-8082-exec-10] DEBUG o.s.w.s.m.m.a.HttpEntityMethodProcessor - Writing [{error=Usuario no encontrado, message=Usuario no encontrado con ID: 1, userId=1, timestamp=2025-07-1 (truncated)...]
2025-07-11 15:35:26 [http-nio-8082-exec-10] WARN  o.s.w.s.m.m.a.ExceptionHandlerExceptionResolver - Resolved [com.microserviceone.users.registrationApi.application.exception.UserNotFoundException: Usuario no encontrado con ID: 1]
2025-07-11 15:35:26 [http-nio-8082-exec-10] DEBUG o.s.web.servlet.DispatcherServlet - Completed 404 NOT_FOUND
2025-07-11 15:35:27 [AsyncReporter{org.springframework.boot.actuate.autoconfigure.tracing.zipkin.ZipkinWebClientSender@5a97b080}] DEBUG o.s.w.r.f.client.ExchangeFunctions - [255747a3] HTTP POST http://localhost:9411/api/v2/spans%20
2025-07-11 15:35:53 [DiscoveryClient-HeartbeatExecutor-0] DEBUG o.s.web.client.RestTemplate - HTTP PUT http://localhost:8081/eureka/apps/USERS-SERVICE/192.168.49.16:users-service:8082?status=UP&lastDirtyTimestamp=1752265523763
2025-07-11 15:35:53 [DiscoveryClient-HeartbeatExecutor-0] DEBUG o.s.web.client.RestTemplate - Accept=[application/json, application/*+json]
2025-07-11 15:35:53 [DiscoveryClient-CacheRefreshExecutor-0] DEBUG o.s.web.client.RestTemplate - HTTP GET http://localhost:8081/eureka/apps/delta
2025-07-11 15:35:53 [DiscoveryClient-CacheRefreshExecutor-0] DEBUG o.s.web.client.RestTemplate - Accept=[application/json, application/*+json]
2025-07-11 15:35:53 [DiscoveryClient-HeartbeatExecutor-0] DEBUG o.s.web.client.RestTemplate - Response 200 OK
2025-07-11 15:35:53 [DiscoveryClient-CacheRefreshExecutor-0] DEBUG o.s.web.client.RestTemplate - Response 200 OK
2025-07-11 15:35:53 [DiscoveryClient-CacheRefreshExecutor-0] DEBUG o.s.web.client.RestTemplate - Reading to [org.springframework.cloud.netflix.eureka.http.EurekaApplications]
2025-07-11 15:36:23 [DiscoveryClient-HeartbeatExecutor-0] DEBUG o.s.web.client.RestTemplate - HTTP PUT http://localhost:8081/eureka/apps/USERS-SERVICE/192.168.49.16:users-service:8082?status=UP&lastDirtyTimestamp=1752265523763
2025-07-11 15:36:23 [DiscoveryClient-HeartbeatExecutor-0] DEBUG o.s.web.client.RestTemplate - Accept=[application/json, application/*+json]
2025-07-11 15:36:23 [DiscoveryClient-CacheRefreshExecutor-0] DEBUG o.s.web.client.RestTemplate - HTTP GET http://localhost:8081/eureka/apps/delta
2025-07-11 15:36:23 [DiscoveryClient-CacheRefreshExecutor-0] DEBUG o.s.web.client.RestTemplate - Accept=[application/json, application/*+json]
2025-07-11 15:36:23 [DiscoveryClient-HeartbeatExecutor-0] DEBUG o.s.web.client.RestTemplate - Response 200 OK
2025-07-11 15:36:23 [DiscoveryClient-CacheRefreshExecutor-0] DEBUG o.s.web.client.RestTemplate - Response 200 OK
2025-07-11 15:36:23 [DiscoveryClient-CacheRefreshExecutor-0] DEBUG o.s.web.client.RestTemplate - Reading to [org.springframework.cloud.netflix.eureka.http.EurekaApplications]
2025-07-11 15:36:53 [DiscoveryClient-HeartbeatExecutor-0] DEBUG o.s.web.client.RestTemplate - HTTP PUT http://localhost:8081/eureka/apps/USERS-SERVICE/192.168.49.16:users-service:8082?status=UP&lastDirtyTimestamp=1752265523763
2025-07-11 15:36:53 [DiscoveryClient-HeartbeatExecutor-0] DEBUG o.s.web.client.RestTemplate - Accept=[application/json, application/*+json]
2025-07-11 15:36:53 [DiscoveryClient-CacheRefreshExecutor-0] DEBUG o.s.web.client.RestTemplate - HTTP GET http://localhost:8081/eureka/apps/delta
2025-07-11 15:36:53 [DiscoveryClient-CacheRefreshExecutor-0] DEBUG o.s.web.client.RestTemplate - Accept=[application/json, application/*+json]
2025-07-11 15:36:53 [DiscoveryClient-HeartbeatExecutor-0] DEBUG o.s.web.client.RestTemplate - Response 200 OK
2025-07-11 15:36:53 [DiscoveryClient-CacheRefreshExecutor-0] DEBUG o.s.web.client.RestTemplate - Response 200 OK
2025-07-11 15:36:53 [DiscoveryClient-CacheRefreshExecutor-0] DEBUG o.s.web.client.RestTemplate - Reading to [org.springframework.cloud.netflix.eureka.http.EurekaApplications]
2025-07-11 15:37:23 [DiscoveryClient-HeartbeatExecutor-0] DEBUG o.s.web.client.RestTemplate - HTTP PUT http://localhost:8081/eureka/apps/USERS-SERVICE/192.168.49.16:users-service:8082?status=UP&lastDirtyTimestamp=1752265523763
2025-07-11 15:37:23 [DiscoveryClient-HeartbeatExecutor-0] DEBUG o.s.web.client.RestTemplate - Accept=[application/json, application/*+json]
2025-07-11 15:37:23 [DiscoveryClient-CacheRefreshExecutor-0] DEBUG o.s.web.client.RestTemplate - HTTP GET http://localhost:8081/eureka/apps/delta
2025-07-11 15:37:23 [DiscoveryClient-CacheRefreshExecutor-0] DEBUG o.s.web.client.RestTemplate - Accept=[application/json, application/*+json]
2025-07-11 15:37:23 [DiscoveryClient-HeartbeatExecutor-0] DEBUG o.s.web.client.RestTemplate - Response 200 OK
2025-07-11 15:37:23 [DiscoveryClient-CacheRefreshExecutor-0] DEBUG o.s.web.client.RestTemplate - Response 200 OK
2025-07-11 15:37:23 [DiscoveryClient-CacheRefreshExecutor-0] DEBUG o.s.web.client.RestTemplate - Reading to [org.springframework.cloud.netflix.eureka.http.EurekaApplications]
2025-07-11 15:37:53 [DiscoveryClient-HeartbeatExecutor-0] DEBUG o.s.web.client.RestTemplate - HTTP PUT http://localhost:8081/eureka/apps/USERS-SERVICE/192.168.49.16:users-service:8082?status=UP&lastDirtyTimestamp=1752265523763
2025-07-11 15:37:53 [DiscoveryClient-HeartbeatExecutor-0] DEBUG o.s.web.client.RestTemplate - Accept=[application/json, application/*+json]
2025-07-11 15:37:53 [DiscoveryClient-CacheRefreshExecutor-0] DEBUG o.s.web.client.RestTemplate - HTTP GET http://localhost:8081/eureka/apps/delta
2025-07-11 15:37:53 [DiscoveryClient-CacheRefreshExecutor-0] DEBUG o.s.web.client.RestTemplate - Accept=[application/json, application/*+json]
2025-07-11 15:37:53 [DiscoveryClient-CacheRefreshExecutor-0] DEBUG o.s.web.client.RestTemplate - Response 200 OK
2025-07-11 15:37:53 [DiscoveryClient-HeartbeatExecutor-0] DEBUG o.s.web.client.RestTemplate - Response 200 OK
2025-07-11 15:37:53 [DiscoveryClient-CacheRefreshExecutor-0] DEBUG o.s.web.client.RestTemplate - Reading to [org.springframework.cloud.netflix.eureka.http.EurekaApplications]
2025-07-11 15:37:54 [SpringApplicationShutdownHook] INFO  c.netflix.discovery.DiscoveryClient - Saw local status change event StatusChangeEvent [timestamp=1752266274982, current=DOWN, previous=UP]
2025-07-11 15:37:54 [DiscoveryClient-InstanceInfoReplicator-0] INFO  c.netflix.discovery.DiscoveryClient - DiscoveryClient_USERS-SERVICE/192.168.49.16:users-service:8082: registering service...
2025-07-11 15:37:54 [DiscoveryClient-InstanceInfoReplicator-0] DEBUG o.s.web.client.RestTemplate - HTTP POST http://localhost:8081/eureka/apps/USERS-SERVICE
2025-07-11 15:37:54 [DiscoveryClient-InstanceInfoReplicator-0] DEBUG o.s.web.client.RestTemplate - Accept=[application/json, application/*+json]
2025-07-11 15:37:54 [DiscoveryClient-InstanceInfoReplicator-0] DEBUG o.s.web.client.RestTemplate - Writing [InstanceInfo [instanceId = 192.168.49.16:users-service:8082, appName = USERS-SERVICE, hostName = 192.168.49.16, status = DOWN, ipAddr = 192.168.49.16, port = 8082, securePort = 443, dataCenterInfo = com.netflix.appinfo.MyDataCenterInfo@7e5e959f] as "application/json"
2025-07-11 15:37:54 [DiscoveryClient-InstanceInfoReplicator-0] DEBUG o.s.web.client.RestTemplate - Response 204 NO_CONTENT
2025-07-11 15:37:54 [DiscoveryClient-InstanceInfoReplicator-0] INFO  c.netflix.discovery.DiscoveryClient - DiscoveryClient_USERS-SERVICE/192.168.49.16:users-service:8082 - registration status: 204
2025-07-11 15:37:55 [AsyncReporter{org.springframework.boot.actuate.autoconfigure.tracing.zipkin.ZipkinWebClientSender@5a97b080}] DEBUG o.s.w.r.f.client.ExchangeFunctions - [4b7fb991] HTTP POST http://localhost:9411/api/v2/spans%20
2025-07-11 15:37:55 [SpringApplicationShutdownHook] INFO  c.netflix.discovery.DiscoveryClient - Shutting down DiscoveryClient ...
2025-07-11 15:37:58 [SpringApplicationShutdownHook] INFO  c.netflix.discovery.DiscoveryClient - Unregistering ...
2025-07-11 15:37:58 [SpringApplicationShutdownHook] DEBUG o.s.web.client.RestTemplate - HTTP DELETE http://localhost:8081/eureka/apps/USERS-SERVICE/192.168.49.16:users-service:8082
2025-07-11 15:37:58 [SpringApplicationShutdownHook] DEBUG o.s.web.client.RestTemplate - Accept=[application/json, application/*+json]
2025-07-11 15:37:58 [SpringApplicationShutdownHook] INFO  c.n.d.s.t.d.RedirectingEurekaHttpClient - Request execution error. endpoint=DefaultEndpoint{ serviceUrl='http://localhost:8081/eureka/} exception=I/O error on DELETE request for "http://localhost:8081/eureka/apps/USERS-SERVICE/192.168.49.16:users-service:8082": Connect to http://localhost:8081 [localhost/127.0.0.1, localhost/0:0:0:0:0:0:0:1] failed: Conexión rehusada stacktrace=org.springframework.web.client.ResourceAccessException: I/O error on DELETE request for "http://localhost:8081/eureka/apps/USERS-SERVICE/192.168.49.16:users-service:8082": Connect to http://localhost:8081 [localhost/127.0.0.1, localhost/0:0:0:0:0:0:0:1] failed: Conexión rehusada
	at org.springframework.web.client.RestTemplate.createResourceAccessException(RestTemplate.java:915)
	at org.springframework.web.client.RestTemplate.doExecute(RestTemplate.java:895)
	at org.springframework.web.client.RestTemplate.execute(RestTemplate.java:790)
	at org.springframework.web.client.RestTemplate.exchange(RestTemplate.java:672)
	at org.springframework.cloud.netflix.eureka.http.RestTemplateEurekaHttpClient.cancel(RestTemplateEurekaHttpClient.java:87)
	at com.netflix.discovery.shared.transport.decorator.EurekaHttpClientDecorator$2.execute(EurekaHttpClientDecorator.java:74)
	at com.netflix.discovery.shared.transport.decorator.RedirectingEurekaHttpClient.execute(RedirectingEurekaHttpClient.java:91)
	at com.netflix.discovery.shared.transport.decorator.EurekaHttpClientDecorator.cancel(EurekaHttpClientDecorator.java:71)
	at com.netflix.discovery.shared.transport.decorator.EurekaHttpClientDecorator$2.execute(EurekaHttpClientDecorator.java:74)
	at com.netflix.discovery.shared.transport.decorator.RetryableEurekaHttpClient.execute(RetryableEurekaHttpClient.java:120)
	at com.netflix.discovery.shared.transport.decorator.EurekaHttpClientDecorator.cancel(EurekaHttpClientDecorator.java:71)
	at com.netflix.discovery.shared.transport.decorator.EurekaHttpClientDecorator$2.execute(EurekaHttpClientDecorator.java:74)
	at com.netflix.discovery.shared.transport.decorator.SessionedEurekaHttpClient.execute(SessionedEurekaHttpClient.java:77)
	at com.netflix.discovery.shared.transport.decorator.EurekaHttpClientDecorator.cancel(EurekaHttpClientDecorator.java:71)
	at com.netflix.discovery.DiscoveryClient.unregister(DiscoveryClient.java:916)
	at com.netflix.discovery.DiscoveryClient.shutdown(DiscoveryClient.java:892)
	at java.base/jdk.internal.reflect.NativeMethodAccessorImpl.invoke0(Native Method)
	at java.base/jdk.internal.reflect.NativeMethodAccessorImpl.invoke(NativeMethodAccessorImpl.java:77)
	at java.base/jdk.internal.reflect.DelegatingMethodAccessorImpl.invoke(DelegatingMethodAccessorImpl.java:43)
	at java.base/java.lang.reflect.Method.invoke(Method.java:569)
	at org.springframework.beans.factory.annotation.InitDestroyAnnotationBeanPostProcessor$LifecycleMethod.invoke(InitDestroyAnnotationBeanPostProcessor.java:457)
	at org.springframework.beans.factory.annotation.InitDestroyAnnotationBeanPostProcessor$LifecycleMetadata.invokeDestroyMethods(InitDestroyAnnotationBeanPostProcessor.java:415)
	at org.springframework.beans.factory.annotation.InitDestroyAnnotationBeanPostProcessor.postProcessBeforeDestruction(InitDestroyAnnotationBeanPostProcessor.java:239)
	at org.springframework.beans.factory.support.DisposableBeanAdapter.destroy(DisposableBeanAdapter.java:202)
	at org.springframework.beans.factory.support.DisposableBeanAdapter.run(DisposableBeanAdapter.java:195)
	at org.springframework.cloud.context.scope.GenericScope$BeanLifecycleWrapper.destroy(GenericScope.java:389)
	at org.springframework.cloud.context.scope.GenericScope.destroy(GenericScope.java:136)
	at org.springframework.beans.factory.support.DisposableBeanAdapter.destroy(DisposableBeanAdapter.java:211)
	at org.springframework.beans.factory.support.DefaultSingletonBeanRegistry.destroyBean(DefaultSingletonBeanRegistry.java:587)
	at org.springframework.beans.factory.support.DefaultSingletonBeanRegistry.destroySingleton(DefaultSingletonBeanRegistry.java:559)
	at org.springframework.beans.factory.support.DefaultListableBeanFactory.destroySingleton(DefaultListableBeanFactory.java:1202)
	at org.springframework.beans.factory.support.DefaultSingletonBeanRegistry.destroySingletons(DefaultSingletonBeanRegistry.java:520)
	at org.springframework.beans.factory.support.DefaultListableBeanFactory.destroySingletons(DefaultListableBeanFactory.java:1195)
	at org.springframework.context.support.AbstractApplicationContext.destroyBeans(AbstractApplicationContext.java:1183)
	at org.springframework.context.support.AbstractApplicationContext.doClose(AbstractApplicationContext.java:1144)
	at org.springframework.boot.web.servlet.context.ServletWebServerApplicationContext.doClose(ServletWebServerApplicationContext.java:174)
	at org.springframework.context.support.AbstractApplicationContext.close(AbstractApplicationContext.java:1090)
	at org.springframework.boot.SpringApplicationShutdownHook.closeAndWait(SpringApplicationShutdownHook.java:145)
	at java.base/java.lang.Iterable.forEach(Iterable.java:75)
	at org.springframework.boot.SpringApplicationShutdownHook.run(SpringApplicationShutdownHook.java:114)
	at java.base/java.lang.Thread.run(Thread.java:840)
Caused by: org.apache.hc.client5.http.HttpHostConnectException: Connect to http://localhost:8081 [localhost/127.0.0.1, localhost/0:0:0:0:0:0:0:1] failed: Conexión rehusada
	at java.base/sun.nio.ch.Net.pollConnect(Native Method)
	at java.base/sun.nio.ch.Net.pollConnectNow(Net.java:672)
	at java.base/sun.nio.ch.NioSocketImpl.timedFinishConnect(NioSocketImpl.java:547)
	at java.base/sun.nio.ch.NioSocketImpl.connect(NioSocketImpl.java:602)
	at java.base/java.net.SocksSocketImpl.connect(SocksSocketImpl.java:327)
	at java.base/java.net.Socket.connect(Socket.java:633)
	at org.apache.hc.client5.http.socket.PlainConnectionSocketFactory.lambda$connectSocket$0(PlainConnectionSocketFactory.java:91)
	at java.base/java.security.AccessController.doPrivileged(AccessController.java:569)
	at org.apache.hc.client5.http.socket.PlainConnectionSocketFactory.connectSocket(PlainConnectionSocketFactory.java:90)
	at org.apache.hc.client5.http.socket.ConnectionSocketFactory.connectSocket(ConnectionSocketFactory.java:123)
	at org.apache.hc.client5.http.impl.io.DefaultHttpClientConnectionOperator.connect(DefaultHttpClientConnectionOperator.java:184)
	at org.apache.hc.client5.http.impl.io.PoolingHttpClientConnectionManager.connect(PoolingHttpClientConnectionManager.java:447)
	at org.apache.hc.client5.http.impl.classic.InternalExecRuntime.connectEndpoint(InternalExecRuntime.java:162)
	at org.apache.hc.client5.http.impl.classic.InternalExecRuntime.connectEndpoint(InternalExecRuntime.java:172)
	at org.apache.hc.client5.http.impl.classic.ConnectExec.execute(ConnectExec.java:142)
	at org.apache.hc.client5.http.impl.classic.ExecChainElement.execute(ExecChainElement.java:51)
	at org.apache.hc.client5.http.impl.classic.ProtocolExec.execute(ProtocolExec.java:192)
	at org.apache.hc.client5.http.impl.classic.ExecChainElement.execute(ExecChainElement.java:51)
	at org.apache.hc.client5.http.impl.classic.HttpRequestRetryExec.execute(HttpRequestRetryExec.java:96)
	at org.apache.hc.client5.http.impl.classic.ExecChainElement.execute(ExecChainElement.java:51)
	at org.apache.hc.client5.http.impl.classic.ContentCompressionExec.execute(ContentCompressionExec.java:152)
	at org.apache.hc.client5.http.impl.classic.ExecChainElement.execute(ExecChainElement.java:51)
	at org.apache.hc.client5.http.impl.classic.RedirectExec.execute(RedirectExec.java:115)
	at org.apache.hc.client5.http.impl.classic.ExecChainElement.execute(ExecChainElement.java:51)
	at org.apache.hc.client5.http.impl.classic.InternalHttpClient.doExecute(InternalHttpClient.java:170)
	at org.apache.hc.client5.http.impl.classic.CloseableHttpClient.execute(CloseableHttpClient.java:87)
	at org.apache.hc.client5.http.impl.classic.CloseableHttpClient.execute(CloseableHttpClient.java:55)
	at org.apache.hc.client5.http.classic.HttpClient.executeOpen(HttpClient.java:183)
	at org.springframework.http.client.HttpComponentsClientHttpRequest.executeInternal(HttpComponentsClientHttpRequest.java:95)
	at org.springframework.http.client.AbstractStreamingClientHttpRequest.executeInternal(AbstractStreamingClientHttpRequest.java:70)
	at org.springframework.http.client.AbstractClientHttpRequest.execute(AbstractClientHttpRequest.java:66)
	at org.springframework.http.client.InterceptingClientHttpRequest$InterceptingRequestExecution.execute(InterceptingClientHttpRequest.java:112)
	at org.springframework.cloud.netflix.eureka.http.RestTemplateTransportClientFactory.lambda$restTemplate$0(RestTemplateTransportClientFactory.java:143)
	at org.springframework.http.client.InterceptingClientHttpRequest$InterceptingRequestExecution.execute(InterceptingClientHttpRequest.java:88)
	at org.springframework.http.client.InterceptingClientHttpRequest.executeInternal(InterceptingClientHttpRequest.java:72)
	at org.springframework.http.client.AbstractBufferingClientHttpRequest.executeInternal(AbstractBufferingClientHttpRequest.java:48)
	at org.springframework.http.client.AbstractClientHttpRequest.execute(AbstractClientHttpRequest.java:66)
	at org.springframework.web.client.RestTemplate.doExecute(RestTemplate.java:889)
	... 39 more

2025-07-11 15:37:58 [SpringApplicationShutdownHook] WARN  c.n.d.s.t.d.RetryableEurekaHttpClient - Request execution failed with message: I/O error on DELETE request for "http://localhost:8081/eureka/apps/USERS-SERVICE/192.168.49.16:users-service:8082": Connect to http://localhost:8081 [localhost/127.0.0.1, localhost/0:0:0:0:0:0:0:1] failed: Conexión rehusada
2025-07-11 15:37:58 [SpringApplicationShutdownHook] DEBUG o.s.web.client.RestTemplate - HTTP DELETE http://localhost:8081/eureka/apps/USERS-SERVICE/192.168.49.16:users-service:8082
2025-07-11 15:37:58 [SpringApplicationShutdownHook] DEBUG o.s.web.client.RestTemplate - Accept=[application/json, application/*+json]
2025-07-11 15:37:58 [SpringApplicationShutdownHook] INFO  c.n.d.s.t.d.RedirectingEurekaHttpClient - Request execution error. endpoint=DefaultEndpoint{ serviceUrl='http://localhost:8081/eureka/}, exception=I/O error on DELETE request for "http://localhost:8081/eureka/apps/USERS-SERVICE/192.168.49.16:users-service:8082": Connect to http://localhost:8081 [localhost/127.0.0.1, localhost/0:0:0:0:0:0:0:1] failed: Conexión rehusada stacktrace=org.springframework.web.client.ResourceAccessException: I/O error on DELETE request for "http://localhost:8081/eureka/apps/USERS-SERVICE/192.168.49.16:users-service:8082": Connect to http://localhost:8081 [localhost/127.0.0.1, localhost/0:0:0:0:0:0:0:1] failed: Conexión rehusada
	at org.springframework.web.client.RestTemplate.createResourceAccessException(RestTemplate.java:915)
	at org.springframework.web.client.RestTemplate.doExecute(RestTemplate.java:895)
	at org.springframework.web.client.RestTemplate.execute(RestTemplate.java:790)
	at org.springframework.web.client.RestTemplate.exchange(RestTemplate.java:672)
	at org.springframework.cloud.netflix.eureka.http.RestTemplateEurekaHttpClient.cancel(RestTemplateEurekaHttpClient.java:87)
	at com.netflix.discovery.shared.transport.decorator.EurekaHttpClientDecorator$2.execute(EurekaHttpClientDecorator.java:74)
	at com.netflix.discovery.shared.transport.decorator.RedirectingEurekaHttpClient.executeOnNewServer(RedirectingEurekaHttpClient.java:121)
	at com.netflix.discovery.shared.transport.decorator.RedirectingEurekaHttpClient.execute(RedirectingEurekaHttpClient.java:80)
	at com.netflix.discovery.shared.transport.decorator.EurekaHttpClientDecorator.cancel(EurekaHttpClientDecorator.java:71)
	at com.netflix.discovery.shared.transport.decorator.EurekaHttpClientDecorator$2.execute(EurekaHttpClientDecorator.java:74)
	at com.netflix.discovery.shared.transport.decorator.RetryableEurekaHttpClient.execute(RetryableEurekaHttpClient.java:120)
	at com.netflix.discovery.shared.transport.decorator.EurekaHttpClientDecorator.cancel(EurekaHttpClientDecorator.java:71)
	at com.netflix.discovery.shared.transport.decorator.EurekaHttpClientDecorator$2.execute(EurekaHttpClientDecorator.java:74)
	at com.netflix.discovery.shared.transport.decorator.SessionedEurekaHttpClient.execute(SessionedEurekaHttpClient.java:77)
	at com.netflix.discovery.shared.transport.decorator.EurekaHttpClientDecorator.cancel(EurekaHttpClientDecorator.java:71)
	at com.netflix.discovery.DiscoveryClient.unregister(DiscoveryClient.java:916)
	at com.netflix.discovery.DiscoveryClient.shutdown(DiscoveryClient.java:892)
	at java.base/jdk.internal.reflect.NativeMethodAccessorImpl.invoke0(Native Method)
	at java.base/jdk.internal.reflect.NativeMethodAccessorImpl.invoke(NativeMethodAccessorImpl.java:77)
	at java.base/jdk.internal.reflect.DelegatingMethodAccessorImpl.invoke(DelegatingMethodAccessorImpl.java:43)
	at java.base/java.lang.reflect.Method.invoke(Method.java:569)
	at org.springframework.beans.factory.annotation.InitDestroyAnnotationBeanPostProcessor$LifecycleMethod.invoke(InitDestroyAnnotationBeanPostProcessor.java:457)
	at org.springframework.beans.factory.annotation.InitDestroyAnnotationBeanPostProcessor$LifecycleMetadata.invokeDestroyMethods(InitDestroyAnnotationBeanPostProcessor.java:415)
	at org.springframework.beans.factory.annotation.InitDestroyAnnotationBeanPostProcessor.postProcessBeforeDestruction(InitDestroyAnnotationBeanPostProcessor.java:239)
	at org.springframework.beans.factory.support.DisposableBeanAdapter.destroy(DisposableBeanAdapter.java:202)
	at org.springframework.beans.factory.support.DisposableBeanAdapter.run(DisposableBeanAdapter.java:195)
	at org.springframework.cloud.context.scope.GenericScope$BeanLifecycleWrapper.destroy(GenericScope.java:389)
	at org.springframework.cloud.context.scope.GenericScope.destroy(GenericScope.java:136)
	at org.springframework.beans.factory.support.DisposableBeanAdapter.destroy(DisposableBeanAdapter.java:211)
	at org.springframework.beans.factory.support.DefaultSingletonBeanRegistry.destroyBean(DefaultSingletonBeanRegistry.java:587)
	at org.springframework.beans.factory.support.DefaultSingletonBeanRegistry.destroySingleton(DefaultSingletonBeanRegistry.java:559)
	at org.springframework.beans.factory.support.DefaultListableBeanFactory.destroySingleton(DefaultListableBeanFactory.java:1202)
	at org.springframework.beans.factory.support.DefaultSingletonBeanRegistry.destroySingletons(DefaultSingletonBeanRegistry.java:520)
	at org.springframework.beans.factory.support.DefaultListableBeanFactory.destroySingletons(DefaultListableBeanFactory.java:1195)
	at org.springframework.context.support.AbstractApplicationContext.destroyBeans(AbstractApplicationContext.java:1183)
	at org.springframework.context.support.AbstractApplicationContext.doClose(AbstractApplicationContext.java:1144)
	at org.springframework.boot.web.servlet.context.ServletWebServerApplicationContext.doClose(ServletWebServerApplicationContext.java:174)
	at org.springframework.context.support.AbstractApplicationContext.close(AbstractApplicationContext.java:1090)
	at org.springframework.boot.SpringApplicationShutdownHook.closeAndWait(SpringApplicationShutdownHook.java:145)
	at java.base/java.lang.Iterable.forEach(Iterable.java:75)
	at org.springframework.boot.SpringApplicationShutdownHook.run(SpringApplicationShutdownHook.java:114)
	at java.base/java.lang.Thread.run(Thread.java:840)
Caused by: org.apache.hc.client5.http.HttpHostConnectException: Connect to http://localhost:8081 [localhost/127.0.0.1, localhost/0:0:0:0:0:0:0:1] failed: Conexión rehusada
	at java.base/sun.nio.ch.Net.pollConnect(Native Method)
	at java.base/sun.nio.ch.Net.pollConnectNow(Net.java:672)
	at java.base/sun.nio.ch.NioSocketImpl.timedFinishConnect(NioSocketImpl.java:547)
	at java.base/sun.nio.ch.NioSocketImpl.connect(NioSocketImpl.java:602)
	at java.base/java.net.SocksSocketImpl.connect(SocksSocketImpl.java:327)
	at java.base/java.net.Socket.connect(Socket.java:633)
	at org.apache.hc.client5.http.socket.PlainConnectionSocketFactory.lambda$connectSocket$0(PlainConnectionSocketFactory.java:91)
	at java.base/java.security.AccessController.doPrivileged(AccessController.java:569)
	at org.apache.hc.client5.http.socket.PlainConnectionSocketFactory.connectSocket(PlainConnectionSocketFactory.java:90)
	at org.apache.hc.client5.http.socket.ConnectionSocketFactory.connectSocket(ConnectionSocketFactory.java:123)
	at org.apache.hc.client5.http.impl.io.DefaultHttpClientConnectionOperator.connect(DefaultHttpClientConnectionOperator.java:184)
	at org.apache.hc.client5.http.impl.io.PoolingHttpClientConnectionManager.connect(PoolingHttpClientConnectionManager.java:447)
	at org.apache.hc.client5.http.impl.classic.InternalExecRuntime.connectEndpoint(InternalExecRuntime.java:162)
	at org.apache.hc.client5.http.impl.classic.InternalExecRuntime.connectEndpoint(InternalExecRuntime.java:172)
	at org.apache.hc.client5.http.impl.classic.ConnectExec.execute(ConnectExec.java:142)
	at org.apache.hc.client5.http.impl.classic.ExecChainElement.execute(ExecChainElement.java:51)
	at org.apache.hc.client5.http.impl.classic.ProtocolExec.execute(ProtocolExec.java:192)
	at org.apache.hc.client5.http.impl.classic.ExecChainElement.execute(ExecChainElement.java:51)
	at org.apache.hc.client5.http.impl.classic.HttpRequestRetryExec.execute(HttpRequestRetryExec.java:96)
	at org.apache.hc.client5.http.impl.classic.ExecChainElement.execute(ExecChainElement.java:51)
	at org.apache.hc.client5.http.impl.classic.ContentCompressionExec.execute(ContentCompressionExec.java:152)
	at org.apache.hc.client5.http.impl.classic.ExecChainElement.execute(ExecChainElement.java:51)
	at org.apache.hc.client5.http.impl.classic.RedirectExec.execute(RedirectExec.java:115)
	at org.apache.hc.client5.http.impl.classic.ExecChainElement.execute(ExecChainElement.java:51)
	at org.apache.hc.client5.http.impl.classic.InternalHttpClient.doExecute(InternalHttpClient.java:170)
	at org.apache.hc.client5.http.impl.classic.CloseableHttpClient.execute(CloseableHttpClient.java:87)
	at org.apache.hc.client5.http.impl.classic.CloseableHttpClient.execute(CloseableHttpClient.java:55)
	at org.apache.hc.client5.http.classic.HttpClient.executeOpen(HttpClient.java:183)
	at org.springframework.http.client.HttpComponentsClientHttpRequest.executeInternal(HttpComponentsClientHttpRequest.java:95)
	at org.springframework.http.client.AbstractStreamingClientHttpRequest.executeInternal(AbstractStreamingClientHttpRequest.java:70)
	at org.springframework.http.client.AbstractClientHttpRequest.execute(AbstractClientHttpRequest.java:66)
	at org.springframework.http.client.InterceptingClientHttpRequest$InterceptingRequestExecution.execute(InterceptingClientHttpRequest.java:112)
	at org.springframework.cloud.netflix.eureka.http.RestTemplateTransportClientFactory.lambda$restTemplate$0(RestTemplateTransportClientFactory.java:143)
	at org.springframework.http.client.InterceptingClientHttpRequest$InterceptingRequestExecution.execute(InterceptingClientHttpRequest.java:88)
	at org.springframework.http.client.InterceptingClientHttpRequest.executeInternal(InterceptingClientHttpRequest.java:72)
	at org.springframework.http.client.AbstractBufferingClientHttpRequest.executeInternal(AbstractBufferingClientHttpRequest.java:48)
	at org.springframework.http.client.AbstractClientHttpRequest.execute(AbstractClientHttpRequest.java:66)
	at org.springframework.web.client.RestTemplate.doExecute(RestTemplate.java:889)
	... 40 more

2025-07-11 15:37:58 [SpringApplicationShutdownHook] WARN  c.n.d.s.t.d.RetryableEurekaHttpClient - Request execution failed with message: I/O error on DELETE request for "http://localhost:8081/eureka/apps/USERS-SERVICE/192.168.49.16:users-service:8082": Connect to http://localhost:8081 [localhost/127.0.0.1, localhost/0:0:0:0:0:0:0:1] failed: Conexión rehusada
2025-07-11 15:37:58 [SpringApplicationShutdownHook] ERROR c.netflix.discovery.DiscoveryClient - DiscoveryClient_USERS-SERVICE/192.168.49.16:users-service:8082 - de-registration failedCannot execute request on any known server
com.netflix.discovery.shared.transport.TransportException: Cannot execute request on any known server
	at com.netflix.discovery.shared.transport.decorator.RetryableEurekaHttpClient.execute(RetryableEurekaHttpClient.java:112)
	at com.netflix.discovery.shared.transport.decorator.EurekaHttpClientDecorator.cancel(EurekaHttpClientDecorator.java:71)
	at com.netflix.discovery.shared.transport.decorator.EurekaHttpClientDecorator$2.execute(EurekaHttpClientDecorator.java:74)
	at com.netflix.discovery.shared.transport.decorator.SessionedEurekaHttpClient.execute(SessionedEurekaHttpClient.java:77)
	at com.netflix.discovery.shared.transport.decorator.EurekaHttpClientDecorator.cancel(EurekaHttpClientDecorator.java:71)
	at com.netflix.discovery.DiscoveryClient.unregister(DiscoveryClient.java:916)
	at com.netflix.discovery.DiscoveryClient.shutdown(DiscoveryClient.java:892)
	at java.base/jdk.internal.reflect.NativeMethodAccessorImpl.invoke0(Native Method)
	at java.base/jdk.internal.reflect.NativeMethodAccessorImpl.invoke(NativeMethodAccessorImpl.java:77)
	at java.base/jdk.internal.reflect.DelegatingMethodAccessorImpl.invoke(DelegatingMethodAccessorImpl.java:43)
	at java.base/java.lang.reflect.Method.invoke(Method.java:569)
	at org.springframework.beans.factory.annotation.InitDestroyAnnotationBeanPostProcessor$LifecycleMethod.invoke(InitDestroyAnnotationBeanPostProcessor.java:457)
	at org.springframework.beans.factory.annotation.InitDestroyAnnotationBeanPostProcessor$LifecycleMetadata.invokeDestroyMethods(InitDestroyAnnotationBeanPostProcessor.java:415)
	at org.springframework.beans.factory.annotation.InitDestroyAnnotationBeanPostProcessor.postProcessBeforeDestruction(InitDestroyAnnotationBeanPostProcessor.java:239)
	at org.springframework.beans.factory.support.DisposableBeanAdapter.destroy(DisposableBeanAdapter.java:202)
	at org.springframework.beans.factory.support.DisposableBeanAdapter.run(DisposableBeanAdapter.java:195)
	at org.springframework.cloud.context.scope.GenericScope$BeanLifecycleWrapper.destroy(GenericScope.java:389)
	at org.springframework.cloud.context.scope.GenericScope.destroy(GenericScope.java:136)
	at org.springframework.beans.factory.support.DisposableBeanAdapter.destroy(DisposableBeanAdapter.java:211)
	at org.springframework.beans.factory.support.DefaultSingletonBeanRegistry.destroyBean(DefaultSingletonBeanRegistry.java:587)
	at org.springframework.beans.factory.support.DefaultSingletonBeanRegistry.destroySingleton(DefaultSingletonBeanRegistry.java:559)
	at org.springframework.beans.factory.support.DefaultListableBeanFactory.destroySingleton(DefaultListableBeanFactory.java:1202)
	at org.springframework.beans.factory.support.DefaultSingletonBeanRegistry.destroySingletons(DefaultSingletonBeanRegistry.java:520)
	at org.springframework.beans.factory.support.DefaultListableBeanFactory.destroySingletons(DefaultListableBeanFactory.java:1195)
	at org.springframework.context.support.AbstractApplicationContext.destroyBeans(AbstractApplicationContext.java:1183)
	at org.springframework.context.support.AbstractApplicationContext.doClose(AbstractApplicationContext.java:1144)
	at org.springframework.boot.web.servlet.context.ServletWebServerApplicationContext.doClose(ServletWebServerApplicationContext.java:174)
	at org.springframework.context.support.AbstractApplicationContext.close(AbstractApplicationContext.java:1090)
	at org.springframework.boot.SpringApplicationShutdownHook.closeAndWait(SpringApplicationShutdownHook.java:145)
	at java.base/java.lang.Iterable.forEach(Iterable.java:75)
	at org.springframework.boot.SpringApplicationShutdownHook.run(SpringApplicationShutdownHook.java:114)
	at java.base/java.lang.Thread.run(Thread.java:840)
2025-07-11 15:37:58 [SpringApplicationShutdownHook] INFO  c.netflix.discovery.DiscoveryClient - Completed shut down of DiscoveryClient
