2025-07-04 23:31:52 [SpringApplicationShutdownHook] INFO  c.n.d.s.t.d.RedirectingEurekaHttpClient - Request execution error. endpoint=DefaultEndpoint{ serviceUrl='http://localhost:8081/eureka/}, exception=I/O error on DELETE request for "http://localhost:8081/eureka/apps/USERS-SERVICE/192.168.145.216:users-service:8082": Connect to http://localhost:8081 [localhost/127.0.0.1, localhost/0:0:0:0:0:0:0:1] failed: Conexión rehusada stacktrace=org.springframework.web.client.ResourceAccessException: I/O error on DELETE request for "http://localhost:8081/eureka/apps/USERS-SERVICE/192.168.145.216:users-service:8082": Connect to http://localhost:8081 [localhost/127.0.0.1, localhost/0:0:0:0:0:0:0:1] failed: Conexión rehusada
	at org.springframework.web.client.RestTemplate.createResourceAccessException(RestTemplate.java:915)
	at org.springframework.web.client.RestTemplate.doExecute(RestTemplate.java:895)
	at org.springframework.web.client.RestTemplate.execute(RestTemplate.java:790)
	at org.springframework.web.client.RestTemplate.exchange(RestTemplate.java:672)
	at org.springframework.cloud.netflix.eureka.http.RestTemplateEurekaHttpClient.cancel(RestTemplateEurekaHttpClient.java:87)
	at com.netflix.discovery.shared.transport.decorator.EurekaHttpClientDecorator$2.execute(EurekaHttpClientDecorator.java:74)
	at com.netflix.discovery.shared.transport.decorator.RedirectingEurekaHttpClient.executeOnNewServer(RedirectingEurekaHttpClient.java:121)
	at com.netflix.discovery.shared.transport.decorator.RedirectingEurekaHttpClient.execute(RedirectingEurekaHttpClient.java:80)
	at com.netflix.discovery.shared.transport.decorator.EurekaHttpClientDecorator.cancel(EurekaHttpClientDecorator.java:71)
	at com.netflix.discovery.shared.transport.decorator.EurekaHttpClientDecorator$2.execute(EurekaHttpClientDecorator.java:74)
	at com.netflix.discovery.shared.transport.decorator.RetryableEurekaHttpClient.execute(RetryableEurekaHttpClient.java:120)
	at com.netflix.discovery.shared.transport.decorator.EurekaHttpClientDecorator.cancel(EurekaHttpClientDecorator.java:71)
	at com.netflix.discovery.shared.transport.decorator.EurekaHttpClientDecorator$2.execute(EurekaHttpClientDecorator.java:74)
	at com.netflix.discovery.shared.transport.decorator.SessionedEurekaHttpClient.execute(SessionedEurekaHttpClient.java:77)
	at com.netflix.discovery.shared.transport.decorator.EurekaHttpClientDecorator.cancel(EurekaHttpClientDecorator.java:71)
	at com.netflix.discovery.DiscoveryClient.unregister(DiscoveryClient.java:916)
	at com.netflix.discovery.DiscoveryClient.shutdown(DiscoveryClient.java:892)
	at java.base/jdk.internal.reflect.NativeMethodAccessorImpl.invoke0(Native Method)
	at java.base/jdk.internal.reflect.NativeMethodAccessorImpl.invoke(NativeMethodAccessorImpl.java:77)
	at java.base/jdk.internal.reflect.DelegatingMethodAccessorImpl.invoke(DelegatingMethodAccessorImpl.java:43)
	at java.base/java.lang.reflect.Method.invoke(Method.java:569)
	at org.springframework.beans.factory.annotation.InitDestroyAnnotationBeanPostProcessor$LifecycleMethod.invoke(InitDestroyAnnotationBeanPostProcessor.java:457)
	at org.springframework.beans.factory.annotation.InitDestroyAnnotationBeanPostProcessor$LifecycleMetadata.invokeDestroyMethods(InitDestroyAnnotationBeanPostProcessor.java:415)
	at org.springframework.beans.factory.annotation.InitDestroyAnnotationBeanPostProcessor.postProcessBeforeDestruction(InitDestroyAnnotationBeanPostProcessor.java:239)
	at org.springframework.beans.factory.support.DisposableBeanAdapter.destroy(DisposableBeanAdapter.java:202)
	at org.springframework.beans.factory.support.DisposableBeanAdapter.run(DisposableBeanAdapter.java:195)
	at org.springframework.cloud.context.scope.GenericScope$BeanLifecycleWrapper.destroy(GenericScope.java:389)
	at org.springframework.cloud.context.scope.GenericScope.destroy(GenericScope.java:136)
	at org.springframework.beans.factory.support.DisposableBeanAdapter.destroy(DisposableBeanAdapter.java:211)
	at org.springframework.beans.factory.support.DefaultSingletonBeanRegistry.destroyBean(DefaultSingletonBeanRegistry.java:587)
	at org.springframework.beans.factory.support.DefaultSingletonBeanRegistry.destroySingleton(DefaultSingletonBeanRegistry.java:559)
	at org.springframework.beans.factory.support.DefaultListableBeanFactory.destroySingleton(DefaultListableBeanFactory.java:1202)
	at org.springframework.beans.factory.support.DefaultSingletonBeanRegistry.destroySingletons(DefaultSingletonBeanRegistry.java:520)
	at org.springframework.beans.factory.support.DefaultListableBeanFactory.destroySingletons(DefaultListableBeanFactory.java:1195)
	at org.springframework.context.support.AbstractApplicationContext.destroyBeans(AbstractApplicationContext.java:1183)
	at org.springframework.context.support.AbstractApplicationContext.doClose(AbstractApplicationContext.java:1144)
	at org.springframework.boot.web.servlet.context.ServletWebServerApplicationContext.doClose(ServletWebServerApplicationContext.java:174)
	at org.springframework.context.support.AbstractApplicationContext.close(AbstractApplicationContext.java:1090)
	at org.springframework.boot.SpringApplicationShutdownHook.closeAndWait(SpringApplicationShutdownHook.java:145)
	at java.base/java.lang.Iterable.forEach(Iterable.java:75)
	at org.springframework.boot.SpringApplicationShutdownHook.run(SpringApplicationShutdownHook.java:114)
	at java.base/java.lang.Thread.run(Thread.java:840)
Caused by: org.apache.hc.client5.http.HttpHostConnectException: Connect to http://localhost:8081 [localhost/127.0.0.1, localhost/0:0:0:0:0:0:0:1] failed: Conexión rehusada
	at java.base/sun.nio.ch.Net.pollConnect(Native Method)
	at java.base/sun.nio.ch.Net.pollConnectNow(Net.java:672)
	at java.base/sun.nio.ch.NioSocketImpl.timedFinishConnect(NioSocketImpl.java:547)
	at java.base/sun.nio.ch.NioSocketImpl.connect(NioSocketImpl.java:602)
	at java.base/java.net.SocksSocketImpl.connect(SocksSocketImpl.java:327)
	at java.base/java.net.Socket.connect(Socket.java:633)
	at org.apache.hc.client5.http.socket.PlainConnectionSocketFactory.lambda$connectSocket$0(PlainConnectionSocketFactory.java:91)
	at java.base/java.security.AccessController.doPrivileged(AccessController.java:569)
	at org.apache.hc.client5.http.socket.PlainConnectionSocketFactory.connectSocket(PlainConnectionSocketFactory.java:90)
	at org.apache.hc.client5.http.socket.ConnectionSocketFactory.connectSocket(ConnectionSocketFactory.java:123)
	at org.apache.hc.client5.http.impl.io.DefaultHttpClientConnectionOperator.connect(DefaultHttpClientConnectionOperator.java:184)
	at org.apache.hc.client5.http.impl.io.PoolingHttpClientConnectionManager.connect(PoolingHttpClientConnectionManager.java:447)
	at org.apache.hc.client5.http.impl.classic.InternalExecRuntime.connectEndpoint(InternalExecRuntime.java:162)
	at org.apache.hc.client5.http.impl.classic.InternalExecRuntime.connectEndpoint(InternalExecRuntime.java:172)
	at org.apache.hc.client5.http.impl.classic.ConnectExec.execute(ConnectExec.java:142)
	at org.apache.hc.client5.http.impl.classic.ExecChainElement.execute(ExecChainElement.java:51)
	at org.apache.hc.client5.http.impl.classic.ProtocolExec.execute(ProtocolExec.java:192)
	at org.apache.hc.client5.http.impl.classic.ExecChainElement.execute(ExecChainElement.java:51)
	at org.apache.hc.client5.http.impl.classic.HttpRequestRetryExec.execute(HttpRequestRetryExec.java:96)
	at org.apache.hc.client5.http.impl.classic.ExecChainElement.execute(ExecChainElement.java:51)
	at org.apache.hc.client5.http.impl.classic.ContentCompressionExec.execute(ContentCompressionExec.java:152)
	at org.apache.hc.client5.http.impl.classic.ExecChainElement.execute(ExecChainElement.java:51)
	at org.apache.hc.client5.http.impl.classic.RedirectExec.execute(RedirectExec.java:115)
	at org.apache.hc.client5.http.impl.classic.ExecChainElement.execute(ExecChainElement.java:51)
	at org.apache.hc.client5.http.impl.classic.InternalHttpClient.doExecute(InternalHttpClient.java:170)
	at org.apache.hc.client5.http.impl.classic.CloseableHttpClient.execute(CloseableHttpClient.java:87)
	at org.apache.hc.client5.http.impl.classic.CloseableHttpClient.execute(CloseableHttpClient.java:55)
	at org.apache.hc.client5.http.classic.HttpClient.executeOpen(HttpClient.java:183)
	at org.springframework.http.client.HttpComponentsClientHttpRequest.executeInternal(HttpComponentsClientHttpRequest.java:95)
	at org.springframework.http.client.AbstractStreamingClientHttpRequest.executeInternal(AbstractStreamingClientHttpRequest.java:70)
	at org.springframework.http.client.AbstractClientHttpRequest.execute(AbstractClientHttpRequest.java:66)
	at org.springframework.http.client.InterceptingClientHttpRequest$InterceptingRequestExecution.execute(InterceptingClientHttpRequest.java:112)
	at org.springframework.cloud.netflix.eureka.http.RestTemplateTransportClientFactory.lambda$restTemplate$0(RestTemplateTransportClientFactory.java:143)
	at org.springframework.http.client.InterceptingClientHttpRequest$InterceptingRequestExecution.execute(InterceptingClientHttpRequest.java:88)
	at org.springframework.http.client.InterceptingClientHttpRequest.executeInternal(InterceptingClientHttpRequest.java:72)
	at org.springframework.http.client.AbstractBufferingClientHttpRequest.executeInternal(AbstractBufferingClientHttpRequest.java:48)
	at org.springframework.http.client.AbstractClientHttpRequest.execute(AbstractClientHttpRequest.java:66)
	at org.springframework.web.client.RestTemplate.doExecute(RestTemplate.java:889)
	... 40 more

2025-07-05 10:05:14 [SpringApplicationShutdownHook] WARN  c.n.d.s.t.d.RetryableEurekaHttpClient - Request execution failed with message: I/O error on DELETE request for "http://localhost:8081/eureka/apps/USERS-SERVICE/192.168.145.216:users-service:8082": Connect to http://localhost:8081 [localhost/127.0.0.1, localhost/0:0:0:0:0:0:0:1] failed: Conexión rehusada
2025-07-05 10:05:14 [SpringApplicationShutdownHook] ERROR c.netflix.discovery.DiscoveryClient - DiscoveryClient_USERS-SERVICE/192.168.145.216:users-service:8082 - de-registration failedCannot execute request on any known server
com.netflix.discovery.shared.transport.TransportException: Cannot execute request on any known server
	at com.netflix.discovery.shared.transport.decorator.RetryableEurekaHttpClient.execute(RetryableEurekaHttpClient.java:112)
	at com.netflix.discovery.shared.transport.decorator.EurekaHttpClientDecorator.cancel(EurekaHttpClientDecorator.java:71)
	at com.netflix.discovery.shared.transport.decorator.EurekaHttpClientDecorator$2.execute(EurekaHttpClientDecorator.java:74)
	at com.netflix.discovery.shared.transport.decorator.SessionedEurekaHttpClient.execute(SessionedEurekaHttpClient.java:77)
	at com.netflix.discovery.shared.transport.decorator.EurekaHttpClientDecorator.cancel(EurekaHttpClientDecorator.java:71)
	at com.netflix.discovery.DiscoveryClient.unregister(DiscoveryClient.java:916)
	at com.netflix.discovery.DiscoveryClient.shutdown(DiscoveryClient.java:892)
	at java.base/jdk.internal.reflect.NativeMethodAccessorImpl.invoke0(Native Method)
	at java.base/jdk.internal.reflect.NativeMethodAccessorImpl.invoke(NativeMethodAccessorImpl.java:77)
	at java.base/jdk.internal.reflect.DelegatingMethodAccessorImpl.invoke(DelegatingMethodAccessorImpl.java:43)
	at java.base/java.lang.reflect.Method.invoke(Method.java:569)
	at org.springframework.beans.factory.annotation.InitDestroyAnnotationBeanPostProcessor$LifecycleMethod.invoke(InitDestroyAnnotationBeanPostProcessor.java:457)
	at org.springframework.beans.factory.annotation.InitDestroyAnnotationBeanPostProcessor$LifecycleMetadata.invokeDestroyMethods(InitDestroyAnnotationBeanPostProcessor.java:415)
	at org.springframework.beans.factory.annotation.InitDestroyAnnotationBeanPostProcessor.postProcessBeforeDestruction(InitDestroyAnnotationBeanPostProcessor.java:239)
	at org.springframework.beans.factory.support.DisposableBeanAdapter.destroy(DisposableBeanAdapter.java:202)
	at org.springframework.beans.factory.support.DisposableBeanAdapter.run(DisposableBeanAdapter.java:195)
	at org.springframework.cloud.context.scope.GenericScope$BeanLifecycleWrapper.destroy(GenericScope.java:389)
	at org.springframework.cloud.context.scope.GenericScope.destroy(GenericScope.java:136)
	at org.springframework.beans.factory.support.DisposableBeanAdapter.destroy(DisposableBeanAdapter.java:211)
	at org.springframework.beans.factory.support.DefaultSingletonBeanRegistry.destroyBean(DefaultSingletonBeanRegistry.java:587)
	at org.springframework.beans.factory.support.DefaultSingletonBeanRegistry.destroySingleton(DefaultSingletonBeanRegistry.java:559)
	at org.springframework.beans.factory.support.DefaultListableBeanFactory.destroySingleton(DefaultListableBeanFactory.java:1202)
	at org.springframework.beans.factory.support.DefaultSingletonBeanRegistry.destroySingletons(DefaultSingletonBeanRegistry.java:520)
	at org.springframework.beans.factory.support.DefaultListableBeanFactory.destroySingletons(DefaultListableBeanFactory.java:1195)
	at org.springframework.context.support.AbstractApplicationContext.destroyBeans(AbstractApplicationContext.java:1183)
	at org.springframework.context.support.AbstractApplicationContext.doClose(AbstractApplicationContext.java:1144)
	at org.springframework.boot.web.servlet.context.ServletWebServerApplicationContext.doClose(ServletWebServerApplicationContext.java:174)
	at org.springframework.context.support.AbstractApplicationContext.close(AbstractApplicationContext.java:1090)
	at org.springframework.boot.SpringApplicationShutdownHook.closeAndWait(SpringApplicationShutdownHook.java:145)
	at java.base/java.lang.Iterable.forEach(Iterable.java:75)
	at org.springframework.boot.SpringApplicationShutdownHook.run(SpringApplicationShutdownHook.java:114)
	at java.base/java.lang.Thread.run(Thread.java:840)
2025-07-04 23:33:12 [AsyncResolver-bootstrap-executor-0] INFO  c.n.d.s.r.aws.ConfigClusterResolver - Resolving eureka endpoints via configuration
2025-07-04 23:38:12 [AsyncResolver-bootstrap-0] WARN  c.n.discovery.TimedSupervisorTask - task supervisor timed out
java.util.concurrent.TimeoutException: null
	at java.base/java.util.concurrent.FutureTask.get(FutureTask.java:204)
	at com.netflix.discovery.TimedSupervisorTask.run(TimedSupervisorTask.java:68)
	at java.base/java.util.concurrent.Executors$RunnableAdapter.call(Executors.java:539)
	at java.base/java.util.concurrent.FutureTask.run(FutureTask.java:264)
	at java.base/java.util.concurrent.ScheduledThreadPoolExecutor$ScheduledFutureTask.run(ScheduledThreadPoolExecutor.java:304)
	at java.base/java.util.concurrent.ThreadPoolExecutor.runWorker(ThreadPoolExecutor.java:1136)
	at java.base/java.util.concurrent.ThreadPoolExecutor$Worker.run(ThreadPoolExecutor.java:635)
	at java.base/java.lang.Thread.run(Thread.java:840)
2025-07-05 10:05:14 [SpringApplicationShutdownHook] INFO  c.netflix.discovery.DiscoveryClient - Completed shut down of DiscoveryClient
2025-07-05 10:06:08 [restartedMain] INFO  c.m.users.UsersApplication - Starting UsersApplication using Java 17.0.15 with PID 139025 (/home/payan/Descargas/stranger-drug/users/target/classes started by payan in /home/payan/Descargas/stranger-drug/users)
2025-07-05 10:06:08 [restartedMain] DEBUG c.m.users.UsersApplication - Running with Spring Boot v3.2.3, Spring v6.1.4
2025-07-05 10:06:08 [restartedMain] INFO  c.m.users.UsersApplication - The following 7 profiles are active: "common", "database", "email", "logging", "rate-limit", "security", "local"
2025-07-05 10:06:11 [restartedMain] WARN  o.s.c.s.PostProcessorRegistrationDelegate$BeanPostProcessorChecker - Bean 'org.springframework.cloud.client.loadbalancer.LoadBalancerAutoConfiguration$LoadBalancerInterceptorConfig' of type [org.springframework.cloud.client.loadbalancer.LoadBalancerAutoConfiguration$LoadBalancerInterceptorConfig] is not eligible for getting processed by all BeanPostProcessors (for example: not eligible for auto-proxying). The currently created BeanPostProcessor [lbRestClientPostProcessor] is declared through a non-static factory method on that class; consider declaring it as static instead.
2025-07-05 10:06:11 [restartedMain] WARN  o.s.c.s.PostProcessorRegistrationDelegate$BeanPostProcessorChecker - Bean 'org.springframework.cloud.loadbalancer.config.BlockingLoadBalancerClientAutoConfiguration' of type [org.springframework.cloud.loadbalancer.config.BlockingLoadBalancerClientAutoConfiguration] is not eligible for getting processed by all BeanPostProcessors (for example: not eligible for auto-proxying). Is this bean getting eagerly injected into a currently created BeanPostProcessor [lbRestClientPostProcessor]? Check the corresponding BeanPostProcessor declaration and its dependencies.
2025-07-05 10:06:11 [restartedMain] WARN  o.s.c.s.PostProcessorRegistrationDelegate$BeanPostProcessorChecker - Bean 'org.springframework.cloud.loadbalancer.config.LoadBalancerAutoConfiguration' of type [org.springframework.cloud.loadbalancer.config.LoadBalancerAutoConfiguration] is not eligible for getting processed by all BeanPostProcessors (for example: not eligible for auto-proxying). Is this bean getting eagerly injected into a currently created BeanPostProcessor [lbRestClientPostProcessor]? Check the corresponding BeanPostProcessor declaration and its dependencies.
2025-07-05 10:06:11 [restartedMain] WARN  o.s.c.s.PostProcessorRegistrationDelegate$BeanPostProcessorChecker - Bean 'org.springframework.cloud.commons.config.CommonsConfigAutoConfiguration' of type [org.springframework.cloud.commons.config.CommonsConfigAutoConfiguration] is not eligible for getting processed by all BeanPostProcessors (for example: not eligible for auto-proxying). Is this bean getting eagerly injected into a currently created BeanPostProcessor [lbRestClientPostProcessor]? Check the corresponding BeanPostProcessor declaration and its dependencies.
2025-07-05 10:06:11 [restartedMain] WARN  o.s.c.s.PostProcessorRegistrationDelegate$BeanPostProcessorChecker - Bean 'org.springframework.cloud.client.loadbalancer.LoadBalancerDefaultMappingsProviderAutoConfiguration' of type [org.springframework.cloud.client.loadbalancer.LoadBalancerDefaultMappingsProviderAutoConfiguration] is not eligible for getting processed by all BeanPostProcessors (for example: not eligible for auto-proxying). Is this bean getting eagerly injected into a currently created BeanPostProcessor [lbRestClientPostProcessor]? Check the corresponding BeanPostProcessor declaration and its dependencies.
2025-07-05 10:06:11 [restartedMain] WARN  o.s.c.s.PostProcessorRegistrationDelegate$BeanPostProcessorChecker - Bean 'loadBalancerClientsDefaultsMappingsProvider' of type [org.springframework.cloud.client.loadbalancer.LoadBalancerDefaultMappingsProviderAutoConfiguration$$Lambda$762/0x00007fc0d0561808] is not eligible for getting processed by all BeanPostProcessors (for example: not eligible for auto-proxying). Is this bean getting eagerly injected into a currently created BeanPostProcessor [lbRestClientPostProcessor]? Check the corresponding BeanPostProcessor declaration and its dependencies.
2025-07-05 10:06:11 [restartedMain] WARN  o.s.c.s.PostProcessorRegistrationDelegate$BeanPostProcessorChecker - Bean 'defaultsBindHandlerAdvisor' of type [org.springframework.cloud.commons.config.DefaultsBindHandlerAdvisor] is not eligible for getting processed by all BeanPostProcessors (for example: not eligible for auto-proxying). Is this bean getting eagerly injected into a currently created BeanPostProcessor [lbRestClientPostProcessor]? Check the corresponding BeanPostProcessor declaration and its dependencies.
2025-07-05 10:06:11 [restartedMain] WARN  o.s.c.s.PostProcessorRegistrationDelegate$BeanPostProcessorChecker - Bean 'spring.cloud.loadbalancer-org.springframework.cloud.client.loadbalancer.LoadBalancerClientsProperties' of type [org.springframework.cloud.client.loadbalancer.LoadBalancerClientsProperties] is not eligible for getting processed by all BeanPostProcessors (for example: not eligible for auto-proxying). Is this bean getting eagerly injected into a currently created BeanPostProcessor [lbRestClientPostProcessor]? Check the corresponding BeanPostProcessor declaration and its dependencies.
2025-07-05 10:06:11 [restartedMain] WARN  o.s.c.s.PostProcessorRegistrationDelegate$BeanPostProcessorChecker - Bean 'default.org.springframework.cloud.loadbalancer.config.LoadBalancerAutoConfiguration.LoadBalancerClientSpecification' of type [org.springframework.cloud.loadbalancer.annotation.LoadBalancerClientSpecification] is not eligible for getting processed by all BeanPostProcessors (for example: not eligible for auto-proxying). Is this bean getting eagerly injected into a currently created BeanPostProcessor [lbRestClientPostProcessor]? Check the corresponding BeanPostProcessor declaration and its dependencies.
2025-07-05 10:06:11 [restartedMain] WARN  o.s.c.s.PostProcessorRegistrationDelegate$BeanPostProcessorChecker - Bean 'default.org.springframework.cloud.loadbalancer.config.BlockingLoadBalancerClientAutoConfiguration.LoadBalancerClientSpecification' of type [org.springframework.cloud.loadbalancer.annotation.LoadBalancerClientSpecification] is not eligible for getting processed by all BeanPostProcessors (for example: not eligible for auto-proxying). Is this bean getting eagerly injected into a currently created BeanPostProcessor [lbRestClientPostProcessor]? Check the corresponding BeanPostProcessor declaration and its dependencies.
2025-07-05 10:06:11 [restartedMain] WARN  o.s.c.s.PostProcessorRegistrationDelegate$BeanPostProcessorChecker - Bean 'default.org.springframework.cloud.netflix.eureka.loadbalancer.LoadBalancerEurekaAutoConfiguration.LoadBalancerClientSpecification' of type [org.springframework.cloud.loadbalancer.annotation.LoadBalancerClientSpecification] is not eligible for getting processed by all BeanPostProcessors (for example: not eligible for auto-proxying). Is this bean getting eagerly injected into a currently created BeanPostProcessor [lbRestClientPostProcessor]? Check the corresponding BeanPostProcessor declaration and its dependencies.
2025-07-05 10:06:11 [restartedMain] WARN  o.s.c.s.PostProcessorRegistrationDelegate$BeanPostProcessorChecker - Bean 'loadBalancerClientFactory' of type [org.springframework.cloud.loadbalancer.support.LoadBalancerClientFactory] is not eligible for getting processed by all BeanPostProcessors (for example: not eligible for auto-proxying). Is this bean getting eagerly injected into a currently created BeanPostProcessor [lbRestClientPostProcessor]? Check the corresponding BeanPostProcessor declaration and its dependencies.
2025-07-05 10:06:11 [restartedMain] WARN  o.s.c.s.PostProcessorRegistrationDelegate$BeanPostProcessorChecker - Bean 'blockingLoadBalancerClient' of type [org.springframework.cloud.loadbalancer.blocking.client.BlockingLoadBalancerClient] is not eligible for getting processed by all BeanPostProcessors (for example: not eligible for auto-proxying). Is this bean getting eagerly injected into a currently created BeanPostProcessor [lbRestClientPostProcessor]? Check the corresponding BeanPostProcessor declaration and its dependencies.
2025-07-05 10:06:12 [restartedMain] WARN  o.s.c.s.PostProcessorRegistrationDelegate$BeanPostProcessorChecker - Bean 'loadBalancerServiceInstanceCookieTransformer' of type [org.springframework.cloud.loadbalancer.core.LoadBalancerServiceInstanceCookieTransformer] is not eligible for getting processed by all BeanPostProcessors (for example: not eligible for auto-proxying). Is this bean getting eagerly injected into a currently created BeanPostProcessor [lbRestClientPostProcessor]? Check the corresponding BeanPostProcessor declaration and its dependencies.
2025-07-05 10:06:12 [restartedMain] WARN  o.s.c.s.PostProcessorRegistrationDelegate$BeanPostProcessorChecker - Bean 'xForwarderHeadersTransformer' of type [org.springframework.cloud.loadbalancer.blocking.XForwardedHeadersTransformer] is not eligible for getting processed by all BeanPostProcessors (for example: not eligible for auto-proxying). Is this bean getting eagerly injected into a currently created BeanPostProcessor [lbRestClientPostProcessor]? Check the corresponding BeanPostProcessor declaration and its dependencies.
2025-07-05 10:06:12 [restartedMain] WARN  o.s.c.s.PostProcessorRegistrationDelegate$BeanPostProcessorChecker - Bean 'org.springframework.cloud.client.loadbalancer.LoadBalancerAutoConfiguration' of type [org.springframework.cloud.client.loadbalancer.LoadBalancerAutoConfiguration] is not eligible for getting processed by all BeanPostProcessors (for example: not eligible for auto-proxying). Is this bean getting eagerly injected into a currently created BeanPostProcessor [lbRestClientPostProcessor]? Check the corresponding BeanPostProcessor declaration and its dependencies.
2025-07-05 10:06:12 [restartedMain] WARN  o.s.c.s.PostProcessorRegistrationDelegate$BeanPostProcessorChecker - Bean 'loadBalancerRequestFactory' of type [org.springframework.cloud.client.loadbalancer.LoadBalancerRequestFactory] is not eligible for getting processed by all BeanPostProcessors (for example: not eligible for auto-proxying). Is this bean getting eagerly injected into a currently created BeanPostProcessor [lbRestClientPostProcessor]? Check the corresponding BeanPostProcessor declaration and its dependencies.
2025-07-05 10:06:12 [restartedMain] WARN  o.s.c.s.PostProcessorRegistrationDelegate$BeanPostProcessorChecker - Bean 'loadBalancerInterceptor' of type [org.springframework.cloud.client.loadbalancer.LoadBalancerInterceptor] is not eligible for getting processed by all BeanPostProcessors (for example: not eligible for auto-proxying). Is this bean getting eagerly injected into a currently created BeanPostProcessor [lbRestClientPostProcessor]? Check the corresponding BeanPostProcessor declaration and its dependencies.
2025-07-05 10:06:12 [restartedMain] WARN  o.s.c.s.PostProcessorRegistrationDelegate$BeanPostProcessorChecker - Bean 'org.springframework.cloud.client.loadbalancer.reactive.LoadBalancerBeanPostProcessorAutoConfiguration' of type [org.springframework.cloud.client.loadbalancer.reactive.LoadBalancerBeanPostProcessorAutoConfiguration] is not eligible for getting processed by all BeanPostProcessors (for example: not eligible for auto-proxying). The currently created BeanPostProcessor [loadBalancerWebClientBuilderBeanPostProcessor] is declared through a non-static factory method on that class; consider declaring it as static instead.
2025-07-05 10:06:12 [restartedMain] WARN  o.s.c.s.PostProcessorRegistrationDelegate$BeanPostProcessorChecker - Bean 'org.springframework.cloud.client.loadbalancer.reactive.LoadBalancerBeanPostProcessorAutoConfiguration$ReactorDeferringLoadBalancerFilterConfig' of type [org.springframework.cloud.client.loadbalancer.reactive.LoadBalancerBeanPostProcessorAutoConfiguration$ReactorDeferringLoadBalancerFilterConfig] is not eligible for getting processed by all BeanPostProcessors (for example: not eligible for auto-proxying). Is this bean getting eagerly injected into a currently created BeanPostProcessor [loadBalancerWebClientBuilderBeanPostProcessor]? Check the corresponding BeanPostProcessor declaration and its dependencies.
2025-07-05 10:06:12 [restartedMain] WARN  o.s.c.s.PostProcessorRegistrationDelegate$BeanPostProcessorChecker - Bean 'reactorDeferringLoadBalancerExchangeFilterFunction' of type [org.springframework.cloud.client.loadbalancer.reactive.DeferringLoadBalancerExchangeFilterFunction] is not eligible for getting processed by all BeanPostProcessors (for example: not eligible for auto-proxying). Is this bean getting eagerly injected into a currently created BeanPostProcessor [loadBalancerWebClientBuilderBeanPostProcessor]? Check the corresponding BeanPostProcessor declaration and its dependencies.
2025-07-05 10:06:13 [restartedMain] DEBUG o.s.w.f.ServerHttpObservationFilter - Filter 'webMvcObservationFilter' configured for use
2025-07-05 10:06:13 [restartedMain] DEBUG c.m.u.c.c.i.InternalJwtFilter - Filter 'internalJwtFilter' configured for use
2025-07-05 10:06:14 [restartedMain] WARN  org.hibernate.orm.deprecation - HHH90000025: MariaDBDialect does not need to be specified explicitly using 'hibernate.dialect' (remove the property setting and it will be selected by default)
2025-07-05 10:06:16 [restartedMain] INFO  c.m.u.core.logging.LoggingService - CacheConfiguration: Cache manager configurado con 8 caches
2025-07-05 10:06:19 [restartedMain] WARN  o.s.b.a.o.j.JpaBaseConfiguration$JpaWebConfiguration - spring.jpa.open-in-view is enabled by default. Therefore, database queries may be performed during view rendering. Explicitly configure spring.jpa.open-in-view to disable this warning
2025-07-05 10:06:19 [restartedMain] WARN  o.s.b.a.s.s.UserDetailsServiceAutoConfiguration - 

Using generated security password: d68e9937-9231-483c-bdc8-aedec05e3dc2

This generated password is for development use only. Your security configuration must be updated before running your application in production.

2025-07-05 10:06:19 [restartedMain] DEBUG o.s.w.s.m.m.a.RequestMappingHandlerMapping - 24 mappings in 'requestMappingHandlerMapping'
2025-07-05 10:06:19 [restartedMain] DEBUG o.s.w.s.h.SimpleUrlHandlerMapping - Patterns [/webjars/**, /**, /swagger-ui*/*swagger-initializer.js, /swagger-ui*/**] in 'resourceHandlerMapping'
2025-07-05 10:06:20 [restartedMain] DEBUG o.s.w.s.m.m.a.RequestMappingHandlerAdapter - ControllerAdvice beans: 0 @ModelAttribute, 0 @InitBinder, 1 RequestBodyAdvice, 1 ResponseBodyAdvice
2025-07-05 10:06:20 [restartedMain] DEBUG o.s.w.s.m.m.a.ExceptionHandlerExceptionResolver - ControllerAdvice beans: 2 @ExceptionHandler, 1 ResponseBodyAdvice
2025-07-05 10:06:22 [restartedMain] INFO  c.netflix.discovery.DiscoveryClient - Initializing Eureka in region us-east-1
2025-07-05 10:06:22 [restartedMain] INFO  c.n.d.s.r.aws.ConfigClusterResolver - Resolving eureka endpoints via configuration
2025-07-05 10:06:22 [restartedMain] INFO  c.netflix.discovery.DiscoveryClient - Disable delta property : false
2025-07-05 10:06:22 [restartedMain] INFO  c.netflix.discovery.DiscoveryClient - Single vip registry refresh property : null
2025-07-05 10:06:22 [restartedMain] INFO  c.netflix.discovery.DiscoveryClient - Force full registry fetch : false
2025-07-05 10:06:22 [restartedMain] INFO  c.netflix.discovery.DiscoveryClient - Application is null : false
2025-07-05 10:06:22 [restartedMain] INFO  c.netflix.discovery.DiscoveryClient - Registered Applications size is zero : true
2025-07-05 10:06:22 [restartedMain] INFO  c.netflix.discovery.DiscoveryClient - Application version is -1: true
2025-07-05 10:06:22 [restartedMain] INFO  c.netflix.discovery.DiscoveryClient - Getting all instance registry info from the eureka server
2025-07-05 10:06:22 [restartedMain] DEBUG o.s.web.client.RestTemplate - HTTP GET http://localhost:8081/eureka/apps/
2025-07-05 10:06:22 [restartedMain] DEBUG o.s.web.client.RestTemplate - Accept=[application/json, application/*+json]
2025-07-05 10:06:22 [restartedMain] DEBUG o.s.web.client.RestTemplate - Response 200 OK
2025-07-05 10:06:22 [restartedMain] DEBUG o.s.web.client.RestTemplate - Reading to [org.springframework.cloud.netflix.eureka.http.EurekaApplications]
2025-07-05 10:06:22 [restartedMain] INFO  c.netflix.discovery.DiscoveryClient - The response status is 200
2025-07-05 10:06:22 [restartedMain] INFO  c.netflix.discovery.DiscoveryClient - Starting heartbeat executor: renew interval is: 30
2025-07-05 10:06:22 [restartedMain] INFO  c.n.discovery.InstanceInfoReplicator - InstanceInfoReplicator onDemand update allowed rate per min is 4
2025-07-05 10:06:22 [restartedMain] INFO  c.netflix.discovery.DiscoveryClient - Discovery Client initialized at timestamp 1751727982926 with initial instances count: 0
2025-07-05 10:06:22 [restartedMain] INFO  c.netflix.discovery.DiscoveryClient - Saw local status change event StatusChangeEvent [timestamp=1751727982946, current=UP, previous=STARTING]
2025-07-05 10:06:22 [DiscoveryClient-InstanceInfoReplicator-0] INFO  c.netflix.discovery.DiscoveryClient - DiscoveryClient_USERS-SERVICE/192.168.151.216:users-service:8082: registering service...
2025-07-05 10:06:22 [DiscoveryClient-InstanceInfoReplicator-0] DEBUG o.s.web.client.RestTemplate - HTTP POST http://localhost:8081/eureka/apps/USERS-SERVICE
2025-07-05 10:06:22 [DiscoveryClient-InstanceInfoReplicator-0] DEBUG o.s.web.client.RestTemplate - Accept=[application/json, application/*+json]
2025-07-05 10:06:23 [DiscoveryClient-InstanceInfoReplicator-0] DEBUG o.s.web.client.RestTemplate - Writing [InstanceInfo [instanceId = 192.168.151.216:users-service:8082, appName = USERS-SERVICE, hostName = 192.168.151.216, status = UP, ipAddr = 192.168.151.216, port = 8082, securePort = 443, dataCenterInfo = com.netflix.appinfo.MyDataCenterInfo@5119d486] as "application/json"
2025-07-05 10:06:23 [restartedMain] INFO  c.m.users.UsersApplication - Started UsersApplication in 15.88 seconds (process running for 16.69)
2025-07-05 10:06:23 [DiscoveryClient-InstanceInfoReplicator-0] DEBUG o.s.web.client.RestTemplate - Response 204 NO_CONTENT
2025-07-05 10:06:23 [DiscoveryClient-InstanceInfoReplicator-0] INFO  c.netflix.discovery.DiscoveryClient - DiscoveryClient_USERS-SERVICE/192.168.151.216:users-service:8082 - registration status: 204
2025-07-05 10:06:36 [http-nio-8082-exec-2] INFO  o.s.web.servlet.DispatcherServlet - Initializing Servlet 'dispatcherServlet'
2025-07-05 10:06:36 [http-nio-8082-exec-2] DEBUG o.s.web.servlet.DispatcherServlet - Detected StandardServletMultipartResolver
2025-07-05 10:06:36 [http-nio-8082-exec-2] DEBUG o.s.web.servlet.DispatcherServlet - Detected AcceptHeaderLocaleResolver
2025-07-05 10:06:36 [http-nio-8082-exec-2] DEBUG o.s.web.servlet.DispatcherServlet - Detected FixedThemeResolver
2025-07-05 10:06:36 [http-nio-8082-exec-2] DEBUG o.s.web.servlet.DispatcherServlet - Detected org.springframework.web.servlet.view.DefaultRequestToViewNameTranslator@38aa5963
2025-07-05 10:06:36 [http-nio-8082-exec-2] DEBUG o.s.web.servlet.DispatcherServlet - Detected org.springframework.web.servlet.support.SessionFlashMapManager@56be6772
2025-07-05 10:06:36 [http-nio-8082-exec-2] DEBUG o.s.web.servlet.DispatcherServlet - enableLoggingRequestDetails='false': request parameters and headers will be masked to prevent unsafe logging of potentially sensitive data
2025-07-05 10:06:36 [http-nio-8082-exec-2] INFO  o.s.web.servlet.DispatcherServlet - Completed initialization in 8 ms
2025-07-05 10:06:36 [http-nio-8082-exec-2] DEBUG o.s.web.servlet.DispatcherServlet - POST "/register/customer", parameters={}
2025-07-05 10:06:36 [http-nio-8082-exec-2] DEBUG o.s.w.s.m.m.a.RequestMappingHandlerMapping - Mapped to com.microserviceone.users.registrationApi.web.controller.RegisterController#registerCustomer(CustomerRequest)
2025-07-05 10:06:36 [http-nio-8082-exec-2] DEBUG c.m.u.core.logging.LoggingService - Límite encontrado para register_customer: 10
2025-07-05 10:06:36 [http-nio-8082-exec-2] DEBUG c.m.u.core.logging.LoggingService - Verificando rate limit para usuario: 0:0:0:0:0:0:0:1 en endpoint: register_customer - Límite: 10/min
2025-07-05 10:06:36 [http-nio-8082-exec-2] DEBUG c.m.u.core.logging.LoggingService - Verificando rate limit - Key: 0:0:0:0:0:0:0:1:register_customer, Endpoint: register_customer, MaxRequests: 10
2025-07-05 10:06:36 [http-nio-8082-exec-2] DEBUG c.m.u.core.logging.LoggingService - Creando nuevo contador para key: 0:0:0:0:0:0:0:1:register_customer
2025-07-05 10:06:36 [http-nio-8082-exec-2] DEBUG c.m.u.core.logging.LoggingService - Contador actual para 0:0:0:0:0:0:0:1:register_customer: 0/10
2025-07-05 10:06:36 [http-nio-8082-exec-2] DEBUG c.m.u.core.logging.LoggingService - Request permitida para usuario: 0:0:0:0:0:0:0:1 en endpoint: register_customer - Contador: 1/10
2025-07-05 10:06:36 [http-nio-8082-exec-2] DEBUG o.s.w.s.m.m.a.RequestResponseBodyMethodProcessor - Read "application/json;charset=UTF-8" to [CustomerRequest(name=Seebastian, lastName=Agudelo, email=agudelo1@gmail.com, password=Agudelo123@, p (truncated)...]
2025-07-05 10:06:36 [http-nio-8082-exec-2] INFO  c.m.u.core.logging.LoggingService - Iniciando registro de cliente - Email: agudelo1@gmail.com, Nombre: Seebastian Agudelo
2025-07-05 10:06:36 [http-nio-8082-exec-2] DEBUG c.m.u.core.logging.LoggingService - Validando verificación de email para: agudelo1@gmail.com
2025-07-05 10:06:36 [http-nio-8082-exec-2] INFO  c.m.u.core.logging.LoggingService - Iniciando validación de email previa al registro para email: agudelo1@gmail.com
2025-07-05 10:06:36 [http-nio-8082-exec-2] INFO  c.m.u.core.logging.LoggingService - Validando verificación de email: agudelo1@gmail.com
2025-07-05 10:06:36 [http-nio-8082-exec-2] DEBUG o.s.web.client.RestTemplate - HTTP POST http://localhost:8082/verification/status
2025-07-05 10:06:36 [http-nio-8082-exec-2] DEBUG o.s.web.client.RestTemplate - Accept=[application/json, application/*+json]
2025-07-05 10:06:36 [http-nio-8082-exec-2] DEBUG o.s.web.client.RestTemplate - Writing [com.microserviceone.users.registrationApi.application.service.UserValidationService$SendCodeRequest@2f027f2f] as "application/json"
2025-07-05 10:06:36 [http-nio-8082-exec-3] DEBUG o.s.web.servlet.DispatcherServlet - POST "/verification/status", parameters={}
2025-07-05 10:06:36 [http-nio-8082-exec-3] DEBUG o.s.w.s.m.m.a.RequestMappingHandlerMapping - Mapped to com.microserviceone.users.verificationCodeApi.web.controller.VerificationCodeController#checkEmailVerification(SendCodeRequest)
2025-07-05 10:06:36 [http-nio-8082-exec-3] DEBUG c.m.u.core.logging.LoggingService - Límite encontrado para verification_check_status: 5
2025-07-05 10:06:36 [http-nio-8082-exec-3] DEBUG c.m.u.core.logging.LoggingService - Verificando rate limit para usuario: 127.0.0.1 en endpoint: verification_check_status - Límite: 5/min
2025-07-05 10:06:36 [http-nio-8082-exec-3] DEBUG c.m.u.core.logging.LoggingService - Verificando rate limit - Key: 127.0.0.1:verification_check_status, Endpoint: verification_check_status, MaxRequests: 5
2025-07-05 10:06:36 [http-nio-8082-exec-3] DEBUG c.m.u.core.logging.LoggingService - Creando nuevo contador para key: 127.0.0.1:verification_check_status
2025-07-05 10:06:36 [http-nio-8082-exec-3] DEBUG c.m.u.core.logging.LoggingService - Contador actual para 127.0.0.1:verification_check_status: 0/5
2025-07-05 10:06:36 [http-nio-8082-exec-3] DEBUG c.m.u.core.logging.LoggingService - Request permitida para usuario: 127.0.0.1 en endpoint: verification_check_status - Contador: 1/5
2025-07-05 10:06:36 [http-nio-8082-exec-3] DEBUG o.s.w.s.m.m.a.RequestResponseBodyMethodProcessor - Read "application/json;charset=UTF-8" to [com.microserviceone.users.verificationCodeApi.web.dto.SendCodeRequest@2d4ccb11]
2025-07-05 10:06:36 [http-nio-8082-exec-3] INFO  c.m.u.core.logging.LoggingService - VerificationService: Verificando estado de verificación de email - Email: agudelo1@gmail.com
2025-07-05 10:06:36 [http-nio-8082-exec-3] DEBUG c.m.u.core.logging.LoggingService - CachedCheckEmailVerificationUseCase: Verificando con cache si email está verificado - Email: agudelo1@gmail.com
2025-07-05 10:06:36 [http-nio-8082-exec-3] DEBUG c.m.u.core.logging.LoggingService - CacheService: getOrCompute - Cache: emailVerified, Key: emailVerified:agudelo1@gmail.com
2025-07-05 10:06:36 [http-nio-8082-exec-3] DEBUG c.m.u.core.logging.LoggingService - CacheService: Cache MISS - Cache: emailVerified, Key: emailVerified:agudelo1@gmail.com
2025-07-05 10:06:36 [http-nio-8082-exec-3] DEBUG c.m.u.core.logging.LoggingService - CachedCheckEmailVerificationUseCase: Cache miss, ejecutando verificación - Email: agudelo1@gmail.com
2025-07-05 10:06:36 [http-nio-8082-exec-3] INFO  c.m.u.core.logging.LoggingService - CheckEmailVerificationUseCase: Verificando estado de verificación de email - Email: agudelo1@gmail.com
2025-07-05 10:06:36 [http-nio-8082-exec-3] DEBUG c.m.u.core.logging.LoggingService - AdapterVerificationCode: Verificando si email está verificado - Email: agudelo1@gmail.com
2025-07-05 10:06:37 [http-nio-8082-exec-3] DEBUG c.m.u.core.logging.LoggingService - AdapterVerificationCode: Estado de verificación - Email: agudelo1@gmail.com, Verificado: false
2025-07-05 10:06:37 [http-nio-8082-exec-3] WARN  c.m.u.core.logging.LoggingService - CheckEmailVerificationUseCase: Email no verificado - Email: agudelo1@gmail.com
2025-07-05 10:06:37 [http-nio-8082-exec-3] DEBUG c.m.u.core.logging.LoggingService - El correo electrónico aún no ha sido verificado
2025-07-05 10:06:37 [http-nio-8082-exec-3] ERROR c.m.u.core.logging.LoggingService - CheckEmailVerificationUseCase: Excepción de email no verificado - Email: agudelo1@gmail.com
com.microserviceone.users.verificationCodeApi.application.exception.EmailNotVerifiedException: El correo electrónico aún no ha sido verificado
	at com.microserviceone.users.verificationCodeApi.application.usecase.CheckEmailVerificationUseCase.checkEmailVerification(CheckEmailVerificationUseCase.java:30)
	at java.base/jdk.internal.reflect.NativeMethodAccessorImpl.invoke0(Native Method)
	at java.base/jdk.internal.reflect.NativeMethodAccessorImpl.invoke(NativeMethodAccessorImpl.java:77)
	at java.base/jdk.internal.reflect.DelegatingMethodAccessorImpl.invoke(DelegatingMethodAccessorImpl.java:43)
	at java.base/java.lang.reflect.Method.invoke(Method.java:569)
	at org.springframework.aop.support.AopUtils.invokeJoinpointUsingReflection(AopUtils.java:351)
	at org.springframework.aop.framework.ReflectiveMethodInvocation.invokeJoinpoint(ReflectiveMethodInvocation.java:196)
	at org.springframework.aop.framework.ReflectiveMethodInvocation.proceed(ReflectiveMethodInvocation.java:163)
	at org.springframework.aop.framework.CglibAopProxy$CglibMethodInvocation.proceed(CglibAopProxy.java:765)
	at org.springframework.transaction.interceptor.TransactionInterceptor$1.proceedWithInvocation(TransactionInterceptor.java:123)
	at org.springframework.transaction.interceptor.TransactionAspectSupport.invokeWithinTransaction(TransactionAspectSupport.java:385)
	at org.springframework.transaction.interceptor.TransactionInterceptor.invoke(TransactionInterceptor.java:119)
	at org.springframework.aop.framework.ReflectiveMethodInvocation.proceed(ReflectiveMethodInvocation.java:184)
	at org.springframework.aop.framework.CglibAopProxy$CglibMethodInvocation.proceed(CglibAopProxy.java:765)
	at org.springframework.aop.framework.CglibAopProxy$DynamicAdvisedInterceptor.intercept(CglibAopProxy.java:717)
	at com.microserviceone.users.verificationCodeApi.application.usecase.CheckEmailVerificationUseCase$$SpringCGLIB$$0.checkEmailVerification(<generated>)
	at com.microserviceone.users.verificationCodeApi.application.usecase.cached.CachedCheckEmailVerificationUseCase.lambda$0(CachedCheckEmailVerificationUseCase.java:36)
	at com.microserviceone.users.core.cache.service.CacheServiceImpl.getOrCompute(CacheServiceImpl.java:40)
	at com.microserviceone.users.verificationCodeApi.application.usecase.cached.CachedCheckEmailVerificationUseCase.checkEmailVerification(CachedCheckEmailVerificationUseCase.java:31)
	at com.microserviceone.users.verificationCodeApi.application.service.VerificationService.checkEmailVerification(VerificationService.java:55)
	at com.microserviceone.users.verificationCodeApi.web.controller.VerificationCodeController.checkEmailVerification(VerificationCodeController.java:69)
	at java.base/jdk.internal.reflect.NativeMethodAccessorImpl.invoke0(Native Method)
	at java.base/jdk.internal.reflect.NativeMethodAccessorImpl.invoke(NativeMethodAccessorImpl.java:77)
	at java.base/jdk.internal.reflect.DelegatingMethodAccessorImpl.invoke(DelegatingMethodAccessorImpl.java:43)
	at java.base/java.lang.reflect.Method.invoke(Method.java:569)
	at org.springframework.web.method.support.InvocableHandlerMethod.doInvoke(InvocableHandlerMethod.java:259)
	at org.springframework.web.method.support.InvocableHandlerMethod.invokeForRequest(InvocableHandlerMethod.java:192)
	at org.springframework.web.servlet.mvc.method.annotation.ServletInvocableHandlerMethod.invokeAndHandle(ServletInvocableHandlerMethod.java:118)
	at org.springframework.web.servlet.mvc.method.annotation.RequestMappingHandlerAdapter.invokeHandlerMethod(RequestMappingHandlerAdapter.java:920)
	at org.springframework.web.servlet.mvc.method.annotation.RequestMappingHandlerAdapter.handleInternal(RequestMappingHandlerAdapter.java:830)
	at org.springframework.web.servlet.mvc.method.AbstractHandlerMethodAdapter.handle(AbstractHandlerMethodAdapter.java:87)
	at org.springframework.web.servlet.DispatcherServlet.doDispatch(DispatcherServlet.java:1089)
	at org.springframework.web.servlet.DispatcherServlet.doService(DispatcherServlet.java:979)
	at org.springframework.web.servlet.FrameworkServlet.processRequest(FrameworkServlet.java:1014)
	at org.springframework.web.servlet.FrameworkServlet.doPost(FrameworkServlet.java:914)
	at jakarta.servlet.http.HttpServlet.service(HttpServlet.java:590)
	at org.springframework.web.servlet.FrameworkServlet.service(FrameworkServlet.java:885)
	at jakarta.servlet.http.HttpServlet.service(HttpServlet.java:658)
	at org.apache.catalina.core.ApplicationFilterChain.internalDoFilter(ApplicationFilterChain.java:205)
	at org.apache.catalina.core.ApplicationFilterChain.doFilter(ApplicationFilterChain.java:149)
	at org.apache.tomcat.websocket.server.WsFilter.doFilter(WsFilter.java:51)
	at org.apache.catalina.core.ApplicationFilterChain.internalDoFilter(ApplicationFilterChain.java:174)
	at org.apache.catalina.core.ApplicationFilterChain.doFilter(ApplicationFilterChain.java:149)
	at org.springframework.web.filter.OncePerRequestFilter.doFilter(OncePerRequestFilter.java:110)
	at org.apache.catalina.core.ApplicationFilterChain.internalDoFilter(ApplicationFilterChain.java:174)
	at org.apache.catalina.core.ApplicationFilterChain.doFilter(ApplicationFilterChain.java:149)
	at org.springframework.web.filter.CompositeFilter$VirtualFilterChain.doFilter(CompositeFilter.java:108)
	at org.springframework.security.web.FilterChainProxy.lambda$doFilterInternal$3(FilterChainProxy.java:231)
	at org.springframework.security.web.ObservationFilterChainDecorator$FilterObservation$SimpleFilterObservation.lambda$wrap$1(ObservationFilterChainDecorator.java:479)
	at org.springframework.security.web.ObservationFilterChainDecorator$AroundFilterObservation$SimpleAroundFilterObservation.lambda$wrap$1(ObservationFilterChainDecorator.java:340)
	at org.springframework.security.web.ObservationFilterChainDecorator.lambda$wrapSecured$0(ObservationFilterChainDecorator.java:82)
	at org.springframework.security.web.ObservationFilterChainDecorator$VirtualFilterChain.doFilter(ObservationFilterChainDecorator.java:128)
	at org.springframework.security.web.access.intercept.AuthorizationFilter.doFilter(AuthorizationFilter.java:100)
	at org.springframework.security.web.ObservationFilterChainDecorator$ObservationFilter.wrapFilter(ObservationFilterChainDecorator.java:240)
	at org.springframework.security.web.ObservationFilterChainDecorator$ObservationFilter.doFilter(ObservationFilterChainDecorator.java:227)
	at org.springframework.security.web.ObservationFilterChainDecorator$VirtualFilterChain.doFilter(ObservationFilterChainDecorator.java:137)
	at org.springframework.security.web.access.ExceptionTranslationFilter.doFilter(ExceptionTranslationFilter.java:126)
	at org.springframework.security.web.access.ExceptionTranslationFilter.doFilter(ExceptionTranslationFilter.java:120)
	at org.springframework.security.web.ObservationFilterChainDecorator$ObservationFilter.wrapFilter(ObservationFilterChainDecorator.java:240)
	at org.springframework.security.web.ObservationFilterChainDecorator$ObservationFilter.doFilter(ObservationFilterChainDecorator.java:227)
	at org.springframework.security.web.ObservationFilterChainDecorator$VirtualFilterChain.doFilter(ObservationFilterChainDecorator.java:137)
	at org.springframework.security.web.authentication.AnonymousAuthenticationFilter.doFilter(AnonymousAuthenticationFilter.java:100)
	at org.springframework.security.web.ObservationFilterChainDecorator$ObservationFilter.wrapFilter(ObservationFilterChainDecorator.java:240)
	at org.springframework.security.web.ObservationFilterChainDecorator$ObservationFilter.doFilter(ObservationFilterChainDecorator.java:227)
	at org.springframework.security.web.ObservationFilterChainDecorator$VirtualFilterChain.doFilter(ObservationFilterChainDecorator.java:137)
	at org.springframework.security.web.servletapi.SecurityContextHolderAwareRequestFilter.doFilter(SecurityContextHolderAwareRequestFilter.java:179)
	at org.springframework.security.web.ObservationFilterChainDecorator$ObservationFilter.wrapFilter(ObservationFilterChainDecorator.java:240)
	at org.springframework.security.web.ObservationFilterChainDecorator$ObservationFilter.doFilter(ObservationFilterChainDecorator.java:227)
	at org.springframework.security.web.ObservationFilterChainDecorator$VirtualFilterChain.doFilter(ObservationFilterChainDecorator.java:137)
	at org.springframework.security.web.savedrequest.RequestCacheAwareFilter.doFilter(RequestCacheAwareFilter.java:63)
	at org.springframework.security.web.ObservationFilterChainDecorator$ObservationFilter.wrapFilter(ObservationFilterChainDecorator.java:240)
	at org.springframework.security.web.ObservationFilterChainDecorator$ObservationFilter.doFilter(ObservationFilterChainDecorator.java:227)
	at org.springframework.security.web.ObservationFilterChainDecorator$VirtualFilterChain.doFilter(ObservationFilterChainDecorator.java:137)
	at com.microserviceone.users.core.config.internalSecurity.InternalJwtFilter.doFilterInternal(InternalJwtFilter.java:90)
	at org.springframework.web.filter.OncePerRequestFilter.doFilter(OncePerRequestFilter.java:116)
	at org.springframework.security.web.ObservationFilterChainDecorator$ObservationFilter.wrapFilter(ObservationFilterChainDecorator.java:240)
	at org.springframework.security.web.ObservationFilterChainDecorator$ObservationFilter.doFilter(ObservationFilterChainDecorator.java:227)
	at org.springframework.security.web.ObservationFilterChainDecorator$VirtualFilterChain.doFilter(ObservationFilterChainDecorator.java:137)
	at org.springframework.security.web.authentication.logout.LogoutFilter.doFilter(LogoutFilter.java:107)
	at org.springframework.security.web.authentication.logout.LogoutFilter.doFilter(LogoutFilter.java:93)
	at org.springframework.security.web.ObservationFilterChainDecorator$ObservationFilter.wrapFilter(ObservationFilterChainDecorator.java:240)
	at org.springframework.security.web.ObservationFilterChainDecorator$ObservationFilter.doFilter(ObservationFilterChainDecorator.java:227)
	at org.springframework.security.web.ObservationFilterChainDecorator$VirtualFilterChain.doFilter(ObservationFilterChainDecorator.java:137)
	at org.springframework.web.filter.CorsFilter.doFilterInternal(CorsFilter.java:91)
	at org.springframework.web.filter.OncePerRequestFilter.doFilter(OncePerRequestFilter.java:116)
	at org.springframework.security.web.ObservationFilterChainDecorator$ObservationFilter.wrapFilter(ObservationFilterChainDecorator.java:240)
	at org.springframework.security.web.ObservationFilterChainDecorator$ObservationFilter.doFilter(ObservationFilterChainDecorator.java:227)
	at org.springframework.security.web.ObservationFilterChainDecorator$VirtualFilterChain.doFilter(ObservationFilterChainDecorator.java:137)
	at org.springframework.security.web.header.HeaderWriterFilter.doHeadersAfter(HeaderWriterFilter.java:90)
	at org.springframework.security.web.header.HeaderWriterFilter.doFilterInternal(HeaderWriterFilter.java:75)
	at org.springframework.web.filter.OncePerRequestFilter.doFilter(OncePerRequestFilter.java:116)
	at org.springframework.security.web.ObservationFilterChainDecorator$ObservationFilter.wrapFilter(ObservationFilterChainDecorator.java:240)
	at org.springframework.security.web.ObservationFilterChainDecorator$ObservationFilter.doFilter(ObservationFilterChainDecorator.java:227)
	at org.springframework.security.web.ObservationFilterChainDecorator$VirtualFilterChain.doFilter(ObservationFilterChainDecorator.java:137)
	at org.springframework.security.web.context.SecurityContextHolderFilter.doFilter(SecurityContextHolderFilter.java:82)
	at org.springframework.security.web.context.SecurityContextHolderFilter.doFilter(SecurityContextHolderFilter.java:69)
	at org.springframework.security.web.ObservationFilterChainDecorator$ObservationFilter.wrapFilter(ObservationFilterChainDecorator.java:240)
	at org.springframework.security.web.ObservationFilterChainDecorator$ObservationFilter.doFilter(ObservationFilterChainDecorator.java:227)
	at org.springframework.security.web.ObservationFilterChainDecorator$VirtualFilterChain.doFilter(ObservationFilterChainDecorator.java:137)
	at org.springframework.security.web.context.request.async.WebAsyncManagerIntegrationFilter.doFilterInternal(WebAsyncManagerIntegrationFilter.java:62)
	at org.springframework.web.filter.OncePerRequestFilter.doFilter(OncePerRequestFilter.java:116)
	at org.springframework.security.web.ObservationFilterChainDecorator$ObservationFilter.wrapFilter(ObservationFilterChainDecorator.java:240)
	at org.springframework.security.web.ObservationFilterChainDecorator$ObservationFilter.doFilter(ObservationFilterChainDecorator.java:227)
	at org.springframework.security.web.ObservationFilterChainDecorator$VirtualFilterChain.doFilter(ObservationFilterChainDecorator.java:137)
	at org.springframework.security.web.session.DisableEncodeUrlFilter.doFilterInternal(DisableEncodeUrlFilter.java:42)
	at org.springframework.web.filter.OncePerRequestFilter.doFilter(OncePerRequestFilter.java:116)
	at org.springframework.security.web.ObservationFilterChainDecorator$ObservationFilter.wrapFilter(ObservationFilterChainDecorator.java:240)
	at org.springframework.security.web.ObservationFilterChainDecorator$AroundFilterObservation$SimpleAroundFilterObservation.lambda$wrap$0(ObservationFilterChainDecorator.java:323)
	at org.springframework.security.web.ObservationFilterChainDecorator$ObservationFilter.doFilter(ObservationFilterChainDecorator.java:224)
	at org.springframework.security.web.ObservationFilterChainDecorator$VirtualFilterChain.doFilter(ObservationFilterChainDecorator.java:137)
	at org.springframework.security.web.FilterChainProxy.doFilterInternal(FilterChainProxy.java:233)
	at org.springframework.security.web.FilterChainProxy.doFilter(FilterChainProxy.java:191)
	at org.springframework.web.filter.CompositeFilter$VirtualFilterChain.doFilter(CompositeFilter.java:113)
	at org.springframework.web.servlet.handler.HandlerMappingIntrospector.lambda$createCacheFilter$3(HandlerMappingIntrospector.java:195)
	at org.springframework.web.filter.CompositeFilter$VirtualFilterChain.doFilter(CompositeFilter.java:113)
	at org.springframework.web.filter.CompositeFilter.doFilter(CompositeFilter.java:74)
	at org.springframework.security.config.annotation.web.configuration.WebMvcSecurityConfiguration$CompositeFilterChainProxy.doFilter(WebMvcSecurityConfiguration.java:230)
	at org.springframework.web.filter.DelegatingFilterProxy.invokeDelegate(DelegatingFilterProxy.java:352)
	at org.springframework.web.filter.DelegatingFilterProxy.doFilter(DelegatingFilterProxy.java:268)
	at org.apache.catalina.core.ApplicationFilterChain.internalDoFilter(ApplicationFilterChain.java:174)
	at org.apache.catalina.core.ApplicationFilterChain.doFilter(ApplicationFilterChain.java:149)
	at org.springframework.web.filter.RequestContextFilter.doFilterInternal(RequestContextFilter.java:100)
	at org.springframework.web.filter.OncePerRequestFilter.doFilter(OncePerRequestFilter.java:116)
	at org.apache.catalina.core.ApplicationFilterChain.internalDoFilter(ApplicationFilterChain.java:174)
	at org.apache.catalina.core.ApplicationFilterChain.doFilter(ApplicationFilterChain.java:149)
	at org.springframework.web.filter.FormContentFilter.doFilterInternal(FormContentFilter.java:93)
	at org.springframework.web.filter.OncePerRequestFilter.doFilter(OncePerRequestFilter.java:116)
	at org.apache.catalina.core.ApplicationFilterChain.internalDoFilter(ApplicationFilterChain.java:174)
	at org.apache.catalina.core.ApplicationFilterChain.doFilter(ApplicationFilterChain.java:149)
	at org.springframework.web.filter.ServerHttpObservationFilter.doFilterInternal(ServerHttpObservationFilter.java:109)
	at org.springframework.web.filter.OncePerRequestFilter.doFilter(OncePerRequestFilter.java:116)
	at org.apache.catalina.core.ApplicationFilterChain.internalDoFilter(ApplicationFilterChain.java:174)
	at org.apache.catalina.core.ApplicationFilterChain.doFilter(ApplicationFilterChain.java:149)
	at org.springframework.web.filter.CharacterEncodingFilter.doFilterInternal(CharacterEncodingFilter.java:201)
	at org.springframework.web.filter.OncePerRequestFilter.doFilter(OncePerRequestFilter.java:116)
	at org.apache.catalina.core.ApplicationFilterChain.internalDoFilter(ApplicationFilterChain.java:174)
	at org.apache.catalina.core.ApplicationFilterChain.doFilter(ApplicationFilterChain.java:149)
	at org.apache.catalina.core.StandardWrapperValve.invoke(StandardWrapperValve.java:167)
	at org.apache.catalina.core.StandardContextValve.invoke(StandardContextValve.java:90)
	at org.apache.catalina.authenticator.AuthenticatorBase.invoke(AuthenticatorBase.java:482)
	at org.apache.catalina.core.StandardHostValve.invoke(StandardHostValve.java:115)
	at org.apache.catalina.valves.ErrorReportValve.invoke(ErrorReportValve.java:93)
	at org.apache.catalina.core.StandardEngineValve.invoke(StandardEngineValve.java:74)
	at org.apache.catalina.connector.CoyoteAdapter.service(CoyoteAdapter.java:344)
	at org.apache.coyote.http11.Http11Processor.service(Http11Processor.java:391)
	at org.apache.coyote.AbstractProcessorLight.process(AbstractProcessorLight.java:63)
	at org.apache.coyote.AbstractProtocol$ConnectionHandler.process(AbstractProtocol.java:896)
	at org.apache.tomcat.util.net.NioEndpoint$SocketProcessor.doRun(NioEndpoint.java:1744)
	at org.apache.tomcat.util.net.SocketProcessorBase.run(SocketProcessorBase.java:52)
	at org.apache.tomcat.util.threads.ThreadPoolExecutor.runWorker(ThreadPoolExecutor.java:1191)
	at org.apache.tomcat.util.threads.ThreadPoolExecutor$Worker.run(ThreadPoolExecutor.java:659)
	at org.apache.tomcat.util.threads.TaskThread$WrappingRunnable.run(TaskThread.java:63)
	at java.base/java.lang.Thread.run(Thread.java:840)
2025-07-05 10:06:37 [http-nio-8082-exec-3] ERROR c.m.u.core.logging.LoggingService - CacheService: Error en getOrCompute - Cache: emailVerified, Key: emailVerified:agudelo1@gmail.com
com.microserviceone.users.verificationCodeApi.application.exception.EmailNotVerifiedException: El correo electrónico aún no ha sido verificado
	at com.microserviceone.users.verificationCodeApi.application.usecase.CheckEmailVerificationUseCase.checkEmailVerification(CheckEmailVerificationUseCase.java:30)
	at java.base/jdk.internal.reflect.NativeMethodAccessorImpl.invoke0(Native Method)
	at java.base/jdk.internal.reflect.NativeMethodAccessorImpl.invoke(NativeMethodAccessorImpl.java:77)
	at java.base/jdk.internal.reflect.DelegatingMethodAccessorImpl.invoke(DelegatingMethodAccessorImpl.java:43)
	at java.base/java.lang.reflect.Method.invoke(Method.java:569)
	at org.springframework.aop.support.AopUtils.invokeJoinpointUsingReflection(AopUtils.java:351)
	at org.springframework.aop.framework.ReflectiveMethodInvocation.invokeJoinpoint(ReflectiveMethodInvocation.java:196)
	at org.springframework.aop.framework.ReflectiveMethodInvocation.proceed(ReflectiveMethodInvocation.java:163)
	at org.springframework.aop.framework.CglibAopProxy$CglibMethodInvocation.proceed(CglibAopProxy.java:765)
	at org.springframework.transaction.interceptor.TransactionInterceptor$1.proceedWithInvocation(TransactionInterceptor.java:123)
	at org.springframework.transaction.interceptor.TransactionAspectSupport.invokeWithinTransaction(TransactionAspectSupport.java:385)
	at org.springframework.transaction.interceptor.TransactionInterceptor.invoke(TransactionInterceptor.java:119)
	at org.springframework.aop.framework.ReflectiveMethodInvocation.proceed(ReflectiveMethodInvocation.java:184)
	at org.springframework.aop.framework.CglibAopProxy$CglibMethodInvocation.proceed(CglibAopProxy.java:765)
	at org.springframework.aop.framework.CglibAopProxy$DynamicAdvisedInterceptor.intercept(CglibAopProxy.java:717)
	at com.microserviceone.users.verificationCodeApi.application.usecase.CheckEmailVerificationUseCase$$SpringCGLIB$$0.checkEmailVerification(<generated>)
	at com.microserviceone.users.verificationCodeApi.application.usecase.cached.CachedCheckEmailVerificationUseCase.lambda$0(CachedCheckEmailVerificationUseCase.java:36)
	at com.microserviceone.users.core.cache.service.CacheServiceImpl.getOrCompute(CacheServiceImpl.java:40)
	at com.microserviceone.users.verificationCodeApi.application.usecase.cached.CachedCheckEmailVerificationUseCase.checkEmailVerification(CachedCheckEmailVerificationUseCase.java:31)
	at com.microserviceone.users.verificationCodeApi.application.service.VerificationService.checkEmailVerification(VerificationService.java:55)
	at com.microserviceone.users.verificationCodeApi.web.controller.VerificationCodeController.checkEmailVerification(VerificationCodeController.java:69)
	at java.base/jdk.internal.reflect.NativeMethodAccessorImpl.invoke0(Native Method)
	at java.base/jdk.internal.reflect.NativeMethodAccessorImpl.invoke(NativeMethodAccessorImpl.java:77)
	at java.base/jdk.internal.reflect.DelegatingMethodAccessorImpl.invoke(DelegatingMethodAccessorImpl.java:43)
	at java.base/java.lang.reflect.Method.invoke(Method.java:569)
	at org.springframework.web.method.support.InvocableHandlerMethod.doInvoke(InvocableHandlerMethod.java:259)
	at org.springframework.web.method.support.InvocableHandlerMethod.invokeForRequest(InvocableHandlerMethod.java:192)
	at org.springframework.web.servlet.mvc.method.annotation.ServletInvocableHandlerMethod.invokeAndHandle(ServletInvocableHandlerMethod.java:118)
	at org.springframework.web.servlet.mvc.method.annotation.RequestMappingHandlerAdapter.invokeHandlerMethod(RequestMappingHandlerAdapter.java:920)
	at org.springframework.web.servlet.mvc.method.annotation.RequestMappingHandlerAdapter.handleInternal(RequestMappingHandlerAdapter.java:830)
	at org.springframework.web.servlet.mvc.method.AbstractHandlerMethodAdapter.handle(AbstractHandlerMethodAdapter.java:87)
	at org.springframework.web.servlet.DispatcherServlet.doDispatch(DispatcherServlet.java:1089)
	at org.springframework.web.servlet.DispatcherServlet.doService(DispatcherServlet.java:979)
	at org.springframework.web.servlet.FrameworkServlet.processRequest(FrameworkServlet.java:1014)
	at org.springframework.web.servlet.FrameworkServlet.doPost(FrameworkServlet.java:914)
	at jakarta.servlet.http.HttpServlet.service(HttpServlet.java:590)
	at org.springframework.web.servlet.FrameworkServlet.service(FrameworkServlet.java:885)
	at jakarta.servlet.http.HttpServlet.service(HttpServlet.java:658)
	at org.apache.catalina.core.ApplicationFilterChain.internalDoFilter(ApplicationFilterChain.java:205)
	at org.apache.catalina.core.ApplicationFilterChain.doFilter(ApplicationFilterChain.java:149)
	at org.apache.tomcat.websocket.server.WsFilter.doFilter(WsFilter.java:51)
	at org.apache.catalina.core.ApplicationFilterChain.internalDoFilter(ApplicationFilterChain.java:174)
	at org.apache.catalina.core.ApplicationFilterChain.doFilter(ApplicationFilterChain.java:149)
	at org.springframework.web.filter.OncePerRequestFilter.doFilter(OncePerRequestFilter.java:110)
	at org.apache.catalina.core.ApplicationFilterChain.internalDoFilter(ApplicationFilterChain.java:174)
	at org.apache.catalina.core.ApplicationFilterChain.doFilter(ApplicationFilterChain.java:149)
	at org.springframework.web.filter.CompositeFilter$VirtualFilterChain.doFilter(CompositeFilter.java:108)
	at org.springframework.security.web.FilterChainProxy.lambda$doFilterInternal$3(FilterChainProxy.java:231)
	at org.springframework.security.web.ObservationFilterChainDecorator$FilterObservation$SimpleFilterObservation.lambda$wrap$1(ObservationFilterChainDecorator.java:479)
	at org.springframework.security.web.ObservationFilterChainDecorator$AroundFilterObservation$SimpleAroundFilterObservation.lambda$wrap$1(ObservationFilterChainDecorator.java:340)
	at org.springframework.security.web.ObservationFilterChainDecorator.lambda$wrapSecured$0(ObservationFilterChainDecorator.java:82)
	at org.springframework.security.web.ObservationFilterChainDecorator$VirtualFilterChain.doFilter(ObservationFilterChainDecorator.java:128)
	at org.springframework.security.web.access.intercept.AuthorizationFilter.doFilter(AuthorizationFilter.java:100)
	at org.springframework.security.web.ObservationFilterChainDecorator$ObservationFilter.wrapFilter(ObservationFilterChainDecorator.java:240)
	at org.springframework.security.web.ObservationFilterChainDecorator$ObservationFilter.doFilter(ObservationFilterChainDecorator.java:227)
	at org.springframework.security.web.ObservationFilterChainDecorator$VirtualFilterChain.doFilter(ObservationFilterChainDecorator.java:137)
	at org.springframework.security.web.access.ExceptionTranslationFilter.doFilter(ExceptionTranslationFilter.java:126)
	at org.springframework.security.web.access.ExceptionTranslationFilter.doFilter(ExceptionTranslationFilter.java:120)
	at org.springframework.security.web.ObservationFilterChainDecorator$ObservationFilter.wrapFilter(ObservationFilterChainDecorator.java:240)
	at org.springframework.security.web.ObservationFilterChainDecorator$ObservationFilter.doFilter(ObservationFilterChainDecorator.java:227)
	at org.springframework.security.web.ObservationFilterChainDecorator$VirtualFilterChain.doFilter(ObservationFilterChainDecorator.java:137)
	at org.springframework.security.web.authentication.AnonymousAuthenticationFilter.doFilter(AnonymousAuthenticationFilter.java:100)
	at org.springframework.security.web.ObservationFilterChainDecorator$ObservationFilter.wrapFilter(ObservationFilterChainDecorator.java:240)
	at org.springframework.security.web.ObservationFilterChainDecorator$ObservationFilter.doFilter(ObservationFilterChainDecorator.java:227)
	at org.springframework.security.web.ObservationFilterChainDecorator$VirtualFilterChain.doFilter(ObservationFilterChainDecorator.java:137)
	at org.springframework.security.web.servletapi.SecurityContextHolderAwareRequestFilter.doFilter(SecurityContextHolderAwareRequestFilter.java:179)
	at org.springframework.security.web.ObservationFilterChainDecorator$ObservationFilter.wrapFilter(ObservationFilterChainDecorator.java:240)
	at org.springframework.security.web.ObservationFilterChainDecorator$ObservationFilter.doFilter(ObservationFilterChainDecorator.java:227)
	at org.springframework.security.web.ObservationFilterChainDecorator$VirtualFilterChain.doFilter(ObservationFilterChainDecorator.java:137)
	at org.springframework.security.web.savedrequest.RequestCacheAwareFilter.doFilter(RequestCacheAwareFilter.java:63)
	at org.springframework.security.web.ObservationFilterChainDecorator$ObservationFilter.wrapFilter(ObservationFilterChainDecorator.java:240)
	at org.springframework.security.web.ObservationFilterChainDecorator$ObservationFilter.doFilter(ObservationFilterChainDecorator.java:227)
	at org.springframework.security.web.ObservationFilterChainDecorator$VirtualFilterChain.doFilter(ObservationFilterChainDecorator.java:137)
	at com.microserviceone.users.core.config.internalSecurity.InternalJwtFilter.doFilterInternal(InternalJwtFilter.java:90)
	at org.springframework.web.filter.OncePerRequestFilter.doFilter(OncePerRequestFilter.java:116)
	at org.springframework.security.web.ObservationFilterChainDecorator$ObservationFilter.wrapFilter(ObservationFilterChainDecorator.java:240)
	at org.springframework.security.web.ObservationFilterChainDecorator$ObservationFilter.doFilter(ObservationFilterChainDecorator.java:227)
	at org.springframework.security.web.ObservationFilterChainDecorator$VirtualFilterChain.doFilter(ObservationFilterChainDecorator.java:137)
	at org.springframework.security.web.authentication.logout.LogoutFilter.doFilter(LogoutFilter.java:107)
	at org.springframework.security.web.authentication.logout.LogoutFilter.doFilter(LogoutFilter.java:93)
	at org.springframework.security.web.ObservationFilterChainDecorator$ObservationFilter.wrapFilter(ObservationFilterChainDecorator.java:240)
	at org.springframework.security.web.ObservationFilterChainDecorator$ObservationFilter.doFilter(ObservationFilterChainDecorator.java:227)
	at org.springframework.security.web.ObservationFilterChainDecorator$VirtualFilterChain.doFilter(ObservationFilterChainDecorator.java:137)
	at org.springframework.web.filter.CorsFilter.doFilterInternal(CorsFilter.java:91)
	at org.springframework.web.filter.OncePerRequestFilter.doFilter(OncePerRequestFilter.java:116)
	at org.springframework.security.web.ObservationFilterChainDecorator$ObservationFilter.wrapFilter(ObservationFilterChainDecorator.java:240)
	at org.springframework.security.web.ObservationFilterChainDecorator$ObservationFilter.doFilter(ObservationFilterChainDecorator.java:227)
	at org.springframework.security.web.ObservationFilterChainDecorator$VirtualFilterChain.doFilter(ObservationFilterChainDecorator.java:137)
	at org.springframework.security.web.header.HeaderWriterFilter.doHeadersAfter(HeaderWriterFilter.java:90)
	at org.springframework.security.web.header.HeaderWriterFilter.doFilterInternal(HeaderWriterFilter.java:75)
	at org.springframework.web.filter.OncePerRequestFilter.doFilter(OncePerRequestFilter.java:116)
	at org.springframework.security.web.ObservationFilterChainDecorator$ObservationFilter.wrapFilter(ObservationFilterChainDecorator.java:240)
	at org.springframework.security.web.ObservationFilterChainDecorator$ObservationFilter.doFilter(ObservationFilterChainDecorator.java:227)
	at org.springframework.security.web.ObservationFilterChainDecorator$VirtualFilterChain.doFilter(ObservationFilterChainDecorator.java:137)
	at org.springframework.security.web.context.SecurityContextHolderFilter.doFilter(SecurityContextHolderFilter.java:82)
	at org.springframework.security.web.context.SecurityContextHolderFilter.doFilter(SecurityContextHolderFilter.java:69)
	at org.springframework.security.web.ObservationFilterChainDecorator$ObservationFilter.wrapFilter(ObservationFilterChainDecorator.java:240)
	at org.springframework.security.web.ObservationFilterChainDecorator$ObservationFilter.doFilter(ObservationFilterChainDecorator.java:227)
	at org.springframework.security.web.ObservationFilterChainDecorator$VirtualFilterChain.doFilter(ObservationFilterChainDecorator.java:137)
	at org.springframework.security.web.context.request.async.WebAsyncManagerIntegrationFilter.doFilterInternal(WebAsyncManagerIntegrationFilter.java:62)
	at org.springframework.web.filter.OncePerRequestFilter.doFilter(OncePerRequestFilter.java:116)
	at org.springframework.security.web.ObservationFilterChainDecorator$ObservationFilter.wrapFilter(ObservationFilterChainDecorator.java:240)
	at org.springframework.security.web.ObservationFilterChainDecorator$ObservationFilter.doFilter(ObservationFilterChainDecorator.java:227)
	at org.springframework.security.web.ObservationFilterChainDecorator$VirtualFilterChain.doFilter(ObservationFilterChainDecorator.java:137)
	at org.springframework.security.web.session.DisableEncodeUrlFilter.doFilterInternal(DisableEncodeUrlFilter.java:42)
	at org.springframework.web.filter.OncePerRequestFilter.doFilter(OncePerRequestFilter.java:116)
	at org.springframework.security.web.ObservationFilterChainDecorator$ObservationFilter.wrapFilter(ObservationFilterChainDecorator.java:240)
	at org.springframework.security.web.ObservationFilterChainDecorator$AroundFilterObservation$SimpleAroundFilterObservation.lambda$wrap$0(ObservationFilterChainDecorator.java:323)
	at org.springframework.security.web.ObservationFilterChainDecorator$ObservationFilter.doFilter(ObservationFilterChainDecorator.java:224)
	at org.springframework.security.web.ObservationFilterChainDecorator$VirtualFilterChain.doFilter(ObservationFilterChainDecorator.java:137)
	at org.springframework.security.web.FilterChainProxy.doFilterInternal(FilterChainProxy.java:233)
	at org.springframework.security.web.FilterChainProxy.doFilter(FilterChainProxy.java:191)
	at org.springframework.web.filter.CompositeFilter$VirtualFilterChain.doFilter(CompositeFilter.java:113)
	at org.springframework.web.servlet.handler.HandlerMappingIntrospector.lambda$createCacheFilter$3(HandlerMappingIntrospector.java:195)
	at org.springframework.web.filter.CompositeFilter$VirtualFilterChain.doFilter(CompositeFilter.java:113)
	at org.springframework.web.filter.CompositeFilter.doFilter(CompositeFilter.java:74)
	at org.springframework.security.config.annotation.web.configuration.WebMvcSecurityConfiguration$CompositeFilterChainProxy.doFilter(WebMvcSecurityConfiguration.java:230)
	at org.springframework.web.filter.DelegatingFilterProxy.invokeDelegate(DelegatingFilterProxy.java:352)
	at org.springframework.web.filter.DelegatingFilterProxy.doFilter(DelegatingFilterProxy.java:268)
	at org.apache.catalina.core.ApplicationFilterChain.internalDoFilter(ApplicationFilterChain.java:174)
	at org.apache.catalina.core.ApplicationFilterChain.doFilter(ApplicationFilterChain.java:149)
	at org.springframework.web.filter.RequestContextFilter.doFilterInternal(RequestContextFilter.java:100)
	at org.springframework.web.filter.OncePerRequestFilter.doFilter(OncePerRequestFilter.java:116)
	at org.apache.catalina.core.ApplicationFilterChain.internalDoFilter(ApplicationFilterChain.java:174)
	at org.apache.catalina.core.ApplicationFilterChain.doFilter(ApplicationFilterChain.java:149)
	at org.springframework.web.filter.FormContentFilter.doFilterInternal(FormContentFilter.java:93)
	at org.springframework.web.filter.OncePerRequestFilter.doFilter(OncePerRequestFilter.java:116)
	at org.apache.catalina.core.ApplicationFilterChain.internalDoFilter(ApplicationFilterChain.java:174)
	at org.apache.catalina.core.ApplicationFilterChain.doFilter(ApplicationFilterChain.java:149)
	at org.springframework.web.filter.ServerHttpObservationFilter.doFilterInternal(ServerHttpObservationFilter.java:109)
	at org.springframework.web.filter.OncePerRequestFilter.doFilter(OncePerRequestFilter.java:116)
	at org.apache.catalina.core.ApplicationFilterChain.internalDoFilter(ApplicationFilterChain.java:174)
	at org.apache.catalina.core.ApplicationFilterChain.doFilter(ApplicationFilterChain.java:149)
	at org.springframework.web.filter.CharacterEncodingFilter.doFilterInternal(CharacterEncodingFilter.java:201)
	at org.springframework.web.filter.OncePerRequestFilter.doFilter(OncePerRequestFilter.java:116)
	at org.apache.catalina.core.ApplicationFilterChain.internalDoFilter(ApplicationFilterChain.java:174)
	at org.apache.catalina.core.ApplicationFilterChain.doFilter(ApplicationFilterChain.java:149)
	at org.apache.catalina.core.StandardWrapperValve.invoke(StandardWrapperValve.java:167)
	at org.apache.catalina.core.StandardContextValve.invoke(StandardContextValve.java:90)
	at org.apache.catalina.authenticator.AuthenticatorBase.invoke(AuthenticatorBase.java:482)
	at org.apache.catalina.core.StandardHostValve.invoke(StandardHostValve.java:115)
	at org.apache.catalina.valves.ErrorReportValve.invoke(ErrorReportValve.java:93)
	at org.apache.catalina.core.StandardEngineValve.invoke(StandardEngineValve.java:74)
	at org.apache.catalina.connector.CoyoteAdapter.service(CoyoteAdapter.java:344)
	at org.apache.coyote.http11.Http11Processor.service(Http11Processor.java:391)
	at org.apache.coyote.AbstractProcessorLight.process(AbstractProcessorLight.java:63)
	at org.apache.coyote.AbstractProtocol$ConnectionHandler.process(AbstractProtocol.java:896)
	at org.apache.tomcat.util.net.NioEndpoint$SocketProcessor.doRun(NioEndpoint.java:1744)
	at org.apache.tomcat.util.net.SocketProcessorBase.run(SocketProcessorBase.java:52)
	at org.apache.tomcat.util.threads.ThreadPoolExecutor.runWorker(ThreadPoolExecutor.java:1191)
	at org.apache.tomcat.util.threads.ThreadPoolExecutor$Worker.run(ThreadPoolExecutor.java:659)
	at org.apache.tomcat.util.threads.TaskThread$WrappingRunnable.run(TaskThread.java:63)
	at java.base/java.lang.Thread.run(Thread.java:840)
2025-07-05 10:06:37 [http-nio-8082-exec-3] DEBUG c.m.u.core.logging.LoggingService - CachedCheckEmailVerificationUseCase: Cache miss, ejecutando verificación - Email: agudelo1@gmail.com
2025-07-05 10:06:37 [http-nio-8082-exec-3] INFO  c.m.u.core.logging.LoggingService - CheckEmailVerificationUseCase: Verificando estado de verificación de email - Email: agudelo1@gmail.com
2025-07-05 10:06:37 [http-nio-8082-exec-3] DEBUG c.m.u.core.logging.LoggingService - AdapterVerificationCode: Verificando si email está verificado - Email: agudelo1@gmail.com
2025-07-05 10:06:37 [http-nio-8082-exec-3] DEBUG c.m.u.core.logging.LoggingService - AdapterVerificationCode: Estado de verificación - Email: agudelo1@gmail.com, Verificado: false
2025-07-05 10:06:37 [http-nio-8082-exec-3] WARN  c.m.u.core.logging.LoggingService - CheckEmailVerificationUseCase: Email no verificado - Email: agudelo1@gmail.com
2025-07-05 10:06:37 [http-nio-8082-exec-3] DEBUG c.m.u.core.logging.LoggingService - El correo electrónico aún no ha sido verificado
2025-07-05 10:06:37 [http-nio-8082-exec-3] ERROR c.m.u.core.logging.LoggingService - CheckEmailVerificationUseCase: Excepción de email no verificado - Email: agudelo1@gmail.com
com.microserviceone.users.verificationCodeApi.application.exception.EmailNotVerifiedException: El correo electrónico aún no ha sido verificado
	at com.microserviceone.users.verificationCodeApi.application.usecase.CheckEmailVerificationUseCase.checkEmailVerification(CheckEmailVerificationUseCase.java:30)
	at java.base/jdk.internal.reflect.NativeMethodAccessorImpl.invoke0(Native Method)
	at java.base/jdk.internal.reflect.NativeMethodAccessorImpl.invoke(NativeMethodAccessorImpl.java:77)
	at java.base/jdk.internal.reflect.DelegatingMethodAccessorImpl.invoke(DelegatingMethodAccessorImpl.java:43)
	at java.base/java.lang.reflect.Method.invoke(Method.java:569)
	at org.springframework.aop.support.AopUtils.invokeJoinpointUsingReflection(AopUtils.java:351)
	at org.springframework.aop.framework.ReflectiveMethodInvocation.invokeJoinpoint(ReflectiveMethodInvocation.java:196)
	at org.springframework.aop.framework.ReflectiveMethodInvocation.proceed(ReflectiveMethodInvocation.java:163)
	at org.springframework.aop.framework.CglibAopProxy$CglibMethodInvocation.proceed(CglibAopProxy.java:765)
	at org.springframework.transaction.interceptor.TransactionInterceptor$1.proceedWithInvocation(TransactionInterceptor.java:123)
	at org.springframework.transaction.interceptor.TransactionAspectSupport.invokeWithinTransaction(TransactionAspectSupport.java:385)
	at org.springframework.transaction.interceptor.TransactionInterceptor.invoke(TransactionInterceptor.java:119)
	at org.springframework.aop.framework.ReflectiveMethodInvocation.proceed(ReflectiveMethodInvocation.java:184)
	at org.springframework.aop.framework.CglibAopProxy$CglibMethodInvocation.proceed(CglibAopProxy.java:765)
	at org.springframework.aop.framework.CglibAopProxy$DynamicAdvisedInterceptor.intercept(CglibAopProxy.java:717)
	at com.microserviceone.users.verificationCodeApi.application.usecase.CheckEmailVerificationUseCase$$SpringCGLIB$$0.checkEmailVerification(<generated>)
	at com.microserviceone.users.verificationCodeApi.application.usecase.cached.CachedCheckEmailVerificationUseCase.lambda$0(CachedCheckEmailVerificationUseCase.java:36)
	at com.microserviceone.users.core.cache.service.CacheServiceImpl.getOrCompute(CacheServiceImpl.java:52)
	at com.microserviceone.users.verificationCodeApi.application.usecase.cached.CachedCheckEmailVerificationUseCase.checkEmailVerification(CachedCheckEmailVerificationUseCase.java:31)
	at com.microserviceone.users.verificationCodeApi.application.service.VerificationService.checkEmailVerification(VerificationService.java:55)
	at com.microserviceone.users.verificationCodeApi.web.controller.VerificationCodeController.checkEmailVerification(VerificationCodeController.java:69)
	at java.base/jdk.internal.reflect.NativeMethodAccessorImpl.invoke0(Native Method)
	at java.base/jdk.internal.reflect.NativeMethodAccessorImpl.invoke(NativeMethodAccessorImpl.java:77)
	at java.base/jdk.internal.reflect.DelegatingMethodAccessorImpl.invoke(DelegatingMethodAccessorImpl.java:43)
	at java.base/java.lang.reflect.Method.invoke(Method.java:569)
	at org.springframework.web.method.support.InvocableHandlerMethod.doInvoke(InvocableHandlerMethod.java:259)
	at org.springframework.web.method.support.InvocableHandlerMethod.invokeForRequest(InvocableHandlerMethod.java:192)
	at org.springframework.web.servlet.mvc.method.annotation.ServletInvocableHandlerMethod.invokeAndHandle(ServletInvocableHandlerMethod.java:118)
	at org.springframework.web.servlet.mvc.method.annotation.RequestMappingHandlerAdapter.invokeHandlerMethod(RequestMappingHandlerAdapter.java:920)
	at org.springframework.web.servlet.mvc.method.annotation.RequestMappingHandlerAdapter.handleInternal(RequestMappingHandlerAdapter.java:830)
	at org.springframework.web.servlet.mvc.method.AbstractHandlerMethodAdapter.handle(AbstractHandlerMethodAdapter.java:87)
	at org.springframework.web.servlet.DispatcherServlet.doDispatch(DispatcherServlet.java:1089)
	at org.springframework.web.servlet.DispatcherServlet.doService(DispatcherServlet.java:979)
	at org.springframework.web.servlet.FrameworkServlet.processRequest(FrameworkServlet.java:1014)
	at org.springframework.web.servlet.FrameworkServlet.doPost(FrameworkServlet.java:914)
	at jakarta.servlet.http.HttpServlet.service(HttpServlet.java:590)
	at org.springframework.web.servlet.FrameworkServlet.service(FrameworkServlet.java:885)
	at jakarta.servlet.http.HttpServlet.service(HttpServlet.java:658)
	at org.apache.catalina.core.ApplicationFilterChain.internalDoFilter(ApplicationFilterChain.java:205)
	at org.apache.catalina.core.ApplicationFilterChain.doFilter(ApplicationFilterChain.java:149)
	at org.apache.tomcat.websocket.server.WsFilter.doFilter(WsFilter.java:51)
	at org.apache.catalina.core.ApplicationFilterChain.internalDoFilter(ApplicationFilterChain.java:174)
	at org.apache.catalina.core.ApplicationFilterChain.doFilter(ApplicationFilterChain.java:149)
	at org.springframework.web.filter.OncePerRequestFilter.doFilter(OncePerRequestFilter.java:110)
	at org.apache.catalina.core.ApplicationFilterChain.internalDoFilter(ApplicationFilterChain.java:174)
	at org.apache.catalina.core.ApplicationFilterChain.doFilter(ApplicationFilterChain.java:149)
	at org.springframework.web.filter.CompositeFilter$VirtualFilterChain.doFilter(CompositeFilter.java:108)
	at org.springframework.security.web.FilterChainProxy.lambda$doFilterInternal$3(FilterChainProxy.java:231)
	at org.springframework.security.web.ObservationFilterChainDecorator$FilterObservation$SimpleFilterObservation.lambda$wrap$1(ObservationFilterChainDecorator.java:479)
	at org.springframework.security.web.ObservationFilterChainDecorator$AroundFilterObservation$SimpleAroundFilterObservation.lambda$wrap$1(ObservationFilterChainDecorator.java:340)
	at org.springframework.security.web.ObservationFilterChainDecorator.lambda$wrapSecured$0(ObservationFilterChainDecorator.java:82)
	at org.springframework.security.web.ObservationFilterChainDecorator$VirtualFilterChain.doFilter(ObservationFilterChainDecorator.java:128)
	at org.springframework.security.web.access.intercept.AuthorizationFilter.doFilter(AuthorizationFilter.java:100)
	at org.springframework.security.web.ObservationFilterChainDecorator$ObservationFilter.wrapFilter(ObservationFilterChainDecorator.java:240)
	at org.springframework.security.web.ObservationFilterChainDecorator$ObservationFilter.doFilter(ObservationFilterChainDecorator.java:227)
	at org.springframework.security.web.ObservationFilterChainDecorator$VirtualFilterChain.doFilter(ObservationFilterChainDecorator.java:137)
	at org.springframework.security.web.access.ExceptionTranslationFilter.doFilter(ExceptionTranslationFilter.java:126)
	at org.springframework.security.web.access.ExceptionTranslationFilter.doFilter(ExceptionTranslationFilter.java:120)
	at org.springframework.security.web.ObservationFilterChainDecorator$ObservationFilter.wrapFilter(ObservationFilterChainDecorator.java:240)
	at org.springframework.security.web.ObservationFilterChainDecorator$ObservationFilter.doFilter(ObservationFilterChainDecorator.java:227)
	at org.springframework.security.web.ObservationFilterChainDecorator$VirtualFilterChain.doFilter(ObservationFilterChainDecorator.java:137)
	at org.springframework.security.web.authentication.AnonymousAuthenticationFilter.doFilter(AnonymousAuthenticationFilter.java:100)
	at org.springframework.security.web.ObservationFilterChainDecorator$ObservationFilter.wrapFilter(ObservationFilterChainDecorator.java:240)
	at org.springframework.security.web.ObservationFilterChainDecorator$ObservationFilter.doFilter(ObservationFilterChainDecorator.java:227)
	at org.springframework.security.web.ObservationFilterChainDecorator$VirtualFilterChain.doFilter(ObservationFilterChainDecorator.java:137)
	at org.springframework.security.web.servletapi.SecurityContextHolderAwareRequestFilter.doFilter(SecurityContextHolderAwareRequestFilter.java:179)
	at org.springframework.security.web.ObservationFilterChainDecorator$ObservationFilter.wrapFilter(ObservationFilterChainDecorator.java:240)
	at org.springframework.security.web.ObservationFilterChainDecorator$ObservationFilter.doFilter(ObservationFilterChainDecorator.java:227)
	at org.springframework.security.web.ObservationFilterChainDecorator$VirtualFilterChain.doFilter(ObservationFilterChainDecorator.java:137)
	at org.springframework.security.web.savedrequest.RequestCacheAwareFilter.doFilter(RequestCacheAwareFilter.java:63)
	at org.springframework.security.web.ObservationFilterChainDecorator$ObservationFilter.wrapFilter(ObservationFilterChainDecorator.java:240)
	at org.springframework.security.web.ObservationFilterChainDecorator$ObservationFilter.doFilter(ObservationFilterChainDecorator.java:227)
	at org.springframework.security.web.ObservationFilterChainDecorator$VirtualFilterChain.doFilter(ObservationFilterChainDecorator.java:137)
	at com.microserviceone.users.core.config.internalSecurity.InternalJwtFilter.doFilterInternal(InternalJwtFilter.java:90)
	at org.springframework.web.filter.OncePerRequestFilter.doFilter(OncePerRequestFilter.java:116)
	at org.springframework.security.web.ObservationFilterChainDecorator$ObservationFilter.wrapFilter(ObservationFilterChainDecorator.java:240)
	at org.springframework.security.web.ObservationFilterChainDecorator$ObservationFilter.doFilter(ObservationFilterChainDecorator.java:227)
	at org.springframework.security.web.ObservationFilterChainDecorator$VirtualFilterChain.doFilter(ObservationFilterChainDecorator.java:137)
	at org.springframework.security.web.authentication.logout.LogoutFilter.doFilter(LogoutFilter.java:107)
	at org.springframework.security.web.authentication.logout.LogoutFilter.doFilter(LogoutFilter.java:93)
	at org.springframework.security.web.ObservationFilterChainDecorator$ObservationFilter.wrapFilter(ObservationFilterChainDecorator.java:240)
	at org.springframework.security.web.ObservationFilterChainDecorator$ObservationFilter.doFilter(ObservationFilterChainDecorator.java:227)
	at org.springframework.security.web.ObservationFilterChainDecorator$VirtualFilterChain.doFilter(ObservationFilterChainDecorator.java:137)
	at org.springframework.web.filter.CorsFilter.doFilterInternal(CorsFilter.java:91)
	at org.springframework.web.filter.OncePerRequestFilter.doFilter(OncePerRequestFilter.java:116)
	at org.springframework.security.web.ObservationFilterChainDecorator$ObservationFilter.wrapFilter(ObservationFilterChainDecorator.java:240)
	at org.springframework.security.web.ObservationFilterChainDecorator$ObservationFilter.doFilter(ObservationFilterChainDecorator.java:227)
	at org.springframework.security.web.ObservationFilterChainDecorator$VirtualFilterChain.doFilter(ObservationFilterChainDecorator.java:137)
	at org.springframework.security.web.header.HeaderWriterFilter.doHeadersAfter(HeaderWriterFilter.java:90)
	at org.springframework.security.web.header.HeaderWriterFilter.doFilterInternal(HeaderWriterFilter.java:75)
	at org.springframework.web.filter.OncePerRequestFilter.doFilter(OncePerRequestFilter.java:116)
	at org.springframework.security.web.ObservationFilterChainDecorator$ObservationFilter.wrapFilter(ObservationFilterChainDecorator.java:240)
	at org.springframework.security.web.ObservationFilterChainDecorator$ObservationFilter.doFilter(ObservationFilterChainDecorator.java:227)
	at org.springframework.security.web.ObservationFilterChainDecorator$VirtualFilterChain.doFilter(ObservationFilterChainDecorator.java:137)
	at org.springframework.security.web.context.SecurityContextHolderFilter.doFilter(SecurityContextHolderFilter.java:82)
	at org.springframework.security.web.context.SecurityContextHolderFilter.doFilter(SecurityContextHolderFilter.java:69)
	at org.springframework.security.web.ObservationFilterChainDecorator$ObservationFilter.wrapFilter(ObservationFilterChainDecorator.java:240)
	at org.springframework.security.web.ObservationFilterChainDecorator$ObservationFilter.doFilter(ObservationFilterChainDecorator.java:227)
	at org.springframework.security.web.ObservationFilterChainDecorator$VirtualFilterChain.doFilter(ObservationFilterChainDecorator.java:137)
	at org.springframework.security.web.context.request.async.WebAsyncManagerIntegrationFilter.doFilterInternal(WebAsyncManagerIntegrationFilter.java:62)
	at org.springframework.web.filter.OncePerRequestFilter.doFilter(OncePerRequestFilter.java:116)
	at org.springframework.security.web.ObservationFilterChainDecorator$ObservationFilter.wrapFilter(ObservationFilterChainDecorator.java:240)
	at org.springframework.security.web.ObservationFilterChainDecorator$ObservationFilter.doFilter(ObservationFilterChainDecorator.java:227)
	at org.springframework.security.web.ObservationFilterChainDecorator$VirtualFilterChain.doFilter(ObservationFilterChainDecorator.java:137)
	at org.springframework.security.web.session.DisableEncodeUrlFilter.doFilterInternal(DisableEncodeUrlFilter.java:42)
	at org.springframework.web.filter.OncePerRequestFilter.doFilter(OncePerRequestFilter.java:116)
	at org.springframework.security.web.ObservationFilterChainDecorator$ObservationFilter.wrapFilter(ObservationFilterChainDecorator.java:240)
	at org.springframework.security.web.ObservationFilterChainDecorator$AroundFilterObservation$SimpleAroundFilterObservation.lambda$wrap$0(ObservationFilterChainDecorator.java:323)
	at org.springframework.security.web.ObservationFilterChainDecorator$ObservationFilter.doFilter(ObservationFilterChainDecorator.java:224)
	at org.springframework.security.web.ObservationFilterChainDecorator$VirtualFilterChain.doFilter(ObservationFilterChainDecorator.java:137)
	at org.springframework.security.web.FilterChainProxy.doFilterInternal(FilterChainProxy.java:233)
	at org.springframework.security.web.FilterChainProxy.doFilter(FilterChainProxy.java:191)
	at org.springframework.web.filter.CompositeFilter$VirtualFilterChain.doFilter(CompositeFilter.java:113)
	at org.springframework.web.servlet.handler.HandlerMappingIntrospector.lambda$createCacheFilter$3(HandlerMappingIntrospector.java:195)
	at org.springframework.web.filter.CompositeFilter$VirtualFilterChain.doFilter(CompositeFilter.java:113)
	at org.springframework.web.filter.CompositeFilter.doFilter(CompositeFilter.java:74)
	at org.springframework.security.config.annotation.web.configuration.WebMvcSecurityConfiguration$CompositeFilterChainProxy.doFilter(WebMvcSecurityConfiguration.java:230)
	at org.springframework.web.filter.DelegatingFilterProxy.invokeDelegate(DelegatingFilterProxy.java:352)
	at org.springframework.web.filter.DelegatingFilterProxy.doFilter(DelegatingFilterProxy.java:268)
	at org.apache.catalina.core.ApplicationFilterChain.internalDoFilter(ApplicationFilterChain.java:174)
	at org.apache.catalina.core.ApplicationFilterChain.doFilter(ApplicationFilterChain.java:149)
	at org.springframework.web.filter.RequestContextFilter.doFilterInternal(RequestContextFilter.java:100)
	at org.springframework.web.filter.OncePerRequestFilter.doFilter(OncePerRequestFilter.java:116)
	at org.apache.catalina.core.ApplicationFilterChain.internalDoFilter(ApplicationFilterChain.java:174)
	at org.apache.catalina.core.ApplicationFilterChain.doFilter(ApplicationFilterChain.java:149)
	at org.springframework.web.filter.FormContentFilter.doFilterInternal(FormContentFilter.java:93)
	at org.springframework.web.filter.OncePerRequestFilter.doFilter(OncePerRequestFilter.java:116)
	at org.apache.catalina.core.ApplicationFilterChain.internalDoFilter(ApplicationFilterChain.java:174)
	at org.apache.catalina.core.ApplicationFilterChain.doFilter(ApplicationFilterChain.java:149)
	at org.springframework.web.filter.ServerHttpObservationFilter.doFilterInternal(ServerHttpObservationFilter.java:109)
	at org.springframework.web.filter.OncePerRequestFilter.doFilter(OncePerRequestFilter.java:116)
	at org.apache.catalina.core.ApplicationFilterChain.internalDoFilter(ApplicationFilterChain.java:174)
	at org.apache.catalina.core.ApplicationFilterChain.doFilter(ApplicationFilterChain.java:149)
	at org.springframework.web.filter.CharacterEncodingFilter.doFilterInternal(CharacterEncodingFilter.java:201)
	at org.springframework.web.filter.OncePerRequestFilter.doFilter(OncePerRequestFilter.java:116)
	at org.apache.catalina.core.ApplicationFilterChain.internalDoFilter(ApplicationFilterChain.java:174)
	at org.apache.catalina.core.ApplicationFilterChain.doFilter(ApplicationFilterChain.java:149)
	at org.apache.catalina.core.StandardWrapperValve.invoke(StandardWrapperValve.java:167)
	at org.apache.catalina.core.StandardContextValve.invoke(StandardContextValve.java:90)
	at org.apache.catalina.authenticator.AuthenticatorBase.invoke(AuthenticatorBase.java:482)
	at org.apache.catalina.core.StandardHostValve.invoke(StandardHostValve.java:115)
	at org.apache.catalina.valves.ErrorReportValve.invoke(ErrorReportValve.java:93)
	at org.apache.catalina.core.StandardEngineValve.invoke(StandardEngineValve.java:74)
	at org.apache.catalina.connector.CoyoteAdapter.service(CoyoteAdapter.java:344)
	at org.apache.coyote.http11.Http11Processor.service(Http11Processor.java:391)
	at org.apache.coyote.AbstractProcessorLight.process(AbstractProcessorLight.java:63)
	at org.apache.coyote.AbstractProtocol$ConnectionHandler.process(AbstractProtocol.java:896)
	at org.apache.tomcat.util.net.NioEndpoint$SocketProcessor.doRun(NioEndpoint.java:1744)
	at org.apache.tomcat.util.net.SocketProcessorBase.run(SocketProcessorBase.java:52)
	at org.apache.tomcat.util.threads.ThreadPoolExecutor.runWorker(ThreadPoolExecutor.java:1191)
	at org.apache.tomcat.util.threads.ThreadPoolExecutor$Worker.run(ThreadPoolExecutor.java:659)
	at org.apache.tomcat.util.threads.TaskThread$WrappingRunnable.run(TaskThread.java:63)
	at java.base/java.lang.Thread.run(Thread.java:840)
2025-07-05 10:06:37 [http-nio-8082-exec-3] ERROR c.m.u.core.logging.LoggingService - CachedCheckEmailVerificationUseCase: Error en verificación con cache - Email: agudelo1@gmail.com
com.microserviceone.users.verificationCodeApi.application.exception.EmailNotVerifiedException: El correo electrónico aún no ha sido verificado
	at com.microserviceone.users.verificationCodeApi.application.usecase.CheckEmailVerificationUseCase.checkEmailVerification(CheckEmailVerificationUseCase.java:30)
	at java.base/jdk.internal.reflect.NativeMethodAccessorImpl.invoke0(Native Method)
	at java.base/jdk.internal.reflect.NativeMethodAccessorImpl.invoke(NativeMethodAccessorImpl.java:77)
	at java.base/jdk.internal.reflect.DelegatingMethodAccessorImpl.invoke(DelegatingMethodAccessorImpl.java:43)
	at java.base/java.lang.reflect.Method.invoke(Method.java:569)
	at org.springframework.aop.support.AopUtils.invokeJoinpointUsingReflection(AopUtils.java:351)
	at org.springframework.aop.framework.ReflectiveMethodInvocation.invokeJoinpoint(ReflectiveMethodInvocation.java:196)
	at org.springframework.aop.framework.ReflectiveMethodInvocation.proceed(ReflectiveMethodInvocation.java:163)
	at org.springframework.aop.framework.CglibAopProxy$CglibMethodInvocation.proceed(CglibAopProxy.java:765)
	at org.springframework.transaction.interceptor.TransactionInterceptor$1.proceedWithInvocation(TransactionInterceptor.java:123)
	at org.springframework.transaction.interceptor.TransactionAspectSupport.invokeWithinTransaction(TransactionAspectSupport.java:385)
	at org.springframework.transaction.interceptor.TransactionInterceptor.invoke(TransactionInterceptor.java:119)
	at org.springframework.aop.framework.ReflectiveMethodInvocation.proceed(ReflectiveMethodInvocation.java:184)
	at org.springframework.aop.framework.CglibAopProxy$CglibMethodInvocation.proceed(CglibAopProxy.java:765)
	at org.springframework.aop.framework.CglibAopProxy$DynamicAdvisedInterceptor.intercept(CglibAopProxy.java:717)
	at com.microserviceone.users.verificationCodeApi.application.usecase.CheckEmailVerificationUseCase$$SpringCGLIB$$0.checkEmailVerification(<generated>)
	at com.microserviceone.users.verificationCodeApi.application.usecase.cached.CachedCheckEmailVerificationUseCase.lambda$0(CachedCheckEmailVerificationUseCase.java:36)
	at com.microserviceone.users.core.cache.service.CacheServiceImpl.getOrCompute(CacheServiceImpl.java:52)
	at com.microserviceone.users.verificationCodeApi.application.usecase.cached.CachedCheckEmailVerificationUseCase.checkEmailVerification(CachedCheckEmailVerificationUseCase.java:31)
	at com.microserviceone.users.verificationCodeApi.application.service.VerificationService.checkEmailVerification(VerificationService.java:55)
	at com.microserviceone.users.verificationCodeApi.web.controller.VerificationCodeController.checkEmailVerification(VerificationCodeController.java:69)
	at java.base/jdk.internal.reflect.NativeMethodAccessorImpl.invoke0(Native Method)
	at java.base/jdk.internal.reflect.NativeMethodAccessorImpl.invoke(NativeMethodAccessorImpl.java:77)
	at java.base/jdk.internal.reflect.DelegatingMethodAccessorImpl.invoke(DelegatingMethodAccessorImpl.java:43)
	at java.base/java.lang.reflect.Method.invoke(Method.java:569)
	at org.springframework.web.method.support.InvocableHandlerMethod.doInvoke(InvocableHandlerMethod.java:259)
	at org.springframework.web.method.support.InvocableHandlerMethod.invokeForRequest(InvocableHandlerMethod.java:192)
	at org.springframework.web.servlet.mvc.method.annotation.ServletInvocableHandlerMethod.invokeAndHandle(ServletInvocableHandlerMethod.java:118)
	at org.springframework.web.servlet.mvc.method.annotation.RequestMappingHandlerAdapter.invokeHandlerMethod(RequestMappingHandlerAdapter.java:920)
	at org.springframework.web.servlet.mvc.method.annotation.RequestMappingHandlerAdapter.handleInternal(RequestMappingHandlerAdapter.java:830)
	at org.springframework.web.servlet.mvc.method.AbstractHandlerMethodAdapter.handle(AbstractHandlerMethodAdapter.java:87)
	at org.springframework.web.servlet.DispatcherServlet.doDispatch(DispatcherServlet.java:1089)
	at org.springframework.web.servlet.DispatcherServlet.doService(DispatcherServlet.java:979)
	at org.springframework.web.servlet.FrameworkServlet.processRequest(FrameworkServlet.java:1014)
	at org.springframework.web.servlet.FrameworkServlet.doPost(FrameworkServlet.java:914)
	at jakarta.servlet.http.HttpServlet.service(HttpServlet.java:590)
	at org.springframework.web.servlet.FrameworkServlet.service(FrameworkServlet.java:885)
	at jakarta.servlet.http.HttpServlet.service(HttpServlet.java:658)
	at org.apache.catalina.core.ApplicationFilterChain.internalDoFilter(ApplicationFilterChain.java:205)
	at org.apache.catalina.core.ApplicationFilterChain.doFilter(ApplicationFilterChain.java:149)
	at org.apache.tomcat.websocket.server.WsFilter.doFilter(WsFilter.java:51)
	at org.apache.catalina.core.ApplicationFilterChain.internalDoFilter(ApplicationFilterChain.java:174)
	at org.apache.catalina.core.ApplicationFilterChain.doFilter(ApplicationFilterChain.java:149)
	at org.springframework.web.filter.OncePerRequestFilter.doFilter(OncePerRequestFilter.java:110)
	at org.apache.catalina.core.ApplicationFilterChain.internalDoFilter(ApplicationFilterChain.java:174)
	at org.apache.catalina.core.ApplicationFilterChain.doFilter(ApplicationFilterChain.java:149)
	at org.springframework.web.filter.CompositeFilter$VirtualFilterChain.doFilter(CompositeFilter.java:108)
	at org.springframework.security.web.FilterChainProxy.lambda$doFilterInternal$3(FilterChainProxy.java:231)
	at org.springframework.security.web.ObservationFilterChainDecorator$FilterObservation$SimpleFilterObservation.lambda$wrap$1(ObservationFilterChainDecorator.java:479)
	at org.springframework.security.web.ObservationFilterChainDecorator$AroundFilterObservation$SimpleAroundFilterObservation.lambda$wrap$1(ObservationFilterChainDecorator.java:340)
	at org.springframework.security.web.ObservationFilterChainDecorator.lambda$wrapSecured$0(ObservationFilterChainDecorator.java:82)
	at org.springframework.security.web.ObservationFilterChainDecorator$VirtualFilterChain.doFilter(ObservationFilterChainDecorator.java:128)
	at org.springframework.security.web.access.intercept.AuthorizationFilter.doFilter(AuthorizationFilter.java:100)
	at org.springframework.security.web.ObservationFilterChainDecorator$ObservationFilter.wrapFilter(ObservationFilterChainDecorator.java:240)
	at org.springframework.security.web.ObservationFilterChainDecorator$ObservationFilter.doFilter(ObservationFilterChainDecorator.java:227)
	at org.springframework.security.web.ObservationFilterChainDecorator$VirtualFilterChain.doFilter(ObservationFilterChainDecorator.java:137)
	at org.springframework.security.web.access.ExceptionTranslationFilter.doFilter(ExceptionTranslationFilter.java:126)
	at org.springframework.security.web.access.ExceptionTranslationFilter.doFilter(ExceptionTranslationFilter.java:120)
	at org.springframework.security.web.ObservationFilterChainDecorator$ObservationFilter.wrapFilter(ObservationFilterChainDecorator.java:240)
	at org.springframework.security.web.ObservationFilterChainDecorator$ObservationFilter.doFilter(ObservationFilterChainDecorator.java:227)
	at org.springframework.security.web.ObservationFilterChainDecorator$VirtualFilterChain.doFilter(ObservationFilterChainDecorator.java:137)
	at org.springframework.security.web.authentication.AnonymousAuthenticationFilter.doFilter(AnonymousAuthenticationFilter.java:100)
	at org.springframework.security.web.ObservationFilterChainDecorator$ObservationFilter.wrapFilter(ObservationFilterChainDecorator.java:240)
	at org.springframework.security.web.ObservationFilterChainDecorator$ObservationFilter.doFilter(ObservationFilterChainDecorator.java:227)
	at org.springframework.security.web.ObservationFilterChainDecorator$VirtualFilterChain.doFilter(ObservationFilterChainDecorator.java:137)
	at org.springframework.security.web.servletapi.SecurityContextHolderAwareRequestFilter.doFilter(SecurityContextHolderAwareRequestFilter.java:179)
	at org.springframework.security.web.ObservationFilterChainDecorator$ObservationFilter.wrapFilter(ObservationFilterChainDecorator.java:240)
	at org.springframework.security.web.ObservationFilterChainDecorator$ObservationFilter.doFilter(ObservationFilterChainDecorator.java:227)
	at org.springframework.security.web.ObservationFilterChainDecorator$VirtualFilterChain.doFilter(ObservationFilterChainDecorator.java:137)
	at org.springframework.security.web.savedrequest.RequestCacheAwareFilter.doFilter(RequestCacheAwareFilter.java:63)
	at org.springframework.security.web.ObservationFilterChainDecorator$ObservationFilter.wrapFilter(ObservationFilterChainDecorator.java:240)
	at org.springframework.security.web.ObservationFilterChainDecorator$ObservationFilter.doFilter(ObservationFilterChainDecorator.java:227)
	at org.springframework.security.web.ObservationFilterChainDecorator$VirtualFilterChain.doFilter(ObservationFilterChainDecorator.java:137)
	at com.microserviceone.users.core.config.internalSecurity.InternalJwtFilter.doFilterInternal(InternalJwtFilter.java:90)
	at org.springframework.web.filter.OncePerRequestFilter.doFilter(OncePerRequestFilter.java:116)
	at org.springframework.security.web.ObservationFilterChainDecorator$ObservationFilter.wrapFilter(ObservationFilterChainDecorator.java:240)
	at org.springframework.security.web.ObservationFilterChainDecorator$ObservationFilter.doFilter(ObservationFilterChainDecorator.java:227)
	at org.springframework.security.web.ObservationFilterChainDecorator$VirtualFilterChain.doFilter(ObservationFilterChainDecorator.java:137)
	at org.springframework.security.web.authentication.logout.LogoutFilter.doFilter(LogoutFilter.java:107)
	at org.springframework.security.web.authentication.logout.LogoutFilter.doFilter(LogoutFilter.java:93)
	at org.springframework.security.web.ObservationFilterChainDecorator$ObservationFilter.wrapFilter(ObservationFilterChainDecorator.java:240)
	at org.springframework.security.web.ObservationFilterChainDecorator$ObservationFilter.doFilter(ObservationFilterChainDecorator.java:227)
	at org.springframework.security.web.ObservationFilterChainDecorator$VirtualFilterChain.doFilter(ObservationFilterChainDecorator.java:137)
	at org.springframework.web.filter.CorsFilter.doFilterInternal(CorsFilter.java:91)
	at org.springframework.web.filter.OncePerRequestFilter.doFilter(OncePerRequestFilter.java:116)
	at org.springframework.security.web.ObservationFilterChainDecorator$ObservationFilter.wrapFilter(ObservationFilterChainDecorator.java:240)
	at org.springframework.security.web.ObservationFilterChainDecorator$ObservationFilter.doFilter(ObservationFilterChainDecorator.java:227)
	at org.springframework.security.web.ObservationFilterChainDecorator$VirtualFilterChain.doFilter(ObservationFilterChainDecorator.java:137)
	at org.springframework.security.web.header.HeaderWriterFilter.doHeadersAfter(HeaderWriterFilter.java:90)
	at org.springframework.security.web.header.HeaderWriterFilter.doFilterInternal(HeaderWriterFilter.java:75)
	at org.springframework.web.filter.OncePerRequestFilter.doFilter(OncePerRequestFilter.java:116)
	at org.springframework.security.web.ObservationFilterChainDecorator$ObservationFilter.wrapFilter(ObservationFilterChainDecorator.java:240)
	at org.springframework.security.web.ObservationFilterChainDecorator$ObservationFilter.doFilter(ObservationFilterChainDecorator.java:227)
	at org.springframework.security.web.ObservationFilterChainDecorator$VirtualFilterChain.doFilter(ObservationFilterChainDecorator.java:137)
	at org.springframework.security.web.context.SecurityContextHolderFilter.doFilter(SecurityContextHolderFilter.java:82)
	at org.springframework.security.web.context.SecurityContextHolderFilter.doFilter(SecurityContextHolderFilter.java:69)
	at org.springframework.security.web.ObservationFilterChainDecorator$ObservationFilter.wrapFilter(ObservationFilterChainDecorator.java:240)
	at org.springframework.security.web.ObservationFilterChainDecorator$ObservationFilter.doFilter(ObservationFilterChainDecorator.java:227)
	at org.springframework.security.web.ObservationFilterChainDecorator$VirtualFilterChain.doFilter(ObservationFilterChainDecorator.java:137)
	at org.springframework.security.web.context.request.async.WebAsyncManagerIntegrationFilter.doFilterInternal(WebAsyncManagerIntegrationFilter.java:62)
	at org.springframework.web.filter.OncePerRequestFilter.doFilter(OncePerRequestFilter.java:116)
	at org.springframework.security.web.ObservationFilterChainDecorator$ObservationFilter.wrapFilter(ObservationFilterChainDecorator.java:240)
	at org.springframework.security.web.ObservationFilterChainDecorator$ObservationFilter.doFilter(ObservationFilterChainDecorator.java:227)
	at org.springframework.security.web.ObservationFilterChainDecorator$VirtualFilterChain.doFilter(ObservationFilterChainDecorator.java:137)
	at org.springframework.security.web.session.DisableEncodeUrlFilter.doFilterInternal(DisableEncodeUrlFilter.java:42)
	at org.springframework.web.filter.OncePerRequestFilter.doFilter(OncePerRequestFilter.java:116)
	at org.springframework.security.web.ObservationFilterChainDecorator$ObservationFilter.wrapFilter(ObservationFilterChainDecorator.java:240)
	at org.springframework.security.web.ObservationFilterChainDecorator$AroundFilterObservation$SimpleAroundFilterObservation.lambda$wrap$0(ObservationFilterChainDecorator.java:323)
	at org.springframework.security.web.ObservationFilterChainDecorator$ObservationFilter.doFilter(ObservationFilterChainDecorator.java:224)
	at org.springframework.security.web.ObservationFilterChainDecorator$VirtualFilterChain.doFilter(ObservationFilterChainDecorator.java:137)
	at org.springframework.security.web.FilterChainProxy.doFilterInternal(FilterChainProxy.java:233)
	at org.springframework.security.web.FilterChainProxy.doFilter(FilterChainProxy.java:191)
	at org.springframework.web.filter.CompositeFilter$VirtualFilterChain.doFilter(CompositeFilter.java:113)
	at org.springframework.web.servlet.handler.HandlerMappingIntrospector.lambda$createCacheFilter$3(HandlerMappingIntrospector.java:195)
	at org.springframework.web.filter.CompositeFilter$VirtualFilterChain.doFilter(CompositeFilter.java:113)
	at org.springframework.web.filter.CompositeFilter.doFilter(CompositeFilter.java:74)
	at org.springframework.security.config.annotation.web.configuration.WebMvcSecurityConfiguration$CompositeFilterChainProxy.doFilter(WebMvcSecurityConfiguration.java:230)
	at org.springframework.web.filter.DelegatingFilterProxy.invokeDelegate(DelegatingFilterProxy.java:352)
	at org.springframework.web.filter.DelegatingFilterProxy.doFilter(DelegatingFilterProxy.java:268)
	at org.apache.catalina.core.ApplicationFilterChain.internalDoFilter(ApplicationFilterChain.java:174)
	at org.apache.catalina.core.ApplicationFilterChain.doFilter(ApplicationFilterChain.java:149)
	at org.springframework.web.filter.RequestContextFilter.doFilterInternal(RequestContextFilter.java:100)
	at org.springframework.web.filter.OncePerRequestFilter.doFilter(OncePerRequestFilter.java:116)
	at org.apache.catalina.core.ApplicationFilterChain.internalDoFilter(ApplicationFilterChain.java:174)
	at org.apache.catalina.core.ApplicationFilterChain.doFilter(ApplicationFilterChain.java:149)
	at org.springframework.web.filter.FormContentFilter.doFilterInternal(FormContentFilter.java:93)
	at org.springframework.web.filter.OncePerRequestFilter.doFilter(OncePerRequestFilter.java:116)
	at org.apache.catalina.core.ApplicationFilterChain.internalDoFilter(ApplicationFilterChain.java:174)
	at org.apache.catalina.core.ApplicationFilterChain.doFilter(ApplicationFilterChain.java:149)
	at org.springframework.web.filter.ServerHttpObservationFilter.doFilterInternal(ServerHttpObservationFilter.java:109)
	at org.springframework.web.filter.OncePerRequestFilter.doFilter(OncePerRequestFilter.java:116)
	at org.apache.catalina.core.ApplicationFilterChain.internalDoFilter(ApplicationFilterChain.java:174)
	at org.apache.catalina.core.ApplicationFilterChain.doFilter(ApplicationFilterChain.java:149)
	at org.springframework.web.filter.CharacterEncodingFilter.doFilterInternal(CharacterEncodingFilter.java:201)
	at org.springframework.web.filter.OncePerRequestFilter.doFilter(OncePerRequestFilter.java:116)
	at org.apache.catalina.core.ApplicationFilterChain.internalDoFilter(ApplicationFilterChain.java:174)
	at org.apache.catalina.core.ApplicationFilterChain.doFilter(ApplicationFilterChain.java:149)
	at org.apache.catalina.core.StandardWrapperValve.invoke(StandardWrapperValve.java:167)
	at org.apache.catalina.core.StandardContextValve.invoke(StandardContextValve.java:90)
	at org.apache.catalina.authenticator.AuthenticatorBase.invoke(AuthenticatorBase.java:482)
	at org.apache.catalina.core.StandardHostValve.invoke(StandardHostValve.java:115)
	at org.apache.catalina.valves.ErrorReportValve.invoke(ErrorReportValve.java:93)
	at org.apache.catalina.core.StandardEngineValve.invoke(StandardEngineValve.java:74)
	at org.apache.catalina.connector.CoyoteAdapter.service(CoyoteAdapter.java:344)
	at org.apache.coyote.http11.Http11Processor.service(Http11Processor.java:391)
	at org.apache.coyote.AbstractProcessorLight.process(AbstractProcessorLight.java:63)
	at org.apache.coyote.AbstractProtocol$ConnectionHandler.process(AbstractProtocol.java:896)
	at org.apache.tomcat.util.net.NioEndpoint$SocketProcessor.doRun(NioEndpoint.java:1744)
	at org.apache.tomcat.util.net.SocketProcessorBase.run(SocketProcessorBase.java:52)
	at org.apache.tomcat.util.threads.ThreadPoolExecutor.runWorker(ThreadPoolExecutor.java:1191)
	at org.apache.tomcat.util.threads.ThreadPoolExecutor$Worker.run(ThreadPoolExecutor.java:659)
	at org.apache.tomcat.util.threads.TaskThread$WrappingRunnable.run(TaskThread.java:63)
	at java.base/java.lang.Thread.run(Thread.java:840)
2025-07-05 10:06:37 [http-nio-8082-exec-3] INFO  c.m.u.core.logging.LoggingService - CheckEmailVerificationUseCase: Verificando estado de verificación de email - Email: agudelo1@gmail.com
2025-07-05 10:06:37 [http-nio-8082-exec-3] DEBUG c.m.u.core.logging.LoggingService - AdapterVerificationCode: Verificando si email está verificado - Email: agudelo1@gmail.com
2025-07-05 10:06:37 [http-nio-8082-exec-3] DEBUG c.m.u.core.logging.LoggingService - AdapterVerificationCode: Estado de verificación - Email: agudelo1@gmail.com, Verificado: false
2025-07-05 10:06:37 [http-nio-8082-exec-3] WARN  c.m.u.core.logging.LoggingService - CheckEmailVerificationUseCase: Email no verificado - Email: agudelo1@gmail.com
2025-07-05 10:06:37 [http-nio-8082-exec-3] DEBUG c.m.u.core.logging.LoggingService - El correo electrónico aún no ha sido verificado
2025-07-05 10:06:37 [http-nio-8082-exec-3] ERROR c.m.u.core.logging.LoggingService - CheckEmailVerificationUseCase: Excepción de email no verificado - Email: agudelo1@gmail.com
com.microserviceone.users.verificationCodeApi.application.exception.EmailNotVerifiedException: El correo electrónico aún no ha sido verificado
	at com.microserviceone.users.verificationCodeApi.application.usecase.CheckEmailVerificationUseCase.checkEmailVerification(CheckEmailVerificationUseCase.java:30)
	at java.base/jdk.internal.reflect.NativeMethodAccessorImpl.invoke0(Native Method)
	at java.base/jdk.internal.reflect.NativeMethodAccessorImpl.invoke(NativeMethodAccessorImpl.java:77)
	at java.base/jdk.internal.reflect.DelegatingMethodAccessorImpl.invoke(DelegatingMethodAccessorImpl.java:43)
	at java.base/java.lang.reflect.Method.invoke(Method.java:569)
	at org.springframework.aop.support.AopUtils.invokeJoinpointUsingReflection(AopUtils.java:351)
	at org.springframework.aop.framework.ReflectiveMethodInvocation.invokeJoinpoint(ReflectiveMethodInvocation.java:196)
	at org.springframework.aop.framework.ReflectiveMethodInvocation.proceed(ReflectiveMethodInvocation.java:163)
	at org.springframework.aop.framework.CglibAopProxy$CglibMethodInvocation.proceed(CglibAopProxy.java:765)
	at org.springframework.transaction.interceptor.TransactionInterceptor$1.proceedWithInvocation(TransactionInterceptor.java:123)
	at org.springframework.transaction.interceptor.TransactionAspectSupport.invokeWithinTransaction(TransactionAspectSupport.java:385)
	at org.springframework.transaction.interceptor.TransactionInterceptor.invoke(TransactionInterceptor.java:119)
	at org.springframework.aop.framework.ReflectiveMethodInvocation.proceed(ReflectiveMethodInvocation.java:184)
	at org.springframework.aop.framework.CglibAopProxy$CglibMethodInvocation.proceed(CglibAopProxy.java:765)
	at org.springframework.aop.framework.CglibAopProxy$DynamicAdvisedInterceptor.intercept(CglibAopProxy.java:717)
	at com.microserviceone.users.verificationCodeApi.application.usecase.CheckEmailVerificationUseCase$$SpringCGLIB$$0.checkEmailVerification(<generated>)
	at com.microserviceone.users.verificationCodeApi.application.usecase.cached.CachedCheckEmailVerificationUseCase.checkEmailVerification(CachedCheckEmailVerificationUseCase.java:53)
	at com.microserviceone.users.verificationCodeApi.application.service.VerificationService.checkEmailVerification(VerificationService.java:55)
	at com.microserviceone.users.verificationCodeApi.web.controller.VerificationCodeController.checkEmailVerification(VerificationCodeController.java:69)
	at java.base/jdk.internal.reflect.NativeMethodAccessorImpl.invoke0(Native Method)
	at java.base/jdk.internal.reflect.NativeMethodAccessorImpl.invoke(NativeMethodAccessorImpl.java:77)
	at java.base/jdk.internal.reflect.DelegatingMethodAccessorImpl.invoke(DelegatingMethodAccessorImpl.java:43)
	at java.base/java.lang.reflect.Method.invoke(Method.java:569)
	at org.springframework.web.method.support.InvocableHandlerMethod.doInvoke(InvocableHandlerMethod.java:259)
	at org.springframework.web.method.support.InvocableHandlerMethod.invokeForRequest(InvocableHandlerMethod.java:192)
	at org.springframework.web.servlet.mvc.method.annotation.ServletInvocableHandlerMethod.invokeAndHandle(ServletInvocableHandlerMethod.java:118)
	at org.springframework.web.servlet.mvc.method.annotation.RequestMappingHandlerAdapter.invokeHandlerMethod(RequestMappingHandlerAdapter.java:920)
	at org.springframework.web.servlet.mvc.method.annotation.RequestMappingHandlerAdapter.handleInternal(RequestMappingHandlerAdapter.java:830)
	at org.springframework.web.servlet.mvc.method.AbstractHandlerMethodAdapter.handle(AbstractHandlerMethodAdapter.java:87)
	at org.springframework.web.servlet.DispatcherServlet.doDispatch(DispatcherServlet.java:1089)
	at org.springframework.web.servlet.DispatcherServlet.doService(DispatcherServlet.java:979)
	at org.springframework.web.servlet.FrameworkServlet.processRequest(FrameworkServlet.java:1014)
	at org.springframework.web.servlet.FrameworkServlet.doPost(FrameworkServlet.java:914)
	at jakarta.servlet.http.HttpServlet.service(HttpServlet.java:590)
	at org.springframework.web.servlet.FrameworkServlet.service(FrameworkServlet.java:885)
	at jakarta.servlet.http.HttpServlet.service(HttpServlet.java:658)
	at org.apache.catalina.core.ApplicationFilterChain.internalDoFilter(ApplicationFilterChain.java:205)
	at org.apache.catalina.core.ApplicationFilterChain.doFilter(ApplicationFilterChain.java:149)
	at org.apache.tomcat.websocket.server.WsFilter.doFilter(WsFilter.java:51)
	at org.apache.catalina.core.ApplicationFilterChain.internalDoFilter(ApplicationFilterChain.java:174)
	at org.apache.catalina.core.ApplicationFilterChain.doFilter(ApplicationFilterChain.java:149)
	at org.springframework.web.filter.OncePerRequestFilter.doFilter(OncePerRequestFilter.java:110)
	at org.apache.catalina.core.ApplicationFilterChain.internalDoFilter(ApplicationFilterChain.java:174)
	at org.apache.catalina.core.ApplicationFilterChain.doFilter(ApplicationFilterChain.java:149)
	at org.springframework.web.filter.CompositeFilter$VirtualFilterChain.doFilter(CompositeFilter.java:108)
	at org.springframework.security.web.FilterChainProxy.lambda$doFilterInternal$3(FilterChainProxy.java:231)
	at org.springframework.security.web.ObservationFilterChainDecorator$FilterObservation$SimpleFilterObservation.lambda$wrap$1(ObservationFilterChainDecorator.java:479)
	at org.springframework.security.web.ObservationFilterChainDecorator$AroundFilterObservation$SimpleAroundFilterObservation.lambda$wrap$1(ObservationFilterChainDecorator.java:340)
	at org.springframework.security.web.ObservationFilterChainDecorator.lambda$wrapSecured$0(ObservationFilterChainDecorator.java:82)
	at org.springframework.security.web.ObservationFilterChainDecorator$VirtualFilterChain.doFilter(ObservationFilterChainDecorator.java:128)
	at org.springframework.security.web.access.intercept.AuthorizationFilter.doFilter(AuthorizationFilter.java:100)
	at org.springframework.security.web.ObservationFilterChainDecorator$ObservationFilter.wrapFilter(ObservationFilterChainDecorator.java:240)
	at org.springframework.security.web.ObservationFilterChainDecorator$ObservationFilter.doFilter(ObservationFilterChainDecorator.java:227)
	at org.springframework.security.web.ObservationFilterChainDecorator$VirtualFilterChain.doFilter(ObservationFilterChainDecorator.java:137)
	at org.springframework.security.web.access.ExceptionTranslationFilter.doFilter(ExceptionTranslationFilter.java:126)
	at org.springframework.security.web.access.ExceptionTranslationFilter.doFilter(ExceptionTranslationFilter.java:120)
	at org.springframework.security.web.ObservationFilterChainDecorator$ObservationFilter.wrapFilter(ObservationFilterChainDecorator.java:240)
	at org.springframework.security.web.ObservationFilterChainDecorator$ObservationFilter.doFilter(ObservationFilterChainDecorator.java:227)
	at org.springframework.security.web.ObservationFilterChainDecorator$VirtualFilterChain.doFilter(ObservationFilterChainDecorator.java:137)
	at org.springframework.security.web.authentication.AnonymousAuthenticationFilter.doFilter(AnonymousAuthenticationFilter.java:100)
	at org.springframework.security.web.ObservationFilterChainDecorator$ObservationFilter.wrapFilter(ObservationFilterChainDecorator.java:240)
	at org.springframework.security.web.ObservationFilterChainDecorator$ObservationFilter.doFilter(ObservationFilterChainDecorator.java:227)
	at org.springframework.security.web.ObservationFilterChainDecorator$VirtualFilterChain.doFilter(ObservationFilterChainDecorator.java:137)
	at org.springframework.security.web.servletapi.SecurityContextHolderAwareRequestFilter.doFilter(SecurityContextHolderAwareRequestFilter.java:179)
	at org.springframework.security.web.ObservationFilterChainDecorator$ObservationFilter.wrapFilter(ObservationFilterChainDecorator.java:240)
	at org.springframework.security.web.ObservationFilterChainDecorator$ObservationFilter.doFilter(ObservationFilterChainDecorator.java:227)
	at org.springframework.security.web.ObservationFilterChainDecorator$VirtualFilterChain.doFilter(ObservationFilterChainDecorator.java:137)
	at org.springframework.security.web.savedrequest.RequestCacheAwareFilter.doFilter(RequestCacheAwareFilter.java:63)
	at org.springframework.security.web.ObservationFilterChainDecorator$ObservationFilter.wrapFilter(ObservationFilterChainDecorator.java:240)
	at org.springframework.security.web.ObservationFilterChainDecorator$ObservationFilter.doFilter(ObservationFilterChainDecorator.java:227)
	at org.springframework.security.web.ObservationFilterChainDecorator$VirtualFilterChain.doFilter(ObservationFilterChainDecorator.java:137)
	at com.microserviceone.users.core.config.internalSecurity.InternalJwtFilter.doFilterInternal(InternalJwtFilter.java:90)
	at org.springframework.web.filter.OncePerRequestFilter.doFilter(OncePerRequestFilter.java:116)
	at org.springframework.security.web.ObservationFilterChainDecorator$ObservationFilter.wrapFilter(ObservationFilterChainDecorator.java:240)
	at org.springframework.security.web.ObservationFilterChainDecorator$ObservationFilter.doFilter(ObservationFilterChainDecorator.java:227)
	at org.springframework.security.web.ObservationFilterChainDecorator$VirtualFilterChain.doFilter(ObservationFilterChainDecorator.java:137)
	at org.springframework.security.web.authentication.logout.LogoutFilter.doFilter(LogoutFilter.java:107)
	at org.springframework.security.web.authentication.logout.LogoutFilter.doFilter(LogoutFilter.java:93)
	at org.springframework.security.web.ObservationFilterChainDecorator$ObservationFilter.wrapFilter(ObservationFilterChainDecorator.java:240)
	at org.springframework.security.web.ObservationFilterChainDecorator$ObservationFilter.doFilter(ObservationFilterChainDecorator.java:227)
	at org.springframework.security.web.ObservationFilterChainDecorator$VirtualFilterChain.doFilter(ObservationFilterChainDecorator.java:137)
	at org.springframework.web.filter.CorsFilter.doFilterInternal(CorsFilter.java:91)
	at org.springframework.web.filter.OncePerRequestFilter.doFilter(OncePerRequestFilter.java:116)
	at org.springframework.security.web.ObservationFilterChainDecorator$ObservationFilter.wrapFilter(ObservationFilterChainDecorator.java:240)
	at org.springframework.security.web.ObservationFilterChainDecorator$ObservationFilter.doFilter(ObservationFilterChainDecorator.java:227)
	at org.springframework.security.web.ObservationFilterChainDecorator$VirtualFilterChain.doFilter(ObservationFilterChainDecorator.java:137)
	at org.springframework.security.web.header.HeaderWriterFilter.doHeadersAfter(HeaderWriterFilter.java:90)
	at org.springframework.security.web.header.HeaderWriterFilter.doFilterInternal(HeaderWriterFilter.java:75)
	at org.springframework.web.filter.OncePerRequestFilter.doFilter(OncePerRequestFilter.java:116)
	at org.springframework.security.web.ObservationFilterChainDecorator$ObservationFilter.wrapFilter(ObservationFilterChainDecorator.java:240)
	at org.springframework.security.web.ObservationFilterChainDecorator$ObservationFilter.doFilter(ObservationFilterChainDecorator.java:227)
	at org.springframework.security.web.ObservationFilterChainDecorator$VirtualFilterChain.doFilter(ObservationFilterChainDecorator.java:137)
	at org.springframework.security.web.context.SecurityContextHolderFilter.doFilter(SecurityContextHolderFilter.java:82)
	at org.springframework.security.web.context.SecurityContextHolderFilter.doFilter(SecurityContextHolderFilter.java:69)
	at org.springframework.security.web.ObservationFilterChainDecorator$ObservationFilter.wrapFilter(ObservationFilterChainDecorator.java:240)
	at org.springframework.security.web.ObservationFilterChainDecorator$ObservationFilter.doFilter(ObservationFilterChainDecorator.java:227)
	at org.springframework.security.web.ObservationFilterChainDecorator$VirtualFilterChain.doFilter(ObservationFilterChainDecorator.java:137)
	at org.springframework.security.web.context.request.async.WebAsyncManagerIntegrationFilter.doFilterInternal(WebAsyncManagerIntegrationFilter.java:62)
	at org.springframework.web.filter.OncePerRequestFilter.doFilter(OncePerRequestFilter.java:116)
	at org.springframework.security.web.ObservationFilterChainDecorator$ObservationFilter.wrapFilter(ObservationFilterChainDecorator.java:240)
	at org.springframework.security.web.ObservationFilterChainDecorator$ObservationFilter.doFilter(ObservationFilterChainDecorator.java:227)
	at org.springframework.security.web.ObservationFilterChainDecorator$VirtualFilterChain.doFilter(ObservationFilterChainDecorator.java:137)
	at org.springframework.security.web.session.DisableEncodeUrlFilter.doFilterInternal(DisableEncodeUrlFilter.java:42)
	at org.springframework.web.filter.OncePerRequestFilter.doFilter(OncePerRequestFilter.java:116)
	at org.springframework.security.web.ObservationFilterChainDecorator$ObservationFilter.wrapFilter(ObservationFilterChainDecorator.java:240)
	at org.springframework.security.web.ObservationFilterChainDecorator$AroundFilterObservation$SimpleAroundFilterObservation.lambda$wrap$0(ObservationFilterChainDecorator.java:323)
	at org.springframework.security.web.ObservationFilterChainDecorator$ObservationFilter.doFilter(ObservationFilterChainDecorator.java:224)
	at org.springframework.security.web.ObservationFilterChainDecorator$VirtualFilterChain.doFilter(ObservationFilterChainDecorator.java:137)
	at org.springframework.security.web.FilterChainProxy.doFilterInternal(FilterChainProxy.java:233)
	at org.springframework.security.web.FilterChainProxy.doFilter(FilterChainProxy.java:191)
	at org.springframework.web.filter.CompositeFilter$VirtualFilterChain.doFilter(CompositeFilter.java:113)
	at org.springframework.web.servlet.handler.HandlerMappingIntrospector.lambda$createCacheFilter$3(HandlerMappingIntrospector.java:195)
	at org.springframework.web.filter.CompositeFilter$VirtualFilterChain.doFilter(CompositeFilter.java:113)
	at org.springframework.web.filter.CompositeFilter.doFilter(CompositeFilter.java:74)
	at org.springframework.security.config.annotation.web.configuration.WebMvcSecurityConfiguration$CompositeFilterChainProxy.doFilter(WebMvcSecurityConfiguration.java:230)
	at org.springframework.web.filter.DelegatingFilterProxy.invokeDelegate(DelegatingFilterProxy.java:352)
	at org.springframework.web.filter.DelegatingFilterProxy.doFilter(DelegatingFilterProxy.java:268)
	at org.apache.catalina.core.ApplicationFilterChain.internalDoFilter(ApplicationFilterChain.java:174)
	at org.apache.catalina.core.ApplicationFilterChain.doFilter(ApplicationFilterChain.java:149)
	at org.springframework.web.filter.RequestContextFilter.doFilterInternal(RequestContextFilter.java:100)
	at org.springframework.web.filter.OncePerRequestFilter.doFilter(OncePerRequestFilter.java:116)
	at org.apache.catalina.core.ApplicationFilterChain.internalDoFilter(ApplicationFilterChain.java:174)
	at org.apache.catalina.core.ApplicationFilterChain.doFilter(ApplicationFilterChain.java:149)
	at org.springframework.web.filter.FormContentFilter.doFilterInternal(FormContentFilter.java:93)
	at org.springframework.web.filter.OncePerRequestFilter.doFilter(OncePerRequestFilter.java:116)
	at org.apache.catalina.core.ApplicationFilterChain.internalDoFilter(ApplicationFilterChain.java:174)
	at org.apache.catalina.core.ApplicationFilterChain.doFilter(ApplicationFilterChain.java:149)
	at org.springframework.web.filter.ServerHttpObservationFilter.doFilterInternal(ServerHttpObservationFilter.java:109)
	at org.springframework.web.filter.OncePerRequestFilter.doFilter(OncePerRequestFilter.java:116)
	at org.apache.catalina.core.ApplicationFilterChain.internalDoFilter(ApplicationFilterChain.java:174)
	at org.apache.catalina.core.ApplicationFilterChain.doFilter(ApplicationFilterChain.java:149)
	at org.springframework.web.filter.CharacterEncodingFilter.doFilterInternal(CharacterEncodingFilter.java:201)
	at org.springframework.web.filter.OncePerRequestFilter.doFilter(OncePerRequestFilter.java:116)
	at org.apache.catalina.core.ApplicationFilterChain.internalDoFilter(ApplicationFilterChain.java:174)
	at org.apache.catalina.core.ApplicationFilterChain.doFilter(ApplicationFilterChain.java:149)
	at org.apache.catalina.core.StandardWrapperValve.invoke(StandardWrapperValve.java:167)
	at org.apache.catalina.core.StandardContextValve.invoke(StandardContextValve.java:90)
	at org.apache.catalina.authenticator.AuthenticatorBase.invoke(AuthenticatorBase.java:482)
	at org.apache.catalina.core.StandardHostValve.invoke(StandardHostValve.java:115)
	at org.apache.catalina.valves.ErrorReportValve.invoke(ErrorReportValve.java:93)
	at org.apache.catalina.core.StandardEngineValve.invoke(StandardEngineValve.java:74)
	at org.apache.catalina.connector.CoyoteAdapter.service(CoyoteAdapter.java:344)
	at org.apache.coyote.http11.Http11Processor.service(Http11Processor.java:391)
	at org.apache.coyote.AbstractProcessorLight.process(AbstractProcessorLight.java:63)
	at org.apache.coyote.AbstractProtocol$ConnectionHandler.process(AbstractProtocol.java:896)
	at org.apache.tomcat.util.net.NioEndpoint$SocketProcessor.doRun(NioEndpoint.java:1744)
	at org.apache.tomcat.util.net.SocketProcessorBase.run(SocketProcessorBase.java:52)
	at org.apache.tomcat.util.threads.ThreadPoolExecutor.runWorker(ThreadPoolExecutor.java:1191)
	at org.apache.tomcat.util.threads.ThreadPoolExecutor$Worker.run(ThreadPoolExecutor.java:659)
	at org.apache.tomcat.util.threads.TaskThread$WrappingRunnable.run(TaskThread.java:63)
	at java.base/java.lang.Thread.run(Thread.java:840)
2025-07-05 10:06:37 [http-nio-8082-exec-3] ERROR c.m.u.core.logging.LoggingService - VerificationService: Error al verificar estado de email - Email: agudelo1@gmail.com
com.microserviceone.users.verificationCodeApi.application.exception.EmailNotVerifiedException: El correo electrónico aún no ha sido verificado
	at com.microserviceone.users.verificationCodeApi.application.usecase.CheckEmailVerificationUseCase.checkEmailVerification(CheckEmailVerificationUseCase.java:30)
	at java.base/jdk.internal.reflect.NativeMethodAccessorImpl.invoke0(Native Method)
	at java.base/jdk.internal.reflect.NativeMethodAccessorImpl.invoke(NativeMethodAccessorImpl.java:77)
	at java.base/jdk.internal.reflect.DelegatingMethodAccessorImpl.invoke(DelegatingMethodAccessorImpl.java:43)
	at java.base/java.lang.reflect.Method.invoke(Method.java:569)
	at org.springframework.aop.support.AopUtils.invokeJoinpointUsingReflection(AopUtils.java:351)
	at org.springframework.aop.framework.ReflectiveMethodInvocation.invokeJoinpoint(ReflectiveMethodInvocation.java:196)
	at org.springframework.aop.framework.ReflectiveMethodInvocation.proceed(ReflectiveMethodInvocation.java:163)
	at org.springframework.aop.framework.CglibAopProxy$CglibMethodInvocation.proceed(CglibAopProxy.java:765)
	at org.springframework.transaction.interceptor.TransactionInterceptor$1.proceedWithInvocation(TransactionInterceptor.java:123)
	at org.springframework.transaction.interceptor.TransactionAspectSupport.invokeWithinTransaction(TransactionAspectSupport.java:385)
	at org.springframework.transaction.interceptor.TransactionInterceptor.invoke(TransactionInterceptor.java:119)
	at org.springframework.aop.framework.ReflectiveMethodInvocation.proceed(ReflectiveMethodInvocation.java:184)
	at org.springframework.aop.framework.CglibAopProxy$CglibMethodInvocation.proceed(CglibAopProxy.java:765)
	at org.springframework.aop.framework.CglibAopProxy$DynamicAdvisedInterceptor.intercept(CglibAopProxy.java:717)
	at com.microserviceone.users.verificationCodeApi.application.usecase.CheckEmailVerificationUseCase$$SpringCGLIB$$0.checkEmailVerification(<generated>)
	at com.microserviceone.users.verificationCodeApi.application.usecase.cached.CachedCheckEmailVerificationUseCase.checkEmailVerification(CachedCheckEmailVerificationUseCase.java:53)
	at com.microserviceone.users.verificationCodeApi.application.service.VerificationService.checkEmailVerification(VerificationService.java:55)
	at com.microserviceone.users.verificationCodeApi.web.controller.VerificationCodeController.checkEmailVerification(VerificationCodeController.java:69)
	at java.base/jdk.internal.reflect.NativeMethodAccessorImpl.invoke0(Native Method)
	at java.base/jdk.internal.reflect.NativeMethodAccessorImpl.invoke(NativeMethodAccessorImpl.java:77)
	at java.base/jdk.internal.reflect.DelegatingMethodAccessorImpl.invoke(DelegatingMethodAccessorImpl.java:43)
	at java.base/java.lang.reflect.Method.invoke(Method.java:569)
	at org.springframework.web.method.support.InvocableHandlerMethod.doInvoke(InvocableHandlerMethod.java:259)
	at org.springframework.web.method.support.InvocableHandlerMethod.invokeForRequest(InvocableHandlerMethod.java:192)
	at org.springframework.web.servlet.mvc.method.annotation.ServletInvocableHandlerMethod.invokeAndHandle(ServletInvocableHandlerMethod.java:118)
	at org.springframework.web.servlet.mvc.method.annotation.RequestMappingHandlerAdapter.invokeHandlerMethod(RequestMappingHandlerAdapter.java:920)
	at org.springframework.web.servlet.mvc.method.annotation.RequestMappingHandlerAdapter.handleInternal(RequestMappingHandlerAdapter.java:830)
	at org.springframework.web.servlet.mvc.method.AbstractHandlerMethodAdapter.handle(AbstractHandlerMethodAdapter.java:87)
	at org.springframework.web.servlet.DispatcherServlet.doDispatch(DispatcherServlet.java:1089)
	at org.springframework.web.servlet.DispatcherServlet.doService(DispatcherServlet.java:979)
	at org.springframework.web.servlet.FrameworkServlet.processRequest(FrameworkServlet.java:1014)
	at org.springframework.web.servlet.FrameworkServlet.doPost(FrameworkServlet.java:914)
	at jakarta.servlet.http.HttpServlet.service(HttpServlet.java:590)
	at org.springframework.web.servlet.FrameworkServlet.service(FrameworkServlet.java:885)
	at jakarta.servlet.http.HttpServlet.service(HttpServlet.java:658)
	at org.apache.catalina.core.ApplicationFilterChain.internalDoFilter(ApplicationFilterChain.java:205)
	at org.apache.catalina.core.ApplicationFilterChain.doFilter(ApplicationFilterChain.java:149)
	at org.apache.tomcat.websocket.server.WsFilter.doFilter(WsFilter.java:51)
	at org.apache.catalina.core.ApplicationFilterChain.internalDoFilter(ApplicationFilterChain.java:174)
	at org.apache.catalina.core.ApplicationFilterChain.doFilter(ApplicationFilterChain.java:149)
	at org.springframework.web.filter.OncePerRequestFilter.doFilter(OncePerRequestFilter.java:110)
	at org.apache.catalina.core.ApplicationFilterChain.internalDoFilter(ApplicationFilterChain.java:174)
	at org.apache.catalina.core.ApplicationFilterChain.doFilter(ApplicationFilterChain.java:149)
	at org.springframework.web.filter.CompositeFilter$VirtualFilterChain.doFilter(CompositeFilter.java:108)
	at org.springframework.security.web.FilterChainProxy.lambda$doFilterInternal$3(FilterChainProxy.java:231)
	at org.springframework.security.web.ObservationFilterChainDecorator$FilterObservation$SimpleFilterObservation.lambda$wrap$1(ObservationFilterChainDecorator.java:479)
	at org.springframework.security.web.ObservationFilterChainDecorator$AroundFilterObservation$SimpleAroundFilterObservation.lambda$wrap$1(ObservationFilterChainDecorator.java:340)
	at org.springframework.security.web.ObservationFilterChainDecorator.lambda$wrapSecured$0(ObservationFilterChainDecorator.java:82)
	at org.springframework.security.web.ObservationFilterChainDecorator$VirtualFilterChain.doFilter(ObservationFilterChainDecorator.java:128)
	at org.springframework.security.web.access.intercept.AuthorizationFilter.doFilter(AuthorizationFilter.java:100)
	at org.springframework.security.web.ObservationFilterChainDecorator$ObservationFilter.wrapFilter(ObservationFilterChainDecorator.java:240)
	at org.springframework.security.web.ObservationFilterChainDecorator$ObservationFilter.doFilter(ObservationFilterChainDecorator.java:227)
	at org.springframework.security.web.ObservationFilterChainDecorator$VirtualFilterChain.doFilter(ObservationFilterChainDecorator.java:137)
	at org.springframework.security.web.access.ExceptionTranslationFilter.doFilter(ExceptionTranslationFilter.java:126)
	at org.springframework.security.web.access.ExceptionTranslationFilter.doFilter(ExceptionTranslationFilter.java:120)
	at org.springframework.security.web.ObservationFilterChainDecorator$ObservationFilter.wrapFilter(ObservationFilterChainDecorator.java:240)
	at org.springframework.security.web.ObservationFilterChainDecorator$ObservationFilter.doFilter(ObservationFilterChainDecorator.java:227)
	at org.springframework.security.web.ObservationFilterChainDecorator$VirtualFilterChain.doFilter(ObservationFilterChainDecorator.java:137)
	at org.springframework.security.web.authentication.AnonymousAuthenticationFilter.doFilter(AnonymousAuthenticationFilter.java:100)
	at org.springframework.security.web.ObservationFilterChainDecorator$ObservationFilter.wrapFilter(ObservationFilterChainDecorator.java:240)
	at org.springframework.security.web.ObservationFilterChainDecorator$ObservationFilter.doFilter(ObservationFilterChainDecorator.java:227)
	at org.springframework.security.web.ObservationFilterChainDecorator$VirtualFilterChain.doFilter(ObservationFilterChainDecorator.java:137)
	at org.springframework.security.web.servletapi.SecurityContextHolderAwareRequestFilter.doFilter(SecurityContextHolderAwareRequestFilter.java:179)
	at org.springframework.security.web.ObservationFilterChainDecorator$ObservationFilter.wrapFilter(ObservationFilterChainDecorator.java:240)
	at org.springframework.security.web.ObservationFilterChainDecorator$ObservationFilter.doFilter(ObservationFilterChainDecorator.java:227)
	at org.springframework.security.web.ObservationFilterChainDecorator$VirtualFilterChain.doFilter(ObservationFilterChainDecorator.java:137)
	at org.springframework.security.web.savedrequest.RequestCacheAwareFilter.doFilter(RequestCacheAwareFilter.java:63)
	at org.springframework.security.web.ObservationFilterChainDecorator$ObservationFilter.wrapFilter(ObservationFilterChainDecorator.java:240)
	at org.springframework.security.web.ObservationFilterChainDecorator$ObservationFilter.doFilter(ObservationFilterChainDecorator.java:227)
	at org.springframework.security.web.ObservationFilterChainDecorator$VirtualFilterChain.doFilter(ObservationFilterChainDecorator.java:137)
	at com.microserviceone.users.core.config.internalSecurity.InternalJwtFilter.doFilterInternal(InternalJwtFilter.java:90)
	at org.springframework.web.filter.OncePerRequestFilter.doFilter(OncePerRequestFilter.java:116)
	at org.springframework.security.web.ObservationFilterChainDecorator$ObservationFilter.wrapFilter(ObservationFilterChainDecorator.java:240)
	at org.springframework.security.web.ObservationFilterChainDecorator$ObservationFilter.doFilter(ObservationFilterChainDecorator.java:227)
	at org.springframework.security.web.ObservationFilterChainDecorator$VirtualFilterChain.doFilter(ObservationFilterChainDecorator.java:137)
	at org.springframework.security.web.authentication.logout.LogoutFilter.doFilter(LogoutFilter.java:107)
	at org.springframework.security.web.authentication.logout.LogoutFilter.doFilter(LogoutFilter.java:93)
	at org.springframework.security.web.ObservationFilterChainDecorator$ObservationFilter.wrapFilter(ObservationFilterChainDecorator.java:240)
	at org.springframework.security.web.ObservationFilterChainDecorator$ObservationFilter.doFilter(ObservationFilterChainDecorator.java:227)
	at org.springframework.security.web.ObservationFilterChainDecorator$VirtualFilterChain.doFilter(ObservationFilterChainDecorator.java:137)
	at org.springframework.web.filter.CorsFilter.doFilterInternal(CorsFilter.java:91)
	at org.springframework.web.filter.OncePerRequestFilter.doFilter(OncePerRequestFilter.java:116)
	at org.springframework.security.web.ObservationFilterChainDecorator$ObservationFilter.wrapFilter(ObservationFilterChainDecorator.java:240)
	at org.springframework.security.web.ObservationFilterChainDecorator$ObservationFilter.doFilter(ObservationFilterChainDecorator.java:227)
	at org.springframework.security.web.ObservationFilterChainDecorator$VirtualFilterChain.doFilter(ObservationFilterChainDecorator.java:137)
	at org.springframework.security.web.header.HeaderWriterFilter.doHeadersAfter(HeaderWriterFilter.java:90)
	at org.springframework.security.web.header.HeaderWriterFilter.doFilterInternal(HeaderWriterFilter.java:75)
	at org.springframework.web.filter.OncePerRequestFilter.doFilter(OncePerRequestFilter.java:116)
	at org.springframework.security.web.ObservationFilterChainDecorator$ObservationFilter.wrapFilter(ObservationFilterChainDecorator.java:240)
	at org.springframework.security.web.ObservationFilterChainDecorator$ObservationFilter.doFilter(ObservationFilterChainDecorator.java:227)
	at org.springframework.security.web.ObservationFilterChainDecorator$VirtualFilterChain.doFilter(ObservationFilterChainDecorator.java:137)
	at org.springframework.security.web.context.SecurityContextHolderFilter.doFilter(SecurityContextHolderFilter.java:82)
	at org.springframework.security.web.context.SecurityContextHolderFilter.doFilter(SecurityContextHolderFilter.java:69)
	at org.springframework.security.web.ObservationFilterChainDecorator$ObservationFilter.wrapFilter(ObservationFilterChainDecorator.java:240)
	at org.springframework.security.web.ObservationFilterChainDecorator$ObservationFilter.doFilter(ObservationFilterChainDecorator.java:227)
	at org.springframework.security.web.ObservationFilterChainDecorator$VirtualFilterChain.doFilter(ObservationFilterChainDecorator.java:137)
	at org.springframework.security.web.context.request.async.WebAsyncManagerIntegrationFilter.doFilterInternal(WebAsyncManagerIntegrationFilter.java:62)
	at org.springframework.web.filter.OncePerRequestFilter.doFilter(OncePerRequestFilter.java:116)
	at org.springframework.security.web.ObservationFilterChainDecorator$ObservationFilter.wrapFilter(ObservationFilterChainDecorator.java:240)
	at org.springframework.security.web.ObservationFilterChainDecorator$ObservationFilter.doFilter(ObservationFilterChainDecorator.java:227)
	at org.springframework.security.web.ObservationFilterChainDecorator$VirtualFilterChain.doFilter(ObservationFilterChainDecorator.java:137)
	at org.springframework.security.web.session.DisableEncodeUrlFilter.doFilterInternal(DisableEncodeUrlFilter.java:42)
	at org.springframework.web.filter.OncePerRequestFilter.doFilter(OncePerRequestFilter.java:116)
	at org.springframework.security.web.ObservationFilterChainDecorator$ObservationFilter.wrapFilter(ObservationFilterChainDecorator.java:240)
	at org.springframework.security.web.ObservationFilterChainDecorator$AroundFilterObservation$SimpleAroundFilterObservation.lambda$wrap$0(ObservationFilterChainDecorator.java:323)
	at org.springframework.security.web.ObservationFilterChainDecorator$ObservationFilter.doFilter(ObservationFilterChainDecorator.java:224)
	at org.springframework.security.web.ObservationFilterChainDecorator$VirtualFilterChain.doFilter(ObservationFilterChainDecorator.java:137)
	at org.springframework.security.web.FilterChainProxy.doFilterInternal(FilterChainProxy.java:233)
	at org.springframework.security.web.FilterChainProxy.doFilter(FilterChainProxy.java:191)
	at org.springframework.web.filter.CompositeFilter$VirtualFilterChain.doFilter(CompositeFilter.java:113)
	at org.springframework.web.servlet.handler.HandlerMappingIntrospector.lambda$createCacheFilter$3(HandlerMappingIntrospector.java:195)
	at org.springframework.web.filter.CompositeFilter$VirtualFilterChain.doFilter(CompositeFilter.java:113)
	at org.springframework.web.filter.CompositeFilter.doFilter(CompositeFilter.java:74)
	at org.springframework.security.config.annotation.web.configuration.WebMvcSecurityConfiguration$CompositeFilterChainProxy.doFilter(WebMvcSecurityConfiguration.java:230)
	at org.springframework.web.filter.DelegatingFilterProxy.invokeDelegate(DelegatingFilterProxy.java:352)
	at org.springframework.web.filter.DelegatingFilterProxy.doFilter(DelegatingFilterProxy.java:268)
	at org.apache.catalina.core.ApplicationFilterChain.internalDoFilter(ApplicationFilterChain.java:174)
	at org.apache.catalina.core.ApplicationFilterChain.doFilter(ApplicationFilterChain.java:149)
	at org.springframework.web.filter.RequestContextFilter.doFilterInternal(RequestContextFilter.java:100)
	at org.springframework.web.filter.OncePerRequestFilter.doFilter(OncePerRequestFilter.java:116)
	at org.apache.catalina.core.ApplicationFilterChain.internalDoFilter(ApplicationFilterChain.java:174)
	at org.apache.catalina.core.ApplicationFilterChain.doFilter(ApplicationFilterChain.java:149)
	at org.springframework.web.filter.FormContentFilter.doFilterInternal(FormContentFilter.java:93)
	at org.springframework.web.filter.OncePerRequestFilter.doFilter(OncePerRequestFilter.java:116)
	at org.apache.catalina.core.ApplicationFilterChain.internalDoFilter(ApplicationFilterChain.java:174)
	at org.apache.catalina.core.ApplicationFilterChain.doFilter(ApplicationFilterChain.java:149)
	at org.springframework.web.filter.ServerHttpObservationFilter.doFilterInternal(ServerHttpObservationFilter.java:109)
	at org.springframework.web.filter.OncePerRequestFilter.doFilter(OncePerRequestFilter.java:116)
	at org.apache.catalina.core.ApplicationFilterChain.internalDoFilter(ApplicationFilterChain.java:174)
	at org.apache.catalina.core.ApplicationFilterChain.doFilter(ApplicationFilterChain.java:149)
	at org.springframework.web.filter.CharacterEncodingFilter.doFilterInternal(CharacterEncodingFilter.java:201)
	at org.springframework.web.filter.OncePerRequestFilter.doFilter(OncePerRequestFilter.java:116)
	at org.apache.catalina.core.ApplicationFilterChain.internalDoFilter(ApplicationFilterChain.java:174)
	at org.apache.catalina.core.ApplicationFilterChain.doFilter(ApplicationFilterChain.java:149)
	at org.apache.catalina.core.StandardWrapperValve.invoke(StandardWrapperValve.java:167)
	at org.apache.catalina.core.StandardContextValve.invoke(StandardContextValve.java:90)
	at org.apache.catalina.authenticator.AuthenticatorBase.invoke(AuthenticatorBase.java:482)
	at org.apache.catalina.core.StandardHostValve.invoke(StandardHostValve.java:115)
	at org.apache.catalina.valves.ErrorReportValve.invoke(ErrorReportValve.java:93)
	at org.apache.catalina.core.StandardEngineValve.invoke(StandardEngineValve.java:74)
	at org.apache.catalina.connector.CoyoteAdapter.service(CoyoteAdapter.java:344)
	at org.apache.coyote.http11.Http11Processor.service(Http11Processor.java:391)
	at org.apache.coyote.AbstractProcessorLight.process(AbstractProcessorLight.java:63)
	at org.apache.coyote.AbstractProtocol$ConnectionHandler.process(AbstractProtocol.java:896)
	at org.apache.tomcat.util.net.NioEndpoint$SocketProcessor.doRun(NioEndpoint.java:1744)
	at org.apache.tomcat.util.net.SocketProcessorBase.run(SocketProcessorBase.java:52)
	at org.apache.tomcat.util.threads.ThreadPoolExecutor.runWorker(ThreadPoolExecutor.java:1191)
	at org.apache.tomcat.util.threads.ThreadPoolExecutor$Worker.run(ThreadPoolExecutor.java:659)
	at org.apache.tomcat.util.threads.TaskThread$WrappingRunnable.run(TaskThread.java:63)
	at java.base/java.lang.Thread.run(Thread.java:840)
2025-07-05 10:06:37 [http-nio-8082-exec-3] DEBUG o.s.w.s.m.m.a.ExceptionHandlerExceptionResolver - Using @ExceptionHandler com.microserviceone.users.core.exception.GlobalExceptionHandler#handleEmailNotVerifiedException(EmailNotVerifiedException)
2025-07-05 10:06:37 [http-nio-8082-exec-3] DEBUG o.s.w.s.m.m.a.HttpEntityMethodProcessor - Using 'application/json', given [application/json, application/*+json] and supported [application/json, application/*+json]
2025-07-05 10:06:37 [http-nio-8082-exec-3] DEBUG o.s.w.s.m.m.a.HttpEntityMethodProcessor - Writing [{error=Email no verificado, message=El correo electrónico aún no ha sido verificado, timestamp=2025- (truncated)...]
2025-07-05 10:06:37 [http-nio-8082-exec-2] DEBUG o.s.web.client.RestTemplate - Response 400 BAD_REQUEST
2025-07-05 10:06:37 [http-nio-8082-exec-3] WARN  o.s.w.s.m.m.a.ExceptionHandlerExceptionResolver - Resolved [com.microserviceone.users.verificationCodeApi.application.exception.EmailNotVerifiedException: El correo electrónico aún no ha sido verificado]
2025-07-05 10:06:37 [http-nio-8082-exec-3] DEBUG o.s.web.servlet.DispatcherServlet - Completed 400 BAD_REQUEST
2025-07-05 10:06:37 [http-nio-8082-exec-2] ERROR c.m.u.core.logging.LoggingService - Error HTTP al validar verificación de email: agudelo1@gmail.com - Status: 400 BAD_REQUEST
2025-07-05 10:06:37 [http-nio-8082-exec-2] ERROR c.m.u.core.logging.LoggingService - Error al registrar cliente con email: agudelo1@gmail.com
com.microserviceone.users.registrationApi.application.exception.UserPrerequisitesNotMetException: El email no ha sido verificado: 400 : "{"error":"Email no verificado","message":"El correo electrónico aún no ha sido verificado","timestamp":[2025,7,5,10,6,37,221429997],"status":400}"
	at com.microserviceone.users.registrationApi.application.service.UserValidationService.validateEmailVerification(UserValidationService.java:120)
	at com.microserviceone.users.registrationApi.application.service.UserValidationService.validateUserPrerequisites(UserValidationService.java:134)
	at com.microserviceone.users.registrationApi.web.controller.RegisterController.registerCustomer(RegisterController.java:65)
	at java.base/jdk.internal.reflect.NativeMethodAccessorImpl.invoke0(Native Method)
	at java.base/jdk.internal.reflect.NativeMethodAccessorImpl.invoke(NativeMethodAccessorImpl.java:77)
	at java.base/jdk.internal.reflect.DelegatingMethodAccessorImpl.invoke(DelegatingMethodAccessorImpl.java:43)
	at java.base/java.lang.reflect.Method.invoke(Method.java:569)
	at org.springframework.web.method.support.InvocableHandlerMethod.doInvoke(InvocableHandlerMethod.java:259)
	at org.springframework.web.method.support.InvocableHandlerMethod.invokeForRequest(InvocableHandlerMethod.java:192)
	at org.springframework.web.servlet.mvc.method.annotation.ServletInvocableHandlerMethod.invokeAndHandle(ServletInvocableHandlerMethod.java:118)
	at org.springframework.web.servlet.mvc.method.annotation.RequestMappingHandlerAdapter.invokeHandlerMethod(RequestMappingHandlerAdapter.java:920)
	at org.springframework.web.servlet.mvc.method.annotation.RequestMappingHandlerAdapter.handleInternal(RequestMappingHandlerAdapter.java:830)
	at org.springframework.web.servlet.mvc.method.AbstractHandlerMethodAdapter.handle(AbstractHandlerMethodAdapter.java:87)
	at org.springframework.web.servlet.DispatcherServlet.doDispatch(DispatcherServlet.java:1089)
	at org.springframework.web.servlet.DispatcherServlet.doService(DispatcherServlet.java:979)
	at org.springframework.web.servlet.FrameworkServlet.processRequest(FrameworkServlet.java:1014)
	at org.springframework.web.servlet.FrameworkServlet.doPost(FrameworkServlet.java:914)
	at jakarta.servlet.http.HttpServlet.service(HttpServlet.java:590)
	at org.springframework.web.servlet.FrameworkServlet.service(FrameworkServlet.java:885)
	at jakarta.servlet.http.HttpServlet.service(HttpServlet.java:658)
	at org.apache.catalina.core.ApplicationFilterChain.internalDoFilter(ApplicationFilterChain.java:205)
	at org.apache.catalina.core.ApplicationFilterChain.doFilter(ApplicationFilterChain.java:149)
	at org.apache.tomcat.websocket.server.WsFilter.doFilter(WsFilter.java:51)
	at org.apache.catalina.core.ApplicationFilterChain.internalDoFilter(ApplicationFilterChain.java:174)
	at org.apache.catalina.core.ApplicationFilterChain.doFilter(ApplicationFilterChain.java:149)
	at org.springframework.web.filter.OncePerRequestFilter.doFilter(OncePerRequestFilter.java:110)
	at org.apache.catalina.core.ApplicationFilterChain.internalDoFilter(ApplicationFilterChain.java:174)
	at org.apache.catalina.core.ApplicationFilterChain.doFilter(ApplicationFilterChain.java:149)
	at org.springframework.web.filter.CompositeFilter$VirtualFilterChain.doFilter(CompositeFilter.java:108)
	at org.springframework.security.web.FilterChainProxy.lambda$doFilterInternal$3(FilterChainProxy.java:231)
	at org.springframework.security.web.ObservationFilterChainDecorator$FilterObservation$SimpleFilterObservation.lambda$wrap$1(ObservationFilterChainDecorator.java:479)
	at org.springframework.security.web.ObservationFilterChainDecorator$AroundFilterObservation$SimpleAroundFilterObservation.lambda$wrap$1(ObservationFilterChainDecorator.java:340)
	at org.springframework.security.web.ObservationFilterChainDecorator.lambda$wrapSecured$0(ObservationFilterChainDecorator.java:82)
	at org.springframework.security.web.ObservationFilterChainDecorator$VirtualFilterChain.doFilter(ObservationFilterChainDecorator.java:128)
	at org.springframework.security.web.access.intercept.AuthorizationFilter.doFilter(AuthorizationFilter.java:100)
	at org.springframework.security.web.ObservationFilterChainDecorator$ObservationFilter.wrapFilter(ObservationFilterChainDecorator.java:240)
	at org.springframework.security.web.ObservationFilterChainDecorator$ObservationFilter.doFilter(ObservationFilterChainDecorator.java:227)
	at org.springframework.security.web.ObservationFilterChainDecorator$VirtualFilterChain.doFilter(ObservationFilterChainDecorator.java:137)
	at org.springframework.security.web.access.ExceptionTranslationFilter.doFilter(ExceptionTranslationFilter.java:126)
	at org.springframework.security.web.access.ExceptionTranslationFilter.doFilter(ExceptionTranslationFilter.java:120)
	at org.springframework.security.web.ObservationFilterChainDecorator$ObservationFilter.wrapFilter(ObservationFilterChainDecorator.java:240)
	at org.springframework.security.web.ObservationFilterChainDecorator$ObservationFilter.doFilter(ObservationFilterChainDecorator.java:227)
	at org.springframework.security.web.ObservationFilterChainDecorator$VirtualFilterChain.doFilter(ObservationFilterChainDecorator.java:137)
	at org.springframework.security.web.authentication.AnonymousAuthenticationFilter.doFilter(AnonymousAuthenticationFilter.java:100)
	at org.springframework.security.web.ObservationFilterChainDecorator$ObservationFilter.wrapFilter(ObservationFilterChainDecorator.java:240)
	at org.springframework.security.web.ObservationFilterChainDecorator$ObservationFilter.doFilter(ObservationFilterChainDecorator.java:227)
	at org.springframework.security.web.ObservationFilterChainDecorator$VirtualFilterChain.doFilter(ObservationFilterChainDecorator.java:137)
	at org.springframework.security.web.servletapi.SecurityContextHolderAwareRequestFilter.doFilter(SecurityContextHolderAwareRequestFilter.java:179)
	at org.springframework.security.web.ObservationFilterChainDecorator$ObservationFilter.wrapFilter(ObservationFilterChainDecorator.java:240)
	at org.springframework.security.web.ObservationFilterChainDecorator$ObservationFilter.doFilter(ObservationFilterChainDecorator.java:227)
	at org.springframework.security.web.ObservationFilterChainDecorator$VirtualFilterChain.doFilter(ObservationFilterChainDecorator.java:137)
	at org.springframework.security.web.savedrequest.RequestCacheAwareFilter.doFilter(RequestCacheAwareFilter.java:63)
	at org.springframework.security.web.ObservationFilterChainDecorator$ObservationFilter.wrapFilter(ObservationFilterChainDecorator.java:240)
	at org.springframework.security.web.ObservationFilterChainDecorator$ObservationFilter.doFilter(ObservationFilterChainDecorator.java:227)
	at org.springframework.security.web.ObservationFilterChainDecorator$VirtualFilterChain.doFilter(ObservationFilterChainDecorator.java:137)
	at com.microserviceone.users.core.config.internalSecurity.InternalJwtFilter.doFilterInternal(InternalJwtFilter.java:45)
	at org.springframework.web.filter.OncePerRequestFilter.doFilter(OncePerRequestFilter.java:116)
	at org.springframework.security.web.ObservationFilterChainDecorator$ObservationFilter.wrapFilter(ObservationFilterChainDecorator.java:240)
	at org.springframework.security.web.ObservationFilterChainDecorator$ObservationFilter.doFilter(ObservationFilterChainDecorator.java:227)
	at org.springframework.security.web.ObservationFilterChainDecorator$VirtualFilterChain.doFilter(ObservationFilterChainDecorator.java:137)
	at org.springframework.security.web.authentication.logout.LogoutFilter.doFilter(LogoutFilter.java:107)
	at org.springframework.security.web.authentication.logout.LogoutFilter.doFilter(LogoutFilter.java:93)
	at org.springframework.security.web.ObservationFilterChainDecorator$ObservationFilter.wrapFilter(ObservationFilterChainDecorator.java:240)
	at org.springframework.security.web.ObservationFilterChainDecorator$ObservationFilter.doFilter(ObservationFilterChainDecorator.java:227)
	at org.springframework.security.web.ObservationFilterChainDecorator$VirtualFilterChain.doFilter(ObservationFilterChainDecorator.java:137)
	at org.springframework.web.filter.CorsFilter.doFilterInternal(CorsFilter.java:91)
	at org.springframework.web.filter.OncePerRequestFilter.doFilter(OncePerRequestFilter.java:116)
	at org.springframework.security.web.ObservationFilterChainDecorator$ObservationFilter.wrapFilter(ObservationFilterChainDecorator.java:240)
	at org.springframework.security.web.ObservationFilterChainDecorator$ObservationFilter.doFilter(ObservationFilterChainDecorator.java:227)
	at org.springframework.security.web.ObservationFilterChainDecorator$VirtualFilterChain.doFilter(ObservationFilterChainDecorator.java:137)
	at org.springframework.security.web.header.HeaderWriterFilter.doHeadersAfter(HeaderWriterFilter.java:90)
	at org.springframework.security.web.header.HeaderWriterFilter.doFilterInternal(HeaderWriterFilter.java:75)
	at org.springframework.web.filter.OncePerRequestFilter.doFilter(OncePerRequestFilter.java:116)
	at org.springframework.security.web.ObservationFilterChainDecorator$ObservationFilter.wrapFilter(ObservationFilterChainDecorator.java:240)
	at org.springframework.security.web.ObservationFilterChainDecorator$ObservationFilter.doFilter(ObservationFilterChainDecorator.java:227)
	at org.springframework.security.web.ObservationFilterChainDecorator$VirtualFilterChain.doFilter(ObservationFilterChainDecorator.java:137)
	at org.springframework.security.web.context.SecurityContextHolderFilter.doFilter(SecurityContextHolderFilter.java:82)
	at org.springframework.security.web.context.SecurityContextHolderFilter.doFilter(SecurityContextHolderFilter.java:69)
	at org.springframework.security.web.ObservationFilterChainDecorator$ObservationFilter.wrapFilter(ObservationFilterChainDecorator.java:240)
	at org.springframework.security.web.ObservationFilterChainDecorator$ObservationFilter.doFilter(ObservationFilterChainDecorator.java:227)
	at org.springframework.security.web.ObservationFilterChainDecorator$VirtualFilterChain.doFilter(ObservationFilterChainDecorator.java:137)
	at org.springframework.security.web.context.request.async.WebAsyncManagerIntegrationFilter.doFilterInternal(WebAsyncManagerIntegrationFilter.java:62)
	at org.springframework.web.filter.OncePerRequestFilter.doFilter(OncePerRequestFilter.java:116)
	at org.springframework.security.web.ObservationFilterChainDecorator$ObservationFilter.wrapFilter(ObservationFilterChainDecorator.java:240)
	at org.springframework.security.web.ObservationFilterChainDecorator$ObservationFilter.doFilter(ObservationFilterChainDecorator.java:227)
	at org.springframework.security.web.ObservationFilterChainDecorator$VirtualFilterChain.doFilter(ObservationFilterChainDecorator.java:137)
	at org.springframework.security.web.session.DisableEncodeUrlFilter.doFilterInternal(DisableEncodeUrlFilter.java:42)
	at org.springframework.web.filter.OncePerRequestFilter.doFilter(OncePerRequestFilter.java:116)
	at org.springframework.security.web.ObservationFilterChainDecorator$ObservationFilter.wrapFilter(ObservationFilterChainDecorator.java:240)
	at org.springframework.security.web.ObservationFilterChainDecorator$AroundFilterObservation$SimpleAroundFilterObservation.lambda$wrap$0(ObservationFilterChainDecorator.java:323)
	at org.springframework.security.web.ObservationFilterChainDecorator$ObservationFilter.doFilter(ObservationFilterChainDecorator.java:224)
	at org.springframework.security.web.ObservationFilterChainDecorator$VirtualFilterChain.doFilter(ObservationFilterChainDecorator.java:137)
	at org.springframework.security.web.FilterChainProxy.doFilterInternal(FilterChainProxy.java:233)
	at org.springframework.security.web.FilterChainProxy.doFilter(FilterChainProxy.java:191)
	at org.springframework.web.filter.CompositeFilter$VirtualFilterChain.doFilter(CompositeFilter.java:113)
	at org.springframework.web.servlet.handler.HandlerMappingIntrospector.lambda$createCacheFilter$3(HandlerMappingIntrospector.java:195)
	at org.springframework.web.filter.CompositeFilter$VirtualFilterChain.doFilter(CompositeFilter.java:113)
	at org.springframework.web.filter.CompositeFilter.doFilter(CompositeFilter.java:74)
	at org.springframework.security.config.annotation.web.configuration.WebMvcSecurityConfiguration$CompositeFilterChainProxy.doFilter(WebMvcSecurityConfiguration.java:230)
	at org.springframework.web.filter.DelegatingFilterProxy.invokeDelegate(DelegatingFilterProxy.java:352)
	at org.springframework.web.filter.DelegatingFilterProxy.doFilter(DelegatingFilterProxy.java:268)
	at org.apache.catalina.core.ApplicationFilterChain.internalDoFilter(ApplicationFilterChain.java:174)
	at org.apache.catalina.core.ApplicationFilterChain.doFilter(ApplicationFilterChain.java:149)
	at org.springframework.web.filter.RequestContextFilter.doFilterInternal(RequestContextFilter.java:100)
	at org.springframework.web.filter.OncePerRequestFilter.doFilter(OncePerRequestFilter.java:116)
	at org.apache.catalina.core.ApplicationFilterChain.internalDoFilter(ApplicationFilterChain.java:174)
	at org.apache.catalina.core.ApplicationFilterChain.doFilter(ApplicationFilterChain.java:149)
	at org.springframework.web.filter.FormContentFilter.doFilterInternal(FormContentFilter.java:93)
	at org.springframework.web.filter.OncePerRequestFilter.doFilter(OncePerRequestFilter.java:116)
	at org.apache.catalina.core.ApplicationFilterChain.internalDoFilter(ApplicationFilterChain.java:174)
	at org.apache.catalina.core.ApplicationFilterChain.doFilter(ApplicationFilterChain.java:149)
	at org.springframework.web.filter.ServerHttpObservationFilter.doFilterInternal(ServerHttpObservationFilter.java:109)
	at org.springframework.web.filter.OncePerRequestFilter.doFilter(OncePerRequestFilter.java:116)
	at org.apache.catalina.core.ApplicationFilterChain.internalDoFilter(ApplicationFilterChain.java:174)
	at org.apache.catalina.core.ApplicationFilterChain.doFilter(ApplicationFilterChain.java:149)
	at org.springframework.web.filter.CharacterEncodingFilter.doFilterInternal(CharacterEncodingFilter.java:201)
	at org.springframework.web.filter.OncePerRequestFilter.doFilter(OncePerRequestFilter.java:116)
	at org.apache.catalina.core.ApplicationFilterChain.internalDoFilter(ApplicationFilterChain.java:174)
	at org.apache.catalina.core.ApplicationFilterChain.doFilter(ApplicationFilterChain.java:149)
	at org.apache.catalina.core.StandardWrapperValve.invoke(StandardWrapperValve.java:167)
	at org.apache.catalina.core.StandardContextValve.invoke(StandardContextValve.java:90)
	at org.apache.catalina.authenticator.AuthenticatorBase.invoke(AuthenticatorBase.java:482)
	at org.apache.catalina.core.StandardHostValve.invoke(StandardHostValve.java:115)
	at org.apache.catalina.valves.ErrorReportValve.invoke(ErrorReportValve.java:93)
	at org.apache.catalina.core.StandardEngineValve.invoke(StandardEngineValve.java:74)
	at org.apache.catalina.connector.CoyoteAdapter.service(CoyoteAdapter.java:344)
	at org.apache.coyote.http11.Http11Processor.service(Http11Processor.java:391)
	at org.apache.coyote.AbstractProcessorLight.process(AbstractProcessorLight.java:63)
	at org.apache.coyote.AbstractProtocol$ConnectionHandler.process(AbstractProtocol.java:896)
	at org.apache.tomcat.util.net.NioEndpoint$SocketProcessor.doRun(NioEndpoint.java:1744)
	at org.apache.tomcat.util.net.SocketProcessorBase.run(SocketProcessorBase.java:52)
	at org.apache.tomcat.util.threads.ThreadPoolExecutor.runWorker(ThreadPoolExecutor.java:1191)
	at org.apache.tomcat.util.threads.ThreadPoolExecutor$Worker.run(ThreadPoolExecutor.java:659)
	at org.apache.tomcat.util.threads.TaskThread$WrappingRunnable.run(TaskThread.java:63)
	at java.base/java.lang.Thread.run(Thread.java:840)
Caused by: org.springframework.web.client.HttpClientErrorException$BadRequest: 400 : "{"error":"Email no verificado","message":"El correo electrónico aún no ha sido verificado","timestamp":[2025,7,5,10,6,37,221429997],"status":400}"
	at org.springframework.web.client.HttpClientErrorException.create(HttpClientErrorException.java:103)
	at org.springframework.web.client.DefaultResponseErrorHandler.handleError(DefaultResponseErrorHandler.java:183)
	at org.springframework.web.client.DefaultResponseErrorHandler.handleError(DefaultResponseErrorHandler.java:137)
	at org.springframework.web.client.ResponseErrorHandler.handleError(ResponseErrorHandler.java:63)
	at org.springframework.web.client.RestTemplate.handleResponse(RestTemplate.java:942)
	at org.springframework.web.client.RestTemplate.doExecute(RestTemplate.java:891)
	at org.springframework.web.client.RestTemplate.execute(RestTemplate.java:790)
	at org.springframework.web.client.RestTemplate.postForEntity(RestTemplate.java:538)
	at com.microserviceone.users.registrationApi.application.service.UserValidationService.validateEmailVerification(UserValidationService.java:104)
	... 134 common frames omitted
2025-07-05 10:06:37 [http-nio-8082-exec-2] DEBUG o.s.w.s.m.m.a.ExceptionHandlerExceptionResolver - Using @ExceptionHandler com.microserviceone.users.core.exception.GlobalExceptionHandler#handleUserPrerequisitesNotMetException(UserPrerequisitesNotMetException)
2025-07-05 10:06:37 [http-nio-8082-exec-2] DEBUG o.s.w.s.m.m.a.HttpEntityMethodProcessor - Using 'application/json', given [*/*] and supported [application/json, application/*+json]
2025-07-05 10:06:37 [http-nio-8082-exec-2] DEBUG o.s.w.s.m.m.a.HttpEntityMethodProcessor - Writing [{error=Prerrequisitos de usuario no cumplidos, message=El email no ha sido verificado: 400 : "{"erro (truncated)...]
2025-07-05 10:06:37 [http-nio-8082-exec-2] WARN  o.s.w.s.m.m.a.ExceptionHandlerExceptionResolver - Resolved [com.microserviceone.users.registrationApi.application.exception.UserPrerequisitesNotMetException: El email no ha sido verificado: 400 : "{"error":"Email no verificado","message":"El correo electrónico aún no ha sido verificado","timestamp":[2025,7,5,10,6,37,221429997],"status":400}"]
2025-07-05 10:06:37 [http-nio-8082-exec-2] DEBUG o.s.web.servlet.DispatcherServlet - Completed 400 BAD_REQUEST
2025-07-05 10:06:37 [AsyncReporter{org.springframework.boot.actuate.autoconfigure.tracing.zipkin.ZipkinWebClientSender@3ef6f53f}] DEBUG o.s.w.r.f.client.ExchangeFunctions - [6ae7cd69] HTTP POST http://localhost:9411/api/v2/spans%20
2025-07-05 10:06:38 [AsyncReporter{org.springframework.boot.actuate.autoconfigure.tracing.zipkin.ZipkinWebClientSender@3ef6f53f}] WARN  z.r.AsyncReporter$BoundedAsyncReporter - Spans were dropped due to exceptions. All subsequent errors will be logged at FINE level.
2025-07-05 10:06:38 [AsyncReporter{org.springframework.boot.actuate.autoconfigure.tracing.zipkin.ZipkinWebClientSender@3ef6f53f}] WARN  z.r.AsyncReporter$BoundedAsyncReporter - Dropped 7 spans due to WebClientRequestException(finishConnect(..) failed: Conexión rehusada: localhost/[0:0:0:0:0:0:0:1]:9411)
org.springframework.web.reactive.function.client.WebClientRequestException: finishConnect(..) failed: Conexión rehusada: localhost/[0:0:0:0:0:0:0:1]:9411
	at org.springframework.web.reactive.function.client.ExchangeFunctions$DefaultExchangeFunction.lambda$wrapException$9(ExchangeFunctions.java:136)
	Suppressed: reactor.core.publisher.FluxOnAssembly$OnAssemblyException: 
Error has been observed at the following site(s):
	*__checkpoint ⇢ Request to POST http://localhost:9411/api/v2/spans%20 [DefaultWebClient]
Original Stack Trace:
		at org.springframework.web.reactive.function.client.ExchangeFunctions$DefaultExchangeFunction.lambda$wrapException$9(ExchangeFunctions.java:136)
		at reactor.core.publisher.MonoErrorSupplied.subscribe(MonoErrorSupplied.java:55)
		at reactor.core.publisher.Mono.subscribe(Mono.java:4563)
		at reactor.core.publisher.FluxOnErrorResume$ResumeSubscriber.onError(FluxOnErrorResume.java:103)
		at reactor.core.publisher.FluxPeek$PeekSubscriber.onError(FluxPeek.java:222)
		at reactor.core.publisher.FluxPeek$PeekSubscriber.onError(FluxPeek.java:222)
		at reactor.core.publisher.FluxPeek$PeekSubscriber.onError(FluxPeek.java:222)
		at reactor.core.publisher.MonoNext$NextSubscriber.onError(MonoNext.java:93)
		at reactor.core.publisher.MonoFlatMapMany$FlatMapManyMain.onError(MonoFlatMapMany.java:205)
		at reactor.core.publisher.SerializedSubscriber.onError(SerializedSubscriber.java:124)
		at reactor.core.publisher.FluxRetryWhen$RetryWhenMainSubscriber.whenError(FluxRetryWhen.java:229)
		at reactor.core.publisher.FluxRetryWhen$RetryWhenOtherSubscriber.onError(FluxRetryWhen.java:279)
		at reactor.core.publisher.FluxContextWrite$ContextWriteSubscriber.onError(FluxContextWrite.java:121)
		at reactor.core.publisher.FluxConcatMapNoPrefetch$FluxConcatMapNoPrefetchSubscriber.maybeOnError(FluxConcatMapNoPrefetch.java:327)
		at reactor.core.publisher.FluxConcatMapNoPrefetch$FluxConcatMapNoPrefetchSubscriber.onNext(FluxConcatMapNoPrefetch.java:212)
		at reactor.core.publisher.FluxContextWrite$ContextWriteSubscriber.onNext(FluxContextWrite.java:107)
		at reactor.core.publisher.SinkManyEmitterProcessor.drain(SinkManyEmitterProcessor.java:476)
		at reactor.core.publisher.SinkManyEmitterProcessor$EmitterInner.drainParent(SinkManyEmitterProcessor.java:620)
		at reactor.core.publisher.FluxPublish$PubSubInner.request(FluxPublish.java:874)
		at reactor.core.publisher.FluxContextWrite$ContextWriteSubscriber.request(FluxContextWrite.java:136)
		at reactor.core.publisher.FluxConcatMapNoPrefetch$FluxConcatMapNoPrefetchSubscriber.request(FluxConcatMapNoPrefetch.java:337)
		at reactor.core.publisher.FluxContextWrite$ContextWriteSubscriber.request(FluxContextWrite.java:136)
		at reactor.core.publisher.Operators$DeferredSubscription.request(Operators.java:1743)
		at reactor.core.publisher.FluxRetryWhen$RetryWhenMainSubscriber.onError(FluxRetryWhen.java:196)
		at reactor.core.publisher.MonoCreate$DefaultMonoSink.error(MonoCreate.java:205)
		at reactor.netty.http.client.HttpClientConnect$MonoHttpConnect$ClientTransportSubscriber.onError(HttpClientConnect.java:311)
		at reactor.core.publisher.MonoCreate$DefaultMonoSink.error(MonoCreate.java:205)
		at reactor.netty.resources.DefaultPooledConnectionProvider$DisposableAcquire.onError(DefaultPooledConnectionProvider.java:172)
		at reactor.netty.internal.shaded.reactor.pool.AbstractPool$Borrower.fail(AbstractPool.java:488)
		at reactor.netty.internal.shaded.reactor.pool.SimpleDequePool.lambda$drainLoop$9(SimpleDequePool.java:436)
		at reactor.core.publisher.FluxDoOnEach$DoOnEachSubscriber.onError(FluxDoOnEach.java:186)
		at reactor.core.publisher.MonoCreate$DefaultMonoSink.error(MonoCreate.java:205)
		at reactor.netty.resources.DefaultPooledConnectionProvider$PooledConnectionAllocator$PooledConnectionInitializer.onError(DefaultPooledConnectionProvider.java:583)
		at reactor.core.publisher.MonoFlatMap$FlatMapMain.secondError(MonoFlatMap.java:241)
		at reactor.core.publisher.MonoFlatMap$FlatMapInner.onError(MonoFlatMap.java:315)
		at reactor.core.publisher.FluxOnErrorResume$ResumeSubscriber.onError(FluxOnErrorResume.java:106)
		at reactor.core.publisher.SerializedSubscriber.onError(SerializedSubscriber.java:124)
		at reactor.core.publisher.FluxRetryWhen$RetryWhenMainSubscriber.whenError(FluxRetryWhen.java:229)
		at reactor.core.publisher.FluxRetryWhen$RetryWhenOtherSubscriber.onError(FluxRetryWhen.java:279)
		at reactor.core.publisher.FluxContextWrite$ContextWriteSubscriber.onError(FluxContextWrite.java:121)
		at reactor.core.publisher.FluxConcatMapNoPrefetch$FluxConcatMapNoPrefetchSubscriber.maybeOnError(FluxConcatMapNoPrefetch.java:327)
		at reactor.core.publisher.FluxConcatMapNoPrefetch$FluxConcatMapNoPrefetchSubscriber.onNext(FluxConcatMapNoPrefetch.java:212)
		at reactor.core.publisher.FluxContextWrite$ContextWriteSubscriber.onNext(FluxContextWrite.java:107)
		at reactor.core.publisher.SinkManyEmitterProcessor.drain(SinkManyEmitterProcessor.java:476)
		at reactor.core.publisher.SinkManyEmitterProcessor$EmitterInner.drainParent(SinkManyEmitterProcessor.java:620)
		at reactor.core.publisher.FluxPublish$PubSubInner.request(FluxPublish.java:874)
		at reactor.core.publisher.FluxContextWrite$ContextWriteSubscriber.request(FluxContextWrite.java:136)
		at reactor.core.publisher.FluxConcatMapNoPrefetch$FluxConcatMapNoPrefetchSubscriber.request(FluxConcatMapNoPrefetch.java:337)
		at reactor.core.publisher.FluxContextWrite$ContextWriteSubscriber.request(FluxContextWrite.java:136)
		at reactor.core.publisher.Operators$DeferredSubscription.request(Operators.java:1743)
		at reactor.core.publisher.FluxRetryWhen$RetryWhenMainSubscriber.onError(FluxRetryWhen.java:196)
		at reactor.core.publisher.MonoFlatMap$FlatMapMain.secondError(MonoFlatMap.java:241)
		at reactor.core.publisher.MonoFlatMap$FlatMapInner.onError(MonoFlatMap.java:315)
		at reactor.netty.transport.TransportConnector$MonoChannelPromise.tryFailure(TransportConnector.java:576)
		at reactor.netty.transport.TransportConnector$MonoChannelPromise.setFailure(TransportConnector.java:522)
		at reactor.netty.transport.TransportConnector.lambda$doConnect$7(TransportConnector.java:261)
		at io.netty.util.concurrent.DefaultPromise.notifyListener0(DefaultPromise.java:590)
		at io.netty.util.concurrent.DefaultPromise.notifyListeners0(DefaultPromise.java:583)
		at io.netty.util.concurrent.DefaultPromise.notifyListenersNow(DefaultPromise.java:559)
		at io.netty.util.concurrent.DefaultPromise.notifyListeners(DefaultPromise.java:492)
		at io.netty.util.concurrent.DefaultPromise.setValue0(DefaultPromise.java:636)
		at io.netty.util.concurrent.DefaultPromise.setFailure0(DefaultPromise.java:629)
		at io.netty.util.concurrent.DefaultPromise.tryFailure(DefaultPromise.java:118)
		at io.netty.channel.epoll.AbstractEpollChannel$AbstractEpollUnsafe.fulfillConnectPromise(AbstractEpollChannel.java:675)
		at io.netty.channel.epoll.AbstractEpollChannel$AbstractEpollUnsafe.finishConnect(AbstractEpollChannel.java:694)
		at io.netty.channel.epoll.AbstractEpollChannel$AbstractEpollUnsafe.epollOutReady(AbstractEpollChannel.java:567)
		at io.netty.channel.epoll.EpollEventLoop.processReady(EpollEventLoop.java:499)
		at io.netty.channel.epoll.EpollEventLoop.run(EpollEventLoop.java:407)
		at io.netty.util.concurrent.SingleThreadEventExecutor$4.run(SingleThreadEventExecutor.java:997)
		at io.netty.util.internal.ThreadExecutorMap$2.run(ThreadExecutorMap.java:74)
		at io.netty.util.concurrent.FastThreadLocalRunnable.run(FastThreadLocalRunnable.java:30)
		at java.base/java.lang.Thread.run(Thread.java:840)
	Suppressed: java.lang.Exception: #block terminated with an error
		at reactor.core.publisher.BlockingSingleSubscriber.blockingGet(BlockingSingleSubscriber.java:103)
		at reactor.core.publisher.Mono.block(Mono.java:1779)
		at org.springframework.boot.actuate.autoconfigure.tracing.zipkin.ZipkinWebClientSender$WebClientHttpPostCall.doExecute(ZipkinWebClientSender.java:76)
		at org.springframework.boot.actuate.autoconfigure.tracing.zipkin.ZipkinWebClientSender$WebClientHttpPostCall.doExecute(ZipkinWebClientSender.java:54)
		at zipkin2.Call$Base.execute(Call.java:391)
		at zipkin2.reporter.AsyncReporter$BoundedAsyncReporter.flush(AsyncReporter.java:299)
		at zipkin2.reporter.AsyncReporter$Flusher.run(AsyncReporter.java:378)
		at java.base/java.lang.Thread.run(Thread.java:840)
Caused by: io.netty.channel.AbstractChannel$AnnotatedConnectException: finishConnect(..) failed: Conexión rehusada: localhost/[0:0:0:0:0:0:0:1]:9411
Caused by: java.net.ConnectException: finishConnect(..) failed: Conexión rehusada
	at io.netty.channel.unix.Errors.newConnectException0(Errors.java:166)
	at io.netty.channel.unix.Errors.handleConnectErrno(Errors.java:131)
	at io.netty.channel.unix.Socket.finishConnect(Socket.java:359)
	at io.netty.channel.epoll.AbstractEpollChannel$AbstractEpollUnsafe.doFinishConnect(AbstractEpollChannel.java:711)
	at io.netty.channel.epoll.AbstractEpollChannel$AbstractEpollUnsafe.finishConnect(AbstractEpollChannel.java:688)
	at io.netty.channel.epoll.AbstractEpollChannel$AbstractEpollUnsafe.epollOutReady(AbstractEpollChannel.java:567)
	at io.netty.channel.epoll.EpollEventLoop.processReady(EpollEventLoop.java:499)
	at io.netty.channel.epoll.EpollEventLoop.run(EpollEventLoop.java:407)
	at io.netty.util.concurrent.SingleThreadEventExecutor$4.run(SingleThreadEventExecutor.java:997)
	at io.netty.util.internal.ThreadExecutorMap$2.run(ThreadExecutorMap.java:74)
	at io.netty.util.concurrent.FastThreadLocalRunnable.run(FastThreadLocalRunnable.java:30)
	at java.base/java.lang.Thread.run(Thread.java:840)
2025-07-05 10:06:39 [AsyncReporter{org.springframework.boot.actuate.autoconfigure.tracing.zipkin.ZipkinWebClientSender@3ef6f53f}] DEBUG o.s.w.r.f.client.ExchangeFunctions - [31b35b07] HTTP POST http://localhost:9411/api/v2/spans%20
2025-07-05 10:06:52 [DiscoveryClient-CacheRefreshExecutor-0] INFO  c.netflix.discovery.DiscoveryClient - Disable delta property : false
2025-07-05 10:06:52 [DiscoveryClient-CacheRefreshExecutor-0] INFO  c.netflix.discovery.DiscoveryClient - Single vip registry refresh property : null
2025-07-05 10:06:52 [DiscoveryClient-CacheRefreshExecutor-0] INFO  c.netflix.discovery.DiscoveryClient - Force full registry fetch : false
2025-07-05 10:06:52 [DiscoveryClient-CacheRefreshExecutor-0] INFO  c.netflix.discovery.DiscoveryClient - Application is null : false
2025-07-05 10:06:52 [DiscoveryClient-CacheRefreshExecutor-0] INFO  c.netflix.discovery.DiscoveryClient - Registered Applications size is zero : true
2025-07-05 10:06:52 [DiscoveryClient-CacheRefreshExecutor-0] INFO  c.netflix.discovery.DiscoveryClient - Application version is -1: false
2025-07-05 10:06:52 [DiscoveryClient-CacheRefreshExecutor-0] INFO  c.netflix.discovery.DiscoveryClient - Getting all instance registry info from the eureka server
2025-07-05 10:06:52 [DiscoveryClient-CacheRefreshExecutor-0] DEBUG o.s.web.client.RestTemplate - HTTP GET http://localhost:8081/eureka/apps/
2025-07-05 10:06:52 [DiscoveryClient-CacheRefreshExecutor-0] DEBUG o.s.web.client.RestTemplate - Accept=[application/json, application/*+json]
2025-07-05 10:06:52 [DiscoveryClient-HeartbeatExecutor-0] DEBUG o.s.web.client.RestTemplate - HTTP PUT http://localhost:8081/eureka/apps/USERS-SERVICE/192.168.151.216:users-service:8082?status=UP&lastDirtyTimestamp=1751727982946
2025-07-05 10:06:52 [DiscoveryClient-CacheRefreshExecutor-0] DEBUG o.s.web.client.RestTemplate - Response 200 OK
2025-07-05 10:06:52 [DiscoveryClient-CacheRefreshExecutor-0] DEBUG o.s.web.client.RestTemplate - Reading to [org.springframework.cloud.netflix.eureka.http.EurekaApplications]
2025-07-05 10:06:52 [DiscoveryClient-CacheRefreshExecutor-0] INFO  c.netflix.discovery.DiscoveryClient - The response status is 200
2025-07-05 10:06:52 [DiscoveryClient-HeartbeatExecutor-0] DEBUG o.s.web.client.RestTemplate - Accept=[application/json, application/*+json]
2025-07-05 10:06:52 [DiscoveryClient-HeartbeatExecutor-0] DEBUG o.s.web.client.RestTemplate - Response 200 OK
2025-07-05 10:07:22 [DiscoveryClient-CacheRefreshExecutor-0] DEBUG o.s.web.client.RestTemplate - HTTP GET http://localhost:8081/eureka/apps/delta
2025-07-05 10:07:22 [DiscoveryClient-CacheRefreshExecutor-0] DEBUG o.s.web.client.RestTemplate - Accept=[application/json, application/*+json]
2025-07-05 10:07:22 [DiscoveryClient-CacheRefreshExecutor-0] DEBUG o.s.web.client.RestTemplate - Response 200 OK
2025-07-05 10:07:22 [DiscoveryClient-CacheRefreshExecutor-0] DEBUG o.s.web.client.RestTemplate - Reading to [org.springframework.cloud.netflix.eureka.http.EurekaApplications]
2025-07-05 10:07:22 [DiscoveryClient-HeartbeatExecutor-0] DEBUG o.s.web.client.RestTemplate - HTTP PUT http://localhost:8081/eureka/apps/USERS-SERVICE/192.168.151.216:users-service:8082?status=UP&lastDirtyTimestamp=1751727982946
2025-07-05 10:07:22 [DiscoveryClient-HeartbeatExecutor-0] DEBUG o.s.web.client.RestTemplate - Accept=[application/json, application/*+json]
2025-07-05 10:07:23 [DiscoveryClient-HeartbeatExecutor-0] DEBUG o.s.web.client.RestTemplate - Response 200 OK
2025-07-05 10:07:52 [DiscoveryClient-CacheRefreshExecutor-0] DEBUG o.s.web.client.RestTemplate - HTTP GET http://localhost:8081/eureka/apps/delta
2025-07-05 10:07:52 [DiscoveryClient-CacheRefreshExecutor-0] DEBUG o.s.web.client.RestTemplate - Accept=[application/json, application/*+json]
2025-07-05 10:07:52 [DiscoveryClient-CacheRefreshExecutor-0] DEBUG o.s.web.client.RestTemplate - Response 200 OK
2025-07-05 10:07:52 [DiscoveryClient-CacheRefreshExecutor-0] DEBUG o.s.web.client.RestTemplate - Reading to [org.springframework.cloud.netflix.eureka.http.EurekaApplications]
2025-07-05 10:07:53 [DiscoveryClient-HeartbeatExecutor-0] DEBUG o.s.web.client.RestTemplate - HTTP PUT http://localhost:8081/eureka/apps/USERS-SERVICE/192.168.151.216:users-service:8082?status=UP&lastDirtyTimestamp=1751727982946
2025-07-05 10:07:53 [DiscoveryClient-HeartbeatExecutor-0] DEBUG o.s.web.client.RestTemplate - Accept=[application/json, application/*+json]
2025-07-05 10:07:53 [DiscoveryClient-HeartbeatExecutor-0] DEBUG o.s.web.client.RestTemplate - Response 200 OK
2025-07-05 10:08:22 [DiscoveryClient-CacheRefreshExecutor-0] DEBUG o.s.web.client.RestTemplate - HTTP GET http://localhost:8081/eureka/apps/delta
2025-07-05 10:08:22 [DiscoveryClient-CacheRefreshExecutor-0] DEBUG o.s.web.client.RestTemplate - Accept=[application/json, application/*+json]
2025-07-05 10:08:22 [DiscoveryClient-CacheRefreshExecutor-0] DEBUG o.s.web.client.RestTemplate - Response 200 OK
2025-07-05 10:08:22 [DiscoveryClient-CacheRefreshExecutor-0] DEBUG o.s.web.client.RestTemplate - Reading to [org.springframework.cloud.netflix.eureka.http.EurekaApplications]
2025-07-05 10:08:23 [DiscoveryClient-HeartbeatExecutor-0] DEBUG o.s.web.client.RestTemplate - HTTP PUT http://localhost:8081/eureka/apps/USERS-SERVICE/192.168.151.216:users-service:8082?status=UP&lastDirtyTimestamp=1751727982946
2025-07-05 10:08:23 [DiscoveryClient-HeartbeatExecutor-0] DEBUG o.s.web.client.RestTemplate - Accept=[application/json, application/*+json]
2025-07-05 10:08:23 [DiscoveryClient-HeartbeatExecutor-0] DEBUG o.s.web.client.RestTemplate - Response 200 OK
2025-07-05 10:08:52 [DiscoveryClient-CacheRefreshExecutor-0] DEBUG o.s.web.client.RestTemplate - HTTP GET http://localhost:8081/eureka/apps/delta
2025-07-05 10:08:52 [DiscoveryClient-CacheRefreshExecutor-0] DEBUG o.s.web.client.RestTemplate - Accept=[application/json, application/*+json]
2025-07-05 10:08:53 [DiscoveryClient-CacheRefreshExecutor-0] DEBUG o.s.web.client.RestTemplate - Response 200 OK
2025-07-05 10:08:53 [DiscoveryClient-CacheRefreshExecutor-0] DEBUG o.s.web.client.RestTemplate - Reading to [org.springframework.cloud.netflix.eureka.http.EurekaApplications]
2025-07-05 10:08:53 [DiscoveryClient-HeartbeatExecutor-0] DEBUG o.s.web.client.RestTemplate - HTTP PUT http://localhost:8081/eureka/apps/USERS-SERVICE/192.168.151.216:users-service:8082?status=UP&lastDirtyTimestamp=1751727982946
2025-07-05 10:08:53 [DiscoveryClient-HeartbeatExecutor-0] DEBUG o.s.web.client.RestTemplate - Accept=[application/json, application/*+json]
2025-07-05 10:08:53 [DiscoveryClient-HeartbeatExecutor-0] DEBUG o.s.web.client.RestTemplate - Response 200 OK
2025-07-05 10:09:23 [DiscoveryClient-CacheRefreshExecutor-0] DEBUG o.s.web.client.RestTemplate - HTTP GET http://localhost:8081/eureka/apps/delta
2025-07-05 10:09:23 [DiscoveryClient-CacheRefreshExecutor-0] DEBUG o.s.web.client.RestTemplate - Accept=[application/json, application/*+json]
2025-07-05 10:09:23 [DiscoveryClient-CacheRefreshExecutor-0] DEBUG o.s.web.client.RestTemplate - Response 200 OK
2025-07-05 10:09:23 [DiscoveryClient-CacheRefreshExecutor-0] DEBUG o.s.web.client.RestTemplate - Reading to [org.springframework.cloud.netflix.eureka.http.EurekaApplications]
2025-07-05 10:09:23 [DiscoveryClient-HeartbeatExecutor-0] DEBUG o.s.web.client.RestTemplate - HTTP PUT http://localhost:8081/eureka/apps/USERS-SERVICE/192.168.151.216:users-service:8082?status=UP&lastDirtyTimestamp=1751727982946
2025-07-05 10:09:23 [DiscoveryClient-HeartbeatExecutor-0] DEBUG o.s.web.client.RestTemplate - Accept=[application/json, application/*+json]
2025-07-05 10:09:23 [DiscoveryClient-HeartbeatExecutor-0] DEBUG o.s.web.client.RestTemplate - Response 200 OK
2025-07-05 10:09:53 [DiscoveryClient-CacheRefreshExecutor-0] DEBUG o.s.web.client.RestTemplate - HTTP GET http://localhost:8081/eureka/apps/delta
2025-07-05 10:09:53 [DiscoveryClient-CacheRefreshExecutor-0] DEBUG o.s.web.client.RestTemplate - Accept=[application/json, application/*+json]
2025-07-05 10:09:53 [DiscoveryClient-CacheRefreshExecutor-0] DEBUG o.s.web.client.RestTemplate - Response 200 OK
2025-07-05 10:09:53 [DiscoveryClient-CacheRefreshExecutor-0] DEBUG o.s.web.client.RestTemplate - Reading to [org.springframework.cloud.netflix.eureka.http.EurekaApplications]
2025-07-05 10:09:53 [DiscoveryClient-HeartbeatExecutor-0] DEBUG o.s.web.client.RestTemplate - HTTP PUT http://localhost:8081/eureka/apps/USERS-SERVICE/192.168.151.216:users-service:8082?status=UP&lastDirtyTimestamp=1751727982946
2025-07-05 10:09:53 [DiscoveryClient-HeartbeatExecutor-0] DEBUG o.s.web.client.RestTemplate - Accept=[application/json, application/*+json]
2025-07-05 10:09:53 [DiscoveryClient-HeartbeatExecutor-0] DEBUG o.s.web.client.RestTemplate - Response 200 OK
2025-07-05 10:10:23 [DiscoveryClient-CacheRefreshExecutor-0] DEBUG o.s.web.client.RestTemplate - HTTP GET http://localhost:8081/eureka/apps/delta
2025-07-05 10:10:23 [DiscoveryClient-CacheRefreshExecutor-0] DEBUG o.s.web.client.RestTemplate - Accept=[application/json, application/*+json]
2025-07-05 10:10:23 [DiscoveryClient-CacheRefreshExecutor-0] DEBUG o.s.web.client.RestTemplate - Response 200 OK
2025-07-05 10:10:23 [DiscoveryClient-CacheRefreshExecutor-0] DEBUG o.s.web.client.RestTemplate - Reading to [org.springframework.cloud.netflix.eureka.http.EurekaApplications]
2025-07-05 10:10:23 [DiscoveryClient-HeartbeatExecutor-0] DEBUG o.s.web.client.RestTemplate - HTTP PUT http://localhost:8081/eureka/apps/USERS-SERVICE/192.168.151.216:users-service:8082?status=UP&lastDirtyTimestamp=1751727982946
2025-07-05 10:10:23 [DiscoveryClient-HeartbeatExecutor-0] DEBUG o.s.web.client.RestTemplate - Accept=[application/json, application/*+json]
2025-07-05 10:10:23 [DiscoveryClient-HeartbeatExecutor-0] DEBUG o.s.web.client.RestTemplate - Response 200 OK
2025-07-05 10:10:53 [DiscoveryClient-CacheRefreshExecutor-0] DEBUG o.s.web.client.RestTemplate - HTTP GET http://localhost:8081/eureka/apps/delta
2025-07-05 10:10:53 [DiscoveryClient-CacheRefreshExecutor-0] DEBUG o.s.web.client.RestTemplate - Accept=[application/json, application/*+json]
2025-07-05 10:10:53 [DiscoveryClient-CacheRefreshExecutor-0] DEBUG o.s.web.client.RestTemplate - Response 200 OK
2025-07-05 10:10:53 [DiscoveryClient-CacheRefreshExecutor-0] DEBUG o.s.web.client.RestTemplate - Reading to [org.springframework.cloud.netflix.eureka.http.EurekaApplications]
2025-07-05 10:10:53 [DiscoveryClient-HeartbeatExecutor-0] DEBUG o.s.web.client.RestTemplate - HTTP PUT http://localhost:8081/eureka/apps/USERS-SERVICE/192.168.151.216:users-service:8082?status=UP&lastDirtyTimestamp=1751727982946
2025-07-05 10:10:53 [DiscoveryClient-HeartbeatExecutor-0] DEBUG o.s.web.client.RestTemplate - Accept=[application/json, application/*+json]
2025-07-05 10:10:53 [DiscoveryClient-HeartbeatExecutor-0] DEBUG o.s.web.client.RestTemplate - Response 200 OK
2025-07-05 10:11:22 [AsyncResolver-bootstrap-executor-0] INFO  c.n.d.s.r.aws.ConfigClusterResolver - Resolving eureka endpoints via configuration
2025-07-05 10:11:23 [DiscoveryClient-CacheRefreshExecutor-0] DEBUG o.s.web.client.RestTemplate - HTTP GET http://localhost:8081/eureka/apps/delta
2025-07-05 10:11:23 [DiscoveryClient-CacheRefreshExecutor-0] DEBUG o.s.web.client.RestTemplate - Accept=[application/json, application/*+json]
2025-07-05 10:11:23 [DiscoveryClient-CacheRefreshExecutor-0] DEBUG o.s.web.client.RestTemplate - Response 200 OK
2025-07-05 10:11:23 [DiscoveryClient-CacheRefreshExecutor-0] DEBUG o.s.web.client.RestTemplate - Reading to [org.springframework.cloud.netflix.eureka.http.EurekaApplications]
2025-07-05 10:11:23 [DiscoveryClient-HeartbeatExecutor-0] DEBUG o.s.web.client.RestTemplate - HTTP PUT http://localhost:8081/eureka/apps/USERS-SERVICE/192.168.151.216:users-service:8082?status=UP&lastDirtyTimestamp=1751727982946
2025-07-05 10:11:23 [DiscoveryClient-HeartbeatExecutor-0] DEBUG o.s.web.client.RestTemplate - Accept=[application/json, application/*+json]
2025-07-05 10:11:23 [DiscoveryClient-HeartbeatExecutor-0] DEBUG o.s.web.client.RestTemplate - Response 200 OK
2025-07-05 10:11:53 [DiscoveryClient-CacheRefreshExecutor-0] DEBUG o.s.web.client.RestTemplate - HTTP GET http://localhost:8081/eureka/apps/delta
2025-07-05 10:11:53 [DiscoveryClient-CacheRefreshExecutor-0] DEBUG o.s.web.client.RestTemplate - Accept=[application/json, application/*+json]
2025-07-05 10:11:53 [DiscoveryClient-CacheRefreshExecutor-0] DEBUG o.s.web.client.RestTemplate - Response 200 OK
2025-07-05 10:11:53 [DiscoveryClient-CacheRefreshExecutor-0] DEBUG o.s.web.client.RestTemplate - Reading to [org.springframework.cloud.netflix.eureka.http.EurekaApplications]
2025-07-05 10:11:53 [DiscoveryClient-HeartbeatExecutor-0] DEBUG o.s.web.client.RestTemplate - HTTP PUT http://localhost:8081/eureka/apps/USERS-SERVICE/192.168.151.216:users-service:8082?status=UP&lastDirtyTimestamp=1751727982946
2025-07-05 10:11:53 [DiscoveryClient-HeartbeatExecutor-0] DEBUG o.s.web.client.RestTemplate - Accept=[application/json, application/*+json]
2025-07-05 10:11:53 [DiscoveryClient-HeartbeatExecutor-0] DEBUG o.s.web.client.RestTemplate - Response 200 OK
2025-07-05 10:12:23 [DiscoveryClient-CacheRefreshExecutor-0] DEBUG o.s.web.client.RestTemplate - HTTP GET http://localhost:8081/eureka/apps/delta
2025-07-05 10:12:23 [DiscoveryClient-CacheRefreshExecutor-0] DEBUG o.s.web.client.RestTemplate - Accept=[application/json, application/*+json]
2025-07-05 10:12:23 [DiscoveryClient-CacheRefreshExecutor-0] DEBUG o.s.web.client.RestTemplate - Response 200 OK
2025-07-05 10:12:23 [DiscoveryClient-CacheRefreshExecutor-0] DEBUG o.s.web.client.RestTemplate - Reading to [org.springframework.cloud.netflix.eureka.http.EurekaApplications]
2025-07-05 10:12:23 [DiscoveryClient-HeartbeatExecutor-0] DEBUG o.s.web.client.RestTemplate - HTTP PUT http://localhost:8081/eureka/apps/USERS-SERVICE/192.168.151.216:users-service:8082?status=UP&lastDirtyTimestamp=1751727982946
2025-07-05 10:12:23 [DiscoveryClient-HeartbeatExecutor-0] DEBUG o.s.web.client.RestTemplate - Accept=[application/json, application/*+json]
2025-07-05 10:12:23 [DiscoveryClient-HeartbeatExecutor-0] DEBUG o.s.web.client.RestTemplate - Response 200 OK
2025-07-05 10:12:53 [DiscoveryClient-CacheRefreshExecutor-0] DEBUG o.s.web.client.RestTemplate - HTTP GET http://localhost:8081/eureka/apps/delta
2025-07-05 10:12:53 [DiscoveryClient-CacheRefreshExecutor-0] DEBUG o.s.web.client.RestTemplate - Accept=[application/json, application/*+json]
2025-07-05 10:12:53 [DiscoveryClient-CacheRefreshExecutor-0] DEBUG o.s.web.client.RestTemplate - Response 200 OK
2025-07-05 10:12:53 [DiscoveryClient-CacheRefreshExecutor-0] DEBUG o.s.web.client.RestTemplate - Reading to [org.springframework.cloud.netflix.eureka.http.EurekaApplications]
2025-07-05 10:12:53 [DiscoveryClient-HeartbeatExecutor-0] DEBUG o.s.web.client.RestTemplate - HTTP PUT http://localhost:8081/eureka/apps/USERS-SERVICE/192.168.151.216:users-service:8082?status=UP&lastDirtyTimestamp=1751727982946
2025-07-05 10:12:53 [DiscoveryClient-HeartbeatExecutor-0] DEBUG o.s.web.client.RestTemplate - Accept=[application/json, application/*+json]
2025-07-05 10:12:53 [DiscoveryClient-HeartbeatExecutor-0] DEBUG o.s.web.client.RestTemplate - Response 200 OK
2025-07-05 10:13:23 [DiscoveryClient-CacheRefreshExecutor-0] DEBUG o.s.web.client.RestTemplate - HTTP GET http://localhost:8081/eureka/apps/delta
2025-07-05 10:13:23 [DiscoveryClient-CacheRefreshExecutor-0] DEBUG o.s.web.client.RestTemplate - Accept=[application/json, application/*+json]
2025-07-05 10:13:23 [DiscoveryClient-CacheRefreshExecutor-0] DEBUG o.s.web.client.RestTemplate - Response 200 OK
2025-07-05 10:13:23 [DiscoveryClient-CacheRefreshExecutor-0] DEBUG o.s.web.client.RestTemplate - Reading to [org.springframework.cloud.netflix.eureka.http.EurekaApplications]
2025-07-05 10:13:23 [DiscoveryClient-HeartbeatExecutor-0] DEBUG o.s.web.client.RestTemplate - HTTP PUT http://localhost:8081/eureka/apps/USERS-SERVICE/192.168.151.216:users-service:8082?status=UP&lastDirtyTimestamp=1751727982946
2025-07-05 10:13:23 [DiscoveryClient-HeartbeatExecutor-0] DEBUG o.s.web.client.RestTemplate - Accept=[application/json, application/*+json]
2025-07-05 10:13:23 [DiscoveryClient-HeartbeatExecutor-0] DEBUG o.s.web.client.RestTemplate - Response 200 OK
2025-07-05 10:13:53 [DiscoveryClient-CacheRefreshExecutor-0] DEBUG o.s.web.client.RestTemplate - HTTP GET http://localhost:8081/eureka/apps/delta
2025-07-05 10:13:53 [DiscoveryClient-CacheRefreshExecutor-0] DEBUG o.s.web.client.RestTemplate - Accept=[application/json, application/*+json]
2025-07-05 10:13:53 [DiscoveryClient-CacheRefreshExecutor-0] DEBUG o.s.web.client.RestTemplate - Response 200 OK
2025-07-05 10:13:53 [DiscoveryClient-CacheRefreshExecutor-0] DEBUG o.s.web.client.RestTemplate - Reading to [org.springframework.cloud.netflix.eureka.http.EurekaApplications]
2025-07-05 10:13:53 [DiscoveryClient-HeartbeatExecutor-0] DEBUG o.s.web.client.RestTemplate - HTTP PUT http://localhost:8081/eureka/apps/USERS-SERVICE/192.168.151.216:users-service:8082?status=UP&lastDirtyTimestamp=1751727982946
2025-07-05 10:13:53 [DiscoveryClient-HeartbeatExecutor-0] DEBUG o.s.web.client.RestTemplate - Accept=[application/json, application/*+json]
2025-07-05 10:13:53 [DiscoveryClient-HeartbeatExecutor-0] DEBUG o.s.web.client.RestTemplate - Response 200 OK
2025-07-05 10:14:23 [DiscoveryClient-CacheRefreshExecutor-0] DEBUG o.s.web.client.RestTemplate - HTTP GET http://localhost:8081/eureka/apps/delta
2025-07-05 10:14:23 [DiscoveryClient-CacheRefreshExecutor-0] DEBUG o.s.web.client.RestTemplate - Accept=[application/json, application/*+json]
2025-07-05 10:14:23 [DiscoveryClient-CacheRefreshExecutor-0] DEBUG o.s.web.client.RestTemplate - Response 200 OK
2025-07-05 10:14:23 [DiscoveryClient-CacheRefreshExecutor-0] DEBUG o.s.web.client.RestTemplate - Reading to [org.springframework.cloud.netflix.eureka.http.EurekaApplications]
2025-07-05 10:14:23 [DiscoveryClient-HeartbeatExecutor-0] DEBUG o.s.web.client.RestTemplate - HTTP PUT http://localhost:8081/eureka/apps/USERS-SERVICE/192.168.151.216:users-service:8082?status=UP&lastDirtyTimestamp=1751727982946
2025-07-05 10:14:23 [DiscoveryClient-HeartbeatExecutor-0] DEBUG o.s.web.client.RestTemplate - Accept=[application/json, application/*+json]
2025-07-05 10:14:23 [DiscoveryClient-HeartbeatExecutor-0] DEBUG o.s.web.client.RestTemplate - Response 200 OK
2025-07-05 10:14:53 [DiscoveryClient-CacheRefreshExecutor-0] DEBUG o.s.web.client.RestTemplate - HTTP GET http://localhost:8081/eureka/apps/delta
2025-07-05 10:14:53 [DiscoveryClient-CacheRefreshExecutor-0] DEBUG o.s.web.client.RestTemplate - Accept=[application/json, application/*+json]
2025-07-05 10:14:53 [DiscoveryClient-CacheRefreshExecutor-0] DEBUG o.s.web.client.RestTemplate - Response 200 OK
2025-07-05 10:14:53 [DiscoveryClient-CacheRefreshExecutor-0] DEBUG o.s.web.client.RestTemplate - Reading to [org.springframework.cloud.netflix.eureka.http.EurekaApplications]
2025-07-05 10:14:53 [DiscoveryClient-HeartbeatExecutor-0] DEBUG o.s.web.client.RestTemplate - HTTP PUT http://localhost:8081/eureka/apps/USERS-SERVICE/192.168.151.216:users-service:8082?status=UP&lastDirtyTimestamp=1751727982946
2025-07-05 10:14:53 [DiscoveryClient-HeartbeatExecutor-0] DEBUG o.s.web.client.RestTemplate - Accept=[application/json, application/*+json]
2025-07-05 10:14:53 [DiscoveryClient-HeartbeatExecutor-0] DEBUG o.s.web.client.RestTemplate - Response 200 OK
2025-07-05 10:15:23 [DiscoveryClient-CacheRefreshExecutor-0] DEBUG o.s.web.client.RestTemplate - HTTP GET http://localhost:8081/eureka/apps/delta
2025-07-05 10:15:23 [DiscoveryClient-CacheRefreshExecutor-0] DEBUG o.s.web.client.RestTemplate - Accept=[application/json, application/*+json]
2025-07-05 10:15:23 [DiscoveryClient-CacheRefreshExecutor-0] DEBUG o.s.web.client.RestTemplate - Response 200 OK
2025-07-05 10:15:23 [DiscoveryClient-CacheRefreshExecutor-0] DEBUG o.s.web.client.RestTemplate - Reading to [org.springframework.cloud.netflix.eureka.http.EurekaApplications]
2025-07-05 10:15:23 [DiscoveryClient-HeartbeatExecutor-0] DEBUG o.s.web.client.RestTemplate - HTTP PUT http://localhost:8081/eureka/apps/USERS-SERVICE/192.168.151.216:users-service:8082?status=UP&lastDirtyTimestamp=1751727982946
2025-07-05 10:15:23 [DiscoveryClient-HeartbeatExecutor-0] DEBUG o.s.web.client.RestTemplate - Accept=[application/json, application/*+json]
2025-07-05 10:15:23 [DiscoveryClient-HeartbeatExecutor-0] DEBUG o.s.web.client.RestTemplate - Response 200 OK
2025-07-05 10:15:53 [DiscoveryClient-CacheRefreshExecutor-0] DEBUG o.s.web.client.RestTemplate - HTTP GET http://localhost:8081/eureka/apps/delta
2025-07-05 10:15:53 [DiscoveryClient-CacheRefreshExecutor-0] DEBUG o.s.web.client.RestTemplate - Accept=[application/json, application/*+json]
2025-07-05 10:15:53 [DiscoveryClient-CacheRefreshExecutor-0] DEBUG o.s.web.client.RestTemplate - Response 200 OK
2025-07-05 10:15:53 [DiscoveryClient-CacheRefreshExecutor-0] DEBUG o.s.web.client.RestTemplate - Reading to [org.springframework.cloud.netflix.eureka.http.EurekaApplications]
2025-07-05 10:15:53 [DiscoveryClient-HeartbeatExecutor-0] DEBUG o.s.web.client.RestTemplate - HTTP PUT http://localhost:8081/eureka/apps/USERS-SERVICE/192.168.151.216:users-service:8082?status=UP&lastDirtyTimestamp=1751727982946
2025-07-05 10:15:53 [DiscoveryClient-HeartbeatExecutor-0] DEBUG o.s.web.client.RestTemplate - Accept=[application/json, application/*+json]
2025-07-05 10:15:53 [DiscoveryClient-HeartbeatExecutor-0] DEBUG o.s.web.client.RestTemplate - Response 200 OK
2025-07-05 10:16:22 [AsyncResolver-bootstrap-executor-0] INFO  c.n.d.s.r.aws.ConfigClusterResolver - Resolving eureka endpoints via configuration
2025-07-05 10:16:23 [DiscoveryClient-CacheRefreshExecutor-0] DEBUG o.s.web.client.RestTemplate - HTTP GET http://localhost:8081/eureka/apps/delta
2025-07-05 10:16:23 [DiscoveryClient-CacheRefreshExecutor-0] DEBUG o.s.web.client.RestTemplate - Accept=[application/json, application/*+json]
2025-07-05 10:16:23 [DiscoveryClient-HeartbeatExecutor-0] DEBUG o.s.web.client.RestTemplate - HTTP PUT http://localhost:8081/eureka/apps/USERS-SERVICE/192.168.151.216:users-service:8082?status=UP&lastDirtyTimestamp=1751727982946
2025-07-05 10:16:23 [DiscoveryClient-HeartbeatExecutor-0] DEBUG o.s.web.client.RestTemplate - Accept=[application/json, application/*+json]
2025-07-05 10:16:23 [DiscoveryClient-CacheRefreshExecutor-0] DEBUG o.s.web.client.RestTemplate - Response 200 OK
2025-07-05 10:16:23 [DiscoveryClient-CacheRefreshExecutor-0] DEBUG o.s.web.client.RestTemplate - Reading to [org.springframework.cloud.netflix.eureka.http.EurekaApplications]
2025-07-05 10:16:23 [DiscoveryClient-HeartbeatExecutor-0] DEBUG o.s.web.client.RestTemplate - Response 200 OK
2025-07-05 10:16:53 [DiscoveryClient-HeartbeatExecutor-0] DEBUG o.s.web.client.RestTemplate - HTTP PUT http://localhost:8081/eureka/apps/USERS-SERVICE/192.168.151.216:users-service:8082?status=UP&lastDirtyTimestamp=1751727982946
2025-07-05 10:16:53 [DiscoveryClient-CacheRefreshExecutor-0] DEBUG o.s.web.client.RestTemplate - HTTP GET http://localhost:8081/eureka/apps/delta
2025-07-05 10:16:53 [DiscoveryClient-HeartbeatExecutor-0] DEBUG o.s.web.client.RestTemplate - Accept=[application/json, application/*+json]
2025-07-05 10:16:53 [DiscoveryClient-CacheRefreshExecutor-0] DEBUG o.s.web.client.RestTemplate - Accept=[application/json, application/*+json]
2025-07-05 10:16:53 [DiscoveryClient-HeartbeatExecutor-0] DEBUG o.s.web.client.RestTemplate - Response 200 OK
2025-07-05 10:16:53 [DiscoveryClient-CacheRefreshExecutor-0] DEBUG o.s.web.client.RestTemplate - Response 200 OK
2025-07-05 10:16:53 [DiscoveryClient-CacheRefreshExecutor-0] DEBUG o.s.web.client.RestTemplate - Reading to [org.springframework.cloud.netflix.eureka.http.EurekaApplications]
2025-07-05 10:17:23 [DiscoveryClient-HeartbeatExecutor-0] DEBUG o.s.web.client.RestTemplate - HTTP PUT http://localhost:8081/eureka/apps/USERS-SERVICE/192.168.151.216:users-service:8082?status=UP&lastDirtyTimestamp=1751727982946
2025-07-05 10:17:23 [DiscoveryClient-HeartbeatExecutor-0] DEBUG o.s.web.client.RestTemplate - Accept=[application/json, application/*+json]
2025-07-05 10:17:23 [DiscoveryClient-CacheRefreshExecutor-0] DEBUG o.s.web.client.RestTemplate - HTTP GET http://localhost:8081/eureka/apps/delta
2025-07-05 10:17:23 [DiscoveryClient-CacheRefreshExecutor-0] DEBUG o.s.web.client.RestTemplate - Accept=[application/json, application/*+json]
2025-07-05 10:17:23 [DiscoveryClient-CacheRefreshExecutor-0] DEBUG o.s.web.client.RestTemplate - Response 200 OK
2025-07-05 10:17:23 [DiscoveryClient-HeartbeatExecutor-0] DEBUG o.s.web.client.RestTemplate - Response 200 OK
2025-07-05 10:17:23 [DiscoveryClient-CacheRefreshExecutor-0] DEBUG o.s.web.client.RestTemplate - Reading to [org.springframework.cloud.netflix.eureka.http.EurekaApplications]
2025-07-05 10:17:53 [DiscoveryClient-HeartbeatExecutor-0] DEBUG o.s.web.client.RestTemplate - HTTP PUT http://localhost:8081/eureka/apps/USERS-SERVICE/192.168.151.216:users-service:8082?status=UP&lastDirtyTimestamp=1751727982946
2025-07-05 10:17:53 [DiscoveryClient-HeartbeatExecutor-0] DEBUG o.s.web.client.RestTemplate - Accept=[application/json, application/*+json]
2025-07-05 10:17:53 [DiscoveryClient-CacheRefreshExecutor-0] DEBUG o.s.web.client.RestTemplate - HTTP GET http://localhost:8081/eureka/apps/delta
2025-07-05 10:17:53 [DiscoveryClient-CacheRefreshExecutor-0] DEBUG o.s.web.client.RestTemplate - Accept=[application/json, application/*+json]
2025-07-05 10:17:53 [DiscoveryClient-CacheRefreshExecutor-0] DEBUG o.s.web.client.RestTemplate - Response 200 OK
2025-07-05 10:17:53 [DiscoveryClient-HeartbeatExecutor-0] DEBUG o.s.web.client.RestTemplate - Response 200 OK
2025-07-05 10:17:53 [DiscoveryClient-CacheRefreshExecutor-0] DEBUG o.s.web.client.RestTemplate - Reading to [org.springframework.cloud.netflix.eureka.http.EurekaApplications]
2025-07-05 10:18:23 [DiscoveryClient-CacheRefreshExecutor-0] DEBUG o.s.web.client.RestTemplate - HTTP GET http://localhost:8081/eureka/apps/delta
2025-07-05 10:18:23 [DiscoveryClient-HeartbeatExecutor-0] DEBUG o.s.web.client.RestTemplate - HTTP PUT http://localhost:8081/eureka/apps/USERS-SERVICE/192.168.151.216:users-service:8082?status=UP&lastDirtyTimestamp=1751727982946
2025-07-05 10:18:23 [DiscoveryClient-HeartbeatExecutor-0] DEBUG o.s.web.client.RestTemplate - Accept=[application/json, application/*+json]
2025-07-05 10:18:23 [DiscoveryClient-CacheRefreshExecutor-0] DEBUG o.s.web.client.RestTemplate - Accept=[application/json, application/*+json]
2025-07-05 10:18:23 [DiscoveryClient-HeartbeatExecutor-0] DEBUG o.s.web.client.RestTemplate - Response 200 OK
2025-07-05 10:18:23 [DiscoveryClient-CacheRefreshExecutor-0] DEBUG o.s.web.client.RestTemplate - Response 200 OK
2025-07-05 10:18:23 [DiscoveryClient-CacheRefreshExecutor-0] DEBUG o.s.web.client.RestTemplate - Reading to [org.springframework.cloud.netflix.eureka.http.EurekaApplications]
2025-07-05 10:18:53 [DiscoveryClient-HeartbeatExecutor-0] DEBUG o.s.web.client.RestTemplate - HTTP PUT http://localhost:8081/eureka/apps/USERS-SERVICE/192.168.151.216:users-service:8082?status=UP&lastDirtyTimestamp=1751727982946
2025-07-05 10:18:53 [DiscoveryClient-HeartbeatExecutor-0] DEBUG o.s.web.client.RestTemplate - Accept=[application/json, application/*+json]
2025-07-05 10:18:53 [DiscoveryClient-CacheRefreshExecutor-0] DEBUG o.s.web.client.RestTemplate - HTTP GET http://localhost:8081/eureka/apps/delta
2025-07-05 10:18:53 [DiscoveryClient-CacheRefreshExecutor-0] DEBUG o.s.web.client.RestTemplate - Accept=[application/json, application/*+json]
2025-07-05 10:18:53 [DiscoveryClient-HeartbeatExecutor-0] DEBUG o.s.web.client.RestTemplate - Response 200 OK
2025-07-05 10:18:53 [DiscoveryClient-CacheRefreshExecutor-0] DEBUG o.s.web.client.RestTemplate - Response 200 OK
2025-07-05 10:18:53 [DiscoveryClient-CacheRefreshExecutor-0] DEBUG o.s.web.client.RestTemplate - Reading to [org.springframework.cloud.netflix.eureka.http.EurekaApplications]
2025-07-05 10:19:23 [DiscoveryClient-HeartbeatExecutor-0] DEBUG o.s.web.client.RestTemplate - HTTP PUT http://localhost:8081/eureka/apps/USERS-SERVICE/192.168.151.216:users-service:8082?status=UP&lastDirtyTimestamp=1751727982946
2025-07-05 10:19:23 [DiscoveryClient-HeartbeatExecutor-0] DEBUG o.s.web.client.RestTemplate - Accept=[application/json, application/*+json]
2025-07-05 10:19:23 [DiscoveryClient-CacheRefreshExecutor-0] DEBUG o.s.web.client.RestTemplate - HTTP GET http://localhost:8081/eureka/apps/delta
2025-07-05 10:19:23 [DiscoveryClient-CacheRefreshExecutor-0] DEBUG o.s.web.client.RestTemplate - Accept=[application/json, application/*+json]
2025-07-05 10:19:23 [DiscoveryClient-HeartbeatExecutor-0] DEBUG o.s.web.client.RestTemplate - Response 200 OK
2025-07-05 10:19:23 [DiscoveryClient-CacheRefreshExecutor-0] DEBUG o.s.web.client.RestTemplate - Response 200 OK
2025-07-05 10:19:23 [DiscoveryClient-CacheRefreshExecutor-0] DEBUG o.s.web.client.RestTemplate - Reading to [org.springframework.cloud.netflix.eureka.http.EurekaApplications]
2025-07-05 10:19:53 [DiscoveryClient-HeartbeatExecutor-0] DEBUG o.s.web.client.RestTemplate - HTTP PUT http://localhost:8081/eureka/apps/USERS-SERVICE/192.168.151.216:users-service:8082?status=UP&lastDirtyTimestamp=1751727982946
2025-07-05 10:19:53 [DiscoveryClient-HeartbeatExecutor-0] DEBUG o.s.web.client.RestTemplate - Accept=[application/json, application/*+json]
2025-07-05 10:19:53 [DiscoveryClient-CacheRefreshExecutor-0] DEBUG o.s.web.client.RestTemplate - HTTP GET http://localhost:8081/eureka/apps/delta
2025-07-05 10:19:53 [DiscoveryClient-CacheRefreshExecutor-0] DEBUG o.s.web.client.RestTemplate - Accept=[application/json, application/*+json]
2025-07-05 10:19:53 [DiscoveryClient-HeartbeatExecutor-0] DEBUG o.s.web.client.RestTemplate - Response 200 OK
2025-07-05 10:19:53 [DiscoveryClient-CacheRefreshExecutor-0] DEBUG o.s.web.client.RestTemplate - Response 200 OK
2025-07-05 10:19:53 [DiscoveryClient-CacheRefreshExecutor-0] DEBUG o.s.web.client.RestTemplate - Reading to [org.springframework.cloud.netflix.eureka.http.EurekaApplications]
2025-07-05 10:20:23 [DiscoveryClient-HeartbeatExecutor-0] DEBUG o.s.web.client.RestTemplate - HTTP PUT http://localhost:8081/eureka/apps/USERS-SERVICE/192.168.151.216:users-service:8082?status=UP&lastDirtyTimestamp=1751727982946
2025-07-05 10:20:23 [DiscoveryClient-HeartbeatExecutor-0] DEBUG o.s.web.client.RestTemplate - Accept=[application/json, application/*+json]
2025-07-05 10:20:23 [DiscoveryClient-CacheRefreshExecutor-0] DEBUG o.s.web.client.RestTemplate - HTTP GET http://localhost:8081/eureka/apps/delta
2025-07-05 10:20:23 [DiscoveryClient-CacheRefreshExecutor-0] DEBUG o.s.web.client.RestTemplate - Accept=[application/json, application/*+json]
2025-07-05 10:20:23 [DiscoveryClient-HeartbeatExecutor-0] DEBUG o.s.web.client.RestTemplate - Response 200 OK
2025-07-05 10:20:23 [DiscoveryClient-CacheRefreshExecutor-0] DEBUG o.s.web.client.RestTemplate - Response 200 OK
2025-07-05 10:20:23 [DiscoveryClient-CacheRefreshExecutor-0] DEBUG o.s.web.client.RestTemplate - Reading to [org.springframework.cloud.netflix.eureka.http.EurekaApplications]
2025-07-05 10:20:53 [DiscoveryClient-HeartbeatExecutor-0] DEBUG o.s.web.client.RestTemplate - HTTP PUT http://localhost:8081/eureka/apps/USERS-SERVICE/192.168.151.216:users-service:8082?status=UP&lastDirtyTimestamp=1751727982946
2025-07-05 10:20:53 [DiscoveryClient-HeartbeatExecutor-0] DEBUG o.s.web.client.RestTemplate - Accept=[application/json, application/*+json]
2025-07-05 10:20:53 [DiscoveryClient-CacheRefreshExecutor-0] DEBUG o.s.web.client.RestTemplate - HTTP GET http://localhost:8081/eureka/apps/delta
2025-07-05 10:20:53 [DiscoveryClient-CacheRefreshExecutor-0] DEBUG o.s.web.client.RestTemplate - Accept=[application/json, application/*+json]
2025-07-05 10:20:53 [DiscoveryClient-HeartbeatExecutor-0] DEBUG o.s.web.client.RestTemplate - Response 200 OK
2025-07-05 10:20:53 [DiscoveryClient-CacheRefreshExecutor-0] DEBUG o.s.web.client.RestTemplate - Response 200 OK
2025-07-05 10:20:53 [DiscoveryClient-CacheRefreshExecutor-0] DEBUG o.s.web.client.RestTemplate - Reading to [org.springframework.cloud.netflix.eureka.http.EurekaApplications]
2025-07-05 10:21:22 [AsyncResolver-bootstrap-executor-0] INFO  c.n.d.s.r.aws.ConfigClusterResolver - Resolving eureka endpoints via configuration
2025-07-05 10:21:23 [DiscoveryClient-HeartbeatExecutor-0] DEBUG o.s.web.client.RestTemplate - HTTP PUT http://localhost:8081/eureka/apps/USERS-SERVICE/192.168.151.216:users-service:8082?status=UP&lastDirtyTimestamp=1751727982946
2025-07-05 10:21:23 [DiscoveryClient-HeartbeatExecutor-0] DEBUG o.s.web.client.RestTemplate - Accept=[application/json, application/*+json]
2025-07-05 10:21:23 [DiscoveryClient-CacheRefreshExecutor-0] DEBUG o.s.web.client.RestTemplate - HTTP GET http://localhost:8081/eureka/apps/delta
2025-07-05 10:21:23 [DiscoveryClient-CacheRefreshExecutor-0] DEBUG o.s.web.client.RestTemplate - Accept=[application/json, application/*+json]
2025-07-05 10:21:23 [DiscoveryClient-HeartbeatExecutor-0] DEBUG o.s.web.client.RestTemplate - Response 200 OK
2025-07-05 10:21:23 [DiscoveryClient-CacheRefreshExecutor-0] DEBUG o.s.web.client.RestTemplate - Response 200 OK
2025-07-05 10:21:23 [DiscoveryClient-CacheRefreshExecutor-0] DEBUG o.s.web.client.RestTemplate - Reading to [org.springframework.cloud.netflix.eureka.http.EurekaApplications]
2025-07-05 10:21:53 [DiscoveryClient-HeartbeatExecutor-0] DEBUG o.s.web.client.RestTemplate - HTTP PUT http://localhost:8081/eureka/apps/USERS-SERVICE/192.168.151.216:users-service:8082?status=UP&lastDirtyTimestamp=1751727982946
2025-07-05 10:21:53 [DiscoveryClient-HeartbeatExecutor-0] DEBUG o.s.web.client.RestTemplate - Accept=[application/json, application/*+json]
2025-07-05 10:21:53 [DiscoveryClient-CacheRefreshExecutor-0] DEBUG o.s.web.client.RestTemplate - HTTP GET http://localhost:8081/eureka/apps/delta
2025-07-05 10:21:53 [DiscoveryClient-CacheRefreshExecutor-0] DEBUG o.s.web.client.RestTemplate - Accept=[application/json, application/*+json]
2025-07-05 10:21:53 [DiscoveryClient-HeartbeatExecutor-0] DEBUG o.s.web.client.RestTemplate - Response 200 OK
2025-07-05 10:21:53 [DiscoveryClient-CacheRefreshExecutor-0] DEBUG o.s.web.client.RestTemplate - Response 200 OK
2025-07-05 10:21:53 [DiscoveryClient-CacheRefreshExecutor-0] DEBUG o.s.web.client.RestTemplate - Reading to [org.springframework.cloud.netflix.eureka.http.EurekaApplications]
2025-07-05 10:22:23 [DiscoveryClient-CacheRefreshExecutor-0] DEBUG o.s.web.client.RestTemplate - HTTP GET http://localhost:8081/eureka/apps/delta
2025-07-05 10:22:23 [DiscoveryClient-CacheRefreshExecutor-0] DEBUG o.s.web.client.RestTemplate - Accept=[application/json, application/*+json]
2025-07-05 10:22:23 [DiscoveryClient-CacheRefreshExecutor-0] DEBUG o.s.web.client.RestTemplate - Response 200 OK
2025-07-05 10:22:23 [DiscoveryClient-HeartbeatExecutor-0] DEBUG o.s.web.client.RestTemplate - HTTP PUT http://localhost:8081/eureka/apps/USERS-SERVICE/192.168.151.216:users-service:8082?status=UP&lastDirtyTimestamp=1751727982946
2025-07-05 10:22:23 [DiscoveryClient-CacheRefreshExecutor-0] DEBUG o.s.web.client.RestTemplate - Reading to [org.springframework.cloud.netflix.eureka.http.EurekaApplications]
2025-07-05 10:22:23 [DiscoveryClient-HeartbeatExecutor-0] DEBUG o.s.web.client.RestTemplate - Accept=[application/json, application/*+json]
2025-07-05 10:22:23 [DiscoveryClient-HeartbeatExecutor-0] DEBUG o.s.web.client.RestTemplate - Response 200 OK
2025-07-05 10:22:53 [DiscoveryClient-CacheRefreshExecutor-0] DEBUG o.s.web.client.RestTemplate - HTTP GET http://localhost:8081/eureka/apps/delta
2025-07-05 10:22:53 [DiscoveryClient-CacheRefreshExecutor-0] DEBUG o.s.web.client.RestTemplate - Accept=[application/json, application/*+json]
2025-07-05 10:22:53 [DiscoveryClient-CacheRefreshExecutor-0] DEBUG o.s.web.client.RestTemplate - Response 200 OK
2025-07-05 10:22:53 [DiscoveryClient-CacheRefreshExecutor-0] DEBUG o.s.web.client.RestTemplate - Reading to [org.springframework.cloud.netflix.eureka.http.EurekaApplications]
2025-07-05 10:22:53 [DiscoveryClient-HeartbeatExecutor-0] DEBUG o.s.web.client.RestTemplate - HTTP PUT http://localhost:8081/eureka/apps/USERS-SERVICE/192.168.151.216:users-service:8082?status=UP&lastDirtyTimestamp=1751727982946
2025-07-05 10:22:53 [DiscoveryClient-HeartbeatExecutor-0] DEBUG o.s.web.client.RestTemplate - Accept=[application/json, application/*+json]
2025-07-05 10:22:53 [DiscoveryClient-HeartbeatExecutor-0] DEBUG o.s.web.client.RestTemplate - Response 200 OK
2025-07-05 10:23:23 [DiscoveryClient-CacheRefreshExecutor-0] DEBUG o.s.web.client.RestTemplate - HTTP GET http://localhost:8081/eureka/apps/delta
2025-07-05 10:23:23 [DiscoveryClient-CacheRefreshExecutor-0] DEBUG o.s.web.client.RestTemplate - Accept=[application/json, application/*+json]
2025-07-05 10:23:23 [DiscoveryClient-CacheRefreshExecutor-0] DEBUG o.s.web.client.RestTemplate - Response 200 OK
2025-07-05 10:23:23 [DiscoveryClient-CacheRefreshExecutor-0] DEBUG o.s.web.client.RestTemplate - Reading to [org.springframework.cloud.netflix.eureka.http.EurekaApplications]
2025-07-05 10:23:23 [DiscoveryClient-HeartbeatExecutor-0] DEBUG o.s.web.client.RestTemplate - HTTP PUT http://localhost:8081/eureka/apps/USERS-SERVICE/192.168.151.216:users-service:8082?status=UP&lastDirtyTimestamp=1751727982946
2025-07-05 10:23:23 [DiscoveryClient-HeartbeatExecutor-0] DEBUG o.s.web.client.RestTemplate - Accept=[application/json, application/*+json]
2025-07-05 10:23:23 [DiscoveryClient-HeartbeatExecutor-0] DEBUG o.s.web.client.RestTemplate - Response 200 OK
2025-07-05 10:24:13 [DiscoveryClient-CacheRefreshExecutor-0] DEBUG o.s.web.client.RestTemplate - HTTP GET http://localhost:8081/eureka/apps/delta
2025-07-05 10:24:13 [DiscoveryClient-CacheRefreshExecutor-0] DEBUG o.s.web.client.RestTemplate - Accept=[application/json, application/*+json]
2025-07-05 10:24:13 [DiscoveryClient-CacheRefreshExecutor-0] DEBUG o.s.web.client.RestTemplate - Response 200 OK
2025-07-05 10:24:13 [DiscoveryClient-CacheRefreshExecutor-0] DEBUG o.s.web.client.RestTemplate - Reading to [org.springframework.cloud.netflix.eureka.http.EurekaApplications]
2025-07-05 10:24:13 [DiscoveryClient-HeartbeatExecutor-0] DEBUG o.s.web.client.RestTemplate - HTTP PUT http://localhost:8081/eureka/apps/USERS-SERVICE/192.168.151.216:users-service:8082?status=UP&lastDirtyTimestamp=1751727982946
2025-07-05 10:24:13 [DiscoveryClient-HeartbeatExecutor-0] DEBUG o.s.web.client.RestTemplate - Accept=[application/json, application/*+json]
2025-07-05 10:24:13 [DiscoveryClient-HeartbeatExecutor-0] DEBUG o.s.web.client.RestTemplate - Response 200 OK
2025-07-05 10:24:43 [DiscoveryClient-CacheRefreshExecutor-0] DEBUG o.s.web.client.RestTemplate - HTTP GET http://localhost:8081/eureka/apps/delta
2025-07-05 10:24:43 [DiscoveryClient-CacheRefreshExecutor-0] DEBUG o.s.web.client.RestTemplate - Accept=[application/json, application/*+json]
2025-07-05 10:24:43 [DiscoveryClient-CacheRefreshExecutor-0] DEBUG o.s.web.client.RestTemplate - Response 200 OK
2025-07-05 10:24:43 [DiscoveryClient-CacheRefreshExecutor-0] DEBUG o.s.web.client.RestTemplate - Reading to [org.springframework.cloud.netflix.eureka.http.EurekaApplications]
2025-07-05 10:24:43 [DiscoveryClient-HeartbeatExecutor-0] DEBUG o.s.web.client.RestTemplate - HTTP PUT http://localhost:8081/eureka/apps/USERS-SERVICE/192.168.151.216:users-service:8082?status=UP&lastDirtyTimestamp=1751727982946
2025-07-05 10:24:43 [DiscoveryClient-HeartbeatExecutor-0] DEBUG o.s.web.client.RestTemplate - Accept=[application/json, application/*+json]
2025-07-05 10:24:43 [DiscoveryClient-HeartbeatExecutor-0] DEBUG o.s.web.client.RestTemplate - Response 200 OK
2025-07-05 10:24:48 [http-nio-8082-exec-5] DEBUG o.s.web.servlet.DispatcherServlet - POST "/verification/send", parameters={}
2025-07-05 10:24:48 [http-nio-8082-exec-5] DEBUG o.s.w.s.m.m.a.RequestMappingHandlerMapping - Mapped to com.microserviceone.users.verificationCodeApi.web.controller.VerificationCodeController#sendVerificationCode(SendCodeRequest)
2025-07-05 10:24:48 [http-nio-8082-exec-5] DEBUG c.m.u.core.logging.LoggingService - Verificando rate limit de 5 minutos - Key: 0:0:0:0:0:0:0:1:5min:verification_send_code, Endpoint: verification_send_code
2025-07-05 10:24:48 [http-nio-8082-exec-5] DEBUG c.m.u.core.logging.LoggingService - Creando nuevo contador de 5 minutos para key: 0:0:0:0:0:0:0:1:5min:verification_send_code
2025-07-05 10:24:48 [http-nio-8082-exec-5] DEBUG c.m.u.core.logging.LoggingService - Contador actual para 0:0:0:0:0:0:0:1:5min:verification_send_code: 0/1
2025-07-05 10:24:48 [http-nio-8082-exec-5] DEBUG c.m.u.core.logging.LoggingService - Request permitida para usuario: 0:0:0:0:0:0:0:1 en endpoint: verification_send_code - Contador: 1/1 (5 minutos)
2025-07-05 10:24:48 [http-nio-8082-exec-5] DEBUG o.s.w.s.m.m.a.RequestResponseBodyMethodProcessor - Read "application/json;charset=UTF-8" to [com.microserviceone.users.verificationCodeApi.web.dto.SendCodeRequest@31d052d0]
2025-07-05 10:24:48 [http-nio-8082-exec-5] INFO  c.m.u.core.logging.LoggingService - VerificationService: Enviando código de verificación - Email: agudelo1@gmail.com
2025-07-05 10:24:48 [http-nio-8082-exec-5] INFO  c.m.u.core.logging.LoggingService - SendVerificationCodeUseCase: Iniciando envío de código de verificación - Email: agudelo1@gmail.com
2025-07-05 10:24:48 [http-nio-8082-exec-5] DEBUG c.m.u.core.logging.LoggingService - SendVerificationCodeUseCase: Invalidando códigos anteriores - Email: agudelo1@gmail.com
2025-07-05 10:24:48 [http-nio-8082-exec-5] DEBUG c.m.u.core.logging.LoggingService - AdapterVerificationCode: Invalidando códigos anteriores - Email: agudelo1@gmail.com
2025-07-05 10:24:48 [http-nio-8082-exec-5] DEBUG c.m.u.core.logging.LoggingService - AdapterVerificationCode: Códigos anteriores invalidados exitosamente - Email: agudelo1@gmail.com
2025-07-05 10:24:48 [http-nio-8082-exec-5] DEBUG c.m.u.core.logging.LoggingService - SendVerificationCodeUseCase: Códigos anteriores invalidados - Email: agudelo1@gmail.com
2025-07-05 10:24:48 [http-nio-8082-exec-5] DEBUG c.m.u.core.logging.LoggingService - SendVerificationCodeUseCase: Generando nuevo código - Email: agudelo1@gmail.com
2025-07-05 10:24:48 [http-nio-8082-exec-5] DEBUG c.m.u.core.logging.LoggingService - ImplCodeGeneratorService: Generando código de verificación
2025-07-05 10:24:48 [http-nio-8082-exec-5] DEBUG c.m.u.core.logging.LoggingService - ImplCodeGeneratorService: Código generado exitosamente: 461620
2025-07-05 10:24:48 [http-nio-8082-exec-5] DEBUG c.m.u.core.logging.LoggingService - SendVerificationCodeUseCase: Código generado: 461620 para email: agudelo1@gmail.com
2025-07-05 10:24:48 [http-nio-8082-exec-5] DEBUG c.m.u.core.logging.LoggingService - SendVerificationCodeUseCase: Objeto VerificationCode creado - Email: agudelo1@gmail.com, Código: 461620
2025-07-05 10:24:48 [http-nio-8082-exec-5] DEBUG c.m.u.core.logging.LoggingService - AdapterVerificationCode: Guardando código de verificación - Email: agudelo1@gmail.com, Código: 461620
2025-07-05 10:24:48 [http-nio-8082-exec-5] DEBUG c.m.u.core.logging.LoggingService - AdapterVerificationCode: Código convertido a entidad - Email: agudelo1@gmail.com, Código: 461620
2025-07-05 10:24:48 [http-nio-8082-exec-5] DEBUG c.m.u.core.logging.LoggingService - AdapterVerificationCode: Código guardado en base de datos - ID: 1, Email: agudelo1@gmail.com, Código: 461620
2025-07-05 10:24:48 [http-nio-8082-exec-5] DEBUG c.m.u.core.logging.LoggingService - AdapterVerificationCode: Entidad convertida a dominio - ID: 1, Email: agudelo1@gmail.com, Código: 461620
2025-07-05 10:24:48 [http-nio-8082-exec-5] DEBUG c.m.u.core.logging.LoggingService - SendVerificationCodeUseCase: Código guardado en base de datos - Email: agudelo1@gmail.com, Código: 461620
2025-07-05 10:24:48 [http-nio-8082-exec-5] DEBUG c.m.u.core.logging.LoggingService - SendVerificationCodeUseCase: Enviando código por email - Email: agudelo1@gmail.com, Código: 461620
2025-07-05 10:24:49 [AsyncReporter{org.springframework.boot.actuate.autoconfigure.tracing.zipkin.ZipkinWebClientSender@3ef6f53f}] DEBUG o.s.w.r.f.client.ExchangeFunctions - [3ade33b0] HTTP POST http://localhost:9411/api/v2/spans%20
2025-07-05 10:24:51 [http-nio-8082-exec-5] INFO  c.m.u.v.i.email.EmailServiceUseCase - Código de verificación enviado exitosamente a: agudelo1@gmail.com
2025-07-05 10:24:51 [http-nio-8082-exec-5] INFO  c.m.u.core.logging.LoggingService - SendVerificationCodeUseCase: Código de verificación enviado exitosamente - Email: agudelo1@gmail.com, Código: 461620
2025-07-05 10:24:51 [http-nio-8082-exec-5] INFO  c.m.u.core.logging.LoggingService - VerificationService: Código de verificación enviado exitosamente - Email: agudelo1@gmail.com
2025-07-05 10:24:51 [http-nio-8082-exec-5] DEBUG o.s.w.s.m.m.a.HttpEntityMethodProcessor - Using 'application/json', given [*/*] and supported [application/json, application/*+json]
2025-07-05 10:24:51 [http-nio-8082-exec-5] DEBUG o.s.w.s.m.m.a.HttpEntityMethodProcessor - Writing [ApiResponse(success=true, message=Verification code sent successfully, data=null, errorCode=null, ti (truncated)...]
2025-07-05 10:24:51 [http-nio-8082-exec-5] DEBUG o.s.web.servlet.DispatcherServlet - Completed 200 OK
2025-07-05 10:24:52 [AsyncReporter{org.springframework.boot.actuate.autoconfigure.tracing.zipkin.ZipkinWebClientSender@3ef6f53f}] DEBUG o.s.w.r.f.client.ExchangeFunctions - [708d80b] HTTP POST http://localhost:9411/api/v2/spans%20
2025-07-05 10:25:13 [DiscoveryClient-CacheRefreshExecutor-0] DEBUG o.s.web.client.RestTemplate - HTTP GET http://localhost:8081/eureka/apps/delta
2025-07-05 10:25:13 [DiscoveryClient-CacheRefreshExecutor-0] DEBUG o.s.web.client.RestTemplate - Accept=[application/json, application/*+json]
2025-07-05 10:25:13 [DiscoveryClient-CacheRefreshExecutor-0] DEBUG o.s.web.client.RestTemplate - Response 200 OK
2025-07-05 10:25:13 [DiscoveryClient-CacheRefreshExecutor-0] DEBUG o.s.web.client.RestTemplate - Reading to [org.springframework.cloud.netflix.eureka.http.EurekaApplications]
2025-07-05 10:25:13 [DiscoveryClient-HeartbeatExecutor-0] DEBUG o.s.web.client.RestTemplate - HTTP PUT http://localhost:8081/eureka/apps/USERS-SERVICE/192.168.151.216:users-service:8082?status=UP&lastDirtyTimestamp=1751727982946
2025-07-05 10:25:13 [DiscoveryClient-HeartbeatExecutor-0] DEBUG o.s.web.client.RestTemplate - Accept=[application/json, application/*+json]
2025-07-05 10:25:13 [DiscoveryClient-HeartbeatExecutor-0] DEBUG o.s.web.client.RestTemplate - Response 200 OK
2025-07-05 10:25:43 [DiscoveryClient-CacheRefreshExecutor-0] DEBUG o.s.web.client.RestTemplate - HTTP GET http://localhost:8081/eureka/apps/delta
2025-07-05 10:25:43 [DiscoveryClient-CacheRefreshExecutor-0] DEBUG o.s.web.client.RestTemplate - Accept=[application/json, application/*+json]
2025-07-05 10:25:43 [DiscoveryClient-CacheRefreshExecutor-0] DEBUG o.s.web.client.RestTemplate - Response 200 OK
2025-07-05 10:25:43 [DiscoveryClient-CacheRefreshExecutor-0] DEBUG o.s.web.client.RestTemplate - Reading to [org.springframework.cloud.netflix.eureka.http.EurekaApplications]
2025-07-05 10:25:43 [DiscoveryClient-HeartbeatExecutor-0] DEBUG o.s.web.client.RestTemplate - HTTP PUT http://localhost:8081/eureka/apps/USERS-SERVICE/192.168.151.216:users-service:8082?status=UP&lastDirtyTimestamp=1751727982946
2025-07-05 10:25:43 [DiscoveryClient-HeartbeatExecutor-0] DEBUG o.s.web.client.RestTemplate - Accept=[application/json, application/*+json]
2025-07-05 10:25:43 [DiscoveryClient-HeartbeatExecutor-0] DEBUG o.s.web.client.RestTemplate - Response 200 OK
2025-07-05 10:26:13 [DiscoveryClient-CacheRefreshExecutor-0] DEBUG o.s.web.client.RestTemplate - HTTP GET http://localhost:8081/eureka/apps/delta
2025-07-05 10:26:13 [DiscoveryClient-CacheRefreshExecutor-0] DEBUG o.s.web.client.RestTemplate - Accept=[application/json, application/*+json]
2025-07-05 10:26:13 [DiscoveryClient-CacheRefreshExecutor-0] DEBUG o.s.web.client.RestTemplate - Response 200 OK
2025-07-05 10:26:13 [DiscoveryClient-CacheRefreshExecutor-0] DEBUG o.s.web.client.RestTemplate - Reading to [org.springframework.cloud.netflix.eureka.http.EurekaApplications]
2025-07-05 10:26:13 [DiscoveryClient-HeartbeatExecutor-0] DEBUG o.s.web.client.RestTemplate - HTTP PUT http://localhost:8081/eureka/apps/USERS-SERVICE/192.168.151.216:users-service:8082?status=UP&lastDirtyTimestamp=1751727982946
2025-07-05 10:26:13 [DiscoveryClient-HeartbeatExecutor-0] DEBUG o.s.web.client.RestTemplate - Accept=[application/json, application/*+json]
2025-07-05 10:26:13 [DiscoveryClient-HeartbeatExecutor-0] DEBUG o.s.web.client.RestTemplate - Response 200 OK
2025-07-05 10:26:41 [AsyncResolver-bootstrap-executor-0] INFO  c.n.d.s.r.aws.ConfigClusterResolver - Resolving eureka endpoints via configuration
2025-07-05 10:26:43 [DiscoveryClient-CacheRefreshExecutor-0] DEBUG o.s.web.client.RestTemplate - HTTP GET http://localhost:8081/eureka/apps/delta
2025-07-05 10:26:43 [DiscoveryClient-CacheRefreshExecutor-0] DEBUG o.s.web.client.RestTemplate - Accept=[application/json, application/*+json]
2025-07-05 10:26:43 [DiscoveryClient-CacheRefreshExecutor-0] DEBUG o.s.web.client.RestTemplate - Response 200 OK
2025-07-05 10:26:43 [DiscoveryClient-CacheRefreshExecutor-0] DEBUG o.s.web.client.RestTemplate - Reading to [org.springframework.cloud.netflix.eureka.http.EurekaApplications]
2025-07-05 10:26:43 [DiscoveryClient-HeartbeatExecutor-0] DEBUG o.s.web.client.RestTemplate - HTTP PUT http://localhost:8081/eureka/apps/USERS-SERVICE/192.168.151.216:users-service:8082?status=UP&lastDirtyTimestamp=1751727982946
2025-07-05 10:26:43 [DiscoveryClient-HeartbeatExecutor-0] DEBUG o.s.web.client.RestTemplate - Accept=[application/json, application/*+json]
2025-07-05 10:26:43 [DiscoveryClient-HeartbeatExecutor-0] DEBUG o.s.web.client.RestTemplate - Response 200 OK
2025-07-05 10:27:13 [DiscoveryClient-CacheRefreshExecutor-0] DEBUG o.s.web.client.RestTemplate - HTTP GET http://localhost:8081/eureka/apps/delta
2025-07-05 10:27:13 [DiscoveryClient-CacheRefreshExecutor-0] DEBUG o.s.web.client.RestTemplate - Accept=[application/json, application/*+json]
2025-07-05 10:27:13 [DiscoveryClient-CacheRefreshExecutor-0] DEBUG o.s.web.client.RestTemplate - Response 200 OK
2025-07-05 10:27:13 [DiscoveryClient-CacheRefreshExecutor-0] DEBUG o.s.web.client.RestTemplate - Reading to [org.springframework.cloud.netflix.eureka.http.EurekaApplications]
2025-07-05 10:27:13 [DiscoveryClient-HeartbeatExecutor-0] DEBUG o.s.web.client.RestTemplate - HTTP PUT http://localhost:8081/eureka/apps/USERS-SERVICE/192.168.151.216:users-service:8082?status=UP&lastDirtyTimestamp=1751727982946
2025-07-05 10:27:13 [DiscoveryClient-HeartbeatExecutor-0] DEBUG o.s.web.client.RestTemplate - Accept=[application/json, application/*+json]
2025-07-05 10:27:13 [DiscoveryClient-HeartbeatExecutor-0] DEBUG o.s.web.client.RestTemplate - Response 200 OK
2025-07-05 10:27:43 [DiscoveryClient-CacheRefreshExecutor-0] DEBUG o.s.web.client.RestTemplate - HTTP GET http://localhost:8081/eureka/apps/delta
2025-07-05 10:27:43 [DiscoveryClient-CacheRefreshExecutor-0] DEBUG o.s.web.client.RestTemplate - Accept=[application/json, application/*+json]
2025-07-05 10:27:43 [DiscoveryClient-CacheRefreshExecutor-0] DEBUG o.s.web.client.RestTemplate - Response 200 OK
2025-07-05 10:27:43 [DiscoveryClient-CacheRefreshExecutor-0] DEBUG o.s.web.client.RestTemplate - Reading to [org.springframework.cloud.netflix.eureka.http.EurekaApplications]
2025-07-05 10:27:43 [DiscoveryClient-HeartbeatExecutor-0] DEBUG o.s.web.client.RestTemplate - HTTP PUT http://localhost:8081/eureka/apps/USERS-SERVICE/192.168.151.216:users-service:8082?status=UP&lastDirtyTimestamp=1751727982946
2025-07-05 10:27:43 [DiscoveryClient-HeartbeatExecutor-0] DEBUG o.s.web.client.RestTemplate - Accept=[application/json, application/*+json]
2025-07-05 10:27:43 [DiscoveryClient-HeartbeatExecutor-0] DEBUG o.s.web.client.RestTemplate - Response 200 OK
2025-07-05 10:28:13 [DiscoveryClient-CacheRefreshExecutor-0] DEBUG o.s.web.client.RestTemplate - HTTP GET http://localhost:8081/eureka/apps/delta
2025-07-05 10:28:13 [DiscoveryClient-CacheRefreshExecutor-0] DEBUG o.s.web.client.RestTemplate - Accept=[application/json, application/*+json]
2025-07-05 10:28:13 [DiscoveryClient-CacheRefreshExecutor-0] DEBUG o.s.web.client.RestTemplate - Response 200 OK
2025-07-05 10:28:13 [DiscoveryClient-CacheRefreshExecutor-0] DEBUG o.s.web.client.RestTemplate - Reading to [org.springframework.cloud.netflix.eureka.http.EurekaApplications]
2025-07-05 10:28:13 [DiscoveryClient-HeartbeatExecutor-0] DEBUG o.s.web.client.RestTemplate - HTTP PUT http://localhost:8081/eureka/apps/USERS-SERVICE/192.168.151.216:users-service:8082?status=UP&lastDirtyTimestamp=1751727982946
2025-07-05 10:28:13 [DiscoveryClient-HeartbeatExecutor-0] DEBUG o.s.web.client.RestTemplate - Accept=[application/json, application/*+json]
2025-07-05 10:28:13 [DiscoveryClient-HeartbeatExecutor-0] DEBUG o.s.web.client.RestTemplate - Response 200 OK
2025-07-05 10:28:43 [DiscoveryClient-CacheRefreshExecutor-0] DEBUG o.s.web.client.RestTemplate - HTTP GET http://localhost:8081/eureka/apps/delta
2025-07-05 10:28:43 [DiscoveryClient-CacheRefreshExecutor-0] DEBUG o.s.web.client.RestTemplate - Accept=[application/json, application/*+json]
2025-07-05 10:28:43 [DiscoveryClient-CacheRefreshExecutor-0] DEBUG o.s.web.client.RestTemplate - Response 200 OK
2025-07-05 10:28:43 [DiscoveryClient-CacheRefreshExecutor-0] DEBUG o.s.web.client.RestTemplate - Reading to [org.springframework.cloud.netflix.eureka.http.EurekaApplications]
2025-07-05 10:28:43 [DiscoveryClient-HeartbeatExecutor-0] DEBUG o.s.web.client.RestTemplate - HTTP PUT http://localhost:8081/eureka/apps/USERS-SERVICE/192.168.151.216:users-service:8082?status=UP&lastDirtyTimestamp=1751727982946
2025-07-05 10:28:43 [DiscoveryClient-HeartbeatExecutor-0] DEBUG o.s.web.client.RestTemplate - Accept=[application/json, application/*+json]
2025-07-05 10:28:43 [DiscoveryClient-HeartbeatExecutor-0] DEBUG o.s.web.client.RestTemplate - Response 200 OK
2025-07-05 10:29:13 [DiscoveryClient-CacheRefreshExecutor-0] DEBUG o.s.web.client.RestTemplate - HTTP GET http://localhost:8081/eureka/apps/delta
2025-07-05 10:29:13 [DiscoveryClient-HeartbeatExecutor-0] DEBUG o.s.web.client.RestTemplate - HTTP PUT http://localhost:8081/eureka/apps/USERS-SERVICE/192.168.151.216:users-service:8082?status=UP&lastDirtyTimestamp=1751727982946
2025-07-05 10:29:13 [DiscoveryClient-HeartbeatExecutor-0] DEBUG o.s.web.client.RestTemplate - Accept=[application/json, application/*+json]
2025-07-05 10:29:13 [DiscoveryClient-HeartbeatExecutor-0] DEBUG o.s.web.client.RestTemplate - Response 200 OK
2025-07-05 10:29:13 [DiscoveryClient-CacheRefreshExecutor-0] DEBUG o.s.web.client.RestTemplate - Accept=[application/json, application/*+json]
2025-07-05 10:29:13 [DiscoveryClient-CacheRefreshExecutor-0] DEBUG o.s.web.client.RestTemplate - Response 200 OK
2025-07-05 10:29:13 [DiscoveryClient-CacheRefreshExecutor-0] DEBUG o.s.web.client.RestTemplate - Reading to [org.springframework.cloud.netflix.eureka.http.EurekaApplications]
2025-07-05 10:29:43 [DiscoveryClient-HeartbeatExecutor-0] DEBUG o.s.web.client.RestTemplate - HTTP PUT http://localhost:8081/eureka/apps/USERS-SERVICE/192.168.151.216:users-service:8082?status=UP&lastDirtyTimestamp=1751727982946
2025-07-05 10:29:43 [DiscoveryClient-HeartbeatExecutor-0] DEBUG o.s.web.client.RestTemplate - Accept=[application/json, application/*+json]
2025-07-05 10:29:43 [DiscoveryClient-HeartbeatExecutor-0] DEBUG o.s.web.client.RestTemplate - Response 200 OK
2025-07-05 10:29:43 [DiscoveryClient-CacheRefreshExecutor-0] DEBUG o.s.web.client.RestTemplate - HTTP GET http://localhost:8081/eureka/apps/delta
2025-07-05 10:29:43 [DiscoveryClient-CacheRefreshExecutor-0] DEBUG o.s.web.client.RestTemplate - Accept=[application/json, application/*+json]
2025-07-05 10:29:43 [DiscoveryClient-CacheRefreshExecutor-0] DEBUG o.s.web.client.RestTemplate - Response 200 OK
2025-07-05 10:29:43 [DiscoveryClient-CacheRefreshExecutor-0] DEBUG o.s.web.client.RestTemplate - Reading to [org.springframework.cloud.netflix.eureka.http.EurekaApplications]
2025-07-05 10:30:13 [DiscoveryClient-HeartbeatExecutor-0] DEBUG o.s.web.client.RestTemplate - HTTP PUT http://localhost:8081/eureka/apps/USERS-SERVICE/192.168.151.216:users-service:8082?status=UP&lastDirtyTimestamp=1751727982946
2025-07-05 10:30:13 [DiscoveryClient-HeartbeatExecutor-0] DEBUG o.s.web.client.RestTemplate - Accept=[application/json, application/*+json]
2025-07-05 10:30:13 [DiscoveryClient-HeartbeatExecutor-0] DEBUG o.s.web.client.RestTemplate - Response 200 OK
2025-07-05 10:30:13 [DiscoveryClient-CacheRefreshExecutor-0] DEBUG o.s.web.client.RestTemplate - HTTP GET http://localhost:8081/eureka/apps/delta
2025-07-05 10:30:13 [DiscoveryClient-CacheRefreshExecutor-0] DEBUG o.s.web.client.RestTemplate - Accept=[application/json, application/*+json]
2025-07-05 10:30:13 [DiscoveryClient-CacheRefreshExecutor-0] DEBUG o.s.web.client.RestTemplate - Response 200 OK
2025-07-05 10:30:13 [DiscoveryClient-CacheRefreshExecutor-0] DEBUG o.s.web.client.RestTemplate - Reading to [org.springframework.cloud.netflix.eureka.http.EurekaApplications]
2025-07-05 10:30:43 [DiscoveryClient-HeartbeatExecutor-0] DEBUG o.s.web.client.RestTemplate - HTTP PUT http://localhost:8081/eureka/apps/USERS-SERVICE/192.168.151.216:users-service:8082?status=UP&lastDirtyTimestamp=1751727982946
2025-07-05 10:30:43 [DiscoveryClient-HeartbeatExecutor-0] DEBUG o.s.web.client.RestTemplate - Accept=[application/json, application/*+json]
2025-07-05 10:30:43 [DiscoveryClient-HeartbeatExecutor-0] DEBUG o.s.web.client.RestTemplate - Response 200 OK
2025-07-05 10:30:43 [DiscoveryClient-CacheRefreshExecutor-0] DEBUG o.s.web.client.RestTemplate - HTTP GET http://localhost:8081/eureka/apps/delta
2025-07-05 10:30:43 [DiscoveryClient-CacheRefreshExecutor-0] DEBUG o.s.web.client.RestTemplate - Accept=[application/json, application/*+json]
2025-07-05 10:30:43 [DiscoveryClient-CacheRefreshExecutor-0] DEBUG o.s.web.client.RestTemplate - Response 200 OK
2025-07-05 10:30:43 [DiscoveryClient-CacheRefreshExecutor-0] DEBUG o.s.web.client.RestTemplate - Reading to [org.springframework.cloud.netflix.eureka.http.EurekaApplications]
2025-07-05 10:31:13 [DiscoveryClient-HeartbeatExecutor-0] DEBUG o.s.web.client.RestTemplate - HTTP PUT http://localhost:8081/eureka/apps/USERS-SERVICE/192.168.151.216:users-service:8082?status=UP&lastDirtyTimestamp=1751727982946
2025-07-05 10:31:13 [DiscoveryClient-HeartbeatExecutor-0] DEBUG o.s.web.client.RestTemplate - Accept=[application/json, application/*+json]
2025-07-05 10:31:13 [DiscoveryClient-HeartbeatExecutor-0] DEBUG o.s.web.client.RestTemplate - Response 200 OK
2025-07-05 10:31:13 [DiscoveryClient-CacheRefreshExecutor-0] DEBUG o.s.web.client.RestTemplate - HTTP GET http://localhost:8081/eureka/apps/delta
2025-07-05 10:31:13 [DiscoveryClient-CacheRefreshExecutor-0] DEBUG o.s.web.client.RestTemplate - Accept=[application/json, application/*+json]
2025-07-05 10:31:13 [DiscoveryClient-CacheRefreshExecutor-0] DEBUG o.s.web.client.RestTemplate - Response 200 OK
2025-07-05 10:31:13 [DiscoveryClient-CacheRefreshExecutor-0] DEBUG o.s.web.client.RestTemplate - Reading to [org.springframework.cloud.netflix.eureka.http.EurekaApplications]
2025-07-05 10:31:41 [AsyncResolver-bootstrap-executor-0] INFO  c.n.d.s.r.aws.ConfigClusterResolver - Resolving eureka endpoints via configuration
2025-07-05 10:31:43 [DiscoveryClient-HeartbeatExecutor-0] DEBUG o.s.web.client.RestTemplate - HTTP PUT http://localhost:8081/eureka/apps/USERS-SERVICE/192.168.151.216:users-service:8082?status=UP&lastDirtyTimestamp=1751727982946
2025-07-05 10:31:43 [DiscoveryClient-HeartbeatExecutor-0] DEBUG o.s.web.client.RestTemplate - Accept=[application/json, application/*+json]
2025-07-05 10:31:43 [DiscoveryClient-HeartbeatExecutor-0] DEBUG o.s.web.client.RestTemplate - Response 200 OK
2025-07-05 10:31:43 [DiscoveryClient-CacheRefreshExecutor-0] DEBUG o.s.web.client.RestTemplate - HTTP GET http://localhost:8081/eureka/apps/delta
2025-07-05 10:31:43 [DiscoveryClient-CacheRefreshExecutor-0] DEBUG o.s.web.client.RestTemplate - Accept=[application/json, application/*+json]
2025-07-05 10:31:43 [DiscoveryClient-CacheRefreshExecutor-0] DEBUG o.s.web.client.RestTemplate - Response 200 OK
2025-07-05 10:31:43 [DiscoveryClient-CacheRefreshExecutor-0] DEBUG o.s.web.client.RestTemplate - Reading to [org.springframework.cloud.netflix.eureka.http.EurekaApplications]
2025-07-05 10:32:13 [DiscoveryClient-HeartbeatExecutor-0] DEBUG o.s.web.client.RestTemplate - HTTP PUT http://localhost:8081/eureka/apps/USERS-SERVICE/192.168.151.216:users-service:8082?status=UP&lastDirtyTimestamp=1751727982946
2025-07-05 10:32:13 [DiscoveryClient-HeartbeatExecutor-0] DEBUG o.s.web.client.RestTemplate - Accept=[application/json, application/*+json]
2025-07-05 10:32:13 [DiscoveryClient-HeartbeatExecutor-0] DEBUG o.s.web.client.RestTemplate - Response 200 OK
2025-07-05 10:32:13 [DiscoveryClient-CacheRefreshExecutor-0] DEBUG o.s.web.client.RestTemplate - HTTP GET http://localhost:8081/eureka/apps/delta
2025-07-05 10:32:13 [DiscoveryClient-CacheRefreshExecutor-0] DEBUG o.s.web.client.RestTemplate - Accept=[application/json, application/*+json]
2025-07-05 10:32:13 [DiscoveryClient-CacheRefreshExecutor-0] DEBUG o.s.web.client.RestTemplate - Response 200 OK
2025-07-05 10:32:13 [DiscoveryClient-CacheRefreshExecutor-0] DEBUG o.s.web.client.RestTemplate - Reading to [org.springframework.cloud.netflix.eureka.http.EurekaApplications]
2025-07-05 10:32:43 [DiscoveryClient-HeartbeatExecutor-0] DEBUG o.s.web.client.RestTemplate - HTTP PUT http://localhost:8081/eureka/apps/USERS-SERVICE/192.168.151.216:users-service:8082?status=UP&lastDirtyTimestamp=1751727982946
2025-07-05 10:32:43 [DiscoveryClient-HeartbeatExecutor-0] DEBUG o.s.web.client.RestTemplate - Accept=[application/json, application/*+json]
2025-07-05 10:32:43 [DiscoveryClient-HeartbeatExecutor-0] DEBUG o.s.web.client.RestTemplate - Response 200 OK
2025-07-05 10:32:43 [DiscoveryClient-CacheRefreshExecutor-0] DEBUG o.s.web.client.RestTemplate - HTTP GET http://localhost:8081/eureka/apps/delta
2025-07-05 10:32:43 [DiscoveryClient-CacheRefreshExecutor-0] DEBUG o.s.web.client.RestTemplate - Accept=[application/json, application/*+json]
2025-07-05 10:32:43 [DiscoveryClient-CacheRefreshExecutor-0] DEBUG o.s.web.client.RestTemplate - Response 200 OK
2025-07-05 10:32:43 [DiscoveryClient-CacheRefreshExecutor-0] DEBUG o.s.web.client.RestTemplate - Reading to [org.springframework.cloud.netflix.eureka.http.EurekaApplications]
2025-07-05 10:33:13 [DiscoveryClient-HeartbeatExecutor-0] DEBUG o.s.web.client.RestTemplate - HTTP PUT http://localhost:8081/eureka/apps/USERS-SERVICE/192.168.151.216:users-service:8082?status=UP&lastDirtyTimestamp=1751727982946
2025-07-05 10:33:13 [DiscoveryClient-HeartbeatExecutor-0] DEBUG o.s.web.client.RestTemplate - Accept=[application/json, application/*+json]
2025-07-05 10:33:13 [DiscoveryClient-HeartbeatExecutor-0] DEBUG o.s.web.client.RestTemplate - Response 200 OK
2025-07-05 10:33:13 [DiscoveryClient-CacheRefreshExecutor-0] DEBUG o.s.web.client.RestTemplate - HTTP GET http://localhost:8081/eureka/apps/delta
2025-07-05 10:33:13 [DiscoveryClient-CacheRefreshExecutor-0] DEBUG o.s.web.client.RestTemplate - Accept=[application/json, application/*+json]
2025-07-05 10:33:13 [DiscoveryClient-CacheRefreshExecutor-0] DEBUG o.s.web.client.RestTemplate - Response 200 OK
2025-07-05 10:33:13 [DiscoveryClient-CacheRefreshExecutor-0] DEBUG o.s.web.client.RestTemplate - Reading to [org.springframework.cloud.netflix.eureka.http.EurekaApplications]
2025-07-05 10:33:43 [DiscoveryClient-HeartbeatExecutor-0] DEBUG o.s.web.client.RestTemplate - HTTP PUT http://localhost:8081/eureka/apps/USERS-SERVICE/192.168.151.216:users-service:8082?status=UP&lastDirtyTimestamp=1751727982946
2025-07-05 10:33:43 [DiscoveryClient-HeartbeatExecutor-0] DEBUG o.s.web.client.RestTemplate - Accept=[application/json, application/*+json]
2025-07-05 10:33:43 [DiscoveryClient-HeartbeatExecutor-0] DEBUG o.s.web.client.RestTemplate - Response 200 OK
2025-07-05 10:33:43 [DiscoveryClient-CacheRefreshExecutor-0] DEBUG o.s.web.client.RestTemplate - HTTP GET http://localhost:8081/eureka/apps/delta
2025-07-05 10:33:43 [DiscoveryClient-CacheRefreshExecutor-0] DEBUG o.s.web.client.RestTemplate - Accept=[application/json, application/*+json]
2025-07-05 10:33:43 [DiscoveryClient-CacheRefreshExecutor-0] DEBUG o.s.web.client.RestTemplate - Response 200 OK
2025-07-05 10:33:43 [DiscoveryClient-CacheRefreshExecutor-0] DEBUG o.s.web.client.RestTemplate - Reading to [org.springframework.cloud.netflix.eureka.http.EurekaApplications]
2025-07-05 10:34:13 [DiscoveryClient-HeartbeatExecutor-0] DEBUG o.s.web.client.RestTemplate - HTTP PUT http://localhost:8081/eureka/apps/USERS-SERVICE/192.168.151.216:users-service:8082?status=UP&lastDirtyTimestamp=1751727982946
2025-07-05 10:34:13 [DiscoveryClient-HeartbeatExecutor-0] DEBUG o.s.web.client.RestTemplate - Accept=[application/json, application/*+json]
2025-07-05 10:34:13 [DiscoveryClient-HeartbeatExecutor-0] DEBUG o.s.web.client.RestTemplate - Response 200 OK
2025-07-05 10:34:13 [DiscoveryClient-CacheRefreshExecutor-0] DEBUG o.s.web.client.RestTemplate - HTTP GET http://localhost:8081/eureka/apps/delta
2025-07-05 10:34:13 [DiscoveryClient-CacheRefreshExecutor-0] DEBUG o.s.web.client.RestTemplate - Accept=[application/json, application/*+json]
2025-07-05 10:34:13 [DiscoveryClient-CacheRefreshExecutor-0] DEBUG o.s.web.client.RestTemplate - Response 200 OK
2025-07-05 10:34:13 [DiscoveryClient-CacheRefreshExecutor-0] DEBUG o.s.web.client.RestTemplate - Reading to [org.springframework.cloud.netflix.eureka.http.EurekaApplications]
2025-07-05 10:34:43 [DiscoveryClient-HeartbeatExecutor-0] DEBUG o.s.web.client.RestTemplate - HTTP PUT http://localhost:8081/eureka/apps/USERS-SERVICE/192.168.151.216:users-service:8082?status=UP&lastDirtyTimestamp=1751727982946
2025-07-05 10:34:43 [DiscoveryClient-HeartbeatExecutor-0] DEBUG o.s.web.client.RestTemplate - Accept=[application/json, application/*+json]
2025-07-05 10:34:43 [DiscoveryClient-HeartbeatExecutor-0] DEBUG o.s.web.client.RestTemplate - Response 200 OK
2025-07-05 10:34:43 [DiscoveryClient-CacheRefreshExecutor-0] DEBUG o.s.web.client.RestTemplate - HTTP GET http://localhost:8081/eureka/apps/delta
2025-07-05 10:34:43 [DiscoveryClient-CacheRefreshExecutor-0] DEBUG o.s.web.client.RestTemplate - Accept=[application/json, application/*+json]
2025-07-05 10:34:43 [DiscoveryClient-CacheRefreshExecutor-0] DEBUG o.s.web.client.RestTemplate - Response 200 OK
2025-07-05 10:34:43 [DiscoveryClient-CacheRefreshExecutor-0] DEBUG o.s.web.client.RestTemplate - Reading to [org.springframework.cloud.netflix.eureka.http.EurekaApplications]
2025-07-05 10:35:13 [DiscoveryClient-HeartbeatExecutor-0] DEBUG o.s.web.client.RestTemplate - HTTP PUT http://localhost:8081/eureka/apps/USERS-SERVICE/192.168.151.216:users-service:8082?status=UP&lastDirtyTimestamp=1751727982946
2025-07-05 10:35:13 [DiscoveryClient-HeartbeatExecutor-0] DEBUG o.s.web.client.RestTemplate - Accept=[application/json, application/*+json]
2025-07-05 10:35:13 [DiscoveryClient-HeartbeatExecutor-0] DEBUG o.s.web.client.RestTemplate - Response 200 OK
2025-07-05 10:35:13 [DiscoveryClient-CacheRefreshExecutor-0] DEBUG o.s.web.client.RestTemplate - HTTP GET http://localhost:8081/eureka/apps/delta
2025-07-05 10:35:13 [DiscoveryClient-CacheRefreshExecutor-0] DEBUG o.s.web.client.RestTemplate - Accept=[application/json, application/*+json]
2025-07-05 10:35:13 [DiscoveryClient-CacheRefreshExecutor-0] DEBUG o.s.web.client.RestTemplate - Response 200 OK
2025-07-05 10:35:13 [DiscoveryClient-CacheRefreshExecutor-0] DEBUG o.s.web.client.RestTemplate - Reading to [org.springframework.cloud.netflix.eureka.http.EurekaApplications]
2025-07-05 10:35:43 [DiscoveryClient-HeartbeatExecutor-0] DEBUG o.s.web.client.RestTemplate - HTTP PUT http://localhost:8081/eureka/apps/USERS-SERVICE/192.168.151.216:users-service:8082?status=UP&lastDirtyTimestamp=1751727982946
2025-07-05 10:35:43 [DiscoveryClient-HeartbeatExecutor-0] DEBUG o.s.web.client.RestTemplate - Accept=[application/json, application/*+json]
2025-07-05 10:35:43 [DiscoveryClient-HeartbeatExecutor-0] DEBUG o.s.web.client.RestTemplate - Response 200 OK
2025-07-05 10:35:43 [DiscoveryClient-CacheRefreshExecutor-0] DEBUG o.s.web.client.RestTemplate - HTTP GET http://localhost:8081/eureka/apps/delta
2025-07-05 10:35:43 [DiscoveryClient-CacheRefreshExecutor-0] DEBUG o.s.web.client.RestTemplate - Accept=[application/json, application/*+json]
2025-07-05 10:35:43 [DiscoveryClient-CacheRefreshExecutor-0] DEBUG o.s.web.client.RestTemplate - Response 200 OK
2025-07-05 10:35:43 [DiscoveryClient-CacheRefreshExecutor-0] DEBUG o.s.web.client.RestTemplate - Reading to [org.springframework.cloud.netflix.eureka.http.EurekaApplications]
2025-07-05 10:36:13 [DiscoveryClient-HeartbeatExecutor-0] DEBUG o.s.web.client.RestTemplate - HTTP PUT http://localhost:8081/eureka/apps/USERS-SERVICE/192.168.151.216:users-service:8082?status=UP&lastDirtyTimestamp=1751727982946
2025-07-05 10:36:13 [DiscoveryClient-HeartbeatExecutor-0] DEBUG o.s.web.client.RestTemplate - Accept=[application/json, application/*+json]
2025-07-05 10:36:13 [DiscoveryClient-HeartbeatExecutor-0] DEBUG o.s.web.client.RestTemplate - Response 200 OK
2025-07-05 10:36:13 [DiscoveryClient-CacheRefreshExecutor-0] DEBUG o.s.web.client.RestTemplate - HTTP GET http://localhost:8081/eureka/apps/delta
2025-07-05 10:36:13 [DiscoveryClient-CacheRefreshExecutor-0] DEBUG o.s.web.client.RestTemplate - Accept=[application/json, application/*+json]
2025-07-05 10:36:13 [DiscoveryClient-CacheRefreshExecutor-0] DEBUG o.s.web.client.RestTemplate - Response 200 OK
2025-07-05 10:36:13 [DiscoveryClient-CacheRefreshExecutor-0] DEBUG o.s.web.client.RestTemplate - Reading to [org.springframework.cloud.netflix.eureka.http.EurekaApplications]
2025-07-05 10:36:41 [AsyncResolver-bootstrap-executor-0] INFO  c.n.d.s.r.aws.ConfigClusterResolver - Resolving eureka endpoints via configuration
2025-07-05 10:36:43 [DiscoveryClient-HeartbeatExecutor-0] DEBUG o.s.web.client.RestTemplate - HTTP PUT http://localhost:8081/eureka/apps/USERS-SERVICE/192.168.151.216:users-service:8082?status=UP&lastDirtyTimestamp=1751727982946
2025-07-05 10:36:43 [DiscoveryClient-HeartbeatExecutor-0] DEBUG o.s.web.client.RestTemplate - Accept=[application/json, application/*+json]
2025-07-05 10:36:43 [DiscoveryClient-HeartbeatExecutor-0] DEBUG o.s.web.client.RestTemplate - Response 200 OK
2025-07-05 10:36:43 [DiscoveryClient-CacheRefreshExecutor-0] DEBUG o.s.web.client.RestTemplate - HTTP GET http://localhost:8081/eureka/apps/delta
2025-07-05 10:36:43 [DiscoveryClient-CacheRefreshExecutor-0] DEBUG o.s.web.client.RestTemplate - Accept=[application/json, application/*+json]
2025-07-05 10:36:43 [DiscoveryClient-CacheRefreshExecutor-0] DEBUG o.s.web.client.RestTemplate - Response 200 OK
2025-07-05 10:36:43 [DiscoveryClient-CacheRefreshExecutor-0] DEBUG o.s.web.client.RestTemplate - Reading to [org.springframework.cloud.netflix.eureka.http.EurekaApplications]
2025-07-05 10:37:13 [DiscoveryClient-HeartbeatExecutor-0] DEBUG o.s.web.client.RestTemplate - HTTP PUT http://localhost:8081/eureka/apps/USERS-SERVICE/192.168.151.216:users-service:8082?status=UP&lastDirtyTimestamp=1751727982946
2025-07-05 10:37:13 [DiscoveryClient-HeartbeatExecutor-0] DEBUG o.s.web.client.RestTemplate - Accept=[application/json, application/*+json]
2025-07-05 10:37:13 [DiscoveryClient-HeartbeatExecutor-0] DEBUG o.s.web.client.RestTemplate - Response 200 OK
2025-07-05 10:37:13 [DiscoveryClient-CacheRefreshExecutor-0] DEBUG o.s.web.client.RestTemplate - HTTP GET http://localhost:8081/eureka/apps/delta
2025-07-05 10:37:13 [DiscoveryClient-CacheRefreshExecutor-0] DEBUG o.s.web.client.RestTemplate - Accept=[application/json, application/*+json]
2025-07-05 10:37:13 [DiscoveryClient-CacheRefreshExecutor-0] DEBUG o.s.web.client.RestTemplate - Response 200 OK
2025-07-05 10:37:13 [DiscoveryClient-CacheRefreshExecutor-0] DEBUG o.s.web.client.RestTemplate - Reading to [org.springframework.cloud.netflix.eureka.http.EurekaApplications]
2025-07-05 10:37:43 [DiscoveryClient-HeartbeatExecutor-0] DEBUG o.s.web.client.RestTemplate - HTTP PUT http://localhost:8081/eureka/apps/USERS-SERVICE/192.168.151.216:users-service:8082?status=UP&lastDirtyTimestamp=1751727982946
2025-07-05 10:37:43 [DiscoveryClient-HeartbeatExecutor-0] DEBUG o.s.web.client.RestTemplate - Accept=[application/json, application/*+json]
2025-07-05 10:37:43 [DiscoveryClient-HeartbeatExecutor-0] DEBUG o.s.web.client.RestTemplate - Response 200 OK
2025-07-05 10:37:43 [DiscoveryClient-CacheRefreshExecutor-0] DEBUG o.s.web.client.RestTemplate - HTTP GET http://localhost:8081/eureka/apps/delta
2025-07-05 10:37:43 [DiscoveryClient-CacheRefreshExecutor-0] DEBUG o.s.web.client.RestTemplate - Accept=[application/json, application/*+json]
2025-07-05 10:37:43 [DiscoveryClient-CacheRefreshExecutor-0] DEBUG o.s.web.client.RestTemplate - Response 200 OK
2025-07-05 10:37:43 [DiscoveryClient-CacheRefreshExecutor-0] DEBUG o.s.web.client.RestTemplate - Reading to [org.springframework.cloud.netflix.eureka.http.EurekaApplications]
2025-07-05 10:38:15 [DiscoveryClient-HeartbeatExecutor-0] DEBUG o.s.web.client.RestTemplate - HTTP PUT http://localhost:8081/eureka/apps/USERS-SERVICE/192.168.151.216:users-service:8082?status=UP&lastDirtyTimestamp=1751727982946
2025-07-05 10:38:15 [DiscoveryClient-HeartbeatExecutor-0] DEBUG o.s.web.client.RestTemplate - Accept=[application/json, application/*+json]
2025-07-05 10:38:15 [DiscoveryClient-HeartbeatExecutor-0] DEBUG o.s.web.client.RestTemplate - Response 200 OK
2025-07-05 10:38:15 [DiscoveryClient-CacheRefreshExecutor-0] DEBUG o.s.web.client.RestTemplate - HTTP GET http://localhost:8081/eureka/apps/delta
2025-07-05 10:38:15 [DiscoveryClient-CacheRefreshExecutor-0] DEBUG o.s.web.client.RestTemplate - Accept=[application/json, application/*+json]
2025-07-05 10:38:15 [DiscoveryClient-CacheRefreshExecutor-0] DEBUG o.s.web.client.RestTemplate - Response 200 OK
2025-07-05 10:38:15 [DiscoveryClient-CacheRefreshExecutor-0] DEBUG o.s.web.client.RestTemplate - Reading to [org.springframework.cloud.netflix.eureka.http.EurekaApplications]
2025-07-05 10:38:45 [DiscoveryClient-HeartbeatExecutor-0] DEBUG o.s.web.client.RestTemplate - HTTP PUT http://localhost:8081/eureka/apps/USERS-SERVICE/192.168.151.216:users-service:8082?status=UP&lastDirtyTimestamp=1751727982946
2025-07-05 10:38:45 [DiscoveryClient-HeartbeatExecutor-0] DEBUG o.s.web.client.RestTemplate - Accept=[application/json, application/*+json]
2025-07-05 10:38:45 [DiscoveryClient-HeartbeatExecutor-0] DEBUG o.s.web.client.RestTemplate - Response 200 OK
2025-07-05 10:38:45 [DiscoveryClient-CacheRefreshExecutor-0] DEBUG o.s.web.client.RestTemplate - HTTP GET http://localhost:8081/eureka/apps/delta
2025-07-05 10:38:45 [DiscoveryClient-CacheRefreshExecutor-0] DEBUG o.s.web.client.RestTemplate - Accept=[application/json, application/*+json]
2025-07-05 10:38:45 [DiscoveryClient-CacheRefreshExecutor-0] DEBUG o.s.web.client.RestTemplate - Response 200 OK
2025-07-05 10:38:45 [DiscoveryClient-CacheRefreshExecutor-0] DEBUG o.s.web.client.RestTemplate - Reading to [org.springframework.cloud.netflix.eureka.http.EurekaApplications]
2025-07-05 10:39:15 [DiscoveryClient-HeartbeatExecutor-0] DEBUG o.s.web.client.RestTemplate - HTTP PUT http://localhost:8081/eureka/apps/USERS-SERVICE/192.168.151.216:users-service:8082?status=UP&lastDirtyTimestamp=1751727982946
2025-07-05 10:39:15 [DiscoveryClient-HeartbeatExecutor-0] DEBUG o.s.web.client.RestTemplate - Accept=[application/json, application/*+json]
2025-07-05 10:39:15 [DiscoveryClient-HeartbeatExecutor-0] DEBUG o.s.web.client.RestTemplate - Response 200 OK
2025-07-05 10:39:15 [DiscoveryClient-CacheRefreshExecutor-0] DEBUG o.s.web.client.RestTemplate - HTTP GET http://localhost:8081/eureka/apps/delta
2025-07-05 10:39:15 [DiscoveryClient-CacheRefreshExecutor-0] DEBUG o.s.web.client.RestTemplate - Accept=[application/json, application/*+json]
2025-07-05 10:39:15 [DiscoveryClient-CacheRefreshExecutor-0] DEBUG o.s.web.client.RestTemplate - Response 200 OK
2025-07-05 10:39:15 [DiscoveryClient-CacheRefreshExecutor-0] DEBUG o.s.web.client.RestTemplate - Reading to [org.springframework.cloud.netflix.eureka.http.EurekaApplications]
2025-07-05 10:39:45 [DiscoveryClient-HeartbeatExecutor-0] DEBUG o.s.web.client.RestTemplate - HTTP PUT http://localhost:8081/eureka/apps/USERS-SERVICE/192.168.151.216:users-service:8082?status=UP&lastDirtyTimestamp=1751727982946
2025-07-05 10:39:45 [DiscoveryClient-HeartbeatExecutor-0] DEBUG o.s.web.client.RestTemplate - Accept=[application/json, application/*+json]
2025-07-05 10:39:45 [DiscoveryClient-HeartbeatExecutor-0] DEBUG o.s.web.client.RestTemplate - Response 200 OK
2025-07-05 10:39:45 [DiscoveryClient-CacheRefreshExecutor-0] DEBUG o.s.web.client.RestTemplate - HTTP GET http://localhost:8081/eureka/apps/delta
2025-07-05 10:39:45 [DiscoveryClient-CacheRefreshExecutor-0] DEBUG o.s.web.client.RestTemplate - Accept=[application/json, application/*+json]
2025-07-05 10:39:45 [DiscoveryClient-CacheRefreshExecutor-0] DEBUG o.s.web.client.RestTemplate - Response 200 OK
2025-07-05 10:39:45 [DiscoveryClient-CacheRefreshExecutor-0] DEBUG o.s.web.client.RestTemplate - Reading to [org.springframework.cloud.netflix.eureka.http.EurekaApplications]
2025-07-05 10:40:15 [DiscoveryClient-HeartbeatExecutor-0] DEBUG o.s.web.client.RestTemplate - HTTP PUT http://localhost:8081/eureka/apps/USERS-SERVICE/192.168.151.216:users-service:8082?status=UP&lastDirtyTimestamp=1751727982946
2025-07-05 10:40:15 [DiscoveryClient-HeartbeatExecutor-0] DEBUG o.s.web.client.RestTemplate - Accept=[application/json, application/*+json]
2025-07-05 10:40:15 [DiscoveryClient-HeartbeatExecutor-0] DEBUG o.s.web.client.RestTemplate - Response 200 OK
2025-07-05 10:40:15 [DiscoveryClient-CacheRefreshExecutor-0] DEBUG o.s.web.client.RestTemplate - HTTP GET http://localhost:8081/eureka/apps/delta
2025-07-05 10:40:15 [DiscoveryClient-CacheRefreshExecutor-0] DEBUG o.s.web.client.RestTemplate - Accept=[application/json, application/*+json]
2025-07-05 10:40:15 [DiscoveryClient-CacheRefreshExecutor-0] DEBUG o.s.web.client.RestTemplate - Response 200 OK
2025-07-05 10:40:15 [DiscoveryClient-CacheRefreshExecutor-0] DEBUG o.s.web.client.RestTemplate - Reading to [org.springframework.cloud.netflix.eureka.http.EurekaApplications]
2025-07-05 10:40:45 [DiscoveryClient-HeartbeatExecutor-0] DEBUG o.s.web.client.RestTemplate - HTTP PUT http://localhost:8081/eureka/apps/USERS-SERVICE/192.168.151.216:users-service:8082?status=UP&lastDirtyTimestamp=1751727982946
2025-07-05 10:40:45 [DiscoveryClient-HeartbeatExecutor-0] DEBUG o.s.web.client.RestTemplate - Accept=[application/json, application/*+json]
2025-07-05 10:40:45 [DiscoveryClient-HeartbeatExecutor-0] DEBUG o.s.web.client.RestTemplate - Response 200 OK
2025-07-05 10:40:45 [DiscoveryClient-CacheRefreshExecutor-0] DEBUG o.s.web.client.RestTemplate - HTTP GET http://localhost:8081/eureka/apps/delta
2025-07-05 10:40:45 [DiscoveryClient-CacheRefreshExecutor-0] DEBUG o.s.web.client.RestTemplate - Accept=[application/json, application/*+json]
2025-07-05 10:40:45 [DiscoveryClient-CacheRefreshExecutor-0] DEBUG o.s.web.client.RestTemplate - Response 200 OK
2025-07-05 10:40:45 [DiscoveryClient-CacheRefreshExecutor-0] DEBUG o.s.web.client.RestTemplate - Reading to [org.springframework.cloud.netflix.eureka.http.EurekaApplications]
2025-07-05 10:41:15 [DiscoveryClient-HeartbeatExecutor-0] DEBUG o.s.web.client.RestTemplate - HTTP PUT http://localhost:8081/eureka/apps/USERS-SERVICE/192.168.151.216:users-service:8082?status=UP&lastDirtyTimestamp=1751727982946
2025-07-05 10:41:15 [DiscoveryClient-CacheRefreshExecutor-0] DEBUG o.s.web.client.RestTemplate - HTTP GET http://localhost:8081/eureka/apps/delta
2025-07-05 10:41:15 [DiscoveryClient-CacheRefreshExecutor-0] DEBUG o.s.web.client.RestTemplate - Accept=[application/json, application/*+json]
2025-07-05 10:41:15 [DiscoveryClient-HeartbeatExecutor-0] DEBUG o.s.web.client.RestTemplate - Accept=[application/json, application/*+json]
2025-07-05 10:41:15 [DiscoveryClient-HeartbeatExecutor-0] DEBUG o.s.web.client.RestTemplate - Response 200 OK
2025-07-05 10:41:15 [DiscoveryClient-CacheRefreshExecutor-0] DEBUG o.s.web.client.RestTemplate - Response 200 OK
2025-07-05 10:41:15 [DiscoveryClient-CacheRefreshExecutor-0] DEBUG o.s.web.client.RestTemplate - Reading to [org.springframework.cloud.netflix.eureka.http.EurekaApplications]
2025-07-05 10:41:43 [AsyncResolver-bootstrap-executor-0] INFO  c.n.d.s.r.aws.ConfigClusterResolver - Resolving eureka endpoints via configuration
2025-07-05 10:41:45 [DiscoveryClient-HeartbeatExecutor-0] DEBUG o.s.web.client.RestTemplate - HTTP PUT http://localhost:8081/eureka/apps/USERS-SERVICE/192.168.151.216:users-service:8082?status=UP&lastDirtyTimestamp=1751727982946
2025-07-05 10:41:45 [DiscoveryClient-HeartbeatExecutor-0] DEBUG o.s.web.client.RestTemplate - Accept=[application/json, application/*+json]
2025-07-05 10:41:45 [DiscoveryClient-CacheRefreshExecutor-0] DEBUG o.s.web.client.RestTemplate - HTTP GET http://localhost:8081/eureka/apps/delta
2025-07-05 10:41:45 [DiscoveryClient-CacheRefreshExecutor-0] DEBUG o.s.web.client.RestTemplate - Accept=[application/json, application/*+json]
2025-07-05 10:41:45 [DiscoveryClient-CacheRefreshExecutor-0] DEBUG o.s.web.client.RestTemplate - Response 200 OK
2025-07-05 10:41:45 [DiscoveryClient-CacheRefreshExecutor-0] DEBUG o.s.web.client.RestTemplate - Reading to [org.springframework.cloud.netflix.eureka.http.EurekaApplications]
2025-07-05 10:41:45 [DiscoveryClient-HeartbeatExecutor-0] DEBUG o.s.web.client.RestTemplate - Response 200 OK
2025-07-05 10:42:15 [DiscoveryClient-HeartbeatExecutor-0] DEBUG o.s.web.client.RestTemplate - HTTP PUT http://localhost:8081/eureka/apps/USERS-SERVICE/192.168.151.216:users-service:8082?status=UP&lastDirtyTimestamp=1751727982946
2025-07-05 10:42:15 [DiscoveryClient-CacheRefreshExecutor-0] DEBUG o.s.web.client.RestTemplate - HTTP GET http://localhost:8081/eureka/apps/delta
2025-07-05 10:42:15 [DiscoveryClient-HeartbeatExecutor-0] DEBUG o.s.web.client.RestTemplate - Accept=[application/json, application/*+json]
2025-07-05 10:42:15 [DiscoveryClient-CacheRefreshExecutor-0] DEBUG o.s.web.client.RestTemplate - Accept=[application/json, application/*+json]
2025-07-05 10:42:15 [DiscoveryClient-CacheRefreshExecutor-0] DEBUG o.s.web.client.RestTemplate - Response 200 OK
2025-07-05 10:42:15 [DiscoveryClient-HeartbeatExecutor-0] DEBUG o.s.web.client.RestTemplate - Response 200 OK
2025-07-05 10:42:15 [DiscoveryClient-CacheRefreshExecutor-0] DEBUG o.s.web.client.RestTemplate - Reading to [org.springframework.cloud.netflix.eureka.http.EurekaApplications]
2025-07-05 10:42:45 [DiscoveryClient-HeartbeatExecutor-0] DEBUG o.s.web.client.RestTemplate - HTTP PUT http://localhost:8081/eureka/apps/USERS-SERVICE/192.168.151.216:users-service:8082?status=UP&lastDirtyTimestamp=1751727982946
2025-07-05 10:42:45 [DiscoveryClient-HeartbeatExecutor-0] DEBUG o.s.web.client.RestTemplate - Accept=[application/json, application/*+json]
2025-07-05 10:42:45 [DiscoveryClient-CacheRefreshExecutor-0] DEBUG o.s.web.client.RestTemplate - HTTP GET http://localhost:8081/eureka/apps/delta
2025-07-05 10:42:45 [DiscoveryClient-CacheRefreshExecutor-0] DEBUG o.s.web.client.RestTemplate - Accept=[application/json, application/*+json]
2025-07-05 10:42:45 [DiscoveryClient-HeartbeatExecutor-0] DEBUG o.s.web.client.RestTemplate - Response 200 OK
2025-07-05 10:42:45 [DiscoveryClient-CacheRefreshExecutor-0] DEBUG o.s.web.client.RestTemplate - Response 200 OK
2025-07-05 10:42:45 [DiscoveryClient-CacheRefreshExecutor-0] DEBUG o.s.web.client.RestTemplate - Reading to [org.springframework.cloud.netflix.eureka.http.EurekaApplications]
2025-07-05 10:43:15 [DiscoveryClient-HeartbeatExecutor-0] DEBUG o.s.web.client.RestTemplate - HTTP PUT http://localhost:8081/eureka/apps/USERS-SERVICE/192.168.151.216:users-service:8082?status=UP&lastDirtyTimestamp=1751727982946
2025-07-05 10:43:15 [DiscoveryClient-HeartbeatExecutor-0] DEBUG o.s.web.client.RestTemplate - Accept=[application/json, application/*+json]
2025-07-05 10:43:15 [DiscoveryClient-CacheRefreshExecutor-0] DEBUG o.s.web.client.RestTemplate - HTTP GET http://localhost:8081/eureka/apps/delta
2025-07-05 10:43:15 [DiscoveryClient-CacheRefreshExecutor-0] DEBUG o.s.web.client.RestTemplate - Accept=[application/json, application/*+json]
2025-07-05 10:43:15 [DiscoveryClient-HeartbeatExecutor-0] DEBUG o.s.web.client.RestTemplate - Response 200 OK
2025-07-05 10:43:15 [DiscoveryClient-CacheRefreshExecutor-0] DEBUG o.s.web.client.RestTemplate - Response 200 OK
2025-07-05 10:43:15 [DiscoveryClient-CacheRefreshExecutor-0] DEBUG o.s.web.client.RestTemplate - Reading to [org.springframework.cloud.netflix.eureka.http.EurekaApplications]
2025-07-05 10:43:45 [DiscoveryClient-HeartbeatExecutor-0] DEBUG o.s.web.client.RestTemplate - HTTP PUT http://localhost:8081/eureka/apps/USERS-SERVICE/192.168.151.216:users-service:8082?status=UP&lastDirtyTimestamp=1751727982946
2025-07-05 10:43:45 [DiscoveryClient-HeartbeatExecutor-0] DEBUG o.s.web.client.RestTemplate - Accept=[application/json, application/*+json]
2025-07-05 10:43:45 [DiscoveryClient-CacheRefreshExecutor-0] DEBUG o.s.web.client.RestTemplate - HTTP GET http://localhost:8081/eureka/apps/delta
2025-07-05 10:43:45 [DiscoveryClient-CacheRefreshExecutor-0] DEBUG o.s.web.client.RestTemplate - Accept=[application/json, application/*+json]
2025-07-05 10:43:45 [DiscoveryClient-HeartbeatExecutor-0] DEBUG o.s.web.client.RestTemplate - Response 200 OK
2025-07-05 10:43:45 [DiscoveryClient-CacheRefreshExecutor-0] DEBUG o.s.web.client.RestTemplate - Response 200 OK
2025-07-05 10:43:45 [DiscoveryClient-CacheRefreshExecutor-0] DEBUG o.s.web.client.RestTemplate - Reading to [org.springframework.cloud.netflix.eureka.http.EurekaApplications]
2025-07-05 10:44:15 [DiscoveryClient-HeartbeatExecutor-0] DEBUG o.s.web.client.RestTemplate - HTTP PUT http://localhost:8081/eureka/apps/USERS-SERVICE/192.168.151.216:users-service:8082?status=UP&lastDirtyTimestamp=1751727982946
2025-07-05 10:44:15 [DiscoveryClient-CacheRefreshExecutor-0] DEBUG o.s.web.client.RestTemplate - HTTP GET http://localhost:8081/eureka/apps/delta
2025-07-05 10:44:15 [DiscoveryClient-HeartbeatExecutor-0] DEBUG o.s.web.client.RestTemplate - Accept=[application/json, application/*+json]
2025-07-05 10:44:15 [DiscoveryClient-CacheRefreshExecutor-0] DEBUG o.s.web.client.RestTemplate - Accept=[application/json, application/*+json]
2025-07-05 10:44:15 [DiscoveryClient-HeartbeatExecutor-0] DEBUG o.s.web.client.RestTemplate - Response 200 OK
2025-07-05 10:44:15 [DiscoveryClient-CacheRefreshExecutor-0] DEBUG o.s.web.client.RestTemplate - Response 200 OK
2025-07-05 10:44:15 [DiscoveryClient-CacheRefreshExecutor-0] DEBUG o.s.web.client.RestTemplate - Reading to [org.springframework.cloud.netflix.eureka.http.EurekaApplications]
2025-07-05 10:44:45 [DiscoveryClient-HeartbeatExecutor-0] DEBUG o.s.web.client.RestTemplate - HTTP PUT http://localhost:8081/eureka/apps/USERS-SERVICE/192.168.151.216:users-service:8082?status=UP&lastDirtyTimestamp=1751727982946
2025-07-05 10:44:45 [DiscoveryClient-HeartbeatExecutor-0] DEBUG o.s.web.client.RestTemplate - Accept=[application/json, application/*+json]
2025-07-05 10:44:45 [DiscoveryClient-CacheRefreshExecutor-0] DEBUG o.s.web.client.RestTemplate - HTTP GET http://localhost:8081/eureka/apps/delta
2025-07-05 10:44:45 [DiscoveryClient-HeartbeatExecutor-0] DEBUG o.s.web.client.RestTemplate - Response 200 OK
2025-07-05 10:44:45 [DiscoveryClient-CacheRefreshExecutor-0] DEBUG o.s.web.client.RestTemplate - Accept=[application/json, application/*+json]
2025-07-05 10:44:45 [DiscoveryClient-CacheRefreshExecutor-0] DEBUG o.s.web.client.RestTemplate - Response 200 OK
2025-07-05 10:44:45 [DiscoveryClient-CacheRefreshExecutor-0] DEBUG o.s.web.client.RestTemplate - Reading to [org.springframework.cloud.netflix.eureka.http.EurekaApplications]
2025-07-05 10:45:15 [DiscoveryClient-HeartbeatExecutor-0] DEBUG o.s.web.client.RestTemplate - HTTP PUT http://localhost:8081/eureka/apps/USERS-SERVICE/192.168.151.216:users-service:8082?status=UP&lastDirtyTimestamp=1751727982946
2025-07-05 10:45:15 [DiscoveryClient-HeartbeatExecutor-0] DEBUG o.s.web.client.RestTemplate - Accept=[application/json, application/*+json]
2025-07-05 10:45:15 [DiscoveryClient-HeartbeatExecutor-0] DEBUG o.s.web.client.RestTemplate - Response 200 OK
2025-07-05 10:45:15 [DiscoveryClient-CacheRefreshExecutor-0] DEBUG o.s.web.client.RestTemplate - HTTP GET http://localhost:8081/eureka/apps/delta
2025-07-05 10:45:15 [DiscoveryClient-CacheRefreshExecutor-0] DEBUG o.s.web.client.RestTemplate - Accept=[application/json, application/*+json]
2025-07-05 10:45:15 [DiscoveryClient-CacheRefreshExecutor-0] DEBUG o.s.web.client.RestTemplate - Response 200 OK
2025-07-05 10:45:15 [DiscoveryClient-CacheRefreshExecutor-0] DEBUG o.s.web.client.RestTemplate - Reading to [org.springframework.cloud.netflix.eureka.http.EurekaApplications]
2025-07-05 10:45:45 [DiscoveryClient-HeartbeatExecutor-0] DEBUG o.s.web.client.RestTemplate - HTTP PUT http://localhost:8081/eureka/apps/USERS-SERVICE/192.168.151.216:users-service:8082?status=UP&lastDirtyTimestamp=1751727982946
2025-07-05 10:45:45 [DiscoveryClient-HeartbeatExecutor-0] DEBUG o.s.web.client.RestTemplate - Accept=[application/json, application/*+json]
2025-07-05 10:45:45 [DiscoveryClient-HeartbeatExecutor-0] DEBUG o.s.web.client.RestTemplate - Response 200 OK
2025-07-05 10:45:45 [DiscoveryClient-CacheRefreshExecutor-0] DEBUG o.s.web.client.RestTemplate - HTTP GET http://localhost:8081/eureka/apps/delta
2025-07-05 10:45:45 [DiscoveryClient-CacheRefreshExecutor-0] DEBUG o.s.web.client.RestTemplate - Accept=[application/json, application/*+json]
2025-07-05 10:45:45 [DiscoveryClient-CacheRefreshExecutor-0] DEBUG o.s.web.client.RestTemplate - Response 200 OK
2025-07-05 10:45:45 [DiscoveryClient-CacheRefreshExecutor-0] DEBUG o.s.web.client.RestTemplate - Reading to [org.springframework.cloud.netflix.eureka.http.EurekaApplications]
2025-07-05 10:46:15 [DiscoveryClient-HeartbeatExecutor-0] DEBUG o.s.web.client.RestTemplate - HTTP PUT http://localhost:8081/eureka/apps/USERS-SERVICE/192.168.151.216:users-service:8082?status=UP&lastDirtyTimestamp=1751727982946
2025-07-05 10:46:15 [DiscoveryClient-HeartbeatExecutor-0] DEBUG o.s.web.client.RestTemplate - Accept=[application/json, application/*+json]
2025-07-05 10:46:15 [DiscoveryClient-HeartbeatExecutor-0] DEBUG o.s.web.client.RestTemplate - Response 200 OK
2025-07-05 10:46:15 [DiscoveryClient-CacheRefreshExecutor-0] DEBUG o.s.web.client.RestTemplate - HTTP GET http://localhost:8081/eureka/apps/delta
2025-07-05 10:46:15 [DiscoveryClient-CacheRefreshExecutor-0] DEBUG o.s.web.client.RestTemplate - Accept=[application/json, application/*+json]
2025-07-05 10:46:15 [DiscoveryClient-CacheRefreshExecutor-0] DEBUG o.s.web.client.RestTemplate - Response 200 OK
2025-07-05 10:46:15 [DiscoveryClient-CacheRefreshExecutor-0] DEBUG o.s.web.client.RestTemplate - Reading to [org.springframework.cloud.netflix.eureka.http.EurekaApplications]
2025-07-05 10:46:43 [AsyncResolver-bootstrap-executor-0] INFO  c.n.d.s.r.aws.ConfigClusterResolver - Resolving eureka endpoints via configuration
2025-07-05 10:46:45 [DiscoveryClient-HeartbeatExecutor-0] DEBUG o.s.web.client.RestTemplate - HTTP PUT http://localhost:8081/eureka/apps/USERS-SERVICE/192.168.151.216:users-service:8082?status=UP&lastDirtyTimestamp=1751727982946
2025-07-05 10:46:45 [DiscoveryClient-HeartbeatExecutor-0] DEBUG o.s.web.client.RestTemplate - Accept=[application/json, application/*+json]
2025-07-05 10:46:45 [DiscoveryClient-HeartbeatExecutor-0] DEBUG o.s.web.client.RestTemplate - Response 200 OK
2025-07-05 10:46:45 [DiscoveryClient-CacheRefreshExecutor-0] DEBUG o.s.web.client.RestTemplate - HTTP GET http://localhost:8081/eureka/apps/delta
2025-07-05 10:46:45 [DiscoveryClient-CacheRefreshExecutor-0] DEBUG o.s.web.client.RestTemplate - Accept=[application/json, application/*+json]
2025-07-05 10:46:45 [DiscoveryClient-CacheRefreshExecutor-0] DEBUG o.s.web.client.RestTemplate - Response 200 OK
2025-07-05 10:46:45 [DiscoveryClient-CacheRefreshExecutor-0] DEBUG o.s.web.client.RestTemplate - Reading to [org.springframework.cloud.netflix.eureka.http.EurekaApplications]
2025-07-05 10:47:15 [DiscoveryClient-HeartbeatExecutor-0] DEBUG o.s.web.client.RestTemplate - HTTP PUT http://localhost:8081/eureka/apps/USERS-SERVICE/192.168.151.216:users-service:8082?status=UP&lastDirtyTimestamp=1751727982946
2025-07-05 10:47:15 [DiscoveryClient-HeartbeatExecutor-0] DEBUG o.s.web.client.RestTemplate - Accept=[application/json, application/*+json]
2025-07-05 10:47:15 [DiscoveryClient-HeartbeatExecutor-0] DEBUG o.s.web.client.RestTemplate - Response 200 OK
2025-07-05 10:47:15 [DiscoveryClient-CacheRefreshExecutor-0] DEBUG o.s.web.client.RestTemplate - HTTP GET http://localhost:8081/eureka/apps/delta
2025-07-05 10:47:15 [DiscoveryClient-CacheRefreshExecutor-0] DEBUG o.s.web.client.RestTemplate - Accept=[application/json, application/*+json]
2025-07-05 10:47:15 [DiscoveryClient-CacheRefreshExecutor-0] DEBUG o.s.web.client.RestTemplate - Response 200 OK
2025-07-05 10:47:15 [DiscoveryClient-CacheRefreshExecutor-0] DEBUG o.s.web.client.RestTemplate - Reading to [org.springframework.cloud.netflix.eureka.http.EurekaApplications]
2025-07-05 10:47:45 [DiscoveryClient-HeartbeatExecutor-0] DEBUG o.s.web.client.RestTemplate - HTTP PUT http://localhost:8081/eureka/apps/USERS-SERVICE/192.168.151.216:users-service:8082?status=UP&lastDirtyTimestamp=1751727982946
2025-07-05 10:47:45 [DiscoveryClient-HeartbeatExecutor-0] DEBUG o.s.web.client.RestTemplate - Accept=[application/json, application/*+json]
2025-07-05 10:47:45 [DiscoveryClient-CacheRefreshExecutor-0] DEBUG o.s.web.client.RestTemplate - HTTP GET http://localhost:8081/eureka/apps/delta
2025-07-05 10:47:45 [DiscoveryClient-CacheRefreshExecutor-0] DEBUG o.s.web.client.RestTemplate - Accept=[application/json, application/*+json]
2025-07-05 10:47:45 [DiscoveryClient-CacheRefreshExecutor-0] DEBUG o.s.web.client.RestTemplate - Response 200 OK
2025-07-05 10:47:45 [DiscoveryClient-HeartbeatExecutor-0] DEBUG o.s.web.client.RestTemplate - Response 200 OK
2025-07-05 10:47:45 [DiscoveryClient-CacheRefreshExecutor-0] DEBUG o.s.web.client.RestTemplate - Reading to [org.springframework.cloud.netflix.eureka.http.EurekaApplications]
2025-07-05 10:48:15 [DiscoveryClient-HeartbeatExecutor-0] DEBUG o.s.web.client.RestTemplate - HTTP PUT http://localhost:8081/eureka/apps/USERS-SERVICE/192.168.151.216:users-service:8082?status=UP&lastDirtyTimestamp=1751727982946
2025-07-05 10:48:15 [DiscoveryClient-HeartbeatExecutor-0] DEBUG o.s.web.client.RestTemplate - Accept=[application/json, application/*+json]
2025-07-05 10:48:15 [DiscoveryClient-CacheRefreshExecutor-0] DEBUG o.s.web.client.RestTemplate - HTTP GET http://localhost:8081/eureka/apps/delta
2025-07-05 10:48:15 [DiscoveryClient-CacheRefreshExecutor-0] DEBUG o.s.web.client.RestTemplate - Accept=[application/json, application/*+json]
2025-07-05 10:48:15 [DiscoveryClient-HeartbeatExecutor-0] DEBUG o.s.web.client.RestTemplate - Response 200 OK
2025-07-05 10:48:15 [DiscoveryClient-CacheRefreshExecutor-0] DEBUG o.s.web.client.RestTemplate - Response 200 OK
2025-07-05 10:48:15 [DiscoveryClient-CacheRefreshExecutor-0] DEBUG o.s.web.client.RestTemplate - Reading to [org.springframework.cloud.netflix.eureka.http.EurekaApplications]
2025-07-05 10:48:45 [DiscoveryClient-HeartbeatExecutor-0] DEBUG o.s.web.client.RestTemplate - HTTP PUT http://localhost:8081/eureka/apps/USERS-SERVICE/192.168.151.216:users-service:8082?status=UP&lastDirtyTimestamp=1751727982946
2025-07-05 10:48:45 [DiscoveryClient-HeartbeatExecutor-0] DEBUG o.s.web.client.RestTemplate - Accept=[application/json, application/*+json]
2025-07-05 10:48:45 [DiscoveryClient-CacheRefreshExecutor-0] DEBUG o.s.web.client.RestTemplate - HTTP GET http://localhost:8081/eureka/apps/delta
2025-07-05 10:48:45 [DiscoveryClient-CacheRefreshExecutor-0] DEBUG o.s.web.client.RestTemplate - Accept=[application/json, application/*+json]
2025-07-05 10:48:45 [DiscoveryClient-HeartbeatExecutor-0] DEBUG o.s.web.client.RestTemplate - Response 200 OK
2025-07-05 10:48:45 [DiscoveryClient-CacheRefreshExecutor-0] DEBUG o.s.web.client.RestTemplate - Response 200 OK
2025-07-05 10:48:45 [DiscoveryClient-CacheRefreshExecutor-0] DEBUG o.s.web.client.RestTemplate - Reading to [org.springframework.cloud.netflix.eureka.http.EurekaApplications]
2025-07-05 10:49:15 [DiscoveryClient-HeartbeatExecutor-0] DEBUG o.s.web.client.RestTemplate - HTTP PUT http://localhost:8081/eureka/apps/USERS-SERVICE/192.168.151.216:users-service:8082?status=UP&lastDirtyTimestamp=1751727982946
2025-07-05 10:49:15 [DiscoveryClient-HeartbeatExecutor-0] DEBUG o.s.web.client.RestTemplate - Accept=[application/json, application/*+json]
2025-07-05 10:49:15 [DiscoveryClient-CacheRefreshExecutor-0] DEBUG o.s.web.client.RestTemplate - HTTP GET http://localhost:8081/eureka/apps/delta
2025-07-05 10:49:15 [DiscoveryClient-CacheRefreshExecutor-0] DEBUG o.s.web.client.RestTemplate - Accept=[application/json, application/*+json]
2025-07-05 10:49:15 [DiscoveryClient-CacheRefreshExecutor-0] DEBUG o.s.web.client.RestTemplate - Response 200 OK
2025-07-05 10:49:15 [DiscoveryClient-CacheRefreshExecutor-0] DEBUG o.s.web.client.RestTemplate - Reading to [org.springframework.cloud.netflix.eureka.http.EurekaApplications]
2025-07-05 10:49:15 [DiscoveryClient-HeartbeatExecutor-0] DEBUG o.s.web.client.RestTemplate - Response 200 OK
2025-07-05 10:49:45 [DiscoveryClient-CacheRefreshExecutor-0] DEBUG o.s.web.client.RestTemplate - HTTP GET http://localhost:8081/eureka/apps/delta
2025-07-05 10:49:45 [DiscoveryClient-CacheRefreshExecutor-0] DEBUG o.s.web.client.RestTemplate - Accept=[application/json, application/*+json]
2025-07-05 10:49:45 [DiscoveryClient-HeartbeatExecutor-0] DEBUG o.s.web.client.RestTemplate - HTTP PUT http://localhost:8081/eureka/apps/USERS-SERVICE/192.168.151.216:users-service:8082?status=UP&lastDirtyTimestamp=1751727982946
2025-07-05 10:49:45 [DiscoveryClient-HeartbeatExecutor-0] DEBUG o.s.web.client.RestTemplate - Accept=[application/json, application/*+json]
2025-07-05 10:49:45 [DiscoveryClient-CacheRefreshExecutor-0] DEBUG o.s.web.client.RestTemplate - Response 200 OK
2025-07-05 10:49:45 [DiscoveryClient-CacheRefreshExecutor-0] DEBUG o.s.web.client.RestTemplate - Reading to [org.springframework.cloud.netflix.eureka.http.EurekaApplications]
2025-07-05 10:49:45 [DiscoveryClient-HeartbeatExecutor-0] DEBUG o.s.web.client.RestTemplate - Response 200 OK
2025-07-05 10:50:15 [DiscoveryClient-CacheRefreshExecutor-0] DEBUG o.s.web.client.RestTemplate - HTTP GET http://localhost:8081/eureka/apps/delta
2025-07-05 10:50:15 [DiscoveryClient-HeartbeatExecutor-0] DEBUG o.s.web.client.RestTemplate - HTTP PUT http://localhost:8081/eureka/apps/USERS-SERVICE/192.168.151.216:users-service:8082?status=UP&lastDirtyTimestamp=1751727982946
2025-07-05 10:50:15 [DiscoveryClient-CacheRefreshExecutor-0] DEBUG o.s.web.client.RestTemplate - Accept=[application/json, application/*+json]
2025-07-05 10:50:15 [DiscoveryClient-HeartbeatExecutor-0] DEBUG o.s.web.client.RestTemplate - Accept=[application/json, application/*+json]
2025-07-05 10:50:15 [DiscoveryClient-CacheRefreshExecutor-0] DEBUG o.s.web.client.RestTemplate - Response 200 OK
2025-07-05 10:50:15 [DiscoveryClient-HeartbeatExecutor-0] DEBUG o.s.web.client.RestTemplate - Response 200 OK
2025-07-05 10:50:15 [DiscoveryClient-CacheRefreshExecutor-0] DEBUG o.s.web.client.RestTemplate - Reading to [org.springframework.cloud.netflix.eureka.http.EurekaApplications]
2025-07-05 10:50:45 [DiscoveryClient-HeartbeatExecutor-0] DEBUG o.s.web.client.RestTemplate - HTTP PUT http://localhost:8081/eureka/apps/USERS-SERVICE/192.168.151.216:users-service:8082?status=UP&lastDirtyTimestamp=1751727982946
2025-07-05 10:50:45 [DiscoveryClient-HeartbeatExecutor-0] DEBUG o.s.web.client.RestTemplate - Accept=[application/json, application/*+json]
2025-07-05 10:50:45 [DiscoveryClient-CacheRefreshExecutor-0] DEBUG o.s.web.client.RestTemplate - HTTP GET http://localhost:8081/eureka/apps/delta
2025-07-05 10:50:45 [DiscoveryClient-CacheRefreshExecutor-0] DEBUG o.s.web.client.RestTemplate - Accept=[application/json, application/*+json]
2025-07-05 10:50:45 [DiscoveryClient-HeartbeatExecutor-0] DEBUG o.s.web.client.RestTemplate - Response 200 OK
2025-07-05 10:50:45 [DiscoveryClient-CacheRefreshExecutor-0] DEBUG o.s.web.client.RestTemplate - Response 200 OK
2025-07-05 10:50:45 [DiscoveryClient-CacheRefreshExecutor-0] DEBUG o.s.web.client.RestTemplate - Reading to [org.springframework.cloud.netflix.eureka.http.EurekaApplications]
2025-07-05 10:51:15 [DiscoveryClient-HeartbeatExecutor-0] DEBUG o.s.web.client.RestTemplate - HTTP PUT http://localhost:8081/eureka/apps/USERS-SERVICE/192.168.151.216:users-service:8082?status=UP&lastDirtyTimestamp=1751727982946
2025-07-05 10:51:15 [DiscoveryClient-HeartbeatExecutor-0] DEBUG o.s.web.client.RestTemplate - Accept=[application/json, application/*+json]
2025-07-05 10:51:15 [DiscoveryClient-CacheRefreshExecutor-0] DEBUG o.s.web.client.RestTemplate - HTTP GET http://localhost:8081/eureka/apps/delta
2025-07-05 10:51:15 [DiscoveryClient-CacheRefreshExecutor-0] DEBUG o.s.web.client.RestTemplate - Accept=[application/json, application/*+json]
2025-07-05 10:51:15 [DiscoveryClient-HeartbeatExecutor-0] DEBUG o.s.web.client.RestTemplate - Response 200 OK
2025-07-05 10:51:15 [DiscoveryClient-CacheRefreshExecutor-0] DEBUG o.s.web.client.RestTemplate - Response 200 OK
2025-07-05 10:51:15 [DiscoveryClient-CacheRefreshExecutor-0] DEBUG o.s.web.client.RestTemplate - Reading to [org.springframework.cloud.netflix.eureka.http.EurekaApplications]
2025-07-05 10:51:43 [AsyncResolver-bootstrap-executor-0] INFO  c.n.d.s.r.aws.ConfigClusterResolver - Resolving eureka endpoints via configuration
2025-07-05 10:51:45 [DiscoveryClient-HeartbeatExecutor-0] DEBUG o.s.web.client.RestTemplate - HTTP PUT http://localhost:8081/eureka/apps/USERS-SERVICE/192.168.151.216:users-service:8082?status=UP&lastDirtyTimestamp=1751727982946
2025-07-05 10:51:45 [DiscoveryClient-HeartbeatExecutor-0] DEBUG o.s.web.client.RestTemplate - Accept=[application/json, application/*+json]
2025-07-05 10:51:45 [DiscoveryClient-CacheRefreshExecutor-0] DEBUG o.s.web.client.RestTemplate - HTTP GET http://localhost:8081/eureka/apps/delta
2025-07-05 10:51:45 [DiscoveryClient-CacheRefreshExecutor-0] DEBUG o.s.web.client.RestTemplate - Accept=[application/json, application/*+json]
2025-07-05 10:51:45 [DiscoveryClient-HeartbeatExecutor-0] DEBUG o.s.web.client.RestTemplate - Response 200 OK
2025-07-05 10:51:45 [DiscoveryClient-CacheRefreshExecutor-0] DEBUG o.s.web.client.RestTemplate - Response 200 OK
2025-07-05 10:51:45 [DiscoveryClient-CacheRefreshExecutor-0] DEBUG o.s.web.client.RestTemplate - Reading to [org.springframework.cloud.netflix.eureka.http.EurekaApplications]
2025-07-05 10:52:15 [DiscoveryClient-HeartbeatExecutor-0] DEBUG o.s.web.client.RestTemplate - HTTP PUT http://localhost:8081/eureka/apps/USERS-SERVICE/192.168.151.216:users-service:8082?status=UP&lastDirtyTimestamp=1751727982946
2025-07-05 10:52:15 [DiscoveryClient-HeartbeatExecutor-0] DEBUG o.s.web.client.RestTemplate - Accept=[application/json, application/*+json]
2025-07-05 10:52:15 [DiscoveryClient-CacheRefreshExecutor-0] DEBUG o.s.web.client.RestTemplate - HTTP GET http://localhost:8081/eureka/apps/delta
2025-07-05 10:52:15 [DiscoveryClient-CacheRefreshExecutor-0] DEBUG o.s.web.client.RestTemplate - Accept=[application/json, application/*+json]
2025-07-05 10:52:15 [DiscoveryClient-CacheRefreshExecutor-0] DEBUG o.s.web.client.RestTemplate - Response 200 OK
2025-07-05 10:52:15 [DiscoveryClient-HeartbeatExecutor-0] DEBUG o.s.web.client.RestTemplate - Response 200 OK
2025-07-05 10:52:15 [DiscoveryClient-CacheRefreshExecutor-0] DEBUG o.s.web.client.RestTemplate - Reading to [org.springframework.cloud.netflix.eureka.http.EurekaApplications]
2025-07-05 10:52:45 [DiscoveryClient-HeartbeatExecutor-0] DEBUG o.s.web.client.RestTemplate - HTTP PUT http://localhost:8081/eureka/apps/USERS-SERVICE/192.168.151.216:users-service:8082?status=UP&lastDirtyTimestamp=1751727982946
2025-07-05 10:52:45 [DiscoveryClient-CacheRefreshExecutor-0] DEBUG o.s.web.client.RestTemplate - HTTP GET http://localhost:8081/eureka/apps/delta
2025-07-05 10:52:45 [DiscoveryClient-HeartbeatExecutor-0] DEBUG o.s.web.client.RestTemplate - Accept=[application/json, application/*+json]
2025-07-05 10:52:45 [DiscoveryClient-CacheRefreshExecutor-0] DEBUG o.s.web.client.RestTemplate - Accept=[application/json, application/*+json]
2025-07-05 10:52:45 [DiscoveryClient-CacheRefreshExecutor-0] DEBUG o.s.web.client.RestTemplate - Response 200 OK
2025-07-05 10:52:45 [DiscoveryClient-HeartbeatExecutor-0] DEBUG o.s.web.client.RestTemplate - Response 200 OK
2025-07-05 10:52:45 [DiscoveryClient-CacheRefreshExecutor-0] DEBUG o.s.web.client.RestTemplate - Reading to [org.springframework.cloud.netflix.eureka.http.EurekaApplications]
2025-07-05 10:53:15 [DiscoveryClient-CacheRefreshExecutor-0] DEBUG o.s.web.client.RestTemplate - HTTP GET http://localhost:8081/eureka/apps/delta
2025-07-05 10:53:15 [DiscoveryClient-HeartbeatExecutor-0] DEBUG o.s.web.client.RestTemplate - HTTP PUT http://localhost:8081/eureka/apps/USERS-SERVICE/192.168.151.216:users-service:8082?status=UP&lastDirtyTimestamp=1751727982946
2025-07-05 10:53:15 [DiscoveryClient-CacheRefreshExecutor-0] DEBUG o.s.web.client.RestTemplate - Accept=[application/json, application/*+json]
2025-07-05 10:53:15 [DiscoveryClient-HeartbeatExecutor-0] DEBUG o.s.web.client.RestTemplate - Accept=[application/json, application/*+json]
2025-07-05 10:53:15 [DiscoveryClient-HeartbeatExecutor-0] DEBUG o.s.web.client.RestTemplate - Response 200 OK
2025-07-05 10:53:15 [DiscoveryClient-CacheRefreshExecutor-0] DEBUG o.s.web.client.RestTemplate - Response 200 OK
2025-07-05 10:53:15 [DiscoveryClient-CacheRefreshExecutor-0] DEBUG o.s.web.client.RestTemplate - Reading to [org.springframework.cloud.netflix.eureka.http.EurekaApplications]
2025-07-05 10:53:45 [DiscoveryClient-HeartbeatExecutor-0] DEBUG o.s.web.client.RestTemplate - HTTP PUT http://localhost:8081/eureka/apps/USERS-SERVICE/192.168.151.216:users-service:8082?status=UP&lastDirtyTimestamp=1751727982946
2025-07-05 10:53:45 [DiscoveryClient-HeartbeatExecutor-0] DEBUG o.s.web.client.RestTemplate - Accept=[application/json, application/*+json]
2025-07-05 10:53:45 [DiscoveryClient-CacheRefreshExecutor-0] DEBUG o.s.web.client.RestTemplate - HTTP GET http://localhost:8081/eureka/apps/delta
2025-07-05 10:53:45 [DiscoveryClient-CacheRefreshExecutor-0] DEBUG o.s.web.client.RestTemplate - Accept=[application/json, application/*+json]
2025-07-05 10:53:45 [DiscoveryClient-CacheRefreshExecutor-0] DEBUG o.s.web.client.RestTemplate - Response 200 OK
2025-07-05 10:53:45 [DiscoveryClient-HeartbeatExecutor-0] DEBUG o.s.web.client.RestTemplate - Response 200 OK
2025-07-05 10:53:45 [DiscoveryClient-CacheRefreshExecutor-0] DEBUG o.s.web.client.RestTemplate - Reading to [org.springframework.cloud.netflix.eureka.http.EurekaApplications]
2025-07-05 10:54:15 [DiscoveryClient-HeartbeatExecutor-0] DEBUG o.s.web.client.RestTemplate - HTTP PUT http://localhost:8081/eureka/apps/USERS-SERVICE/192.168.151.216:users-service:8082?status=UP&lastDirtyTimestamp=1751727982946
2025-07-05 10:54:15 [DiscoveryClient-HeartbeatExecutor-0] DEBUG o.s.web.client.RestTemplate - Accept=[application/json, application/*+json]
2025-07-05 10:54:15 [DiscoveryClient-CacheRefreshExecutor-0] DEBUG o.s.web.client.RestTemplate - HTTP GET http://localhost:8081/eureka/apps/delta
2025-07-05 10:54:15 [DiscoveryClient-CacheRefreshExecutor-0] DEBUG o.s.web.client.RestTemplate - Accept=[application/json, application/*+json]
2025-07-05 10:54:15 [DiscoveryClient-CacheRefreshExecutor-0] DEBUG o.s.web.client.RestTemplate - Response 200 OK
2025-07-05 10:54:15 [DiscoveryClient-CacheRefreshExecutor-0] DEBUG o.s.web.client.RestTemplate - Reading to [org.springframework.cloud.netflix.eureka.http.EurekaApplications]
2025-07-05 10:54:15 [DiscoveryClient-HeartbeatExecutor-0] DEBUG o.s.web.client.RestTemplate - Response 200 OK
2025-07-05 10:54:45 [DiscoveryClient-CacheRefreshExecutor-0] DEBUG o.s.web.client.RestTemplate - HTTP GET http://localhost:8081/eureka/apps/delta
2025-07-05 10:54:45 [DiscoveryClient-CacheRefreshExecutor-0] DEBUG o.s.web.client.RestTemplate - Accept=[application/json, application/*+json]
2025-07-05 10:54:45 [DiscoveryClient-HeartbeatExecutor-0] DEBUG o.s.web.client.RestTemplate - HTTP PUT http://localhost:8081/eureka/apps/USERS-SERVICE/192.168.151.216:users-service:8082?status=UP&lastDirtyTimestamp=1751727982946
2025-07-05 10:54:45 [DiscoveryClient-HeartbeatExecutor-0] DEBUG o.s.web.client.RestTemplate - Accept=[application/json, application/*+json]
2025-07-05 10:54:45 [DiscoveryClient-CacheRefreshExecutor-0] DEBUG o.s.web.client.RestTemplate - Response 200 OK
2025-07-05 10:54:45 [DiscoveryClient-CacheRefreshExecutor-0] DEBUG o.s.web.client.RestTemplate - Reading to [org.springframework.cloud.netflix.eureka.http.EurekaApplications]
2025-07-05 10:54:45 [DiscoveryClient-HeartbeatExecutor-0] DEBUG o.s.web.client.RestTemplate - Response 200 OK
2025-07-05 10:55:15 [DiscoveryClient-CacheRefreshExecutor-0] DEBUG o.s.web.client.RestTemplate - HTTP GET http://localhost:8081/eureka/apps/delta
2025-07-05 10:55:15 [DiscoveryClient-CacheRefreshExecutor-0] DEBUG o.s.web.client.RestTemplate - Accept=[application/json, application/*+json]
2025-07-05 10:55:15 [DiscoveryClient-CacheRefreshExecutor-0] DEBUG o.s.web.client.RestTemplate - Response 200 OK
2025-07-05 10:55:15 [DiscoveryClient-CacheRefreshExecutor-0] DEBUG o.s.web.client.RestTemplate - Reading to [org.springframework.cloud.netflix.eureka.http.EurekaApplications]
2025-07-05 10:55:15 [DiscoveryClient-HeartbeatExecutor-0] DEBUG o.s.web.client.RestTemplate - HTTP PUT http://localhost:8081/eureka/apps/USERS-SERVICE/192.168.151.216:users-service:8082?status=UP&lastDirtyTimestamp=1751727982946
2025-07-05 10:55:15 [DiscoveryClient-HeartbeatExecutor-0] DEBUG o.s.web.client.RestTemplate - Accept=[application/json, application/*+json]
2025-07-05 10:55:15 [DiscoveryClient-HeartbeatExecutor-0] DEBUG o.s.web.client.RestTemplate - Response 200 OK
2025-07-05 10:55:45 [DiscoveryClient-CacheRefreshExecutor-0] DEBUG o.s.web.client.RestTemplate - HTTP GET http://localhost:8081/eureka/apps/delta
2025-07-05 10:55:45 [DiscoveryClient-CacheRefreshExecutor-0] DEBUG o.s.web.client.RestTemplate - Accept=[application/json, application/*+json]
2025-07-05 10:55:45 [DiscoveryClient-CacheRefreshExecutor-0] DEBUG o.s.web.client.RestTemplate - Response 200 OK
2025-07-05 10:55:45 [DiscoveryClient-HeartbeatExecutor-0] DEBUG o.s.web.client.RestTemplate - HTTP PUT http://localhost:8081/eureka/apps/USERS-SERVICE/192.168.151.216:users-service:8082?status=UP&lastDirtyTimestamp=1751727982946
2025-07-05 10:55:45 [DiscoveryClient-HeartbeatExecutor-0] DEBUG o.s.web.client.RestTemplate - Accept=[application/json, application/*+json]
2025-07-05 10:55:45 [DiscoveryClient-CacheRefreshExecutor-0] DEBUG o.s.web.client.RestTemplate - Reading to [org.springframework.cloud.netflix.eureka.http.EurekaApplications]
2025-07-05 10:55:45 [DiscoveryClient-HeartbeatExecutor-0] DEBUG o.s.web.client.RestTemplate - Response 200 OK
2025-07-05 10:56:15 [DiscoveryClient-CacheRefreshExecutor-0] DEBUG o.s.web.client.RestTemplate - HTTP GET http://localhost:8081/eureka/apps/delta
2025-07-05 10:56:15 [DiscoveryClient-CacheRefreshExecutor-0] DEBUG o.s.web.client.RestTemplate - Accept=[application/json, application/*+json]
2025-07-05 10:56:15 [DiscoveryClient-HeartbeatExecutor-0] DEBUG o.s.web.client.RestTemplate - HTTP PUT http://localhost:8081/eureka/apps/USERS-SERVICE/192.168.151.216:users-service:8082?status=UP&lastDirtyTimestamp=1751727982946
2025-07-05 10:56:15 [DiscoveryClient-HeartbeatExecutor-0] DEBUG o.s.web.client.RestTemplate - Accept=[application/json, application/*+json]
2025-07-05 10:56:15 [DiscoveryClient-CacheRefreshExecutor-0] DEBUG o.s.web.client.RestTemplate - Response 200 OK
2025-07-05 10:56:15 [DiscoveryClient-CacheRefreshExecutor-0] DEBUG o.s.web.client.RestTemplate - Reading to [org.springframework.cloud.netflix.eureka.http.EurekaApplications]
2025-07-05 10:56:15 [DiscoveryClient-HeartbeatExecutor-0] DEBUG o.s.web.client.RestTemplate - Response 200 OK
2025-07-05 10:56:43 [AsyncResolver-bootstrap-executor-0] INFO  c.n.d.s.r.aws.ConfigClusterResolver - Resolving eureka endpoints via configuration
2025-07-05 10:56:45 [DiscoveryClient-CacheRefreshExecutor-0] DEBUG o.s.web.client.RestTemplate - HTTP GET http://localhost:8081/eureka/apps/delta
2025-07-05 10:56:45 [DiscoveryClient-CacheRefreshExecutor-0] DEBUG o.s.web.client.RestTemplate - Accept=[application/json, application/*+json]
2025-07-05 10:56:45 [DiscoveryClient-HeartbeatExecutor-0] DEBUG o.s.web.client.RestTemplate - HTTP PUT http://localhost:8081/eureka/apps/USERS-SERVICE/192.168.151.216:users-service:8082?status=UP&lastDirtyTimestamp=1751727982946
2025-07-05 10:56:45 [DiscoveryClient-HeartbeatExecutor-0] DEBUG o.s.web.client.RestTemplate - Accept=[application/json, application/*+json]
2025-07-05 10:56:45 [DiscoveryClient-CacheRefreshExecutor-0] DEBUG o.s.web.client.RestTemplate - Response 200 OK
2025-07-05 10:56:45 [DiscoveryClient-CacheRefreshExecutor-0] DEBUG o.s.web.client.RestTemplate - Reading to [org.springframework.cloud.netflix.eureka.http.EurekaApplications]
2025-07-05 10:56:45 [DiscoveryClient-HeartbeatExecutor-0] DEBUG o.s.web.client.RestTemplate - Response 200 OK
2025-07-05 10:57:15 [DiscoveryClient-CacheRefreshExecutor-0] DEBUG o.s.web.client.RestTemplate - HTTP GET http://localhost:8081/eureka/apps/delta
2025-07-05 10:57:15 [DiscoveryClient-CacheRefreshExecutor-0] DEBUG o.s.web.client.RestTemplate - Accept=[application/json, application/*+json]
2025-07-05 10:57:15 [DiscoveryClient-HeartbeatExecutor-0] DEBUG o.s.web.client.RestTemplate - HTTP PUT http://localhost:8081/eureka/apps/USERS-SERVICE/192.168.151.216:users-service:8082?status=UP&lastDirtyTimestamp=1751727982946
2025-07-05 10:57:15 [DiscoveryClient-HeartbeatExecutor-0] DEBUG o.s.web.client.RestTemplate - Accept=[application/json, application/*+json]
2025-07-05 10:57:15 [DiscoveryClient-CacheRefreshExecutor-0] DEBUG o.s.web.client.RestTemplate - Response 200 OK
2025-07-05 10:57:15 [DiscoveryClient-HeartbeatExecutor-0] DEBUG o.s.web.client.RestTemplate - Response 200 OK
2025-07-05 10:57:15 [DiscoveryClient-CacheRefreshExecutor-0] DEBUG o.s.web.client.RestTemplate - Reading to [org.springframework.cloud.netflix.eureka.http.EurekaApplications]
2025-07-05 10:57:45 [DiscoveryClient-HeartbeatExecutor-0] DEBUG o.s.web.client.RestTemplate - HTTP PUT http://localhost:8081/eureka/apps/USERS-SERVICE/192.168.151.216:users-service:8082?status=UP&lastDirtyTimestamp=1751727982946
2025-07-05 10:57:45 [DiscoveryClient-HeartbeatExecutor-0] DEBUG o.s.web.client.RestTemplate - Accept=[application/json, application/*+json]
2025-07-05 10:57:45 [DiscoveryClient-CacheRefreshExecutor-0] DEBUG o.s.web.client.RestTemplate - HTTP GET http://localhost:8081/eureka/apps/delta
2025-07-05 10:57:45 [DiscoveryClient-CacheRefreshExecutor-0] DEBUG o.s.web.client.RestTemplate - Accept=[application/json, application/*+json]
2025-07-05 10:57:45 [DiscoveryClient-CacheRefreshExecutor-0] DEBUG o.s.web.client.RestTemplate - Response 200 OK
2025-07-05 10:57:45 [DiscoveryClient-HeartbeatExecutor-0] DEBUG o.s.web.client.RestTemplate - Response 200 OK
2025-07-05 10:57:45 [DiscoveryClient-CacheRefreshExecutor-0] DEBUG o.s.web.client.RestTemplate - Reading to [org.springframework.cloud.netflix.eureka.http.EurekaApplications]
2025-07-05 10:58:15 [DiscoveryClient-CacheRefreshExecutor-0] DEBUG o.s.web.client.RestTemplate - HTTP GET http://localhost:8081/eureka/apps/delta
2025-07-05 10:58:15 [DiscoveryClient-HeartbeatExecutor-0] DEBUG o.s.web.client.RestTemplate - HTTP PUT http://localhost:8081/eureka/apps/USERS-SERVICE/192.168.151.216:users-service:8082?status=UP&lastDirtyTimestamp=1751727982946
2025-07-05 10:58:15 [DiscoveryClient-HeartbeatExecutor-0] DEBUG o.s.web.client.RestTemplate - Accept=[application/json, application/*+json]
2025-07-05 10:58:15 [DiscoveryClient-CacheRefreshExecutor-0] DEBUG o.s.web.client.RestTemplate - Accept=[application/json, application/*+json]
2025-07-05 10:58:15 [DiscoveryClient-HeartbeatExecutor-0] DEBUG o.s.web.client.RestTemplate - Response 200 OK
2025-07-05 10:58:15 [DiscoveryClient-CacheRefreshExecutor-0] DEBUG o.s.web.client.RestTemplate - Response 200 OK
2025-07-05 10:58:15 [DiscoveryClient-CacheRefreshExecutor-0] DEBUG o.s.web.client.RestTemplate - Reading to [org.springframework.cloud.netflix.eureka.http.EurekaApplications]
2025-07-05 10:58:45 [DiscoveryClient-HeartbeatExecutor-0] DEBUG o.s.web.client.RestTemplate - HTTP PUT http://localhost:8081/eureka/apps/USERS-SERVICE/192.168.151.216:users-service:8082?status=UP&lastDirtyTimestamp=1751727982946
2025-07-05 10:58:45 [DiscoveryClient-HeartbeatExecutor-0] DEBUG o.s.web.client.RestTemplate - Accept=[application/json, application/*+json]
2025-07-05 10:58:45 [DiscoveryClient-CacheRefreshExecutor-0] DEBUG o.s.web.client.RestTemplate - HTTP GET http://localhost:8081/eureka/apps/delta
2025-07-05 10:58:45 [DiscoveryClient-CacheRefreshExecutor-0] DEBUG o.s.web.client.RestTemplate - Accept=[application/json, application/*+json]
2025-07-05 10:58:45 [DiscoveryClient-HeartbeatExecutor-0] DEBUG o.s.web.client.RestTemplate - Response 200 OK
2025-07-05 10:58:45 [DiscoveryClient-CacheRefreshExecutor-0] DEBUG o.s.web.client.RestTemplate - Response 200 OK
2025-07-05 10:58:45 [DiscoveryClient-CacheRefreshExecutor-0] DEBUG o.s.web.client.RestTemplate - Reading to [org.springframework.cloud.netflix.eureka.http.EurekaApplications]
2025-07-05 10:59:15 [DiscoveryClient-HeartbeatExecutor-0] DEBUG o.s.web.client.RestTemplate - HTTP PUT http://localhost:8081/eureka/apps/USERS-SERVICE/192.168.151.216:users-service:8082?status=UP&lastDirtyTimestamp=1751727982946
2025-07-05 10:59:15 [DiscoveryClient-HeartbeatExecutor-0] DEBUG o.s.web.client.RestTemplate - Accept=[application/json, application/*+json]
2025-07-05 10:59:15 [DiscoveryClient-CacheRefreshExecutor-0] DEBUG o.s.web.client.RestTemplate - HTTP GET http://localhost:8081/eureka/apps/delta
2025-07-05 10:59:15 [DiscoveryClient-CacheRefreshExecutor-0] DEBUG o.s.web.client.RestTemplate - Accept=[application/json, application/*+json]
2025-07-05 10:59:15 [DiscoveryClient-HeartbeatExecutor-0] DEBUG o.s.web.client.RestTemplate - Response 200 OK
2025-07-05 10:59:15 [DiscoveryClient-CacheRefreshExecutor-0] DEBUG o.s.web.client.RestTemplate - Response 200 OK
2025-07-05 10:59:15 [DiscoveryClient-CacheRefreshExecutor-0] DEBUG o.s.web.client.RestTemplate - Reading to [org.springframework.cloud.netflix.eureka.http.EurekaApplications]
2025-07-05 10:59:45 [DiscoveryClient-HeartbeatExecutor-0] DEBUG o.s.web.client.RestTemplate - HTTP PUT http://localhost:8081/eureka/apps/USERS-SERVICE/192.168.151.216:users-service:8082?status=UP&lastDirtyTimestamp=1751727982946
2025-07-05 10:59:45 [DiscoveryClient-HeartbeatExecutor-0] DEBUG o.s.web.client.RestTemplate - Accept=[application/json, application/*+json]
2025-07-05 10:59:45 [DiscoveryClient-CacheRefreshExecutor-0] DEBUG o.s.web.client.RestTemplate - HTTP GET http://localhost:8081/eureka/apps/delta
2025-07-05 10:59:45 [DiscoveryClient-CacheRefreshExecutor-0] DEBUG o.s.web.client.RestTemplate - Accept=[application/json, application/*+json]
2025-07-05 10:59:45 [DiscoveryClient-HeartbeatExecutor-0] DEBUG o.s.web.client.RestTemplate - Response 200 OK
2025-07-05 10:59:45 [DiscoveryClient-CacheRefreshExecutor-0] DEBUG o.s.web.client.RestTemplate - Response 200 OK
2025-07-05 10:59:45 [DiscoveryClient-CacheRefreshExecutor-0] DEBUG o.s.web.client.RestTemplate - Reading to [org.springframework.cloud.netflix.eureka.http.EurekaApplications]
2025-07-05 11:00:15 [DiscoveryClient-HeartbeatExecutor-0] DEBUG o.s.web.client.RestTemplate - HTTP PUT http://localhost:8081/eureka/apps/USERS-SERVICE/192.168.151.216:users-service:8082?status=UP&lastDirtyTimestamp=1751727982946
2025-07-05 11:00:15 [DiscoveryClient-HeartbeatExecutor-0] DEBUG o.s.web.client.RestTemplate - Accept=[application/json, application/*+json]
2025-07-05 11:00:15 [DiscoveryClient-CacheRefreshExecutor-0] DEBUG o.s.web.client.RestTemplate - HTTP GET http://localhost:8081/eureka/apps/delta
2025-07-05 11:00:15 [DiscoveryClient-CacheRefreshExecutor-0] DEBUG o.s.web.client.RestTemplate - Accept=[application/json, application/*+json]
2025-07-05 11:00:15 [DiscoveryClient-CacheRefreshExecutor-0] DEBUG o.s.web.client.RestTemplate - Response 200 OK
2025-07-05 11:00:15 [DiscoveryClient-HeartbeatExecutor-0] DEBUG o.s.web.client.RestTemplate - Response 200 OK
2025-07-05 11:00:15 [DiscoveryClient-CacheRefreshExecutor-0] DEBUG o.s.web.client.RestTemplate - Reading to [org.springframework.cloud.netflix.eureka.http.EurekaApplications]
2025-07-05 11:00:45 [DiscoveryClient-HeartbeatExecutor-0] DEBUG o.s.web.client.RestTemplate - HTTP PUT http://localhost:8081/eureka/apps/USERS-SERVICE/192.168.151.216:users-service:8082?status=UP&lastDirtyTimestamp=1751727982946
2025-07-05 11:00:45 [DiscoveryClient-HeartbeatExecutor-0] DEBUG o.s.web.client.RestTemplate - Accept=[application/json, application/*+json]
2025-07-05 11:00:45 [DiscoveryClient-CacheRefreshExecutor-0] DEBUG o.s.web.client.RestTemplate - HTTP GET http://localhost:8081/eureka/apps/delta
2025-07-05 11:00:45 [DiscoveryClient-CacheRefreshExecutor-0] DEBUG o.s.web.client.RestTemplate - Accept=[application/json, application/*+json]
2025-07-05 11:00:45 [DiscoveryClient-HeartbeatExecutor-0] DEBUG o.s.web.client.RestTemplate - Response 200 OK
2025-07-05 11:00:45 [DiscoveryClient-CacheRefreshExecutor-0] DEBUG o.s.web.client.RestTemplate - Response 200 OK
2025-07-05 11:00:45 [DiscoveryClient-CacheRefreshExecutor-0] DEBUG o.s.web.client.RestTemplate - Reading to [org.springframework.cloud.netflix.eureka.http.EurekaApplications]
2025-07-05 11:01:15 [DiscoveryClient-HeartbeatExecutor-0] DEBUG o.s.web.client.RestTemplate - HTTP PUT http://localhost:8081/eureka/apps/USERS-SERVICE/192.168.151.216:users-service:8082?status=UP&lastDirtyTimestamp=1751727982946
2025-07-05 11:01:15 [DiscoveryClient-HeartbeatExecutor-0] DEBUG o.s.web.client.RestTemplate - Accept=[application/json, application/*+json]
2025-07-05 11:01:15 [DiscoveryClient-CacheRefreshExecutor-0] DEBUG o.s.web.client.RestTemplate - HTTP GET http://localhost:8081/eureka/apps/delta
2025-07-05 11:01:15 [DiscoveryClient-CacheRefreshExecutor-0] DEBUG o.s.web.client.RestTemplate - Accept=[application/json, application/*+json]
2025-07-05 11:01:15 [DiscoveryClient-HeartbeatExecutor-0] DEBUG o.s.web.client.RestTemplate - Response 200 OK
2025-07-05 11:01:15 [DiscoveryClient-CacheRefreshExecutor-0] DEBUG o.s.web.client.RestTemplate - Response 200 OK
2025-07-05 11:01:15 [DiscoveryClient-CacheRefreshExecutor-0] DEBUG o.s.web.client.RestTemplate - Reading to [org.springframework.cloud.netflix.eureka.http.EurekaApplications]
2025-07-05 11:01:43 [AsyncResolver-bootstrap-executor-0] INFO  c.n.d.s.r.aws.ConfigClusterResolver - Resolving eureka endpoints via configuration
2025-07-05 11:01:45 [DiscoveryClient-HeartbeatExecutor-0] DEBUG o.s.web.client.RestTemplate - HTTP PUT http://localhost:8081/eureka/apps/USERS-SERVICE/192.168.151.216:users-service:8082?status=UP&lastDirtyTimestamp=1751727982946
2025-07-05 11:01:45 [DiscoveryClient-HeartbeatExecutor-0] DEBUG o.s.web.client.RestTemplate - Accept=[application/json, application/*+json]
2025-07-05 11:01:45 [DiscoveryClient-CacheRefreshExecutor-0] DEBUG o.s.web.client.RestTemplate - HTTP GET http://localhost:8081/eureka/apps/delta
2025-07-05 11:01:45 [DiscoveryClient-CacheRefreshExecutor-0] DEBUG o.s.web.client.RestTemplate - Accept=[application/json, application/*+json]
2025-07-05 11:01:45 [DiscoveryClient-CacheRefreshExecutor-0] DEBUG o.s.web.client.RestTemplate - Response 200 OK
2025-07-05 11:01:45 [DiscoveryClient-HeartbeatExecutor-0] DEBUG o.s.web.client.RestTemplate - Response 200 OK
2025-07-05 11:01:45 [DiscoveryClient-CacheRefreshExecutor-0] DEBUG o.s.web.client.RestTemplate - Reading to [org.springframework.cloud.netflix.eureka.http.EurekaApplications]
2025-07-05 11:02:15 [DiscoveryClient-HeartbeatExecutor-0] DEBUG o.s.web.client.RestTemplate - HTTP PUT http://localhost:8081/eureka/apps/USERS-SERVICE/192.168.151.216:users-service:8082?status=UP&lastDirtyTimestamp=1751727982946
2025-07-05 11:02:15 [DiscoveryClient-HeartbeatExecutor-0] DEBUG o.s.web.client.RestTemplate - Accept=[application/json, application/*+json]
2025-07-05 11:02:15 [DiscoveryClient-CacheRefreshExecutor-0] DEBUG o.s.web.client.RestTemplate - HTTP GET http://localhost:8081/eureka/apps/delta
2025-07-05 11:02:15 [DiscoveryClient-CacheRefreshExecutor-0] DEBUG o.s.web.client.RestTemplate - Accept=[application/json, application/*+json]
2025-07-05 11:02:15 [DiscoveryClient-CacheRefreshExecutor-0] DEBUG o.s.web.client.RestTemplate - Response 200 OK
2025-07-05 11:02:15 [DiscoveryClient-CacheRefreshExecutor-0] DEBUG o.s.web.client.RestTemplate - Reading to [org.springframework.cloud.netflix.eureka.http.EurekaApplications]
2025-07-05 11:02:15 [DiscoveryClient-HeartbeatExecutor-0] DEBUG o.s.web.client.RestTemplate - Response 200 OK
2025-07-05 11:02:45 [DiscoveryClient-CacheRefreshExecutor-0] DEBUG o.s.web.client.RestTemplate - HTTP GET http://localhost:8081/eureka/apps/delta
2025-07-05 11:02:45 [DiscoveryClient-CacheRefreshExecutor-0] DEBUG o.s.web.client.RestTemplate - Accept=[application/json, application/*+json]
2025-07-05 11:02:45 [DiscoveryClient-HeartbeatExecutor-0] DEBUG o.s.web.client.RestTemplate - HTTP PUT http://localhost:8081/eureka/apps/USERS-SERVICE/192.168.151.216:users-service:8082?status=UP&lastDirtyTimestamp=1751727982946
2025-07-05 11:02:45 [DiscoveryClient-CacheRefreshExecutor-0] DEBUG o.s.web.client.RestTemplate - Response 200 OK
2025-07-05 11:02:45 [DiscoveryClient-CacheRefreshExecutor-0] DEBUG o.s.web.client.RestTemplate - Reading to [org.springframework.cloud.netflix.eureka.http.EurekaApplications]
2025-07-05 11:02:45 [DiscoveryClient-HeartbeatExecutor-0] DEBUG o.s.web.client.RestTemplate - Accept=[application/json, application/*+json]
2025-07-05 11:02:45 [DiscoveryClient-HeartbeatExecutor-0] DEBUG o.s.web.client.RestTemplate - Response 200 OK
2025-07-05 11:03:15 [DiscoveryClient-CacheRefreshExecutor-0] DEBUG o.s.web.client.RestTemplate - HTTP GET http://localhost:8081/eureka/apps/delta
2025-07-05 11:03:15 [DiscoveryClient-CacheRefreshExecutor-0] DEBUG o.s.web.client.RestTemplate - Accept=[application/json, application/*+json]
2025-07-05 11:03:15 [DiscoveryClient-CacheRefreshExecutor-0] DEBUG o.s.web.client.RestTemplate - Response 200 OK
2025-07-05 11:03:15 [DiscoveryClient-CacheRefreshExecutor-0] DEBUG o.s.web.client.RestTemplate - Reading to [org.springframework.cloud.netflix.eureka.http.EurekaApplications]
2025-07-05 11:03:15 [DiscoveryClient-HeartbeatExecutor-0] DEBUG o.s.web.client.RestTemplate - HTTP PUT http://localhost:8081/eureka/apps/USERS-SERVICE/192.168.151.216:users-service:8082?status=UP&lastDirtyTimestamp=1751727982946
2025-07-05 11:03:15 [DiscoveryClient-HeartbeatExecutor-0] DEBUG o.s.web.client.RestTemplate - Accept=[application/json, application/*+json]
2025-07-05 11:03:15 [DiscoveryClient-HeartbeatExecutor-0] DEBUG o.s.web.client.RestTemplate - Response 200 OK
2025-07-05 11:03:45 [DiscoveryClient-CacheRefreshExecutor-0] DEBUG o.s.web.client.RestTemplate - HTTP GET http://localhost:8081/eureka/apps/delta
2025-07-05 11:03:45 [DiscoveryClient-CacheRefreshExecutor-0] DEBUG o.s.web.client.RestTemplate - Accept=[application/json, application/*+json]
2025-07-05 11:03:45 [DiscoveryClient-CacheRefreshExecutor-0] DEBUG o.s.web.client.RestTemplate - Response 200 OK
2025-07-05 11:03:45 [DiscoveryClient-CacheRefreshExecutor-0] DEBUG o.s.web.client.RestTemplate - Reading to [org.springframework.cloud.netflix.eureka.http.EurekaApplications]
2025-07-05 11:03:45 [DiscoveryClient-HeartbeatExecutor-0] DEBUG o.s.web.client.RestTemplate - HTTP PUT http://localhost:8081/eureka/apps/USERS-SERVICE/192.168.151.216:users-service:8082?status=UP&lastDirtyTimestamp=1751727982946
2025-07-05 11:03:45 [DiscoveryClient-HeartbeatExecutor-0] DEBUG o.s.web.client.RestTemplate - Accept=[application/json, application/*+json]
2025-07-05 11:03:45 [DiscoveryClient-HeartbeatExecutor-0] DEBUG o.s.web.client.RestTemplate - Response 200 OK
2025-07-05 11:04:15 [DiscoveryClient-CacheRefreshExecutor-0] DEBUG o.s.web.client.RestTemplate - HTTP GET http://localhost:8081/eureka/apps/delta
2025-07-05 11:04:15 [DiscoveryClient-CacheRefreshExecutor-0] DEBUG o.s.web.client.RestTemplate - Accept=[application/json, application/*+json]
2025-07-05 11:04:15 [DiscoveryClient-CacheRefreshExecutor-0] DEBUG o.s.web.client.RestTemplate - Response 200 OK
2025-07-05 11:04:15 [DiscoveryClient-CacheRefreshExecutor-0] DEBUG o.s.web.client.RestTemplate - Reading to [org.springframework.cloud.netflix.eureka.http.EurekaApplications]
2025-07-05 11:04:15 [DiscoveryClient-HeartbeatExecutor-0] DEBUG o.s.web.client.RestTemplate - HTTP PUT http://localhost:8081/eureka/apps/USERS-SERVICE/192.168.151.216:users-service:8082?status=UP&lastDirtyTimestamp=1751727982946
2025-07-05 11:04:15 [DiscoveryClient-HeartbeatExecutor-0] DEBUG o.s.web.client.RestTemplate - Accept=[application/json, application/*+json]
2025-07-05 11:04:15 [DiscoveryClient-HeartbeatExecutor-0] DEBUG o.s.web.client.RestTemplate - Response 200 OK
2025-07-05 11:04:45 [DiscoveryClient-CacheRefreshExecutor-0] DEBUG o.s.web.client.RestTemplate - HTTP GET http://localhost:8081/eureka/apps/delta
2025-07-05 11:04:45 [DiscoveryClient-CacheRefreshExecutor-0] DEBUG o.s.web.client.RestTemplate - Accept=[application/json, application/*+json]
2025-07-05 11:04:45 [DiscoveryClient-CacheRefreshExecutor-0] DEBUG o.s.web.client.RestTemplate - Response 200 OK
2025-07-05 11:04:45 [DiscoveryClient-CacheRefreshExecutor-0] DEBUG o.s.web.client.RestTemplate - Reading to [org.springframework.cloud.netflix.eureka.http.EurekaApplications]
2025-07-05 11:04:45 [DiscoveryClient-HeartbeatExecutor-0] DEBUG o.s.web.client.RestTemplate - HTTP PUT http://localhost:8081/eureka/apps/USERS-SERVICE/192.168.151.216:users-service:8082?status=UP&lastDirtyTimestamp=1751727982946
2025-07-05 11:04:45 [DiscoveryClient-HeartbeatExecutor-0] DEBUG o.s.web.client.RestTemplate - Accept=[application/json, application/*+json]
2025-07-05 11:04:45 [DiscoveryClient-HeartbeatExecutor-0] DEBUG o.s.web.client.RestTemplate - Response 200 OK
2025-07-05 13:46:35 [DiscoveryClient-CacheRefreshExecutor-0] DEBUG o.s.web.client.RestTemplate - HTTP GET http://localhost:8081/eureka/apps/delta
2025-07-05 13:46:35 [DiscoveryClient-HeartbeatExecutor-0] DEBUG o.s.web.client.RestTemplate - HTTP PUT http://localhost:8081/eureka/apps/USERS-SERVICE/192.168.151.216:users-service:8082?status=UP&lastDirtyTimestamp=1751727982946
2025-07-05 13:46:35 [DiscoveryClient-CacheRefreshExecutor-0] DEBUG o.s.web.client.RestTemplate - Accept=[application/json, application/*+json]
2025-07-05 13:46:35 [DiscoveryClient-HeartbeatExecutor-0] DEBUG o.s.web.client.RestTemplate - Accept=[application/json, application/*+json]
2025-07-05 13:46:35 [DiscoveryClient-CacheRefreshExecutor-0] DEBUG o.s.web.client.RestTemplate - Response 200 OK
2025-07-05 13:46:35 [DiscoveryClient-CacheRefreshExecutor-0] DEBUG o.s.web.client.RestTemplate - Reading to [org.springframework.cloud.netflix.eureka.http.EurekaApplications]
2025-07-05 13:46:35 [DiscoveryClient-HeartbeatExecutor-0] DEBUG o.s.web.client.RestTemplate - Response 200 OK
2025-07-05 13:47:05 [DiscoveryClient-CacheRefreshExecutor-0] DEBUG o.s.web.client.RestTemplate - HTTP GET http://localhost:8081/eureka/apps/delta
2025-07-05 13:47:05 [DiscoveryClient-CacheRefreshExecutor-0] DEBUG o.s.web.client.RestTemplate - Accept=[application/json, application/*+json]
2025-07-05 13:47:05 [DiscoveryClient-HeartbeatExecutor-0] DEBUG o.s.web.client.RestTemplate - HTTP PUT http://localhost:8081/eureka/apps/USERS-SERVICE/192.168.151.216:users-service:8082?status=UP&lastDirtyTimestamp=1751727982946
2025-07-05 13:47:05 [DiscoveryClient-HeartbeatExecutor-0] DEBUG o.s.web.client.RestTemplate - Accept=[application/json, application/*+json]
2025-07-05 13:47:05 [DiscoveryClient-CacheRefreshExecutor-0] DEBUG o.s.web.client.RestTemplate - Response 200 OK
2025-07-05 13:47:05 [DiscoveryClient-CacheRefreshExecutor-0] DEBUG o.s.web.client.RestTemplate - Reading to [org.springframework.cloud.netflix.eureka.http.EurekaApplications]
2025-07-05 13:47:05 [DiscoveryClient-HeartbeatExecutor-0] DEBUG o.s.web.client.RestTemplate - Response 200 OK
2025-07-05 13:47:59 [DiscoveryClient-CacheRefreshExecutor-0] DEBUG o.s.web.client.RestTemplate - HTTP GET http://localhost:8081/eureka/apps/delta
2025-07-05 13:47:59 [DiscoveryClient-CacheRefreshExecutor-0] DEBUG o.s.web.client.RestTemplate - Accept=[application/json, application/*+json]
2025-07-05 13:47:59 [DiscoveryClient-HeartbeatExecutor-0] DEBUG o.s.web.client.RestTemplate - HTTP PUT http://localhost:8081/eureka/apps/USERS-SERVICE/192.168.151.216:users-service:8082?status=UP&lastDirtyTimestamp=1751727982946
2025-07-05 13:47:59 [DiscoveryClient-HeartbeatExecutor-0] DEBUG o.s.web.client.RestTemplate - Accept=[application/json, application/*+json]
2025-07-05 13:47:59 [DiscoveryClient-HeartbeatExecutor-0] DEBUG o.s.web.client.RestTemplate - Response 200 OK
2025-07-05 13:47:59 [DiscoveryClient-CacheRefreshExecutor-0] DEBUG o.s.web.client.RestTemplate - Response 200 OK
2025-07-05 13:47:59 [DiscoveryClient-CacheRefreshExecutor-0] DEBUG o.s.web.client.RestTemplate - Reading to [org.springframework.cloud.netflix.eureka.http.EurekaApplications]
2025-07-05 13:48:27 [AsyncResolver-bootstrap-executor-0] INFO  c.n.d.s.r.aws.ConfigClusterResolver - Resolving eureka endpoints via configuration
2025-07-05 13:48:29 [DiscoveryClient-HeartbeatExecutor-0] DEBUG o.s.web.client.RestTemplate - HTTP PUT http://localhost:8081/eureka/apps/USERS-SERVICE/192.168.151.216:users-service:8082?status=UP&lastDirtyTimestamp=1751727982946
2025-07-05 13:48:29 [DiscoveryClient-HeartbeatExecutor-0] DEBUG o.s.web.client.RestTemplate - Accept=[application/json, application/*+json]
2025-07-05 13:48:29 [DiscoveryClient-CacheRefreshExecutor-0] DEBUG o.s.web.client.RestTemplate - HTTP GET http://localhost:8081/eureka/apps/delta
2025-07-05 13:48:29 [DiscoveryClient-CacheRefreshExecutor-0] DEBUG o.s.web.client.RestTemplate - Accept=[application/json, application/*+json]
2025-07-05 13:48:29 [DiscoveryClient-HeartbeatExecutor-0] DEBUG o.s.web.client.RestTemplate - Response 200 OK
2025-07-05 13:48:29 [DiscoveryClient-CacheRefreshExecutor-0] DEBUG o.s.web.client.RestTemplate - Response 200 OK
2025-07-05 13:48:29 [DiscoveryClient-CacheRefreshExecutor-0] DEBUG o.s.web.client.RestTemplate - Reading to [org.springframework.cloud.netflix.eureka.http.EurekaApplications]
2025-07-05 13:48:59 [DiscoveryClient-HeartbeatExecutor-0] DEBUG o.s.web.client.RestTemplate - HTTP PUT http://localhost:8081/eureka/apps/USERS-SERVICE/192.168.151.216:users-service:8082?status=UP&lastDirtyTimestamp=1751727982946
2025-07-05 13:48:59 [DiscoveryClient-HeartbeatExecutor-0] DEBUG o.s.web.client.RestTemplate - Accept=[application/json, application/*+json]
2025-07-05 13:48:59 [DiscoveryClient-CacheRefreshExecutor-0] DEBUG o.s.web.client.RestTemplate - HTTP GET http://localhost:8081/eureka/apps/delta
2025-07-05 13:48:59 [DiscoveryClient-CacheRefreshExecutor-0] DEBUG o.s.web.client.RestTemplate - Accept=[application/json, application/*+json]
2025-07-05 13:48:59 [DiscoveryClient-HeartbeatExecutor-0] DEBUG o.s.web.client.RestTemplate - Response 200 OK
2025-07-05 13:48:59 [DiscoveryClient-CacheRefreshExecutor-0] DEBUG o.s.web.client.RestTemplate - Response 200 OK
2025-07-05 13:48:59 [DiscoveryClient-CacheRefreshExecutor-0] DEBUG o.s.web.client.RestTemplate - Reading to [org.springframework.cloud.netflix.eureka.http.EurekaApplications]
2025-07-05 13:49:29 [DiscoveryClient-HeartbeatExecutor-0] DEBUG o.s.web.client.RestTemplate - HTTP PUT http://localhost:8081/eureka/apps/USERS-SERVICE/192.168.151.216:users-service:8082?status=UP&lastDirtyTimestamp=1751727982946
2025-07-05 13:49:29 [DiscoveryClient-HeartbeatExecutor-0] DEBUG o.s.web.client.RestTemplate - Accept=[application/json, application/*+json]
2025-07-05 13:49:29 [DiscoveryClient-CacheRefreshExecutor-0] DEBUG o.s.web.client.RestTemplate - HTTP GET http://localhost:8081/eureka/apps/delta
2025-07-05 13:49:29 [DiscoveryClient-CacheRefreshExecutor-0] DEBUG o.s.web.client.RestTemplate - Accept=[application/json, application/*+json]
2025-07-05 13:49:29 [DiscoveryClient-HeartbeatExecutor-0] DEBUG o.s.web.client.RestTemplate - Response 200 OK
2025-07-05 13:49:29 [DiscoveryClient-CacheRefreshExecutor-0] DEBUG o.s.web.client.RestTemplate - Response 200 OK
2025-07-05 13:49:29 [DiscoveryClient-CacheRefreshExecutor-0] DEBUG o.s.web.client.RestTemplate - Reading to [org.springframework.cloud.netflix.eureka.http.EurekaApplications]
2025-07-05 13:49:59 [DiscoveryClient-HeartbeatExecutor-0] DEBUG o.s.web.client.RestTemplate - HTTP PUT http://localhost:8081/eureka/apps/USERS-SERVICE/192.168.151.216:users-service:8082?status=UP&lastDirtyTimestamp=1751727982946
2025-07-05 13:49:59 [DiscoveryClient-HeartbeatExecutor-0] DEBUG o.s.web.client.RestTemplate - Accept=[application/json, application/*+json]
2025-07-05 13:49:59 [DiscoveryClient-CacheRefreshExecutor-0] DEBUG o.s.web.client.RestTemplate - HTTP GET http://localhost:8081/eureka/apps/delta
2025-07-05 13:49:59 [DiscoveryClient-CacheRefreshExecutor-0] DEBUG o.s.web.client.RestTemplate - Accept=[application/json, application/*+json]
2025-07-05 13:49:59 [DiscoveryClient-HeartbeatExecutor-0] DEBUG o.s.web.client.RestTemplate - Response 200 OK
2025-07-05 13:49:59 [DiscoveryClient-CacheRefreshExecutor-0] DEBUG o.s.web.client.RestTemplate - Response 200 OK
2025-07-05 13:49:59 [DiscoveryClient-CacheRefreshExecutor-0] DEBUG o.s.web.client.RestTemplate - Reading to [org.springframework.cloud.netflix.eureka.http.EurekaApplications]
2025-07-05 13:50:29 [DiscoveryClient-HeartbeatExecutor-0] DEBUG o.s.web.client.RestTemplate - HTTP PUT http://localhost:8081/eureka/apps/USERS-SERVICE/192.168.151.216:users-service:8082?status=UP&lastDirtyTimestamp=1751727982946
2025-07-05 13:50:29 [DiscoveryClient-HeartbeatExecutor-0] DEBUG o.s.web.client.RestTemplate - Accept=[application/json, application/*+json]
2025-07-05 13:50:29 [DiscoveryClient-CacheRefreshExecutor-0] DEBUG o.s.web.client.RestTemplate - HTTP GET http://localhost:8081/eureka/apps/delta
2025-07-05 13:50:29 [DiscoveryClient-CacheRefreshExecutor-0] DEBUG o.s.web.client.RestTemplate - Accept=[application/json, application/*+json]
2025-07-05 13:50:29 [DiscoveryClient-HeartbeatExecutor-0] DEBUG o.s.web.client.RestTemplate - Response 200 OK
2025-07-05 13:50:29 [DiscoveryClient-CacheRefreshExecutor-0] DEBUG o.s.web.client.RestTemplate - Response 200 OK
2025-07-05 13:50:29 [DiscoveryClient-CacheRefreshExecutor-0] DEBUG o.s.web.client.RestTemplate - Reading to [org.springframework.cloud.netflix.eureka.http.EurekaApplications]
