2025-07-11 11:54:44 [restartedMain] INFO  c.gateway.gateway.GatewayApplication - Starting GatewayApplication using Java 17.0.15 with PID 27616 (/home/sebastian/Documentos/stranger-drug/gateway/target/classes started by sebastian in /home/sebastian/Documentos/stranger-drug/gateway)
2025-07-11 11:54:44 [restartedMain] INFO  c.gateway.gateway.GatewayApplication - The following 5 profiles are active: "common", "security", "router", "logging", "ratelimit"
2025-07-11 11:54:45 [restartedMain] WARN  o.s.c.s.PostProcessorRegistrationDelegate$BeanPostProcessorChecker - Bean 'org.springframework.cloud.client.loadbalancer.LoadBalancerAutoConfiguration$LoadBalancerInterceptorConfig' of type [org.springframework.cloud.client.loadbalancer.LoadBalancerAutoConfiguration$LoadBalancerInterceptorConfig] is not eligible for getting processed by all BeanPostProcessors (for example: not eligible for auto-proxying). The currently created BeanPostProcessor [lbRestClientPostProcessor] is declared through a non-static factory method on that class; consider declaring it as static instead.
2025-07-11 11:54:45 [restartedMain] WARN  o.s.c.s.PostProcessorRegistrationDelegate$BeanPostProcessorChecker - Bean 'org.springframework.cloud.loadbalancer.config.BlockingLoadBalancerClientAutoConfiguration' of type [org.springframework.cloud.loadbalancer.config.BlockingLoadBalancerClientAutoConfiguration] is not eligible for getting processed by all BeanPostProcessors (for example: not eligible for auto-proxying). Is this bean getting eagerly injected/applied to a currently created BeanPostProcessor [lbRestClientPostProcessor]? Check the corresponding BeanPostProcessor declaration and its dependencies/advisors. If this bean does not have to be post-processed, declare it with ROLE_INFRASTRUCTURE.
2025-07-11 11:54:45 [restartedMain] WARN  o.s.c.s.PostProcessorRegistrationDelegate$BeanPostProcessorChecker - Bean 'org.springframework.cloud.loadbalancer.config.LoadBalancerAutoConfiguration' of type [org.springframework.cloud.loadbalancer.config.LoadBalancerAutoConfiguration] is not eligible for getting processed by all BeanPostProcessors (for example: not eligible for auto-proxying). Is this bean getting eagerly injected/applied to a currently created BeanPostProcessor [lbRestClientPostProcessor]? Check the corresponding BeanPostProcessor declaration and its dependencies/advisors. If this bean does not have to be post-processed, declare it with ROLE_INFRASTRUCTURE.
2025-07-11 11:54:45 [restartedMain] WARN  o.s.c.s.PostProcessorRegistrationDelegate$BeanPostProcessorChecker - Bean 'org.springframework.cloud.commons.config.CommonsConfigAutoConfiguration' of type [org.springframework.cloud.commons.config.CommonsConfigAutoConfiguration] is not eligible for getting processed by all BeanPostProcessors (for example: not eligible for auto-proxying). Is this bean getting eagerly injected/applied to a currently created BeanPostProcessor [lbRestClientPostProcessor]? Check the corresponding BeanPostProcessor declaration and its dependencies/advisors. If this bean does not have to be post-processed, declare it with ROLE_INFRASTRUCTURE.
2025-07-11 11:54:45 [restartedMain] WARN  o.s.c.s.PostProcessorRegistrationDelegate$BeanPostProcessorChecker - Bean 'org.springframework.cloud.client.loadbalancer.LoadBalancerDefaultMappingsProviderAutoConfiguration' of type [org.springframework.cloud.client.loadbalancer.LoadBalancerDefaultMappingsProviderAutoConfiguration] is not eligible for getting processed by all BeanPostProcessors (for example: not eligible for auto-proxying). Is this bean getting eagerly injected/applied to a currently created BeanPostProcessor [lbRestClientPostProcessor]? Check the corresponding BeanPostProcessor declaration and its dependencies/advisors. If this bean does not have to be post-processed, declare it with ROLE_INFRASTRUCTURE.
2025-07-11 11:54:45 [restartedMain] WARN  o.s.c.s.PostProcessorRegistrationDelegate$BeanPostProcessorChecker - Bean 'loadBalancerClientsDefaultsMappingsProvider' of type [org.springframework.cloud.client.loadbalancer.LoadBalancerDefaultMappingsProviderAutoConfiguration$$Lambda$696/0x00007fb1f44007e8] is not eligible for getting processed by all BeanPostProcessors (for example: not eligible for auto-proxying). Is this bean getting eagerly injected/applied to a currently created BeanPostProcessor [lbRestClientPostProcessor]? Check the corresponding BeanPostProcessor declaration and its dependencies/advisors. If this bean does not have to be post-processed, declare it with ROLE_INFRASTRUCTURE.
2025-07-11 11:54:45 [restartedMain] WARN  o.s.c.s.PostProcessorRegistrationDelegate$BeanPostProcessorChecker - Bean 'defaultsBindHandlerAdvisor' of type [org.springframework.cloud.commons.config.DefaultsBindHandlerAdvisor] is not eligible for getting processed by all BeanPostProcessors (for example: not eligible for auto-proxying). Is this bean getting eagerly injected/applied to a currently created BeanPostProcessor [lbRestClientPostProcessor]? Check the corresponding BeanPostProcessor declaration and its dependencies/advisors. If this bean does not have to be post-processed, declare it with ROLE_INFRASTRUCTURE.
2025-07-11 11:54:45 [restartedMain] WARN  o.s.c.s.PostProcessorRegistrationDelegate$BeanPostProcessorChecker - Bean 'spring.cloud.loadbalancer-org.springframework.cloud.client.loadbalancer.LoadBalancerClientsProperties' of type [org.springframework.cloud.client.loadbalancer.LoadBalancerClientsProperties] is not eligible for getting processed by all BeanPostProcessors (for example: not eligible for auto-proxying). Is this bean getting eagerly injected/applied to a currently created BeanPostProcessor [lbRestClientPostProcessor]? Check the corresponding BeanPostProcessor declaration and its dependencies/advisors. If this bean does not have to be post-processed, declare it with ROLE_INFRASTRUCTURE.
2025-07-11 11:54:45 [restartedMain] WARN  o.s.c.s.PostProcessorRegistrationDelegate$BeanPostProcessorChecker - Bean 'default.org.springframework.cloud.loadbalancer.config.LoadBalancerAutoConfiguration.LoadBalancerClientSpecification' of type [org.springframework.cloud.loadbalancer.annotation.LoadBalancerClientSpecification] is not eligible for getting processed by all BeanPostProcessors (for example: not eligible for auto-proxying). Is this bean getting eagerly injected/applied to a currently created BeanPostProcessor [lbRestClientPostProcessor]? Check the corresponding BeanPostProcessor declaration and its dependencies/advisors. If this bean does not have to be post-processed, declare it with ROLE_INFRASTRUCTURE.
2025-07-11 11:54:45 [restartedMain] WARN  o.s.c.s.PostProcessorRegistrationDelegate$BeanPostProcessorChecker - Bean 'default.org.springframework.cloud.loadbalancer.config.BlockingLoadBalancerClientAutoConfiguration.LoadBalancerClientSpecification' of type [org.springframework.cloud.loadbalancer.annotation.LoadBalancerClientSpecification] is not eligible for getting processed by all BeanPostProcessors (for example: not eligible for auto-proxying). Is this bean getting eagerly injected/applied to a currently created BeanPostProcessor [lbRestClientPostProcessor]? Check the corresponding BeanPostProcessor declaration and its dependencies/advisors. If this bean does not have to be post-processed, declare it with ROLE_INFRASTRUCTURE.
2025-07-11 11:54:45 [restartedMain] WARN  o.s.c.s.PostProcessorRegistrationDelegate$BeanPostProcessorChecker - Bean 'default.org.springframework.cloud.netflix.eureka.loadbalancer.LoadBalancerEurekaAutoConfiguration.LoadBalancerClientSpecification' of type [org.springframework.cloud.loadbalancer.annotation.LoadBalancerClientSpecification] is not eligible for getting processed by all BeanPostProcessors (for example: not eligible for auto-proxying). Is this bean getting eagerly injected/applied to a currently created BeanPostProcessor [lbRestClientPostProcessor]? Check the corresponding BeanPostProcessor declaration and its dependencies/advisors. If this bean does not have to be post-processed, declare it with ROLE_INFRASTRUCTURE.
2025-07-11 11:54:45 [restartedMain] WARN  o.s.c.s.PostProcessorRegistrationDelegate$BeanPostProcessorChecker - Bean 'loadBalancerClientFactory' of type [org.springframework.cloud.loadbalancer.support.LoadBalancerClientFactory] is not eligible for getting processed by all BeanPostProcessors (for example: not eligible for auto-proxying). Is this bean getting eagerly injected/applied to a currently created BeanPostProcessor [lbRestClientPostProcessor]? Check the corresponding BeanPostProcessor declaration and its dependencies/advisors. If this bean does not have to be post-processed, declare it with ROLE_INFRASTRUCTURE.
2025-07-11 11:54:45 [restartedMain] WARN  o.s.c.s.PostProcessorRegistrationDelegate$BeanPostProcessorChecker - Bean 'blockingLoadBalancerClient' of type [org.springframework.cloud.loadbalancer.blocking.client.BlockingLoadBalancerClient] is not eligible for getting processed by all BeanPostProcessors (for example: not eligible for auto-proxying). Is this bean getting eagerly injected/applied to a currently created BeanPostProcessor [lbRestClientPostProcessor]? Check the corresponding BeanPostProcessor declaration and its dependencies/advisors. If this bean does not have to be post-processed, declare it with ROLE_INFRASTRUCTURE.
2025-07-11 11:54:45 [restartedMain] WARN  o.s.c.s.PostProcessorRegistrationDelegate$BeanPostProcessorChecker - Bean 'loadBalancerServiceInstanceCookieTransformer' of type [org.springframework.cloud.loadbalancer.core.LoadBalancerServiceInstanceCookieTransformer] is not eligible for getting processed by all BeanPostProcessors (for example: not eligible for auto-proxying). Is this bean getting eagerly injected/applied to a currently created BeanPostProcessor [lbRestClientPostProcessor]? Check the corresponding BeanPostProcessor declaration and its dependencies/advisors. If this bean does not have to be post-processed, declare it with ROLE_INFRASTRUCTURE.
2025-07-11 11:54:45 [restartedMain] WARN  o.s.c.s.PostProcessorRegistrationDelegate$BeanPostProcessorChecker - Bean 'xForwarderHeadersTransformer' of type [org.springframework.cloud.loadbalancer.blocking.XForwardedHeadersTransformer] is not eligible for getting processed by all BeanPostProcessors (for example: not eligible for auto-proxying). Is this bean getting eagerly injected/applied to a currently created BeanPostProcessor [lbRestClientPostProcessor]? Check the corresponding BeanPostProcessor declaration and its dependencies/advisors. If this bean does not have to be post-processed, declare it with ROLE_INFRASTRUCTURE.
2025-07-11 11:54:45 [restartedMain] WARN  o.s.c.s.PostProcessorRegistrationDelegate$BeanPostProcessorChecker - Bean 'org.springframework.cloud.client.loadbalancer.LoadBalancerAutoConfiguration' of type [org.springframework.cloud.client.loadbalancer.LoadBalancerAutoConfiguration] is not eligible for getting processed by all BeanPostProcessors (for example: not eligible for auto-proxying). Is this bean getting eagerly injected/applied to a currently created BeanPostProcessor [lbRestClientPostProcessor]? Check the corresponding BeanPostProcessor declaration and its dependencies/advisors. If this bean does not have to be post-processed, declare it with ROLE_INFRASTRUCTURE.
2025-07-11 11:54:45 [restartedMain] WARN  o.s.c.s.PostProcessorRegistrationDelegate$BeanPostProcessorChecker - Bean 'loadBalancerRequestFactory' of type [org.springframework.cloud.client.loadbalancer.LoadBalancerRequestFactory] is not eligible for getting processed by all BeanPostProcessors (for example: not eligible for auto-proxying). Is this bean getting eagerly injected/applied to a currently created BeanPostProcessor [lbRestClientPostProcessor]? Check the corresponding BeanPostProcessor declaration and its dependencies/advisors. If this bean does not have to be post-processed, declare it with ROLE_INFRASTRUCTURE.
2025-07-11 11:54:45 [restartedMain] WARN  o.s.c.s.PostProcessorRegistrationDelegate$BeanPostProcessorChecker - Bean 'loadBalancerInterceptor' of type [org.springframework.cloud.client.loadbalancer.LoadBalancerInterceptor] is not eligible for getting processed by all BeanPostProcessors (for example: not eligible for auto-proxying). Is this bean getting eagerly injected/applied to a currently created BeanPostProcessor [lbRestClientPostProcessor]? Check the corresponding BeanPostProcessor declaration and its dependencies/advisors. If this bean does not have to be post-processed, declare it with ROLE_INFRASTRUCTURE.
2025-07-11 11:54:45 [restartedMain] WARN  o.s.c.s.PostProcessorRegistrationDelegate$BeanPostProcessorChecker - Bean 'org.springframework.cloud.client.loadbalancer.reactive.LoadBalancerBeanPostProcessorAutoConfiguration' of type [org.springframework.cloud.client.loadbalancer.reactive.LoadBalancerBeanPostProcessorAutoConfiguration] is not eligible for getting processed by all BeanPostProcessors (for example: not eligible for auto-proxying). The currently created BeanPostProcessor [loadBalancerWebClientBuilderBeanPostProcessor] is declared through a non-static factory method on that class; consider declaring it as static instead.
2025-07-11 11:54:45 [restartedMain] WARN  o.s.c.s.PostProcessorRegistrationDelegate$BeanPostProcessorChecker - Bean 'org.springframework.cloud.client.loadbalancer.reactive.LoadBalancerBeanPostProcessorAutoConfiguration$ReactorDeferringLoadBalancerFilterConfig' of type [org.springframework.cloud.client.loadbalancer.reactive.LoadBalancerBeanPostProcessorAutoConfiguration$ReactorDeferringLoadBalancerFilterConfig] is not eligible for getting processed by all BeanPostProcessors (for example: not eligible for auto-proxying). Is this bean getting eagerly injected/applied to a currently created BeanPostProcessor [loadBalancerWebClientBuilderBeanPostProcessor]? Check the corresponding BeanPostProcessor declaration and its dependencies/advisors. If this bean does not have to be post-processed, declare it with ROLE_INFRASTRUCTURE.
2025-07-11 11:54:45 [restartedMain] WARN  o.s.c.s.PostProcessorRegistrationDelegate$BeanPostProcessorChecker - Bean 'reactorDeferringLoadBalancerExchangeFilterFunction' of type [org.springframework.cloud.client.loadbalancer.reactive.DeferringLoadBalancerExchangeFilterFunction] is not eligible for getting processed by all BeanPostProcessors (for example: not eligible for auto-proxying). Is this bean getting eagerly injected/applied to a currently created BeanPostProcessor [loadBalancerWebClientBuilderBeanPostProcessor]? Check the corresponding BeanPostProcessor declaration and its dependencies/advisors. If this bean does not have to be post-processed, declare it with ROLE_INFRASTRUCTURE.
2025-07-11 11:54:45 [restartedMain] INFO  c.g.g.m.j.i.config.SecurityConfig - Configurando seguridad del Gateway
2025-07-11 11:54:46 [restartedMain] WARN  o.s.c.l.c.LoadBalancerCacheAutoConfiguration$LoadBalancerCaffeineWarnLogger - Spring Cloud LoadBalancer is currently working with the default cache. While this cache implementation is useful for development and tests, it's recommended to use Caffeine cache in production.You can switch to using Caffeine cache, by adding it and org.springframework.cache.caffeine.CaffeineCacheManager to the classpath.
2025-07-11 11:54:46 [restartedMain] INFO  c.netflix.discovery.DiscoveryClient - Initializing Eureka in region us-east-1
2025-07-11 11:54:46 [restartedMain] INFO  c.n.d.s.r.aws.ConfigClusterResolver - Resolving eureka endpoints via configuration
2025-07-11 11:54:46 [restartedMain] INFO  c.netflix.discovery.DiscoveryClient - Disable delta property : false
2025-07-11 11:54:46 [restartedMain] INFO  c.netflix.discovery.DiscoveryClient - Single vip registry refresh property : null
2025-07-11 11:54:46 [restartedMain] INFO  c.netflix.discovery.DiscoveryClient - Force full registry fetch : false
2025-07-11 11:54:46 [restartedMain] INFO  c.netflix.discovery.DiscoveryClient - Application is null : false
2025-07-11 11:54:46 [restartedMain] INFO  c.netflix.discovery.DiscoveryClient - Registered Applications size is zero : true
2025-07-11 11:54:46 [restartedMain] INFO  c.netflix.discovery.DiscoveryClient - Application version is -1: true
2025-07-11 11:54:46 [restartedMain] INFO  c.netflix.discovery.DiscoveryClient - Getting all instance registry info from the eureka server
2025-07-11 11:54:46 [restartedMain] INFO  c.netflix.discovery.DiscoveryClient - The response status is 200
2025-07-11 11:54:46 [restartedMain] INFO  c.netflix.discovery.DiscoveryClient - Starting heartbeat executor: renew interval is: 30
2025-07-11 11:54:46 [restartedMain] INFO  c.n.discovery.InstanceInfoReplicator - InstanceInfoReplicator onDemand update allowed rate per min is 4
2025-07-11 11:54:46 [restartedMain] INFO  c.netflix.discovery.DiscoveryClient - Discovery Client initialized at timestamp 1752252886803 with initial instances count: 0
2025-07-11 11:54:46 [restartedMain] INFO  c.netflix.discovery.DiscoveryClient - Saw local status change event StatusChangeEvent [timestamp=1752252886806, current=UP, previous=STARTING]
2025-07-11 11:54:46 [DiscoveryClient-InstanceInfoReplicator-0] INFO  c.netflix.discovery.DiscoveryClient - DiscoveryClient_GATEWAY-SERVICE/192.168.41.141:gateway-service:8080: registering service...
2025-07-11 11:54:46 [DiscoveryClient-InstanceInfoReplicator-0] INFO  c.netflix.discovery.DiscoveryClient - DiscoveryClient_GATEWAY-SERVICE/192.168.41.141:gateway-service:8080 - registration status: 204
2025-07-11 11:54:46 [restartedMain] INFO  c.gateway.gateway.GatewayApplication - Started GatewayApplication in 3.075 seconds (process running for 3.454)
2025-07-11 11:55:16 [DiscoveryClient-CacheRefreshExecutor-0] INFO  c.netflix.discovery.DiscoveryClient - Disable delta property : false
2025-07-11 11:55:16 [DiscoveryClient-CacheRefreshExecutor-0] INFO  c.netflix.discovery.DiscoveryClient - Single vip registry refresh property : null
2025-07-11 11:55:16 [DiscoveryClient-CacheRefreshExecutor-0] INFO  c.netflix.discovery.DiscoveryClient - Force full registry fetch : false
2025-07-11 11:55:16 [DiscoveryClient-CacheRefreshExecutor-0] INFO  c.netflix.discovery.DiscoveryClient - Application is null : false
2025-07-11 11:55:16 [DiscoveryClient-CacheRefreshExecutor-0] INFO  c.netflix.discovery.DiscoveryClient - Registered Applications size is zero : true
2025-07-11 11:55:16 [DiscoveryClient-CacheRefreshExecutor-0] INFO  c.netflix.discovery.DiscoveryClient - Application version is -1: false
2025-07-11 11:55:16 [DiscoveryClient-CacheRefreshExecutor-0] INFO  c.netflix.discovery.DiscoveryClient - Getting all instance registry info from the eureka server
2025-07-11 11:55:16 [DiscoveryClient-CacheRefreshExecutor-0] INFO  c.netflix.discovery.DiscoveryClient - The response status is 200
2025-07-11 11:59:46 [AsyncResolver-bootstrap-executor-0] INFO  c.n.d.s.r.aws.ConfigClusterResolver - Resolving eureka endpoints via configuration
2025-07-11 12:04:46 [AsyncResolver-bootstrap-executor-0] INFO  c.n.d.s.r.aws.ConfigClusterResolver - Resolving eureka endpoints via configuration
2025-07-11 12:09:46 [AsyncResolver-bootstrap-executor-0] INFO  c.n.d.s.r.aws.ConfigClusterResolver - Resolving eureka endpoints via configuration
2025-07-11 12:14:46 [AsyncResolver-bootstrap-executor-0] INFO  c.n.d.s.r.aws.ConfigClusterResolver - Resolving eureka endpoints via configuration
2025-07-11 12:19:46 [AsyncResolver-bootstrap-executor-0] INFO  c.n.d.s.r.aws.ConfigClusterResolver - Resolving eureka endpoints via configuration
2025-07-11 12:24:46 [AsyncResolver-bootstrap-executor-0] INFO  c.n.d.s.r.aws.ConfigClusterResolver - Resolving eureka endpoints via configuration
2025-07-11 12:29:46 [AsyncResolver-bootstrap-executor-0] INFO  c.n.d.s.r.aws.ConfigClusterResolver - Resolving eureka endpoints via configuration
2025-07-11 12:34:46 [AsyncResolver-bootstrap-executor-0] INFO  c.n.d.s.r.aws.ConfigClusterResolver - Resolving eureka endpoints via configuration
2025-07-11 12:37:36 [SpringApplicationShutdownHook] INFO  c.netflix.discovery.DiscoveryClient - Saw local status change event StatusChangeEvent [timestamp=1752255456011, current=DOWN, previous=UP]
2025-07-11 12:37:36 [DiscoveryClient-InstanceInfoReplicator-0] INFO  c.netflix.discovery.DiscoveryClient - DiscoveryClient_GATEWAY-SERVICE/192.168.41.141:gateway-service:8080: registering service...
2025-07-11 12:37:36 [DiscoveryClient-InstanceInfoReplicator-0] INFO  c.netflix.discovery.DiscoveryClient - DiscoveryClient_GATEWAY-SERVICE/192.168.41.141:gateway-service:8080 - registration status: 204
2025-07-11 12:37:36 [SpringApplicationShutdownHook] INFO  c.netflix.discovery.DiscoveryClient - Shutting down DiscoveryClient ...
2025-07-11 12:37:39 [SpringApplicationShutdownHook] INFO  c.netflix.discovery.DiscoveryClient - Unregistering ...
2025-07-11 12:37:39 [SpringApplicationShutdownHook] INFO  c.n.d.s.t.d.RedirectingEurekaHttpClient - Request execution error. endpoint=DefaultEndpoint{ serviceUrl='http://localhost:8081/eureka/} exception=I/O error on DELETE request for "http://localhost:8081/eureka/apps/GATEWAY-SERVICE/192.168.41.141:gateway-service:8080": Connect to http://localhost:8081 [localhost/127.0.0.1, localhost/0:0:0:0:0:0:0:1] failed: Conexión rehusada stacktrace=org.springframework.web.client.ResourceAccessException: I/O error on DELETE request for "http://localhost:8081/eureka/apps/GATEWAY-SERVICE/192.168.41.141:gateway-service:8080": Connect to http://localhost:8081 [localhost/127.0.0.1, localhost/0:0:0:0:0:0:0:1] failed: Conexión rehusada
	at org.springframework.web.client.RestTemplate.createResourceAccessException(RestTemplate.java:926)
	at org.springframework.web.client.RestTemplate.doExecute(RestTemplate.java:906)
	at org.springframework.web.client.RestTemplate.execute(RestTemplate.java:801)
	at org.springframework.web.client.RestTemplate.exchange(RestTemplate.java:683)
	at org.springframework.cloud.netflix.eureka.http.RestTemplateEurekaHttpClient.cancel(RestTemplateEurekaHttpClient.java:87)
	at com.netflix.discovery.shared.transport.decorator.EurekaHttpClientDecorator$2.execute(EurekaHttpClientDecorator.java:74)
	at com.netflix.discovery.shared.transport.decorator.RedirectingEurekaHttpClient.execute(RedirectingEurekaHttpClient.java:91)
	at com.netflix.discovery.shared.transport.decorator.EurekaHttpClientDecorator.cancel(EurekaHttpClientDecorator.java:71)
	at com.netflix.discovery.shared.transport.decorator.EurekaHttpClientDecorator$2.execute(EurekaHttpClientDecorator.java:74)
	at com.netflix.discovery.shared.transport.decorator.RetryableEurekaHttpClient.execute(RetryableEurekaHttpClient.java:120)
	at com.netflix.discovery.shared.transport.decorator.EurekaHttpClientDecorator.cancel(EurekaHttpClientDecorator.java:71)
	at com.netflix.discovery.shared.transport.decorator.EurekaHttpClientDecorator$2.execute(EurekaHttpClientDecorator.java:74)
	at com.netflix.discovery.shared.transport.decorator.SessionedEurekaHttpClient.execute(SessionedEurekaHttpClient.java:77)
	at com.netflix.discovery.shared.transport.decorator.EurekaHttpClientDecorator.cancel(EurekaHttpClientDecorator.java:71)
	at com.netflix.discovery.DiscoveryClient.unregister(DiscoveryClient.java:916)
	at com.netflix.discovery.DiscoveryClient.shutdown(DiscoveryClient.java:892)
	at java.base/jdk.internal.reflect.NativeMethodAccessorImpl.invoke0(Native Method)
	at java.base/jdk.internal.reflect.NativeMethodAccessorImpl.invoke(NativeMethodAccessorImpl.java:77)
	at java.base/jdk.internal.reflect.DelegatingMethodAccessorImpl.invoke(DelegatingMethodAccessorImpl.java:43)
	at java.base/java.lang.reflect.Method.invoke(Method.java:569)
	at org.springframework.beans.factory.annotation.InitDestroyAnnotationBeanPostProcessor$LifecycleMethod.invoke(InitDestroyAnnotationBeanPostProcessor.java:457)
	at org.springframework.beans.factory.annotation.InitDestroyAnnotationBeanPostProcessor$LifecycleMetadata.invokeDestroyMethods(InitDestroyAnnotationBeanPostProcessor.java:415)
	at org.springframework.beans.factory.annotation.InitDestroyAnnotationBeanPostProcessor.postProcessBeforeDestruction(InitDestroyAnnotationBeanPostProcessor.java:239)
	at org.springframework.beans.factory.support.DisposableBeanAdapter.destroy(DisposableBeanAdapter.java:202)
	at org.springframework.beans.factory.support.DisposableBeanAdapter.run(DisposableBeanAdapter.java:195)
	at org.springframework.cloud.context.scope.GenericScope$BeanLifecycleWrapper.destroy(GenericScope.java:389)
	at org.springframework.cloud.context.scope.GenericScope.destroy(GenericScope.java:136)
	at org.springframework.beans.factory.support.DisposableBeanAdapter.destroy(DisposableBeanAdapter.java:211)
	at org.springframework.beans.factory.support.DefaultSingletonBeanRegistry.destroyBean(DefaultSingletonBeanRegistry.java:798)
	at org.springframework.beans.factory.support.DefaultSingletonBeanRegistry.destroySingleton(DefaultSingletonBeanRegistry.java:748)
	at org.springframework.beans.factory.support.DefaultListableBeanFactory.destroySingleton(DefaultListableBeanFactory.java:1474)
	at org.springframework.beans.factory.support.DefaultSingletonBeanRegistry.destroySingletons(DefaultSingletonBeanRegistry.java:707)
	at org.springframework.beans.factory.support.DefaultListableBeanFactory.destroySingletons(DefaultListableBeanFactory.java:1467)
	at org.springframework.context.support.AbstractApplicationContext.destroyBeans(AbstractApplicationContext.java:1219)
	at org.springframework.context.support.AbstractApplicationContext.doClose(AbstractApplicationContext.java:1180)
	at org.springframework.boot.web.reactive.context.ReactiveWebServerApplicationContext.doClose(ReactiveWebServerApplicationContext.java:155)
	at org.springframework.context.support.AbstractApplicationContext.close(AbstractApplicationContext.java:1126)
	at org.springframework.boot.SpringApplicationShutdownHook.closeAndWait(SpringApplicationShutdownHook.java:147)
	at java.base/java.lang.Iterable.forEach(Iterable.java:75)
	at org.springframework.boot.SpringApplicationShutdownHook.run(SpringApplicationShutdownHook.java:116)
	at java.base/java.lang.Thread.run(Thread.java:840)
Caused by: org.apache.hc.client5.http.HttpHostConnectException: Connect to http://localhost:8081 [localhost/127.0.0.1, localhost/0:0:0:0:0:0:0:1] failed: Conexión rehusada
	at java.base/sun.nio.ch.Net.pollConnect(Native Method)
	at java.base/sun.nio.ch.Net.pollConnectNow(Net.java:672)
	at java.base/sun.nio.ch.NioSocketImpl.timedFinishConnect(NioSocketImpl.java:547)
	at java.base/sun.nio.ch.NioSocketImpl.connect(NioSocketImpl.java:602)
	at java.base/java.net.SocksSocketImpl.connect(SocksSocketImpl.java:327)
	at java.base/java.net.Socket.connect(Socket.java:633)
	at org.apache.hc.client5.http.impl.io.DefaultHttpClientConnectionOperator.connect(DefaultHttpClientConnectionOperator.java:216)
	at org.apache.hc.client5.http.impl.io.PoolingHttpClientConnectionManager.connect(PoolingHttpClientConnectionManager.java:490)
	at org.apache.hc.client5.http.impl.classic.InternalExecRuntime.connectEndpoint(InternalExecRuntime.java:164)
	at org.apache.hc.client5.http.impl.classic.InternalExecRuntime.connectEndpoint(InternalExecRuntime.java:174)
	at org.apache.hc.client5.http.impl.classic.ConnectExec.execute(ConnectExec.java:144)
	at org.apache.hc.client5.http.impl.classic.ExecChainElement.execute(ExecChainElement.java:51)
	at org.apache.hc.client5.http.impl.classic.ProtocolExec.execute(ProtocolExec.java:192)
	at org.apache.hc.client5.http.impl.classic.ExecChainElement.execute(ExecChainElement.java:51)
	at org.apache.hc.client5.http.impl.classic.ContentCompressionExec.execute(ContentCompressionExec.java:150)
	at org.apache.hc.client5.http.impl.classic.ExecChainElement.execute(ExecChainElement.java:51)
	at org.apache.hc.client5.http.impl.classic.HttpRequestRetryExec.execute(HttpRequestRetryExec.java:113)
	at org.apache.hc.client5.http.impl.classic.ExecChainElement.execute(ExecChainElement.java:51)
	at org.apache.hc.client5.http.impl.classic.RedirectExec.execute(RedirectExec.java:110)
	at org.apache.hc.client5.http.impl.classic.ExecChainElement.execute(ExecChainElement.java:51)
	at org.apache.hc.client5.http.impl.classic.InternalHttpClient.doExecute(InternalHttpClient.java:183)
	at org.apache.hc.client5.http.impl.classic.CloseableHttpClient.execute(CloseableHttpClient.java:87)
	at org.apache.hc.client5.http.impl.classic.CloseableHttpClient.execute(CloseableHttpClient.java:55)
	at org.apache.hc.client5.http.classic.HttpClient.executeOpen(HttpClient.java:183)
	at org.springframework.http.client.HttpComponentsClientHttpRequest.executeInternal(HttpComponentsClientHttpRequest.java:99)
	at org.springframework.http.client.AbstractStreamingClientHttpRequest.executeInternal(AbstractStreamingClientHttpRequest.java:71)
	at org.springframework.http.client.AbstractClientHttpRequest.execute(AbstractClientHttpRequest.java:81)
	at org.springframework.http.client.InterceptingClientHttpRequest$InterceptingRequestExecution.execute(InterceptingClientHttpRequest.java:117)
	at org.springframework.cloud.netflix.eureka.http.RestTemplateTransportClientFactory.lambda$restTemplate$0(RestTemplateTransportClientFactory.java:143)
	at org.springframework.http.client.InterceptingClientHttpRequest$InterceptingRequestExecution.execute(InterceptingClientHttpRequest.java:88)
	at org.springframework.http.client.InterceptingClientHttpRequest.executeInternal(InterceptingClientHttpRequest.java:72)
	at org.springframework.http.client.AbstractBufferingClientHttpRequest.executeInternal(AbstractBufferingClientHttpRequest.java:48)
	at org.springframework.http.client.AbstractClientHttpRequest.execute(AbstractClientHttpRequest.java:81)
	at org.springframework.web.client.RestTemplate.doExecute(RestTemplate.java:900)
	... 39 more

2025-07-11 12:37:39 [SpringApplicationShutdownHook] WARN  c.n.d.s.t.d.RetryableEurekaHttpClient - Request execution failed with message: I/O error on DELETE request for "http://localhost:8081/eureka/apps/GATEWAY-SERVICE/192.168.41.141:gateway-service:8080": Connect to http://localhost:8081 [localhost/127.0.0.1, localhost/0:0:0:0:0:0:0:1] failed: Conexión rehusada
2025-07-11 12:37:39 [SpringApplicationShutdownHook] INFO  c.n.d.s.t.d.RedirectingEurekaHttpClient - Request execution error. endpoint=DefaultEndpoint{ serviceUrl='http://localhost:8081/eureka/}, exception=I/O error on DELETE request for "http://localhost:8081/eureka/apps/GATEWAY-SERVICE/192.168.41.141:gateway-service:8080": Connect to http://localhost:8081 [localhost/127.0.0.1, localhost/0:0:0:0:0:0:0:1] failed: Conexión rehusada stacktrace=org.springframework.web.client.ResourceAccessException: I/O error on DELETE request for "http://localhost:8081/eureka/apps/GATEWAY-SERVICE/192.168.41.141:gateway-service:8080": Connect to http://localhost:8081 [localhost/127.0.0.1, localhost/0:0:0:0:0:0:0:1] failed: Conexión rehusada
	at org.springframework.web.client.RestTemplate.createResourceAccessException(RestTemplate.java:926)
	at org.springframework.web.client.RestTemplate.doExecute(RestTemplate.java:906)
	at org.springframework.web.client.RestTemplate.execute(RestTemplate.java:801)
	at org.springframework.web.client.RestTemplate.exchange(RestTemplate.java:683)
	at org.springframework.cloud.netflix.eureka.http.RestTemplateEurekaHttpClient.cancel(RestTemplateEurekaHttpClient.java:87)
	at com.netflix.discovery.shared.transport.decorator.EurekaHttpClientDecorator$2.execute(EurekaHttpClientDecorator.java:74)
	at com.netflix.discovery.shared.transport.decorator.RedirectingEurekaHttpClient.executeOnNewServer(RedirectingEurekaHttpClient.java:121)
	at com.netflix.discovery.shared.transport.decorator.RedirectingEurekaHttpClient.execute(RedirectingEurekaHttpClient.java:80)
	at com.netflix.discovery.shared.transport.decorator.EurekaHttpClientDecorator.cancel(EurekaHttpClientDecorator.java:71)
	at com.netflix.discovery.shared.transport.decorator.EurekaHttpClientDecorator$2.execute(EurekaHttpClientDecorator.java:74)
	at com.netflix.discovery.shared.transport.decorator.RetryableEurekaHttpClient.execute(RetryableEurekaHttpClient.java:120)
	at com.netflix.discovery.shared.transport.decorator.EurekaHttpClientDecorator.cancel(EurekaHttpClientDecorator.java:71)
	at com.netflix.discovery.shared.transport.decorator.EurekaHttpClientDecorator$2.execute(EurekaHttpClientDecorator.java:74)
	at com.netflix.discovery.shared.transport.decorator.SessionedEurekaHttpClient.execute(SessionedEurekaHttpClient.java:77)
	at com.netflix.discovery.shared.transport.decorator.EurekaHttpClientDecorator.cancel(EurekaHttpClientDecorator.java:71)
	at com.netflix.discovery.DiscoveryClient.unregister(DiscoveryClient.java:916)
	at com.netflix.discovery.DiscoveryClient.shutdown(DiscoveryClient.java:892)
	at java.base/jdk.internal.reflect.NativeMethodAccessorImpl.invoke0(Native Method)
	at java.base/jdk.internal.reflect.NativeMethodAccessorImpl.invoke(NativeMethodAccessorImpl.java:77)
	at java.base/jdk.internal.reflect.DelegatingMethodAccessorImpl.invoke(DelegatingMethodAccessorImpl.java:43)
	at java.base/java.lang.reflect.Method.invoke(Method.java:569)
	at org.springframework.beans.factory.annotation.InitDestroyAnnotationBeanPostProcessor$LifecycleMethod.invoke(InitDestroyAnnotationBeanPostProcessor.java:457)
	at org.springframework.beans.factory.annotation.InitDestroyAnnotationBeanPostProcessor$LifecycleMetadata.invokeDestroyMethods(InitDestroyAnnotationBeanPostProcessor.java:415)
	at org.springframework.beans.factory.annotation.InitDestroyAnnotationBeanPostProcessor.postProcessBeforeDestruction(InitDestroyAnnotationBeanPostProcessor.java:239)
	at org.springframework.beans.factory.support.DisposableBeanAdapter.destroy(DisposableBeanAdapter.java:202)
	at org.springframework.beans.factory.support.DisposableBeanAdapter.run(DisposableBeanAdapter.java:195)
	at org.springframework.cloud.context.scope.GenericScope$BeanLifecycleWrapper.destroy(GenericScope.java:389)
	at org.springframework.cloud.context.scope.GenericScope.destroy(GenericScope.java:136)
	at org.springframework.beans.factory.support.DisposableBeanAdapter.destroy(DisposableBeanAdapter.java:211)
	at org.springframework.beans.factory.support.DefaultSingletonBeanRegistry.destroyBean(DefaultSingletonBeanRegistry.java:798)
	at org.springframework.beans.factory.support.DefaultSingletonBeanRegistry.destroySingleton(DefaultSingletonBeanRegistry.java:748)
	at org.springframework.beans.factory.support.DefaultListableBeanFactory.destroySingleton(DefaultListableBeanFactory.java:1474)
	at org.springframework.beans.factory.support.DefaultSingletonBeanRegistry.destroySingletons(DefaultSingletonBeanRegistry.java:707)
	at org.springframework.beans.factory.support.DefaultListableBeanFactory.destroySingletons(DefaultListableBeanFactory.java:1467)
	at org.springframework.context.support.AbstractApplicationContext.destroyBeans(AbstractApplicationContext.java:1219)
	at org.springframework.context.support.AbstractApplicationContext.doClose(AbstractApplicationContext.java:1180)
	at org.springframework.boot.web.reactive.context.ReactiveWebServerApplicationContext.doClose(ReactiveWebServerApplicationContext.java:155)
	at org.springframework.context.support.AbstractApplicationContext.close(AbstractApplicationContext.java:1126)
	at org.springframework.boot.SpringApplicationShutdownHook.closeAndWait(SpringApplicationShutdownHook.java:147)
	at java.base/java.lang.Iterable.forEach(Iterable.java:75)
	at org.springframework.boot.SpringApplicationShutdownHook.run(SpringApplicationShutdownHook.java:116)
	at java.base/java.lang.Thread.run(Thread.java:840)
Caused by: org.apache.hc.client5.http.HttpHostConnectException: Connect to http://localhost:8081 [localhost/127.0.0.1, localhost/0:0:0:0:0:0:0:1] failed: Conexión rehusada
	at java.base/sun.nio.ch.Net.pollConnect(Native Method)
	at java.base/sun.nio.ch.Net.pollConnectNow(Net.java:672)
	at java.base/sun.nio.ch.NioSocketImpl.timedFinishConnect(NioSocketImpl.java:547)
	at java.base/sun.nio.ch.NioSocketImpl.connect(NioSocketImpl.java:602)
	at java.base/java.net.SocksSocketImpl.connect(SocksSocketImpl.java:327)
	at java.base/java.net.Socket.connect(Socket.java:633)
	at org.apache.hc.client5.http.impl.io.DefaultHttpClientConnectionOperator.connect(DefaultHttpClientConnectionOperator.java:216)
	at org.apache.hc.client5.http.impl.io.PoolingHttpClientConnectionManager.connect(PoolingHttpClientConnectionManager.java:490)
	at org.apache.hc.client5.http.impl.classic.InternalExecRuntime.connectEndpoint(InternalExecRuntime.java:164)
	at org.apache.hc.client5.http.impl.classic.InternalExecRuntime.connectEndpoint(InternalExecRuntime.java:174)
	at org.apache.hc.client5.http.impl.classic.ConnectExec.execute(ConnectExec.java:144)
	at org.apache.hc.client5.http.impl.classic.ExecChainElement.execute(ExecChainElement.java:51)
	at org.apache.hc.client5.http.impl.classic.ProtocolExec.execute(ProtocolExec.java:192)
	at org.apache.hc.client5.http.impl.classic.ExecChainElement.execute(ExecChainElement.java:51)
	at org.apache.hc.client5.http.impl.classic.ContentCompressionExec.execute(ContentCompressionExec.java:150)
	at org.apache.hc.client5.http.impl.classic.ExecChainElement.execute(ExecChainElement.java:51)
	at org.apache.hc.client5.http.impl.classic.HttpRequestRetryExec.execute(HttpRequestRetryExec.java:113)
	at org.apache.hc.client5.http.impl.classic.ExecChainElement.execute(ExecChainElement.java:51)
	at org.apache.hc.client5.http.impl.classic.RedirectExec.execute(RedirectExec.java:110)
	at org.apache.hc.client5.http.impl.classic.ExecChainElement.execute(ExecChainElement.java:51)
	at org.apache.hc.client5.http.impl.classic.InternalHttpClient.doExecute(InternalHttpClient.java:183)
	at org.apache.hc.client5.http.impl.classic.CloseableHttpClient.execute(CloseableHttpClient.java:87)
	at org.apache.hc.client5.http.impl.classic.CloseableHttpClient.execute(CloseableHttpClient.java:55)
	at org.apache.hc.client5.http.classic.HttpClient.executeOpen(HttpClient.java:183)
	at org.springframework.http.client.HttpComponentsClientHttpRequest.executeInternal(HttpComponentsClientHttpRequest.java:99)
	at org.springframework.http.client.AbstractStreamingClientHttpRequest.executeInternal(AbstractStreamingClientHttpRequest.java:71)
	at org.springframework.http.client.AbstractClientHttpRequest.execute(AbstractClientHttpRequest.java:81)
	at org.springframework.http.client.InterceptingClientHttpRequest$InterceptingRequestExecution.execute(InterceptingClientHttpRequest.java:117)
	at org.springframework.cloud.netflix.eureka.http.RestTemplateTransportClientFactory.lambda$restTemplate$0(RestTemplateTransportClientFactory.java:143)
	at org.springframework.http.client.InterceptingClientHttpRequest$InterceptingRequestExecution.execute(InterceptingClientHttpRequest.java:88)
	at org.springframework.http.client.InterceptingClientHttpRequest.executeInternal(InterceptingClientHttpRequest.java:72)
	at org.springframework.http.client.AbstractBufferingClientHttpRequest.executeInternal(AbstractBufferingClientHttpRequest.java:48)
	at org.springframework.http.client.AbstractClientHttpRequest.execute(AbstractClientHttpRequest.java:81)
	at org.springframework.web.client.RestTemplate.doExecute(RestTemplate.java:900)
	... 40 more

2025-07-11 12:37:39 [SpringApplicationShutdownHook] WARN  c.n.d.s.t.d.RetryableEurekaHttpClient - Request execution failed with message: I/O error on DELETE request for "http://localhost:8081/eureka/apps/GATEWAY-SERVICE/192.168.41.141:gateway-service:8080": Connect to http://localhost:8081 [localhost/127.0.0.1, localhost/0:0:0:0:0:0:0:1] failed: Conexión rehusada
2025-07-11 12:37:39 [SpringApplicationShutdownHook] ERROR c.netflix.discovery.DiscoveryClient - DiscoveryClient_GATEWAY-SERVICE/192.168.41.141:gateway-service:8080 - de-registration failedCannot execute request on any known server
com.netflix.discovery.shared.transport.TransportException: Cannot execute request on any known server
	at com.netflix.discovery.shared.transport.decorator.RetryableEurekaHttpClient.execute(RetryableEurekaHttpClient.java:112)
	at com.netflix.discovery.shared.transport.decorator.EurekaHttpClientDecorator.cancel(EurekaHttpClientDecorator.java:71)
	at com.netflix.discovery.shared.transport.decorator.EurekaHttpClientDecorator$2.execute(EurekaHttpClientDecorator.java:74)
	at com.netflix.discovery.shared.transport.decorator.SessionedEurekaHttpClient.execute(SessionedEurekaHttpClient.java:77)
	at com.netflix.discovery.shared.transport.decorator.EurekaHttpClientDecorator.cancel(EurekaHttpClientDecorator.java:71)
	at com.netflix.discovery.DiscoveryClient.unregister(DiscoveryClient.java:916)
	at com.netflix.discovery.DiscoveryClient.shutdown(DiscoveryClient.java:892)
	at java.base/jdk.internal.reflect.NativeMethodAccessorImpl.invoke0(Native Method)
	at java.base/jdk.internal.reflect.NativeMethodAccessorImpl.invoke(NativeMethodAccessorImpl.java:77)
	at java.base/jdk.internal.reflect.DelegatingMethodAccessorImpl.invoke(DelegatingMethodAccessorImpl.java:43)
	at java.base/java.lang.reflect.Method.invoke(Method.java:569)
	at org.springframework.beans.factory.annotation.InitDestroyAnnotationBeanPostProcessor$LifecycleMethod.invoke(InitDestroyAnnotationBeanPostProcessor.java:457)
	at org.springframework.beans.factory.annotation.InitDestroyAnnotationBeanPostProcessor$LifecycleMetadata.invokeDestroyMethods(InitDestroyAnnotationBeanPostProcessor.java:415)
	at org.springframework.beans.factory.annotation.InitDestroyAnnotationBeanPostProcessor.postProcessBeforeDestruction(InitDestroyAnnotationBeanPostProcessor.java:239)
	at org.springframework.beans.factory.support.DisposableBeanAdapter.destroy(DisposableBeanAdapter.java:202)
	at org.springframework.beans.factory.support.DisposableBeanAdapter.run(DisposableBeanAdapter.java:195)
	at org.springframework.cloud.context.scope.GenericScope$BeanLifecycleWrapper.destroy(GenericScope.java:389)
	at org.springframework.cloud.context.scope.GenericScope.destroy(GenericScope.java:136)
	at org.springframework.beans.factory.support.DisposableBeanAdapter.destroy(DisposableBeanAdapter.java:211)
	at org.springframework.beans.factory.support.DefaultSingletonBeanRegistry.destroyBean(DefaultSingletonBeanRegistry.java:798)
	at org.springframework.beans.factory.support.DefaultSingletonBeanRegistry.destroySingleton(DefaultSingletonBeanRegistry.java:748)
	at org.springframework.beans.factory.support.DefaultListableBeanFactory.destroySingleton(DefaultListableBeanFactory.java:1474)
	at org.springframework.beans.factory.support.DefaultSingletonBeanRegistry.destroySingletons(DefaultSingletonBeanRegistry.java:707)
	at org.springframework.beans.factory.support.DefaultListableBeanFactory.destroySingletons(DefaultListableBeanFactory.java:1467)
	at org.springframework.context.support.AbstractApplicationContext.destroyBeans(AbstractApplicationContext.java:1219)
	at org.springframework.context.support.AbstractApplicationContext.doClose(AbstractApplicationContext.java:1180)
	at org.springframework.boot.web.reactive.context.ReactiveWebServerApplicationContext.doClose(ReactiveWebServerApplicationContext.java:155)
	at org.springframework.context.support.AbstractApplicationContext.close(AbstractApplicationContext.java:1126)
	at org.springframework.boot.SpringApplicationShutdownHook.closeAndWait(SpringApplicationShutdownHook.java:147)
	at java.base/java.lang.Iterable.forEach(Iterable.java:75)
	at org.springframework.boot.SpringApplicationShutdownHook.run(SpringApplicationShutdownHook.java:116)
	at java.base/java.lang.Thread.run(Thread.java:840)
2025-07-11 12:37:39 [SpringApplicationShutdownHook] INFO  c.netflix.discovery.DiscoveryClient - Completed shut down of DiscoveryClient
2025-07-11 15:24:57 [restartedMain] INFO  c.gateway.gateway.GatewayApplication - Starting GatewayApplication using Java 17.0.15 with PID 90465 (/home/sebastian/Documentos/stranger-drug/gateway/target/classes started by sebastian in /home/sebastian/Documentos/stranger-drug/gateway)
2025-07-11 15:24:57 [restartedMain] INFO  c.gateway.gateway.GatewayApplication - The following 5 profiles are active: "common", "security", "router", "logging", "ratelimit"
2025-07-11 15:24:57 [restartedMain] WARN  o.s.c.s.PostProcessorRegistrationDelegate$BeanPostProcessorChecker - Bean 'org.springframework.cloud.client.loadbalancer.LoadBalancerAutoConfiguration$LoadBalancerInterceptorConfig' of type [org.springframework.cloud.client.loadbalancer.LoadBalancerAutoConfiguration$LoadBalancerInterceptorConfig] is not eligible for getting processed by all BeanPostProcessors (for example: not eligible for auto-proxying). The currently created BeanPostProcessor [lbRestClientPostProcessor] is declared through a non-static factory method on that class; consider declaring it as static instead.
2025-07-11 15:24:57 [restartedMain] WARN  o.s.c.s.PostProcessorRegistrationDelegate$BeanPostProcessorChecker - Bean 'org.springframework.cloud.loadbalancer.config.BlockingLoadBalancerClientAutoConfiguration' of type [org.springframework.cloud.loadbalancer.config.BlockingLoadBalancerClientAutoConfiguration] is not eligible for getting processed by all BeanPostProcessors (for example: not eligible for auto-proxying). Is this bean getting eagerly injected/applied to a currently created BeanPostProcessor [lbRestClientPostProcessor]? Check the corresponding BeanPostProcessor declaration and its dependencies/advisors. If this bean does not have to be post-processed, declare it with ROLE_INFRASTRUCTURE.
2025-07-11 15:24:57 [restartedMain] WARN  o.s.c.s.PostProcessorRegistrationDelegate$BeanPostProcessorChecker - Bean 'org.springframework.cloud.loadbalancer.config.LoadBalancerAutoConfiguration' of type [org.springframework.cloud.loadbalancer.config.LoadBalancerAutoConfiguration] is not eligible for getting processed by all BeanPostProcessors (for example: not eligible for auto-proxying). Is this bean getting eagerly injected/applied to a currently created BeanPostProcessor [lbRestClientPostProcessor]? Check the corresponding BeanPostProcessor declaration and its dependencies/advisors. If this bean does not have to be post-processed, declare it with ROLE_INFRASTRUCTURE.
2025-07-11 15:24:57 [restartedMain] WARN  o.s.c.s.PostProcessorRegistrationDelegate$BeanPostProcessorChecker - Bean 'org.springframework.cloud.commons.config.CommonsConfigAutoConfiguration' of type [org.springframework.cloud.commons.config.CommonsConfigAutoConfiguration] is not eligible for getting processed by all BeanPostProcessors (for example: not eligible for auto-proxying). Is this bean getting eagerly injected/applied to a currently created BeanPostProcessor [lbRestClientPostProcessor]? Check the corresponding BeanPostProcessor declaration and its dependencies/advisors. If this bean does not have to be post-processed, declare it with ROLE_INFRASTRUCTURE.
2025-07-11 15:24:57 [restartedMain] WARN  o.s.c.s.PostProcessorRegistrationDelegate$BeanPostProcessorChecker - Bean 'org.springframework.cloud.client.loadbalancer.LoadBalancerDefaultMappingsProviderAutoConfiguration' of type [org.springframework.cloud.client.loadbalancer.LoadBalancerDefaultMappingsProviderAutoConfiguration] is not eligible for getting processed by all BeanPostProcessors (for example: not eligible for auto-proxying). Is this bean getting eagerly injected/applied to a currently created BeanPostProcessor [lbRestClientPostProcessor]? Check the corresponding BeanPostProcessor declaration and its dependencies/advisors. If this bean does not have to be post-processed, declare it with ROLE_INFRASTRUCTURE.
2025-07-11 15:24:57 [restartedMain] WARN  o.s.c.s.PostProcessorRegistrationDelegate$BeanPostProcessorChecker - Bean 'loadBalancerClientsDefaultsMappingsProvider' of type [org.springframework.cloud.client.loadbalancer.LoadBalancerDefaultMappingsProviderAutoConfiguration$$Lambda$696/0x00007fefd44055d8] is not eligible for getting processed by all BeanPostProcessors (for example: not eligible for auto-proxying). Is this bean getting eagerly injected/applied to a currently created BeanPostProcessor [lbRestClientPostProcessor]? Check the corresponding BeanPostProcessor declaration and its dependencies/advisors. If this bean does not have to be post-processed, declare it with ROLE_INFRASTRUCTURE.
2025-07-11 15:24:57 [restartedMain] WARN  o.s.c.s.PostProcessorRegistrationDelegate$BeanPostProcessorChecker - Bean 'defaultsBindHandlerAdvisor' of type [org.springframework.cloud.commons.config.DefaultsBindHandlerAdvisor] is not eligible for getting processed by all BeanPostProcessors (for example: not eligible for auto-proxying). Is this bean getting eagerly injected/applied to a currently created BeanPostProcessor [lbRestClientPostProcessor]? Check the corresponding BeanPostProcessor declaration and its dependencies/advisors. If this bean does not have to be post-processed, declare it with ROLE_INFRASTRUCTURE.
2025-07-11 15:24:57 [restartedMain] WARN  o.s.c.s.PostProcessorRegistrationDelegate$BeanPostProcessorChecker - Bean 'spring.cloud.loadbalancer-org.springframework.cloud.client.loadbalancer.LoadBalancerClientsProperties' of type [org.springframework.cloud.client.loadbalancer.LoadBalancerClientsProperties] is not eligible for getting processed by all BeanPostProcessors (for example: not eligible for auto-proxying). Is this bean getting eagerly injected/applied to a currently created BeanPostProcessor [lbRestClientPostProcessor]? Check the corresponding BeanPostProcessor declaration and its dependencies/advisors. If this bean does not have to be post-processed, declare it with ROLE_INFRASTRUCTURE.
2025-07-11 15:24:57 [restartedMain] WARN  o.s.c.s.PostProcessorRegistrationDelegate$BeanPostProcessorChecker - Bean 'default.org.springframework.cloud.loadbalancer.config.LoadBalancerAutoConfiguration.LoadBalancerClientSpecification' of type [org.springframework.cloud.loadbalancer.annotation.LoadBalancerClientSpecification] is not eligible for getting processed by all BeanPostProcessors (for example: not eligible for auto-proxying). Is this bean getting eagerly injected/applied to a currently created BeanPostProcessor [lbRestClientPostProcessor]? Check the corresponding BeanPostProcessor declaration and its dependencies/advisors. If this bean does not have to be post-processed, declare it with ROLE_INFRASTRUCTURE.
2025-07-11 15:24:57 [restartedMain] WARN  o.s.c.s.PostProcessorRegistrationDelegate$BeanPostProcessorChecker - Bean 'default.org.springframework.cloud.loadbalancer.config.BlockingLoadBalancerClientAutoConfiguration.LoadBalancerClientSpecification' of type [org.springframework.cloud.loadbalancer.annotation.LoadBalancerClientSpecification] is not eligible for getting processed by all BeanPostProcessors (for example: not eligible for auto-proxying). Is this bean getting eagerly injected/applied to a currently created BeanPostProcessor [lbRestClientPostProcessor]? Check the corresponding BeanPostProcessor declaration and its dependencies/advisors. If this bean does not have to be post-processed, declare it with ROLE_INFRASTRUCTURE.
2025-07-11 15:24:57 [restartedMain] WARN  o.s.c.s.PostProcessorRegistrationDelegate$BeanPostProcessorChecker - Bean 'default.org.springframework.cloud.netflix.eureka.loadbalancer.LoadBalancerEurekaAutoConfiguration.LoadBalancerClientSpecification' of type [org.springframework.cloud.loadbalancer.annotation.LoadBalancerClientSpecification] is not eligible for getting processed by all BeanPostProcessors (for example: not eligible for auto-proxying). Is this bean getting eagerly injected/applied to a currently created BeanPostProcessor [lbRestClientPostProcessor]? Check the corresponding BeanPostProcessor declaration and its dependencies/advisors. If this bean does not have to be post-processed, declare it with ROLE_INFRASTRUCTURE.
2025-07-11 15:24:57 [restartedMain] WARN  o.s.c.s.PostProcessorRegistrationDelegate$BeanPostProcessorChecker - Bean 'loadBalancerClientFactory' of type [org.springframework.cloud.loadbalancer.support.LoadBalancerClientFactory] is not eligible for getting processed by all BeanPostProcessors (for example: not eligible for auto-proxying). Is this bean getting eagerly injected/applied to a currently created BeanPostProcessor [lbRestClientPostProcessor]? Check the corresponding BeanPostProcessor declaration and its dependencies/advisors. If this bean does not have to be post-processed, declare it with ROLE_INFRASTRUCTURE.
2025-07-11 15:24:57 [restartedMain] WARN  o.s.c.s.PostProcessorRegistrationDelegate$BeanPostProcessorChecker - Bean 'blockingLoadBalancerClient' of type [org.springframework.cloud.loadbalancer.blocking.client.BlockingLoadBalancerClient] is not eligible for getting processed by all BeanPostProcessors (for example: not eligible for auto-proxying). Is this bean getting eagerly injected/applied to a currently created BeanPostProcessor [lbRestClientPostProcessor]? Check the corresponding BeanPostProcessor declaration and its dependencies/advisors. If this bean does not have to be post-processed, declare it with ROLE_INFRASTRUCTURE.
2025-07-11 15:24:58 [restartedMain] WARN  o.s.c.s.PostProcessorRegistrationDelegate$BeanPostProcessorChecker - Bean 'loadBalancerServiceInstanceCookieTransformer' of type [org.springframework.cloud.loadbalancer.core.LoadBalancerServiceInstanceCookieTransformer] is not eligible for getting processed by all BeanPostProcessors (for example: not eligible for auto-proxying). Is this bean getting eagerly injected/applied to a currently created BeanPostProcessor [lbRestClientPostProcessor]? Check the corresponding BeanPostProcessor declaration and its dependencies/advisors. If this bean does not have to be post-processed, declare it with ROLE_INFRASTRUCTURE.
2025-07-11 15:24:58 [restartedMain] WARN  o.s.c.s.PostProcessorRegistrationDelegate$BeanPostProcessorChecker - Bean 'xForwarderHeadersTransformer' of type [org.springframework.cloud.loadbalancer.blocking.XForwardedHeadersTransformer] is not eligible for getting processed by all BeanPostProcessors (for example: not eligible for auto-proxying). Is this bean getting eagerly injected/applied to a currently created BeanPostProcessor [lbRestClientPostProcessor]? Check the corresponding BeanPostProcessor declaration and its dependencies/advisors. If this bean does not have to be post-processed, declare it with ROLE_INFRASTRUCTURE.
2025-07-11 15:24:58 [restartedMain] WARN  o.s.c.s.PostProcessorRegistrationDelegate$BeanPostProcessorChecker - Bean 'org.springframework.cloud.client.loadbalancer.LoadBalancerAutoConfiguration' of type [org.springframework.cloud.client.loadbalancer.LoadBalancerAutoConfiguration] is not eligible for getting processed by all BeanPostProcessors (for example: not eligible for auto-proxying). Is this bean getting eagerly injected/applied to a currently created BeanPostProcessor [lbRestClientPostProcessor]? Check the corresponding BeanPostProcessor declaration and its dependencies/advisors. If this bean does not have to be post-processed, declare it with ROLE_INFRASTRUCTURE.
2025-07-11 15:24:58 [restartedMain] WARN  o.s.c.s.PostProcessorRegistrationDelegate$BeanPostProcessorChecker - Bean 'loadBalancerRequestFactory' of type [org.springframework.cloud.client.loadbalancer.LoadBalancerRequestFactory] is not eligible for getting processed by all BeanPostProcessors (for example: not eligible for auto-proxying). Is this bean getting eagerly injected/applied to a currently created BeanPostProcessor [lbRestClientPostProcessor]? Check the corresponding BeanPostProcessor declaration and its dependencies/advisors. If this bean does not have to be post-processed, declare it with ROLE_INFRASTRUCTURE.
2025-07-11 15:24:58 [restartedMain] WARN  o.s.c.s.PostProcessorRegistrationDelegate$BeanPostProcessorChecker - Bean 'loadBalancerInterceptor' of type [org.springframework.cloud.client.loadbalancer.LoadBalancerInterceptor] is not eligible for getting processed by all BeanPostProcessors (for example: not eligible for auto-proxying). Is this bean getting eagerly injected/applied to a currently created BeanPostProcessor [lbRestClientPostProcessor]? Check the corresponding BeanPostProcessor declaration and its dependencies/advisors. If this bean does not have to be post-processed, declare it with ROLE_INFRASTRUCTURE.
2025-07-11 15:24:58 [restartedMain] WARN  o.s.c.s.PostProcessorRegistrationDelegate$BeanPostProcessorChecker - Bean 'org.springframework.cloud.client.loadbalancer.reactive.LoadBalancerBeanPostProcessorAutoConfiguration' of type [org.springframework.cloud.client.loadbalancer.reactive.LoadBalancerBeanPostProcessorAutoConfiguration] is not eligible for getting processed by all BeanPostProcessors (for example: not eligible for auto-proxying). The currently created BeanPostProcessor [loadBalancerWebClientBuilderBeanPostProcessor] is declared through a non-static factory method on that class; consider declaring it as static instead.
2025-07-11 15:24:58 [restartedMain] WARN  o.s.c.s.PostProcessorRegistrationDelegate$BeanPostProcessorChecker - Bean 'org.springframework.cloud.client.loadbalancer.reactive.LoadBalancerBeanPostProcessorAutoConfiguration$ReactorDeferringLoadBalancerFilterConfig' of type [org.springframework.cloud.client.loadbalancer.reactive.LoadBalancerBeanPostProcessorAutoConfiguration$ReactorDeferringLoadBalancerFilterConfig] is not eligible for getting processed by all BeanPostProcessors (for example: not eligible for auto-proxying). Is this bean getting eagerly injected/applied to a currently created BeanPostProcessor [loadBalancerWebClientBuilderBeanPostProcessor]? Check the corresponding BeanPostProcessor declaration and its dependencies/advisors. If this bean does not have to be post-processed, declare it with ROLE_INFRASTRUCTURE.
2025-07-11 15:24:58 [restartedMain] WARN  o.s.c.s.PostProcessorRegistrationDelegate$BeanPostProcessorChecker - Bean 'reactorDeferringLoadBalancerExchangeFilterFunction' of type [org.springframework.cloud.client.loadbalancer.reactive.DeferringLoadBalancerExchangeFilterFunction] is not eligible for getting processed by all BeanPostProcessors (for example: not eligible for auto-proxying). Is this bean getting eagerly injected/applied to a currently created BeanPostProcessor [loadBalancerWebClientBuilderBeanPostProcessor]? Check the corresponding BeanPostProcessor declaration and its dependencies/advisors. If this bean does not have to be post-processed, declare it with ROLE_INFRASTRUCTURE.
2025-07-11 15:24:58 [restartedMain] INFO  c.g.g.m.j.i.config.SecurityConfig - Configurando seguridad del Gateway
2025-07-11 15:24:59 [restartedMain] WARN  o.s.c.l.c.LoadBalancerCacheAutoConfiguration$LoadBalancerCaffeineWarnLogger - Spring Cloud LoadBalancer is currently working with the default cache. While this cache implementation is useful for development and tests, it's recommended to use Caffeine cache in production.You can switch to using Caffeine cache, by adding it and org.springframework.cache.caffeine.CaffeineCacheManager to the classpath.
2025-07-11 15:24:59 [restartedMain] INFO  c.netflix.discovery.DiscoveryClient - Initializing Eureka in region us-east-1
2025-07-11 15:24:59 [restartedMain] INFO  c.n.d.s.r.aws.ConfigClusterResolver - Resolving eureka endpoints via configuration
2025-07-11 15:24:59 [restartedMain] INFO  c.netflix.discovery.DiscoveryClient - Disable delta property : false
2025-07-11 15:24:59 [restartedMain] INFO  c.netflix.discovery.DiscoveryClient - Single vip registry refresh property : null
2025-07-11 15:24:59 [restartedMain] INFO  c.netflix.discovery.DiscoveryClient - Force full registry fetch : false
2025-07-11 15:24:59 [restartedMain] INFO  c.netflix.discovery.DiscoveryClient - Application is null : false
2025-07-11 15:24:59 [restartedMain] INFO  c.netflix.discovery.DiscoveryClient - Registered Applications size is zero : true
2025-07-11 15:24:59 [restartedMain] INFO  c.netflix.discovery.DiscoveryClient - Application version is -1: true
2025-07-11 15:24:59 [restartedMain] INFO  c.netflix.discovery.DiscoveryClient - Getting all instance registry info from the eureka server
2025-07-11 15:24:59 [restartedMain] INFO  c.netflix.discovery.DiscoveryClient - The response status is 200
2025-07-11 15:24:59 [restartedMain] INFO  c.netflix.discovery.DiscoveryClient - Starting heartbeat executor: renew interval is: 30
2025-07-11 15:24:59 [restartedMain] INFO  c.n.discovery.InstanceInfoReplicator - InstanceInfoReplicator onDemand update allowed rate per min is 4
2025-07-11 15:24:59 [restartedMain] INFO  c.netflix.discovery.DiscoveryClient - Discovery Client initialized at timestamp 1752265499549 with initial instances count: 0
2025-07-11 15:24:59 [restartedMain] INFO  c.netflix.discovery.DiscoveryClient - Saw local status change event StatusChangeEvent [timestamp=1752265499553, current=UP, previous=STARTING]
2025-07-11 15:24:59 [DiscoveryClient-InstanceInfoReplicator-0] INFO  c.netflix.discovery.DiscoveryClient - DiscoveryClient_GATEWAY-SERVICE/192.168.49.16:gateway-service:8080: registering service...
2025-07-11 15:24:59 [DiscoveryClient-InstanceInfoReplicator-0] INFO  c.netflix.discovery.DiscoveryClient - DiscoveryClient_GATEWAY-SERVICE/192.168.49.16:gateway-service:8080 - registration status: 204
2025-07-11 15:24:59 [restartedMain] INFO  c.gateway.gateway.GatewayApplication - Started GatewayApplication in 3.152 seconds (process running for 3.535)
2025-07-11 15:25:29 [DiscoveryClient-CacheRefreshExecutor-0] INFO  c.netflix.discovery.DiscoveryClient - Disable delta property : false
2025-07-11 15:25:29 [DiscoveryClient-CacheRefreshExecutor-0] INFO  c.netflix.discovery.DiscoveryClient - Single vip registry refresh property : null
2025-07-11 15:25:29 [DiscoveryClient-CacheRefreshExecutor-0] INFO  c.netflix.discovery.DiscoveryClient - Force full registry fetch : false
2025-07-11 15:25:29 [DiscoveryClient-CacheRefreshExecutor-0] INFO  c.netflix.discovery.DiscoveryClient - Application is null : false
2025-07-11 15:25:29 [DiscoveryClient-CacheRefreshExecutor-0] INFO  c.netflix.discovery.DiscoveryClient - Registered Applications size is zero : true
2025-07-11 15:25:29 [DiscoveryClient-CacheRefreshExecutor-0] INFO  c.netflix.discovery.DiscoveryClient - Application version is -1: false
2025-07-11 15:25:29 [DiscoveryClient-CacheRefreshExecutor-0] INFO  c.netflix.discovery.DiscoveryClient - Getting all instance registry info from the eureka server
2025-07-11 15:25:29 [DiscoveryClient-CacheRefreshExecutor-0] INFO  c.netflix.discovery.DiscoveryClient - The response status is 200
2025-07-11 15:26:55 [reactor-http-epoll-3] INFO  c.g.g.common.logging.LoggingService - [2025-07-11 15:26:55.173] [SECURITY] ClientSecretValidationService: Iniciando validación de client secret
2025-07-11 15:26:55 [reactor-http-epoll-3] WARN  c.g.g.common.logging.LoggingService - [2025-07-11 15:26:55.174] [SECURITY-WARNING] ClientSecretValidationService: Client secret o valor esperado es null - ACCESO DENEGADO
2025-07-11 15:26:55 [reactor-http-epoll-3] WARN  c.g.g.m.j.i.s.ClientSecretWebFilter - ClientSecretWebFilter: Client secret inválido para PATCH /users/register/id/1 - ACCESO DENEGADO
2025-07-11 15:26:55 [reactor-http-epoll-3] ERROR c.g.g.common.logging.LoggingService - [2025-07-11 15:26:55.174] [SECURITY-ERROR] AccessErrorException: {}
2025-07-11 15:27:38 [reactor-http-epoll-3] INFO  c.g.g.common.logging.LoggingService - [2025-07-11 15:27:38.867] [SECURITY] ClientSecretValidationService: Iniciando validación de client secret
2025-07-11 15:27:38 [reactor-http-epoll-3] WARN  c.g.g.common.logging.LoggingService - [2025-07-11 15:27:38.867] [SECURITY-WARNING] ClientSecretValidationService: Client secret o valor esperado es null - ACCESO DENEGADO
2025-07-11 15:27:38 [reactor-http-epoll-3] WARN  c.g.g.m.j.i.s.ClientSecretWebFilter - ClientSecretWebFilter: Client secret inválido para PATCH /users/register/id/1 - ACCESO DENEGADO
2025-07-11 15:27:38 [reactor-http-epoll-3] ERROR c.g.g.common.logging.LoggingService - [2025-07-11 15:27:38.867] [SECURITY-ERROR] AccessErrorException: {}
2025-07-11 15:27:51 [reactor-http-epoll-3] INFO  c.g.g.common.logging.LoggingService - [2025-07-11 15:27:51.569] [SECURITY] ClientSecretValidationService: Iniciando validación de client secret
2025-07-11 15:27:51 [reactor-http-epoll-3] INFO  c.g.g.common.logging.LoggingService - [2025-07-11 15:27:51.569] [SECURITY] ClientSecretValidationService: Validación de client secret EXITOSA
2025-07-11 15:27:51 [reactor-http-epoll-3] WARN  c.g.g.m.j.i.s.JwtAuthenticationWebFilter - JwtAuthenticationWebFilter: Token no proporcionado para PATCH /users/register/id/1
2025-07-11 15:27:51 [reactor-http-epoll-3] ERROR c.g.g.common.logging.LoggingService - [2025-07-11 15:27:51.570] [SECURITY-ERROR] NoTokenException: Debes ingresar un token de acceso
2025-07-11 15:28:00 [reactor-http-epoll-3] INFO  c.g.g.common.logging.LoggingService - [2025-07-11 15:28:00.602] [SECURITY] ClientSecretValidationService: Iniciando validación de client secret
2025-07-11 15:28:00 [reactor-http-epoll-3] INFO  c.g.g.common.logging.LoggingService - [2025-07-11 15:28:00.602] [SECURITY] ClientSecretValidationService: Validación de client secret EXITOSA
2025-07-11 15:28:00 [reactor-http-epoll-3] WARN  c.g.g.m.j.i.s.JwtAuthenticationWebFilter - JwtAuthenticationWebFilter: Token no proporcionado para PATCH /users/register/id/1
2025-07-11 15:28:00 [reactor-http-epoll-3] ERROR c.g.g.common.logging.LoggingService - [2025-07-11 15:28:00.603] [SECURITY-ERROR] NoTokenException: Debes ingresar un token de acceso
2025-07-11 15:28:02 [reactor-http-epoll-3] INFO  c.g.g.common.logging.LoggingService - [2025-07-11 15:28:02.468] [SECURITY] ClientSecretValidationService: Iniciando validación de client secret
2025-07-11 15:28:02 [reactor-http-epoll-3] INFO  c.g.g.common.logging.LoggingService - [2025-07-11 15:28:02.468] [SECURITY] ClientSecretValidationService: Validación de client secret EXITOSA
2025-07-11 15:28:02 [reactor-http-epoll-3] WARN  c.g.g.m.j.i.s.JwtAuthenticationWebFilter - JwtAuthenticationWebFilter: Token no proporcionado para PATCH /users/register/id/1
2025-07-11 15:28:02 [reactor-http-epoll-3] ERROR c.g.g.common.logging.LoggingService - [2025-07-11 15:28:02.468] [SECURITY-ERROR] NoTokenException: Debes ingresar un token de acceso
2025-07-11 15:28:04 [reactor-http-epoll-3] INFO  c.g.g.common.logging.LoggingService - [2025-07-11 15:28:04.006] [SECURITY] ClientSecretValidationService: Iniciando validación de client secret
2025-07-11 15:28:04 [reactor-http-epoll-3] INFO  c.g.g.common.logging.LoggingService - [2025-07-11 15:28:04.006] [SECURITY] ClientSecretValidationService: Validación de client secret EXITOSA
2025-07-11 15:28:04 [reactor-http-epoll-3] WARN  c.g.g.m.j.i.s.JwtAuthenticationWebFilter - JwtAuthenticationWebFilter: Token no proporcionado para PATCH /users/register/id/1
2025-07-11 15:28:04 [reactor-http-epoll-3] ERROR c.g.g.common.logging.LoggingService - [2025-07-11 15:28:04.006] [SECURITY-ERROR] NoTokenException: Debes ingresar un token de acceso
2025-07-11 15:29:17 [reactor-http-epoll-5] INFO  c.g.g.common.logging.LoggingService - [2025-07-11 15:29:17.626] [SECURITY] ClientSecretValidationService: Iniciando validación de client secret
2025-07-11 15:29:17 [reactor-http-epoll-5] INFO  c.g.g.common.logging.LoggingService - [2025-07-11 15:29:17.627] [SECURITY] ClientSecretValidationService: Validación de client secret EXITOSA
2025-07-11 15:29:17 [reactor-http-epoll-5] INFO  c.g.g.common.logging.LoggingService - [2025-07-11 15:29:17.627] [SECURITY] JwtValidationService: Iniciando validación de token JWT
2025-07-11 15:29:17 [reactor-http-epoll-5] INFO  c.g.g.common.logging.LoggingService - [2025-07-11 15:29:17.644] [SECURITY] JwtValidationService: Token validado exitosamente - Usuario: {}, Rol: {}
2025-07-11 15:29:17 [parallel-1] INFO  c.g.g.common.logging.LoggingService - [2025-07-11 15:29:17.663] [SECURITY] ClientSecretValidationService: Iniciando validación de client secret
2025-07-11 15:29:17 [parallel-1] INFO  c.g.g.common.logging.LoggingService - [2025-07-11 15:29:17.664] [SECURITY] ClientSecretValidationService: Validación de client secret EXITOSA
2025-07-11 15:29:17 [parallel-1] INFO  c.g.g.common.logging.LoggingService - [2025-07-11 15:29:17.664] [SECURITY] JwtValidationService: Iniciando validación de token JWT
2025-07-11 15:29:17 [parallel-1] INFO  c.g.g.common.logging.LoggingService - [2025-07-11 15:29:17.666] [SECURITY] JwtValidationService: Token validado exitosamente - Usuario: {}, Rol: {}
2025-07-11 15:29:20 [reactor-http-epoll-5] INFO  c.g.g.common.logging.LoggingService - [2025-07-11 15:29:20.316] [SECURITY] ClientSecretValidationService: Iniciando validación de client secret
2025-07-11 15:29:20 [reactor-http-epoll-5] INFO  c.g.g.common.logging.LoggingService - [2025-07-11 15:29:20.316] [SECURITY] ClientSecretValidationService: Validación de client secret EXITOSA
2025-07-11 15:29:20 [reactor-http-epoll-5] INFO  c.g.g.common.logging.LoggingService - [2025-07-11 15:29:20.316] [SECURITY] JwtValidationService: Iniciando validación de token JWT
2025-07-11 15:29:20 [reactor-http-epoll-5] INFO  c.g.g.common.logging.LoggingService - [2025-07-11 15:29:20.318] [SECURITY] JwtValidationService: Token validado exitosamente - Usuario: {}, Rol: {}
2025-07-11 15:29:20 [parallel-3] INFO  c.g.g.common.logging.LoggingService - [2025-07-11 15:29:20.322] [SECURITY] ClientSecretValidationService: Iniciando validación de client secret
2025-07-11 15:29:20 [parallel-3] INFO  c.g.g.common.logging.LoggingService - [2025-07-11 15:29:20.323] [SECURITY] ClientSecretValidationService: Validación de client secret EXITOSA
2025-07-11 15:29:20 [parallel-3] INFO  c.g.g.common.logging.LoggingService - [2025-07-11 15:29:20.323] [SECURITY] JwtValidationService: Iniciando validación de token JWT
2025-07-11 15:29:20 [parallel-3] INFO  c.g.g.common.logging.LoggingService - [2025-07-11 15:29:20.331] [SECURITY] JwtValidationService: Token validado exitosamente - Usuario: {}, Rol: {}
2025-07-11 15:29:21 [reactor-http-epoll-5] INFO  c.g.g.common.logging.LoggingService - [2025-07-11 15:29:21.295] [SECURITY] ClientSecretValidationService: Iniciando validación de client secret
2025-07-11 15:29:21 [reactor-http-epoll-5] INFO  c.g.g.common.logging.LoggingService - [2025-07-11 15:29:21.295] [SECURITY] ClientSecretValidationService: Validación de client secret EXITOSA
2025-07-11 15:29:21 [reactor-http-epoll-5] INFO  c.g.g.common.logging.LoggingService - [2025-07-11 15:29:21.296] [SECURITY] JwtValidationService: Iniciando validación de token JWT
2025-07-11 15:29:21 [reactor-http-epoll-5] INFO  c.g.g.common.logging.LoggingService - [2025-07-11 15:29:21.297] [SECURITY] JwtValidationService: Token validado exitosamente - Usuario: {}, Rol: {}
2025-07-11 15:29:21 [parallel-4] INFO  c.g.g.common.logging.LoggingService - [2025-07-11 15:29:21.299] [SECURITY] ClientSecretValidationService: Iniciando validación de client secret
2025-07-11 15:29:21 [parallel-4] INFO  c.g.g.common.logging.LoggingService - [2025-07-11 15:29:21.300] [SECURITY] ClientSecretValidationService: Validación de client secret EXITOSA
2025-07-11 15:29:21 [parallel-4] INFO  c.g.g.common.logging.LoggingService - [2025-07-11 15:29:21.300] [SECURITY] JwtValidationService: Iniciando validación de token JWT
2025-07-11 15:29:21 [parallel-4] INFO  c.g.g.common.logging.LoggingService - [2025-07-11 15:29:21.302] [SECURITY] JwtValidationService: Token validado exitosamente - Usuario: {}, Rol: {}
2025-07-11 15:29:22 [reactor-http-epoll-5] INFO  c.g.g.common.logging.LoggingService - [2025-07-11 15:29:22.198] [SECURITY] ClientSecretValidationService: Iniciando validación de client secret
2025-07-11 15:29:22 [reactor-http-epoll-5] INFO  c.g.g.common.logging.LoggingService - [2025-07-11 15:29:22.198] [SECURITY] ClientSecretValidationService: Validación de client secret EXITOSA
2025-07-11 15:29:22 [reactor-http-epoll-5] INFO  c.g.g.common.logging.LoggingService - [2025-07-11 15:29:22.199] [SECURITY] JwtValidationService: Iniciando validación de token JWT
2025-07-11 15:29:22 [reactor-http-epoll-5] INFO  c.g.g.common.logging.LoggingService - [2025-07-11 15:29:22.200] [SECURITY] JwtValidationService: Token validado exitosamente - Usuario: {}, Rol: {}
2025-07-11 15:29:22 [parallel-5] INFO  c.g.g.common.logging.LoggingService - [2025-07-11 15:29:22.203] [SECURITY] ClientSecretValidationService: Iniciando validación de client secret
2025-07-11 15:29:22 [parallel-5] INFO  c.g.g.common.logging.LoggingService - [2025-07-11 15:29:22.203] [SECURITY] ClientSecretValidationService: Validación de client secret EXITOSA
2025-07-11 15:29:22 [parallel-5] INFO  c.g.g.common.logging.LoggingService - [2025-07-11 15:29:22.203] [SECURITY] JwtValidationService: Iniciando validación de token JWT
2025-07-11 15:29:22 [parallel-5] INFO  c.g.g.common.logging.LoggingService - [2025-07-11 15:29:22.206] [SECURITY] JwtValidationService: Token validado exitosamente - Usuario: {}, Rol: {}
2025-07-11 15:29:23 [reactor-http-epoll-5] INFO  c.g.g.common.logging.LoggingService - [2025-07-11 15:29:23.090] [SECURITY] ClientSecretValidationService: Iniciando validación de client secret
2025-07-11 15:29:23 [reactor-http-epoll-5] INFO  c.g.g.common.logging.LoggingService - [2025-07-11 15:29:23.090] [SECURITY] ClientSecretValidationService: Validación de client secret EXITOSA
2025-07-11 15:29:23 [reactor-http-epoll-5] INFO  c.g.g.common.logging.LoggingService - [2025-07-11 15:29:23.090] [SECURITY] JwtValidationService: Iniciando validación de token JWT
2025-07-11 15:29:23 [reactor-http-epoll-5] INFO  c.g.g.common.logging.LoggingService - [2025-07-11 15:29:23.091] [SECURITY] JwtValidationService: Token validado exitosamente - Usuario: {}, Rol: {}
2025-07-11 15:29:23 [parallel-6] INFO  c.g.g.common.logging.LoggingService - [2025-07-11 15:29:23.094] [SECURITY] ClientSecretValidationService: Iniciando validación de client secret
2025-07-11 15:29:23 [parallel-6] INFO  c.g.g.common.logging.LoggingService - [2025-07-11 15:29:23.094] [SECURITY] ClientSecretValidationService: Validación de client secret EXITOSA
2025-07-11 15:29:23 [parallel-6] INFO  c.g.g.common.logging.LoggingService - [2025-07-11 15:29:23.094] [SECURITY] JwtValidationService: Iniciando validación de token JWT
2025-07-11 15:29:23 [parallel-6] INFO  c.g.g.common.logging.LoggingService - [2025-07-11 15:29:23.096] [SECURITY] JwtValidationService: Token validado exitosamente - Usuario: {}, Rol: {}
2025-07-11 15:29:24 [reactor-http-epoll-5] INFO  c.g.g.common.logging.LoggingService - [2025-07-11 15:29:24.648] [SECURITY] ClientSecretValidationService: Iniciando validación de client secret
2025-07-11 15:29:24 [reactor-http-epoll-5] INFO  c.g.g.common.logging.LoggingService - [2025-07-11 15:29:24.648] [SECURITY] ClientSecretValidationService: Validación de client secret EXITOSA
2025-07-11 15:29:24 [reactor-http-epoll-5] INFO  c.g.g.common.logging.LoggingService - [2025-07-11 15:29:24.648] [SECURITY] JwtValidationService: Iniciando validación de token JWT
2025-07-11 15:29:24 [reactor-http-epoll-5] INFO  c.g.g.common.logging.LoggingService - [2025-07-11 15:29:24.650] [SECURITY] JwtValidationService: Token validado exitosamente - Usuario: {}, Rol: {}
2025-07-11 15:29:24 [parallel-7] INFO  c.g.g.common.logging.LoggingService - [2025-07-11 15:29:24.652] [SECURITY] ClientSecretValidationService: Iniciando validación de client secret
2025-07-11 15:29:24 [parallel-7] INFO  c.g.g.common.logging.LoggingService - [2025-07-11 15:29:24.653] [SECURITY] ClientSecretValidationService: Validación de client secret EXITOSA
2025-07-11 15:29:24 [parallel-7] INFO  c.g.g.common.logging.LoggingService - [2025-07-11 15:29:24.653] [SECURITY] JwtValidationService: Iniciando validación de token JWT
2025-07-11 15:29:24 [parallel-7] INFO  c.g.g.common.logging.LoggingService - [2025-07-11 15:29:24.656] [SECURITY] JwtValidationService: Token validado exitosamente - Usuario: {}, Rol: {}
2025-07-11 15:29:59 [AsyncResolver-bootstrap-executor-0] INFO  c.n.d.s.r.aws.ConfigClusterResolver - Resolving eureka endpoints via configuration
2025-07-11 15:30:54 [reactor-http-epoll-1] INFO  c.g.g.common.logging.LoggingService - [2025-07-11 15:30:54.314] [SECURITY] ClientSecretValidationService: Iniciando validación de client secret
2025-07-11 15:30:54 [reactor-http-epoll-1] WARN  c.g.g.common.logging.LoggingService - [2025-07-11 15:30:54.315] [SECURITY-WARNING] ClientSecretValidationService: Client secret o valor esperado es null - ACCESO DENEGADO
2025-07-11 15:30:54 [reactor-http-epoll-1] WARN  c.g.g.m.j.i.s.ClientSecretWebFilter - ClientSecretWebFilter: Client secret inválido para POST /users/terms/accept/multiple - ACCESO DENEGADO
2025-07-11 15:30:54 [reactor-http-epoll-1] ERROR c.g.g.common.logging.LoggingService - [2025-07-11 15:30:54.315] [SECURITY-ERROR] AccessErrorException: {}
2025-07-11 15:31:58 [reactor-http-epoll-1] INFO  c.g.g.common.logging.LoggingService - [2025-07-11 15:31:58.705] [SECURITY] ClientSecretValidationService: Iniciando validación de client secret
2025-07-11 15:31:58 [reactor-http-epoll-1] WARN  c.g.g.common.logging.LoggingService - [2025-07-11 15:31:58.706] [SECURITY-WARNING] ClientSecretValidationService: Client secret o valor esperado es null - ACCESO DENEGADO
2025-07-11 15:31:58 [reactor-http-epoll-1] WARN  c.g.g.m.j.i.s.ClientSecretWebFilter - ClientSecretWebFilter: Client secret inválido para POST /users/register/email - ACCESO DENEGADO
2025-07-11 15:31:58 [reactor-http-epoll-1] ERROR c.g.g.common.logging.LoggingService - [2025-07-11 15:31:58.706] [SECURITY-ERROR] AccessErrorException: {}
2025-07-11 15:34:43 [Thread-7] INFO  c.netflix.discovery.DiscoveryClient - Saw local status change event StatusChangeEvent [timestamp=1752266083346, current=DOWN, previous=UP]
2025-07-11 15:34:43 [DiscoveryClient-InstanceInfoReplicator-0] INFO  c.netflix.discovery.DiscoveryClient - DiscoveryClient_GATEWAY-SERVICE/192.168.49.16:gateway-service:8080: registering service...
2025-07-11 15:34:43 [DiscoveryClient-InstanceInfoReplicator-0] INFO  c.netflix.discovery.DiscoveryClient - DiscoveryClient_GATEWAY-SERVICE/192.168.49.16:gateway-service:8080 - registration status: 204
2025-07-11 15:34:43 [Thread-7] INFO  c.netflix.discovery.DiscoveryClient - Shutting down DiscoveryClient ...
2025-07-11 15:34:46 [Thread-7] INFO  c.netflix.discovery.DiscoveryClient - Unregistering ...
2025-07-11 15:34:46 [Thread-7] INFO  c.netflix.discovery.DiscoveryClient - DiscoveryClient_GATEWAY-SERVICE/192.168.49.16:gateway-service:8080 - deregister  status: 200
2025-07-11 15:34:46 [Thread-7] INFO  c.netflix.discovery.DiscoveryClient - Completed shut down of DiscoveryClient
2025-07-11 15:34:46 [restartedMain] INFO  c.gateway.gateway.GatewayApplication - Starting GatewayApplication using Java 17.0.15 with PID 90465 (/home/sebastian/Documentos/stranger-drug/gateway/target/classes started by sebastian in /home/sebastian/Documentos/stranger-drug/gateway)
2025-07-11 15:34:46 [restartedMain] INFO  c.gateway.gateway.GatewayApplication - The following 5 profiles are active: "common", "security", "router", "logging", "ratelimit"
2025-07-11 15:34:46 [restartedMain] WARN  o.s.c.s.PostProcessorRegistrationDelegate$BeanPostProcessorChecker - Bean 'org.springframework.cloud.client.loadbalancer.LoadBalancerAutoConfiguration$LoadBalancerInterceptorConfig' of type [org.springframework.cloud.client.loadbalancer.LoadBalancerAutoConfiguration$LoadBalancerInterceptorConfig] is not eligible for getting processed by all BeanPostProcessors (for example: not eligible for auto-proxying). The currently created BeanPostProcessor [lbRestClientPostProcessor] is declared through a non-static factory method on that class; consider declaring it as static instead.
2025-07-11 15:34:46 [restartedMain] WARN  o.s.c.s.PostProcessorRegistrationDelegate$BeanPostProcessorChecker - Bean 'org.springframework.cloud.loadbalancer.config.BlockingLoadBalancerClientAutoConfiguration' of type [org.springframework.cloud.loadbalancer.config.BlockingLoadBalancerClientAutoConfiguration] is not eligible for getting processed by all BeanPostProcessors (for example: not eligible for auto-proxying). Is this bean getting eagerly injected/applied to a currently created BeanPostProcessor [lbRestClientPostProcessor]? Check the corresponding BeanPostProcessor declaration and its dependencies/advisors. If this bean does not have to be post-processed, declare it with ROLE_INFRASTRUCTURE.
2025-07-11 15:34:46 [restartedMain] WARN  o.s.c.s.PostProcessorRegistrationDelegate$BeanPostProcessorChecker - Bean 'org.springframework.cloud.loadbalancer.config.LoadBalancerAutoConfiguration' of type [org.springframework.cloud.loadbalancer.config.LoadBalancerAutoConfiguration] is not eligible for getting processed by all BeanPostProcessors (for example: not eligible for auto-proxying). Is this bean getting eagerly injected/applied to a currently created BeanPostProcessor [lbRestClientPostProcessor]? Check the corresponding BeanPostProcessor declaration and its dependencies/advisors. If this bean does not have to be post-processed, declare it with ROLE_INFRASTRUCTURE.
2025-07-11 15:34:46 [restartedMain] WARN  o.s.c.s.PostProcessorRegistrationDelegate$BeanPostProcessorChecker - Bean 'org.springframework.cloud.commons.config.CommonsConfigAutoConfiguration' of type [org.springframework.cloud.commons.config.CommonsConfigAutoConfiguration] is not eligible for getting processed by all BeanPostProcessors (for example: not eligible for auto-proxying). Is this bean getting eagerly injected/applied to a currently created BeanPostProcessor [lbRestClientPostProcessor]? Check the corresponding BeanPostProcessor declaration and its dependencies/advisors. If this bean does not have to be post-processed, declare it with ROLE_INFRASTRUCTURE.
2025-07-11 15:34:46 [restartedMain] WARN  o.s.c.s.PostProcessorRegistrationDelegate$BeanPostProcessorChecker - Bean 'org.springframework.cloud.client.loadbalancer.LoadBalancerDefaultMappingsProviderAutoConfiguration' of type [org.springframework.cloud.client.loadbalancer.LoadBalancerDefaultMappingsProviderAutoConfiguration] is not eligible for getting processed by all BeanPostProcessors (for example: not eligible for auto-proxying). Is this bean getting eagerly injected/applied to a currently created BeanPostProcessor [lbRestClientPostProcessor]? Check the corresponding BeanPostProcessor declaration and its dependencies/advisors. If this bean does not have to be post-processed, declare it with ROLE_INFRASTRUCTURE.
2025-07-11 15:34:46 [restartedMain] WARN  o.s.c.s.PostProcessorRegistrationDelegate$BeanPostProcessorChecker - Bean 'loadBalancerClientsDefaultsMappingsProvider' of type [org.springframework.cloud.client.loadbalancer.LoadBalancerDefaultMappingsProviderAutoConfiguration$$Lambda$696/0x00007fefd44055d8] is not eligible for getting processed by all BeanPostProcessors (for example: not eligible for auto-proxying). Is this bean getting eagerly injected/applied to a currently created BeanPostProcessor [lbRestClientPostProcessor]? Check the corresponding BeanPostProcessor declaration and its dependencies/advisors. If this bean does not have to be post-processed, declare it with ROLE_INFRASTRUCTURE.
2025-07-11 15:34:46 [restartedMain] WARN  o.s.c.s.PostProcessorRegistrationDelegate$BeanPostProcessorChecker - Bean 'defaultsBindHandlerAdvisor' of type [org.springframework.cloud.commons.config.DefaultsBindHandlerAdvisor] is not eligible for getting processed by all BeanPostProcessors (for example: not eligible for auto-proxying). Is this bean getting eagerly injected/applied to a currently created BeanPostProcessor [lbRestClientPostProcessor]? Check the corresponding BeanPostProcessor declaration and its dependencies/advisors. If this bean does not have to be post-processed, declare it with ROLE_INFRASTRUCTURE.
2025-07-11 15:34:46 [restartedMain] WARN  o.s.c.s.PostProcessorRegistrationDelegate$BeanPostProcessorChecker - Bean 'spring.cloud.loadbalancer-org.springframework.cloud.client.loadbalancer.LoadBalancerClientsProperties' of type [org.springframework.cloud.client.loadbalancer.LoadBalancerClientsProperties] is not eligible for getting processed by all BeanPostProcessors (for example: not eligible for auto-proxying). Is this bean getting eagerly injected/applied to a currently created BeanPostProcessor [lbRestClientPostProcessor]? Check the corresponding BeanPostProcessor declaration and its dependencies/advisors. If this bean does not have to be post-processed, declare it with ROLE_INFRASTRUCTURE.
2025-07-11 15:34:46 [restartedMain] WARN  o.s.c.s.PostProcessorRegistrationDelegate$BeanPostProcessorChecker - Bean 'default.org.springframework.cloud.loadbalancer.config.LoadBalancerAutoConfiguration.LoadBalancerClientSpecification' of type [org.springframework.cloud.loadbalancer.annotation.LoadBalancerClientSpecification] is not eligible for getting processed by all BeanPostProcessors (for example: not eligible for auto-proxying). Is this bean getting eagerly injected/applied to a currently created BeanPostProcessor [lbRestClientPostProcessor]? Check the corresponding BeanPostProcessor declaration and its dependencies/advisors. If this bean does not have to be post-processed, declare it with ROLE_INFRASTRUCTURE.
2025-07-11 15:34:46 [restartedMain] WARN  o.s.c.s.PostProcessorRegistrationDelegate$BeanPostProcessorChecker - Bean 'default.org.springframework.cloud.loadbalancer.config.BlockingLoadBalancerClientAutoConfiguration.LoadBalancerClientSpecification' of type [org.springframework.cloud.loadbalancer.annotation.LoadBalancerClientSpecification] is not eligible for getting processed by all BeanPostProcessors (for example: not eligible for auto-proxying). Is this bean getting eagerly injected/applied to a currently created BeanPostProcessor [lbRestClientPostProcessor]? Check the corresponding BeanPostProcessor declaration and its dependencies/advisors. If this bean does not have to be post-processed, declare it with ROLE_INFRASTRUCTURE.
2025-07-11 15:34:46 [restartedMain] WARN  o.s.c.s.PostProcessorRegistrationDelegate$BeanPostProcessorChecker - Bean 'default.org.springframework.cloud.netflix.eureka.loadbalancer.LoadBalancerEurekaAutoConfiguration.LoadBalancerClientSpecification' of type [org.springframework.cloud.loadbalancer.annotation.LoadBalancerClientSpecification] is not eligible for getting processed by all BeanPostProcessors (for example: not eligible for auto-proxying). Is this bean getting eagerly injected/applied to a currently created BeanPostProcessor [lbRestClientPostProcessor]? Check the corresponding BeanPostProcessor declaration and its dependencies/advisors. If this bean does not have to be post-processed, declare it with ROLE_INFRASTRUCTURE.
2025-07-11 15:34:46 [restartedMain] WARN  o.s.c.s.PostProcessorRegistrationDelegate$BeanPostProcessorChecker - Bean 'loadBalancerClientFactory' of type [org.springframework.cloud.loadbalancer.support.LoadBalancerClientFactory] is not eligible for getting processed by all BeanPostProcessors (for example: not eligible for auto-proxying). Is this bean getting eagerly injected/applied to a currently created BeanPostProcessor [lbRestClientPostProcessor]? Check the corresponding BeanPostProcessor declaration and its dependencies/advisors. If this bean does not have to be post-processed, declare it with ROLE_INFRASTRUCTURE.
2025-07-11 15:34:46 [restartedMain] WARN  o.s.c.s.PostProcessorRegistrationDelegate$BeanPostProcessorChecker - Bean 'blockingLoadBalancerClient' of type [org.springframework.cloud.loadbalancer.blocking.client.BlockingLoadBalancerClient] is not eligible for getting processed by all BeanPostProcessors (for example: not eligible for auto-proxying). Is this bean getting eagerly injected/applied to a currently created BeanPostProcessor [lbRestClientPostProcessor]? Check the corresponding BeanPostProcessor declaration and its dependencies/advisors. If this bean does not have to be post-processed, declare it with ROLE_INFRASTRUCTURE.
2025-07-11 15:34:46 [restartedMain] WARN  o.s.c.s.PostProcessorRegistrationDelegate$BeanPostProcessorChecker - Bean 'loadBalancerServiceInstanceCookieTransformer' of type [org.springframework.cloud.loadbalancer.core.LoadBalancerServiceInstanceCookieTransformer] is not eligible for getting processed by all BeanPostProcessors (for example: not eligible for auto-proxying). Is this bean getting eagerly injected/applied to a currently created BeanPostProcessor [lbRestClientPostProcessor]? Check the corresponding BeanPostProcessor declaration and its dependencies/advisors. If this bean does not have to be post-processed, declare it with ROLE_INFRASTRUCTURE.
2025-07-11 15:34:46 [restartedMain] WARN  o.s.c.s.PostProcessorRegistrationDelegate$BeanPostProcessorChecker - Bean 'xForwarderHeadersTransformer' of type [org.springframework.cloud.loadbalancer.blocking.XForwardedHeadersTransformer] is not eligible for getting processed by all BeanPostProcessors (for example: not eligible for auto-proxying). Is this bean getting eagerly injected/applied to a currently created BeanPostProcessor [lbRestClientPostProcessor]? Check the corresponding BeanPostProcessor declaration and its dependencies/advisors. If this bean does not have to be post-processed, declare it with ROLE_INFRASTRUCTURE.
2025-07-11 15:34:46 [restartedMain] WARN  o.s.c.s.PostProcessorRegistrationDelegate$BeanPostProcessorChecker - Bean 'org.springframework.cloud.client.loadbalancer.LoadBalancerAutoConfiguration' of type [org.springframework.cloud.client.loadbalancer.LoadBalancerAutoConfiguration] is not eligible for getting processed by all BeanPostProcessors (for example: not eligible for auto-proxying). Is this bean getting eagerly injected/applied to a currently created BeanPostProcessor [lbRestClientPostProcessor]? Check the corresponding BeanPostProcessor declaration and its dependencies/advisors. If this bean does not have to be post-processed, declare it with ROLE_INFRASTRUCTURE.
2025-07-11 15:34:46 [restartedMain] WARN  o.s.c.s.PostProcessorRegistrationDelegate$BeanPostProcessorChecker - Bean 'loadBalancerRequestFactory' of type [org.springframework.cloud.client.loadbalancer.LoadBalancerRequestFactory] is not eligible for getting processed by all BeanPostProcessors (for example: not eligible for auto-proxying). Is this bean getting eagerly injected/applied to a currently created BeanPostProcessor [lbRestClientPostProcessor]? Check the corresponding BeanPostProcessor declaration and its dependencies/advisors. If this bean does not have to be post-processed, declare it with ROLE_INFRASTRUCTURE.
2025-07-11 15:34:46 [restartedMain] WARN  o.s.c.s.PostProcessorRegistrationDelegate$BeanPostProcessorChecker - Bean 'loadBalancerInterceptor' of type [org.springframework.cloud.client.loadbalancer.LoadBalancerInterceptor] is not eligible for getting processed by all BeanPostProcessors (for example: not eligible for auto-proxying). Is this bean getting eagerly injected/applied to a currently created BeanPostProcessor [lbRestClientPostProcessor]? Check the corresponding BeanPostProcessor declaration and its dependencies/advisors. If this bean does not have to be post-processed, declare it with ROLE_INFRASTRUCTURE.
2025-07-11 15:34:46 [restartedMain] WARN  o.s.c.s.PostProcessorRegistrationDelegate$BeanPostProcessorChecker - Bean 'org.springframework.cloud.client.loadbalancer.reactive.LoadBalancerBeanPostProcessorAutoConfiguration' of type [org.springframework.cloud.client.loadbalancer.reactive.LoadBalancerBeanPostProcessorAutoConfiguration] is not eligible for getting processed by all BeanPostProcessors (for example: not eligible for auto-proxying). The currently created BeanPostProcessor [loadBalancerWebClientBuilderBeanPostProcessor] is declared through a non-static factory method on that class; consider declaring it as static instead.
2025-07-11 15:34:46 [restartedMain] WARN  o.s.c.s.PostProcessorRegistrationDelegate$BeanPostProcessorChecker - Bean 'org.springframework.cloud.client.loadbalancer.reactive.LoadBalancerBeanPostProcessorAutoConfiguration$ReactorDeferringLoadBalancerFilterConfig' of type [org.springframework.cloud.client.loadbalancer.reactive.LoadBalancerBeanPostProcessorAutoConfiguration$ReactorDeferringLoadBalancerFilterConfig] is not eligible for getting processed by all BeanPostProcessors (for example: not eligible for auto-proxying). Is this bean getting eagerly injected/applied to a currently created BeanPostProcessor [loadBalancerWebClientBuilderBeanPostProcessor]? Check the corresponding BeanPostProcessor declaration and its dependencies/advisors. If this bean does not have to be post-processed, declare it with ROLE_INFRASTRUCTURE.
2025-07-11 15:34:46 [restartedMain] WARN  o.s.c.s.PostProcessorRegistrationDelegate$BeanPostProcessorChecker - Bean 'reactorDeferringLoadBalancerExchangeFilterFunction' of type [org.springframework.cloud.client.loadbalancer.reactive.DeferringLoadBalancerExchangeFilterFunction] is not eligible for getting processed by all BeanPostProcessors (for example: not eligible for auto-proxying). Is this bean getting eagerly injected/applied to a currently created BeanPostProcessor [loadBalancerWebClientBuilderBeanPostProcessor]? Check the corresponding BeanPostProcessor declaration and its dependencies/advisors. If this bean does not have to be post-processed, declare it with ROLE_INFRASTRUCTURE.
2025-07-11 15:34:46 [restartedMain] INFO  c.g.g.m.j.i.config.SecurityConfig - Configurando seguridad del Gateway
2025-07-11 15:34:47 [restartedMain] WARN  o.s.c.l.c.LoadBalancerCacheAutoConfiguration$LoadBalancerCaffeineWarnLogger - Spring Cloud LoadBalancer is currently working with the default cache. While this cache implementation is useful for development and tests, it's recommended to use Caffeine cache in production.You can switch to using Caffeine cache, by adding it and org.springframework.cache.caffeine.CaffeineCacheManager to the classpath.
2025-07-11 15:34:47 [restartedMain] INFO  c.netflix.discovery.DiscoveryClient - Initializing Eureka in region us-east-1
2025-07-11 15:34:47 [restartedMain] INFO  c.n.d.s.r.aws.ConfigClusterResolver - Resolving eureka endpoints via configuration
2025-07-11 15:34:47 [restartedMain] INFO  c.netflix.discovery.DiscoveryClient - Disable delta property : false
2025-07-11 15:34:47 [restartedMain] INFO  c.netflix.discovery.DiscoveryClient - Single vip registry refresh property : null
2025-07-11 15:34:47 [restartedMain] INFO  c.netflix.discovery.DiscoveryClient - Force full registry fetch : false
2025-07-11 15:34:47 [restartedMain] INFO  c.netflix.discovery.DiscoveryClient - Application is null : false
2025-07-11 15:34:47 [restartedMain] INFO  c.netflix.discovery.DiscoveryClient - Registered Applications size is zero : true
2025-07-11 15:34:47 [restartedMain] INFO  c.netflix.discovery.DiscoveryClient - Application version is -1: true
2025-07-11 15:34:47 [restartedMain] INFO  c.netflix.discovery.DiscoveryClient - Getting all instance registry info from the eureka server
2025-07-11 15:34:47 [restartedMain] INFO  c.netflix.discovery.DiscoveryClient - The response status is 200
2025-07-11 15:34:47 [restartedMain] INFO  c.netflix.discovery.DiscoveryClient - Starting heartbeat executor: renew interval is: 30
2025-07-11 15:34:47 [restartedMain] INFO  c.n.discovery.InstanceInfoReplicator - InstanceInfoReplicator onDemand update allowed rate per min is 4
2025-07-11 15:34:47 [restartedMain] INFO  c.netflix.discovery.DiscoveryClient - Discovery Client initialized at timestamp 1752266087038 with initial instances count: 2
2025-07-11 15:34:47 [restartedMain] INFO  c.netflix.discovery.DiscoveryClient - Saw local status change event StatusChangeEvent [timestamp=1752266087039, current=UP, previous=STARTING]
2025-07-11 15:34:47 [DiscoveryClient-InstanceInfoReplicator-0] INFO  c.netflix.discovery.DiscoveryClient - DiscoveryClient_GATEWAY-SERVICE/192.168.49.16:gateway-service:8080: registering service...
2025-07-11 15:34:47 [DiscoveryClient-InstanceInfoReplicator-0] INFO  c.netflix.discovery.DiscoveryClient - DiscoveryClient_GATEWAY-SERVICE/192.168.49.16:gateway-service:8080 - registration status: 204
2025-07-11 15:34:47 [restartedMain] INFO  c.gateway.gateway.GatewayApplication - Started GatewayApplication in 0.611 seconds (process running for 590.869)
2025-07-11 15:34:48 [Thread-17] INFO  c.netflix.discovery.DiscoveryClient - Saw local status change event StatusChangeEvent [timestamp=1752266088395, current=DOWN, previous=UP]
2025-07-11 15:34:48 [DiscoveryClient-InstanceInfoReplicator-0] INFO  c.netflix.discovery.DiscoveryClient - DiscoveryClient_GATEWAY-SERVICE/192.168.49.16:gateway-service:8080: registering service...
2025-07-11 15:34:48 [DiscoveryClient-InstanceInfoReplicator-0] INFO  c.netflix.discovery.DiscoveryClient - DiscoveryClient_GATEWAY-SERVICE/192.168.49.16:gateway-service:8080 - registration status: 204
2025-07-11 15:34:48 [Thread-17] INFO  c.netflix.discovery.DiscoveryClient - Shutting down DiscoveryClient ...
2025-07-11 15:34:51 [Thread-17] INFO  c.netflix.discovery.DiscoveryClient - Unregistering ...
2025-07-11 15:34:51 [Thread-17] INFO  c.netflix.discovery.DiscoveryClient - DiscoveryClient_GATEWAY-SERVICE/192.168.49.16:gateway-service:8080 - deregister  status: 200
2025-07-11 15:34:51 [Thread-17] INFO  c.netflix.discovery.DiscoveryClient - Completed shut down of DiscoveryClient
2025-07-11 15:34:51 [restartedMain] INFO  c.gateway.gateway.GatewayApplication - Starting GatewayApplication using Java 17.0.15 with PID 90465 (/home/sebastian/Documentos/stranger-drug/gateway/target/classes started by sebastian in /home/sebastian/Documentos/stranger-drug/gateway)
2025-07-11 15:34:51 [restartedMain] INFO  c.gateway.gateway.GatewayApplication - The following 5 profiles are active: "common", "security", "router", "logging", "ratelimit"
2025-07-11 15:34:51 [restartedMain] WARN  o.s.c.s.PostProcessorRegistrationDelegate$BeanPostProcessorChecker - Bean 'org.springframework.cloud.client.loadbalancer.LoadBalancerAutoConfiguration$LoadBalancerInterceptorConfig' of type [org.springframework.cloud.client.loadbalancer.LoadBalancerAutoConfiguration$LoadBalancerInterceptorConfig] is not eligible for getting processed by all BeanPostProcessors (for example: not eligible for auto-proxying). The currently created BeanPostProcessor [lbRestClientPostProcessor] is declared through a non-static factory method on that class; consider declaring it as static instead.
2025-07-11 15:34:51 [restartedMain] WARN  o.s.c.s.PostProcessorRegistrationDelegate$BeanPostProcessorChecker - Bean 'org.springframework.cloud.loadbalancer.config.BlockingLoadBalancerClientAutoConfiguration' of type [org.springframework.cloud.loadbalancer.config.BlockingLoadBalancerClientAutoConfiguration] is not eligible for getting processed by all BeanPostProcessors (for example: not eligible for auto-proxying). Is this bean getting eagerly injected/applied to a currently created BeanPostProcessor [lbRestClientPostProcessor]? Check the corresponding BeanPostProcessor declaration and its dependencies/advisors. If this bean does not have to be post-processed, declare it with ROLE_INFRASTRUCTURE.
2025-07-11 15:34:51 [restartedMain] WARN  o.s.c.s.PostProcessorRegistrationDelegate$BeanPostProcessorChecker - Bean 'org.springframework.cloud.loadbalancer.config.LoadBalancerAutoConfiguration' of type [org.springframework.cloud.loadbalancer.config.LoadBalancerAutoConfiguration] is not eligible for getting processed by all BeanPostProcessors (for example: not eligible for auto-proxying). Is this bean getting eagerly injected/applied to a currently created BeanPostProcessor [lbRestClientPostProcessor]? Check the corresponding BeanPostProcessor declaration and its dependencies/advisors. If this bean does not have to be post-processed, declare it with ROLE_INFRASTRUCTURE.
2025-07-11 15:34:51 [restartedMain] WARN  o.s.c.s.PostProcessorRegistrationDelegate$BeanPostProcessorChecker - Bean 'org.springframework.cloud.commons.config.CommonsConfigAutoConfiguration' of type [org.springframework.cloud.commons.config.CommonsConfigAutoConfiguration] is not eligible for getting processed by all BeanPostProcessors (for example: not eligible for auto-proxying). Is this bean getting eagerly injected/applied to a currently created BeanPostProcessor [lbRestClientPostProcessor]? Check the corresponding BeanPostProcessor declaration and its dependencies/advisors. If this bean does not have to be post-processed, declare it with ROLE_INFRASTRUCTURE.
2025-07-11 15:34:51 [restartedMain] WARN  o.s.c.s.PostProcessorRegistrationDelegate$BeanPostProcessorChecker - Bean 'org.springframework.cloud.client.loadbalancer.LoadBalancerDefaultMappingsProviderAutoConfiguration' of type [org.springframework.cloud.client.loadbalancer.LoadBalancerDefaultMappingsProviderAutoConfiguration] is not eligible for getting processed by all BeanPostProcessors (for example: not eligible for auto-proxying). Is this bean getting eagerly injected/applied to a currently created BeanPostProcessor [lbRestClientPostProcessor]? Check the corresponding BeanPostProcessor declaration and its dependencies/advisors. If this bean does not have to be post-processed, declare it with ROLE_INFRASTRUCTURE.
2025-07-11 15:34:51 [restartedMain] WARN  o.s.c.s.PostProcessorRegistrationDelegate$BeanPostProcessorChecker - Bean 'loadBalancerClientsDefaultsMappingsProvider' of type [org.springframework.cloud.client.loadbalancer.LoadBalancerDefaultMappingsProviderAutoConfiguration$$Lambda$696/0x00007fefd44055d8] is not eligible for getting processed by all BeanPostProcessors (for example: not eligible for auto-proxying). Is this bean getting eagerly injected/applied to a currently created BeanPostProcessor [lbRestClientPostProcessor]? Check the corresponding BeanPostProcessor declaration and its dependencies/advisors. If this bean does not have to be post-processed, declare it with ROLE_INFRASTRUCTURE.
2025-07-11 15:34:51 [restartedMain] WARN  o.s.c.s.PostProcessorRegistrationDelegate$BeanPostProcessorChecker - Bean 'defaultsBindHandlerAdvisor' of type [org.springframework.cloud.commons.config.DefaultsBindHandlerAdvisor] is not eligible for getting processed by all BeanPostProcessors (for example: not eligible for auto-proxying). Is this bean getting eagerly injected/applied to a currently created BeanPostProcessor [lbRestClientPostProcessor]? Check the corresponding BeanPostProcessor declaration and its dependencies/advisors. If this bean does not have to be post-processed, declare it with ROLE_INFRASTRUCTURE.
2025-07-11 15:34:51 [restartedMain] WARN  o.s.c.s.PostProcessorRegistrationDelegate$BeanPostProcessorChecker - Bean 'spring.cloud.loadbalancer-org.springframework.cloud.client.loadbalancer.LoadBalancerClientsProperties' of type [org.springframework.cloud.client.loadbalancer.LoadBalancerClientsProperties] is not eligible for getting processed by all BeanPostProcessors (for example: not eligible for auto-proxying). Is this bean getting eagerly injected/applied to a currently created BeanPostProcessor [lbRestClientPostProcessor]? Check the corresponding BeanPostProcessor declaration and its dependencies/advisors. If this bean does not have to be post-processed, declare it with ROLE_INFRASTRUCTURE.
2025-07-11 15:34:51 [restartedMain] WARN  o.s.c.s.PostProcessorRegistrationDelegate$BeanPostProcessorChecker - Bean 'default.org.springframework.cloud.loadbalancer.config.LoadBalancerAutoConfiguration.LoadBalancerClientSpecification' of type [org.springframework.cloud.loadbalancer.annotation.LoadBalancerClientSpecification] is not eligible for getting processed by all BeanPostProcessors (for example: not eligible for auto-proxying). Is this bean getting eagerly injected/applied to a currently created BeanPostProcessor [lbRestClientPostProcessor]? Check the corresponding BeanPostProcessor declaration and its dependencies/advisors. If this bean does not have to be post-processed, declare it with ROLE_INFRASTRUCTURE.
2025-07-11 15:34:51 [restartedMain] WARN  o.s.c.s.PostProcessorRegistrationDelegate$BeanPostProcessorChecker - Bean 'default.org.springframework.cloud.loadbalancer.config.BlockingLoadBalancerClientAutoConfiguration.LoadBalancerClientSpecification' of type [org.springframework.cloud.loadbalancer.annotation.LoadBalancerClientSpecification] is not eligible for getting processed by all BeanPostProcessors (for example: not eligible for auto-proxying). Is this bean getting eagerly injected/applied to a currently created BeanPostProcessor [lbRestClientPostProcessor]? Check the corresponding BeanPostProcessor declaration and its dependencies/advisors. If this bean does not have to be post-processed, declare it with ROLE_INFRASTRUCTURE.
2025-07-11 15:34:51 [restartedMain] WARN  o.s.c.s.PostProcessorRegistrationDelegate$BeanPostProcessorChecker - Bean 'default.org.springframework.cloud.netflix.eureka.loadbalancer.LoadBalancerEurekaAutoConfiguration.LoadBalancerClientSpecification' of type [org.springframework.cloud.loadbalancer.annotation.LoadBalancerClientSpecification] is not eligible for getting processed by all BeanPostProcessors (for example: not eligible for auto-proxying). Is this bean getting eagerly injected/applied to a currently created BeanPostProcessor [lbRestClientPostProcessor]? Check the corresponding BeanPostProcessor declaration and its dependencies/advisors. If this bean does not have to be post-processed, declare it with ROLE_INFRASTRUCTURE.
2025-07-11 15:34:51 [restartedMain] WARN  o.s.c.s.PostProcessorRegistrationDelegate$BeanPostProcessorChecker - Bean 'loadBalancerClientFactory' of type [org.springframework.cloud.loadbalancer.support.LoadBalancerClientFactory] is not eligible for getting processed by all BeanPostProcessors (for example: not eligible for auto-proxying). Is this bean getting eagerly injected/applied to a currently created BeanPostProcessor [lbRestClientPostProcessor]? Check the corresponding BeanPostProcessor declaration and its dependencies/advisors. If this bean does not have to be post-processed, declare it with ROLE_INFRASTRUCTURE.
2025-07-11 15:34:51 [restartedMain] WARN  o.s.c.s.PostProcessorRegistrationDelegate$BeanPostProcessorChecker - Bean 'blockingLoadBalancerClient' of type [org.springframework.cloud.loadbalancer.blocking.client.BlockingLoadBalancerClient] is not eligible for getting processed by all BeanPostProcessors (for example: not eligible for auto-proxying). Is this bean getting eagerly injected/applied to a currently created BeanPostProcessor [lbRestClientPostProcessor]? Check the corresponding BeanPostProcessor declaration and its dependencies/advisors. If this bean does not have to be post-processed, declare it with ROLE_INFRASTRUCTURE.
2025-07-11 15:34:51 [restartedMain] WARN  o.s.c.s.PostProcessorRegistrationDelegate$BeanPostProcessorChecker - Bean 'loadBalancerServiceInstanceCookieTransformer' of type [org.springframework.cloud.loadbalancer.core.LoadBalancerServiceInstanceCookieTransformer] is not eligible for getting processed by all BeanPostProcessors (for example: not eligible for auto-proxying). Is this bean getting eagerly injected/applied to a currently created BeanPostProcessor [lbRestClientPostProcessor]? Check the corresponding BeanPostProcessor declaration and its dependencies/advisors. If this bean does not have to be post-processed, declare it with ROLE_INFRASTRUCTURE.
2025-07-11 15:34:51 [restartedMain] WARN  o.s.c.s.PostProcessorRegistrationDelegate$BeanPostProcessorChecker - Bean 'xForwarderHeadersTransformer' of type [org.springframework.cloud.loadbalancer.blocking.XForwardedHeadersTransformer] is not eligible for getting processed by all BeanPostProcessors (for example: not eligible for auto-proxying). Is this bean getting eagerly injected/applied to a currently created BeanPostProcessor [lbRestClientPostProcessor]? Check the corresponding BeanPostProcessor declaration and its dependencies/advisors. If this bean does not have to be post-processed, declare it with ROLE_INFRASTRUCTURE.
2025-07-11 15:34:51 [restartedMain] WARN  o.s.c.s.PostProcessorRegistrationDelegate$BeanPostProcessorChecker - Bean 'org.springframework.cloud.client.loadbalancer.LoadBalancerAutoConfiguration' of type [org.springframework.cloud.client.loadbalancer.LoadBalancerAutoConfiguration] is not eligible for getting processed by all BeanPostProcessors (for example: not eligible for auto-proxying). Is this bean getting eagerly injected/applied to a currently created BeanPostProcessor [lbRestClientPostProcessor]? Check the corresponding BeanPostProcessor declaration and its dependencies/advisors. If this bean does not have to be post-processed, declare it with ROLE_INFRASTRUCTURE.
2025-07-11 15:34:51 [restartedMain] WARN  o.s.c.s.PostProcessorRegistrationDelegate$BeanPostProcessorChecker - Bean 'loadBalancerRequestFactory' of type [org.springframework.cloud.client.loadbalancer.LoadBalancerRequestFactory] is not eligible for getting processed by all BeanPostProcessors (for example: not eligible for auto-proxying). Is this bean getting eagerly injected/applied to a currently created BeanPostProcessor [lbRestClientPostProcessor]? Check the corresponding BeanPostProcessor declaration and its dependencies/advisors. If this bean does not have to be post-processed, declare it with ROLE_INFRASTRUCTURE.
2025-07-11 15:34:51 [restartedMain] WARN  o.s.c.s.PostProcessorRegistrationDelegate$BeanPostProcessorChecker - Bean 'loadBalancerInterceptor' of type [org.springframework.cloud.client.loadbalancer.LoadBalancerInterceptor] is not eligible for getting processed by all BeanPostProcessors (for example: not eligible for auto-proxying). Is this bean getting eagerly injected/applied to a currently created BeanPostProcessor [lbRestClientPostProcessor]? Check the corresponding BeanPostProcessor declaration and its dependencies/advisors. If this bean does not have to be post-processed, declare it with ROLE_INFRASTRUCTURE.
2025-07-11 15:34:51 [restartedMain] WARN  o.s.c.s.PostProcessorRegistrationDelegate$BeanPostProcessorChecker - Bean 'org.springframework.cloud.client.loadbalancer.reactive.LoadBalancerBeanPostProcessorAutoConfiguration' of type [org.springframework.cloud.client.loadbalancer.reactive.LoadBalancerBeanPostProcessorAutoConfiguration] is not eligible for getting processed by all BeanPostProcessors (for example: not eligible for auto-proxying). The currently created BeanPostProcessor [loadBalancerWebClientBuilderBeanPostProcessor] is declared through a non-static factory method on that class; consider declaring it as static instead.
2025-07-11 15:34:51 [restartedMain] WARN  o.s.c.s.PostProcessorRegistrationDelegate$BeanPostProcessorChecker - Bean 'org.springframework.cloud.client.loadbalancer.reactive.LoadBalancerBeanPostProcessorAutoConfiguration$ReactorDeferringLoadBalancerFilterConfig' of type [org.springframework.cloud.client.loadbalancer.reactive.LoadBalancerBeanPostProcessorAutoConfiguration$ReactorDeferringLoadBalancerFilterConfig] is not eligible for getting processed by all BeanPostProcessors (for example: not eligible for auto-proxying). Is this bean getting eagerly injected/applied to a currently created BeanPostProcessor [loadBalancerWebClientBuilderBeanPostProcessor]? Check the corresponding BeanPostProcessor declaration and its dependencies/advisors. If this bean does not have to be post-processed, declare it with ROLE_INFRASTRUCTURE.
2025-07-11 15:34:51 [restartedMain] WARN  o.s.c.s.PostProcessorRegistrationDelegate$BeanPostProcessorChecker - Bean 'reactorDeferringLoadBalancerExchangeFilterFunction' of type [org.springframework.cloud.client.loadbalancer.reactive.DeferringLoadBalancerExchangeFilterFunction] is not eligible for getting processed by all BeanPostProcessors (for example: not eligible for auto-proxying). Is this bean getting eagerly injected/applied to a currently created BeanPostProcessor [loadBalancerWebClientBuilderBeanPostProcessor]? Check the corresponding BeanPostProcessor declaration and its dependencies/advisors. If this bean does not have to be post-processed, declare it with ROLE_INFRASTRUCTURE.
2025-07-11 15:34:51 [restartedMain] INFO  c.g.g.m.j.i.config.SecurityConfig - Configurando seguridad del Gateway
2025-07-11 15:34:51 [restartedMain] WARN  o.s.c.l.c.LoadBalancerCacheAutoConfiguration$LoadBalancerCaffeineWarnLogger - Spring Cloud LoadBalancer is currently working with the default cache. While this cache implementation is useful for development and tests, it's recommended to use Caffeine cache in production.You can switch to using Caffeine cache, by adding it and org.springframework.cache.caffeine.CaffeineCacheManager to the classpath.
2025-07-11 15:34:51 [restartedMain] INFO  c.netflix.discovery.DiscoveryClient - Initializing Eureka in region us-east-1
2025-07-11 15:34:51 [restartedMain] INFO  c.n.d.s.r.aws.ConfigClusterResolver - Resolving eureka endpoints via configuration
2025-07-11 15:34:51 [restartedMain] INFO  c.netflix.discovery.DiscoveryClient - Disable delta property : false
2025-07-11 15:34:51 [restartedMain] INFO  c.netflix.discovery.DiscoveryClient - Single vip registry refresh property : null
2025-07-11 15:34:51 [restartedMain] INFO  c.netflix.discovery.DiscoveryClient - Force full registry fetch : false
2025-07-11 15:34:51 [restartedMain] INFO  c.netflix.discovery.DiscoveryClient - Application is null : false
2025-07-11 15:34:51 [restartedMain] INFO  c.netflix.discovery.DiscoveryClient - Registered Applications size is zero : true
2025-07-11 15:34:51 [restartedMain] INFO  c.netflix.discovery.DiscoveryClient - Application version is -1: true
2025-07-11 15:34:51 [restartedMain] INFO  c.netflix.discovery.DiscoveryClient - Getting all instance registry info from the eureka server
2025-07-11 15:34:52 [restartedMain] INFO  c.netflix.discovery.DiscoveryClient - The response status is 200
2025-07-11 15:34:52 [restartedMain] INFO  c.netflix.discovery.DiscoveryClient - Starting heartbeat executor: renew interval is: 30
2025-07-11 15:34:52 [restartedMain] INFO  c.n.discovery.InstanceInfoReplicator - InstanceInfoReplicator onDemand update allowed rate per min is 4
2025-07-11 15:34:52 [restartedMain] INFO  c.netflix.discovery.DiscoveryClient - Discovery Client initialized at timestamp 1752266092008 with initial instances count: 2
2025-07-11 15:34:52 [restartedMain] INFO  c.netflix.discovery.DiscoveryClient - Saw local status change event StatusChangeEvent [timestamp=1752266092010, current=UP, previous=STARTING]
2025-07-11 15:34:52 [DiscoveryClient-InstanceInfoReplicator-0] INFO  c.netflix.discovery.DiscoveryClient - DiscoveryClient_GATEWAY-SERVICE/192.168.49.16:gateway-service:8080: registering service...
2025-07-11 15:34:52 [DiscoveryClient-InstanceInfoReplicator-0] INFO  c.netflix.discovery.DiscoveryClient - DiscoveryClient_GATEWAY-SERVICE/192.168.49.16:gateway-service:8080 - registration status: 204
2025-07-11 15:34:52 [restartedMain] INFO  c.gateway.gateway.GatewayApplication - Started GatewayApplication in 0.578 seconds (process running for 595.858)
2025-07-11 15:34:53 [SpringApplicationShutdownHook] INFO  c.netflix.discovery.DiscoveryClient - Saw local status change event StatusChangeEvent [timestamp=1752266093007, current=DOWN, previous=UP]
2025-07-11 15:34:53 [DiscoveryClient-InstanceInfoReplicator-0] INFO  c.netflix.discovery.DiscoveryClient - DiscoveryClient_GATEWAY-SERVICE/192.168.49.16:gateway-service:8080: registering service...
2025-07-11 15:34:53 [DiscoveryClient-InstanceInfoReplicator-0] INFO  c.netflix.discovery.DiscoveryClient - DiscoveryClient_GATEWAY-SERVICE/192.168.49.16:gateway-service:8080 - registration status: 204
2025-07-11 15:34:53 [SpringApplicationShutdownHook] INFO  c.netflix.discovery.DiscoveryClient - Shutting down DiscoveryClient ...
2025-07-11 15:34:56 [SpringApplicationShutdownHook] INFO  c.netflix.discovery.DiscoveryClient - Unregistering ...
2025-07-11 15:34:56 [SpringApplicationShutdownHook] INFO  c.netflix.discovery.DiscoveryClient - DiscoveryClient_GATEWAY-SERVICE/192.168.49.16:gateway-service:8080 - deregister  status: 200
2025-07-11 15:34:56 [SpringApplicationShutdownHook] INFO  c.netflix.discovery.DiscoveryClient - Completed shut down of DiscoveryClient
2025-07-11 15:35:02 [restartedMain] INFO  c.gateway.gateway.GatewayApplication - Starting GatewayApplication using Java 17.0.15 with PID 96802 (/home/sebastian/Documentos/stranger-drug/gateway/target/classes started by sebastian in /home/sebastian/Documentos/stranger-drug/gateway)
2025-07-11 15:35:02 [restartedMain] INFO  c.gateway.gateway.GatewayApplication - The following 5 profiles are active: "common", "security", "router", "logging", "ratelimit"
2025-07-11 15:35:03 [restartedMain] WARN  o.s.c.s.PostProcessorRegistrationDelegate$BeanPostProcessorChecker - Bean 'org.springframework.cloud.client.loadbalancer.LoadBalancerAutoConfiguration$LoadBalancerInterceptorConfig' of type [org.springframework.cloud.client.loadbalancer.LoadBalancerAutoConfiguration$LoadBalancerInterceptorConfig] is not eligible for getting processed by all BeanPostProcessors (for example: not eligible for auto-proxying). The currently created BeanPostProcessor [lbRestClientPostProcessor] is declared through a non-static factory method on that class; consider declaring it as static instead.
2025-07-11 15:35:03 [restartedMain] WARN  o.s.c.s.PostProcessorRegistrationDelegate$BeanPostProcessorChecker - Bean 'org.springframework.cloud.loadbalancer.config.BlockingLoadBalancerClientAutoConfiguration' of type [org.springframework.cloud.loadbalancer.config.BlockingLoadBalancerClientAutoConfiguration] is not eligible for getting processed by all BeanPostProcessors (for example: not eligible for auto-proxying). Is this bean getting eagerly injected/applied to a currently created BeanPostProcessor [lbRestClientPostProcessor]? Check the corresponding BeanPostProcessor declaration and its dependencies/advisors. If this bean does not have to be post-processed, declare it with ROLE_INFRASTRUCTURE.
2025-07-11 15:35:03 [restartedMain] WARN  o.s.c.s.PostProcessorRegistrationDelegate$BeanPostProcessorChecker - Bean 'org.springframework.cloud.loadbalancer.config.LoadBalancerAutoConfiguration' of type [org.springframework.cloud.loadbalancer.config.LoadBalancerAutoConfiguration] is not eligible for getting processed by all BeanPostProcessors (for example: not eligible for auto-proxying). Is this bean getting eagerly injected/applied to a currently created BeanPostProcessor [lbRestClientPostProcessor]? Check the corresponding BeanPostProcessor declaration and its dependencies/advisors. If this bean does not have to be post-processed, declare it with ROLE_INFRASTRUCTURE.
2025-07-11 15:35:03 [restartedMain] WARN  o.s.c.s.PostProcessorRegistrationDelegate$BeanPostProcessorChecker - Bean 'org.springframework.cloud.commons.config.CommonsConfigAutoConfiguration' of type [org.springframework.cloud.commons.config.CommonsConfigAutoConfiguration] is not eligible for getting processed by all BeanPostProcessors (for example: not eligible for auto-proxying). Is this bean getting eagerly injected/applied to a currently created BeanPostProcessor [lbRestClientPostProcessor]? Check the corresponding BeanPostProcessor declaration and its dependencies/advisors. If this bean does not have to be post-processed, declare it with ROLE_INFRASTRUCTURE.
2025-07-11 15:35:03 [restartedMain] WARN  o.s.c.s.PostProcessorRegistrationDelegate$BeanPostProcessorChecker - Bean 'org.springframework.cloud.client.loadbalancer.LoadBalancerDefaultMappingsProviderAutoConfiguration' of type [org.springframework.cloud.client.loadbalancer.LoadBalancerDefaultMappingsProviderAutoConfiguration] is not eligible for getting processed by all BeanPostProcessors (for example: not eligible for auto-proxying). Is this bean getting eagerly injected/applied to a currently created BeanPostProcessor [lbRestClientPostProcessor]? Check the corresponding BeanPostProcessor declaration and its dependencies/advisors. If this bean does not have to be post-processed, declare it with ROLE_INFRASTRUCTURE.
2025-07-11 15:35:03 [restartedMain] WARN  o.s.c.s.PostProcessorRegistrationDelegate$BeanPostProcessorChecker - Bean 'loadBalancerClientsDefaultsMappingsProvider' of type [org.springframework.cloud.client.loadbalancer.LoadBalancerDefaultMappingsProviderAutoConfiguration$$Lambda$696/0x00007f04dc4055d8] is not eligible for getting processed by all BeanPostProcessors (for example: not eligible for auto-proxying). Is this bean getting eagerly injected/applied to a currently created BeanPostProcessor [lbRestClientPostProcessor]? Check the corresponding BeanPostProcessor declaration and its dependencies/advisors. If this bean does not have to be post-processed, declare it with ROLE_INFRASTRUCTURE.
2025-07-11 15:35:03 [restartedMain] WARN  o.s.c.s.PostProcessorRegistrationDelegate$BeanPostProcessorChecker - Bean 'defaultsBindHandlerAdvisor' of type [org.springframework.cloud.commons.config.DefaultsBindHandlerAdvisor] is not eligible for getting processed by all BeanPostProcessors (for example: not eligible for auto-proxying). Is this bean getting eagerly injected/applied to a currently created BeanPostProcessor [lbRestClientPostProcessor]? Check the corresponding BeanPostProcessor declaration and its dependencies/advisors. If this bean does not have to be post-processed, declare it with ROLE_INFRASTRUCTURE.
2025-07-11 15:35:03 [restartedMain] WARN  o.s.c.s.PostProcessorRegistrationDelegate$BeanPostProcessorChecker - Bean 'spring.cloud.loadbalancer-org.springframework.cloud.client.loadbalancer.LoadBalancerClientsProperties' of type [org.springframework.cloud.client.loadbalancer.LoadBalancerClientsProperties] is not eligible for getting processed by all BeanPostProcessors (for example: not eligible for auto-proxying). Is this bean getting eagerly injected/applied to a currently created BeanPostProcessor [lbRestClientPostProcessor]? Check the corresponding BeanPostProcessor declaration and its dependencies/advisors. If this bean does not have to be post-processed, declare it with ROLE_INFRASTRUCTURE.
2025-07-11 15:35:03 [restartedMain] WARN  o.s.c.s.PostProcessorRegistrationDelegate$BeanPostProcessorChecker - Bean 'default.org.springframework.cloud.loadbalancer.config.LoadBalancerAutoConfiguration.LoadBalancerClientSpecification' of type [org.springframework.cloud.loadbalancer.annotation.LoadBalancerClientSpecification] is not eligible for getting processed by all BeanPostProcessors (for example: not eligible for auto-proxying). Is this bean getting eagerly injected/applied to a currently created BeanPostProcessor [lbRestClientPostProcessor]? Check the corresponding BeanPostProcessor declaration and its dependencies/advisors. If this bean does not have to be post-processed, declare it with ROLE_INFRASTRUCTURE.
2025-07-11 15:35:03 [restartedMain] WARN  o.s.c.s.PostProcessorRegistrationDelegate$BeanPostProcessorChecker - Bean 'default.org.springframework.cloud.loadbalancer.config.BlockingLoadBalancerClientAutoConfiguration.LoadBalancerClientSpecification' of type [org.springframework.cloud.loadbalancer.annotation.LoadBalancerClientSpecification] is not eligible for getting processed by all BeanPostProcessors (for example: not eligible for auto-proxying). Is this bean getting eagerly injected/applied to a currently created BeanPostProcessor [lbRestClientPostProcessor]? Check the corresponding BeanPostProcessor declaration and its dependencies/advisors. If this bean does not have to be post-processed, declare it with ROLE_INFRASTRUCTURE.
2025-07-11 15:35:03 [restartedMain] WARN  o.s.c.s.PostProcessorRegistrationDelegate$BeanPostProcessorChecker - Bean 'default.org.springframework.cloud.netflix.eureka.loadbalancer.LoadBalancerEurekaAutoConfiguration.LoadBalancerClientSpecification' of type [org.springframework.cloud.loadbalancer.annotation.LoadBalancerClientSpecification] is not eligible for getting processed by all BeanPostProcessors (for example: not eligible for auto-proxying). Is this bean getting eagerly injected/applied to a currently created BeanPostProcessor [lbRestClientPostProcessor]? Check the corresponding BeanPostProcessor declaration and its dependencies/advisors. If this bean does not have to be post-processed, declare it with ROLE_INFRASTRUCTURE.
2025-07-11 15:35:03 [restartedMain] WARN  o.s.c.s.PostProcessorRegistrationDelegate$BeanPostProcessorChecker - Bean 'loadBalancerClientFactory' of type [org.springframework.cloud.loadbalancer.support.LoadBalancerClientFactory] is not eligible for getting processed by all BeanPostProcessors (for example: not eligible for auto-proxying). Is this bean getting eagerly injected/applied to a currently created BeanPostProcessor [lbRestClientPostProcessor]? Check the corresponding BeanPostProcessor declaration and its dependencies/advisors. If this bean does not have to be post-processed, declare it with ROLE_INFRASTRUCTURE.
2025-07-11 15:35:03 [restartedMain] WARN  o.s.c.s.PostProcessorRegistrationDelegate$BeanPostProcessorChecker - Bean 'blockingLoadBalancerClient' of type [org.springframework.cloud.loadbalancer.blocking.client.BlockingLoadBalancerClient] is not eligible for getting processed by all BeanPostProcessors (for example: not eligible for auto-proxying). Is this bean getting eagerly injected/applied to a currently created BeanPostProcessor [lbRestClientPostProcessor]? Check the corresponding BeanPostProcessor declaration and its dependencies/advisors. If this bean does not have to be post-processed, declare it with ROLE_INFRASTRUCTURE.
2025-07-11 15:35:03 [restartedMain] WARN  o.s.c.s.PostProcessorRegistrationDelegate$BeanPostProcessorChecker - Bean 'loadBalancerServiceInstanceCookieTransformer' of type [org.springframework.cloud.loadbalancer.core.LoadBalancerServiceInstanceCookieTransformer] is not eligible for getting processed by all BeanPostProcessors (for example: not eligible for auto-proxying). Is this bean getting eagerly injected/applied to a currently created BeanPostProcessor [lbRestClientPostProcessor]? Check the corresponding BeanPostProcessor declaration and its dependencies/advisors. If this bean does not have to be post-processed, declare it with ROLE_INFRASTRUCTURE.
2025-07-11 15:35:03 [restartedMain] WARN  o.s.c.s.PostProcessorRegistrationDelegate$BeanPostProcessorChecker - Bean 'xForwarderHeadersTransformer' of type [org.springframework.cloud.loadbalancer.blocking.XForwardedHeadersTransformer] is not eligible for getting processed by all BeanPostProcessors (for example: not eligible for auto-proxying). Is this bean getting eagerly injected/applied to a currently created BeanPostProcessor [lbRestClientPostProcessor]? Check the corresponding BeanPostProcessor declaration and its dependencies/advisors. If this bean does not have to be post-processed, declare it with ROLE_INFRASTRUCTURE.
2025-07-11 15:35:03 [restartedMain] WARN  o.s.c.s.PostProcessorRegistrationDelegate$BeanPostProcessorChecker - Bean 'org.springframework.cloud.client.loadbalancer.LoadBalancerAutoConfiguration' of type [org.springframework.cloud.client.loadbalancer.LoadBalancerAutoConfiguration] is not eligible for getting processed by all BeanPostProcessors (for example: not eligible for auto-proxying). Is this bean getting eagerly injected/applied to a currently created BeanPostProcessor [lbRestClientPostProcessor]? Check the corresponding BeanPostProcessor declaration and its dependencies/advisors. If this bean does not have to be post-processed, declare it with ROLE_INFRASTRUCTURE.
2025-07-11 15:35:03 [restartedMain] WARN  o.s.c.s.PostProcessorRegistrationDelegate$BeanPostProcessorChecker - Bean 'loadBalancerRequestFactory' of type [org.springframework.cloud.client.loadbalancer.LoadBalancerRequestFactory] is not eligible for getting processed by all BeanPostProcessors (for example: not eligible for auto-proxying). Is this bean getting eagerly injected/applied to a currently created BeanPostProcessor [lbRestClientPostProcessor]? Check the corresponding BeanPostProcessor declaration and its dependencies/advisors. If this bean does not have to be post-processed, declare it with ROLE_INFRASTRUCTURE.
2025-07-11 15:35:03 [restartedMain] WARN  o.s.c.s.PostProcessorRegistrationDelegate$BeanPostProcessorChecker - Bean 'loadBalancerInterceptor' of type [org.springframework.cloud.client.loadbalancer.LoadBalancerInterceptor] is not eligible for getting processed by all BeanPostProcessors (for example: not eligible for auto-proxying). Is this bean getting eagerly injected/applied to a currently created BeanPostProcessor [lbRestClientPostProcessor]? Check the corresponding BeanPostProcessor declaration and its dependencies/advisors. If this bean does not have to be post-processed, declare it with ROLE_INFRASTRUCTURE.
2025-07-11 15:35:03 [restartedMain] WARN  o.s.c.s.PostProcessorRegistrationDelegate$BeanPostProcessorChecker - Bean 'org.springframework.cloud.client.loadbalancer.reactive.LoadBalancerBeanPostProcessorAutoConfiguration' of type [org.springframework.cloud.client.loadbalancer.reactive.LoadBalancerBeanPostProcessorAutoConfiguration] is not eligible for getting processed by all BeanPostProcessors (for example: not eligible for auto-proxying). The currently created BeanPostProcessor [loadBalancerWebClientBuilderBeanPostProcessor] is declared through a non-static factory method on that class; consider declaring it as static instead.
2025-07-11 15:35:03 [restartedMain] WARN  o.s.c.s.PostProcessorRegistrationDelegate$BeanPostProcessorChecker - Bean 'org.springframework.cloud.client.loadbalancer.reactive.LoadBalancerBeanPostProcessorAutoConfiguration$ReactorDeferringLoadBalancerFilterConfig' of type [org.springframework.cloud.client.loadbalancer.reactive.LoadBalancerBeanPostProcessorAutoConfiguration$ReactorDeferringLoadBalancerFilterConfig] is not eligible for getting processed by all BeanPostProcessors (for example: not eligible for auto-proxying). Is this bean getting eagerly injected/applied to a currently created BeanPostProcessor [loadBalancerWebClientBuilderBeanPostProcessor]? Check the corresponding BeanPostProcessor declaration and its dependencies/advisors. If this bean does not have to be post-processed, declare it with ROLE_INFRASTRUCTURE.
2025-07-11 15:35:03 [restartedMain] WARN  o.s.c.s.PostProcessorRegistrationDelegate$BeanPostProcessorChecker - Bean 'reactorDeferringLoadBalancerExchangeFilterFunction' of type [org.springframework.cloud.client.loadbalancer.reactive.DeferringLoadBalancerExchangeFilterFunction] is not eligible for getting processed by all BeanPostProcessors (for example: not eligible for auto-proxying). Is this bean getting eagerly injected/applied to a currently created BeanPostProcessor [loadBalancerWebClientBuilderBeanPostProcessor]? Check the corresponding BeanPostProcessor declaration and its dependencies/advisors. If this bean does not have to be post-processed, declare it with ROLE_INFRASTRUCTURE.
2025-07-11 15:35:03 [restartedMain] INFO  c.g.g.m.j.i.config.SecurityConfig - Configurando seguridad del Gateway
2025-07-11 15:35:04 [restartedMain] WARN  o.s.c.l.c.LoadBalancerCacheAutoConfiguration$LoadBalancerCaffeineWarnLogger - Spring Cloud LoadBalancer is currently working with the default cache. While this cache implementation is useful for development and tests, it's recommended to use Caffeine cache in production.You can switch to using Caffeine cache, by adding it and org.springframework.cache.caffeine.CaffeineCacheManager to the classpath.
2025-07-11 15:35:04 [restartedMain] INFO  c.netflix.discovery.DiscoveryClient - Initializing Eureka in region us-east-1
2025-07-11 15:35:04 [restartedMain] INFO  c.n.d.s.r.aws.ConfigClusterResolver - Resolving eureka endpoints via configuration
2025-07-11 15:35:04 [restartedMain] INFO  c.netflix.discovery.DiscoveryClient - Disable delta property : false
2025-07-11 15:35:04 [restartedMain] INFO  c.netflix.discovery.DiscoveryClient - Single vip registry refresh property : null
2025-07-11 15:35:04 [restartedMain] INFO  c.netflix.discovery.DiscoveryClient - Force full registry fetch : false
2025-07-11 15:35:04 [restartedMain] INFO  c.netflix.discovery.DiscoveryClient - Application is null : false
2025-07-11 15:35:04 [restartedMain] INFO  c.netflix.discovery.DiscoveryClient - Registered Applications size is zero : true
2025-07-11 15:35:04 [restartedMain] INFO  c.netflix.discovery.DiscoveryClient - Application version is -1: true
2025-07-11 15:35:04 [restartedMain] INFO  c.netflix.discovery.DiscoveryClient - Getting all instance registry info from the eureka server
2025-07-11 15:35:04 [restartedMain] INFO  c.netflix.discovery.DiscoveryClient - The response status is 200
2025-07-11 15:35:04 [restartedMain] INFO  c.netflix.discovery.DiscoveryClient - Starting heartbeat executor: renew interval is: 30
2025-07-11 15:35:04 [restartedMain] INFO  c.n.discovery.InstanceInfoReplicator - InstanceInfoReplicator onDemand update allowed rate per min is 4
2025-07-11 15:35:04 [restartedMain] INFO  c.netflix.discovery.DiscoveryClient - Discovery Client initialized at timestamp 1752266104469 with initial instances count: 1
2025-07-11 15:35:04 [restartedMain] INFO  c.netflix.discovery.DiscoveryClient - Saw local status change event StatusChangeEvent [timestamp=1752266104471, current=UP, previous=STARTING]
2025-07-11 15:35:04 [DiscoveryClient-InstanceInfoReplicator-0] INFO  c.netflix.discovery.DiscoveryClient - DiscoveryClient_GATEWAY-SERVICE/192.168.49.16:gateway-service:8080: registering service...
2025-07-11 15:35:04 [DiscoveryClient-InstanceInfoReplicator-0] INFO  c.netflix.discovery.DiscoveryClient - DiscoveryClient_GATEWAY-SERVICE/192.168.49.16:gateway-service:8080 - registration status: 204
2025-07-11 15:35:04 [restartedMain] INFO  c.gateway.gateway.GatewayApplication - Started GatewayApplication in 2.905 seconds (process running for 3.26)
2025-07-11 15:35:24 [reactor-http-epoll-3] INFO  c.g.g.common.logging.LoggingService - [2025-07-11 15:35:24.158] [SECURITY] ClientSecretValidationService: Iniciando validación de client secret
2025-07-11 15:35:24 [reactor-http-epoll-3] INFO  c.g.g.common.logging.LoggingService - [2025-07-11 15:35:24.158] [SECURITY] ClientSecretValidationService: Validación de client secret EXITOSA
2025-07-11 15:35:24 [reactor-http-epoll-3] INFO  c.g.g.common.logging.LoggingService - [2025-07-11 15:35:24.159] [SECURITY] JwtValidationService: Iniciando validación de token JWT
2025-07-11 15:35:24 [reactor-http-epoll-3] INFO  c.g.g.common.logging.LoggingService - [2025-07-11 15:35:24.181] [SECURITY] JwtValidationService: Token validado exitosamente - Usuario: {}, Rol: {}
2025-07-11 15:35:24 [parallel-1] INFO  c.g.g.common.logging.LoggingService - [2025-07-11 15:35:24.228] [SECURITY] ClientSecretValidationService: Iniciando validación de client secret
2025-07-11 15:35:24 [parallel-1] INFO  c.g.g.common.logging.LoggingService - [2025-07-11 15:35:24.229] [SECURITY] ClientSecretValidationService: Validación de client secret EXITOSA
2025-07-11 15:35:24 [parallel-1] INFO  c.g.g.common.logging.LoggingService - [2025-07-11 15:35:24.230] [SECURITY] JwtValidationService: Iniciando validación de token JWT
2025-07-11 15:35:24 [parallel-1] INFO  c.g.g.common.logging.LoggingService - [2025-07-11 15:35:24.232] [SECURITY] JwtValidationService: Token validado exitosamente - Usuario: {}, Rol: {}
2025-07-11 15:35:25 [reactor-http-epoll-3] INFO  c.g.g.common.logging.LoggingService - [2025-07-11 15:35:25.448] [SECURITY] ClientSecretValidationService: Iniciando validación de client secret
2025-07-11 15:35:25 [reactor-http-epoll-3] INFO  c.g.g.common.logging.LoggingService - [2025-07-11 15:35:25.448] [SECURITY] ClientSecretValidationService: Validación de client secret EXITOSA
2025-07-11 15:35:25 [reactor-http-epoll-3] INFO  c.g.g.common.logging.LoggingService - [2025-07-11 15:35:25.448] [SECURITY] JwtValidationService: Iniciando validación de token JWT
2025-07-11 15:35:25 [reactor-http-epoll-3] INFO  c.g.g.common.logging.LoggingService - [2025-07-11 15:35:25.450] [SECURITY] JwtValidationService: Token validado exitosamente - Usuario: {}, Rol: {}
2025-07-11 15:35:25 [parallel-3] INFO  c.g.g.common.logging.LoggingService - [2025-07-11 15:35:25.452] [SECURITY] ClientSecretValidationService: Iniciando validación de client secret
2025-07-11 15:35:25 [parallel-3] INFO  c.g.g.common.logging.LoggingService - [2025-07-11 15:35:25.452] [SECURITY] ClientSecretValidationService: Validación de client secret EXITOSA
2025-07-11 15:35:25 [parallel-3] INFO  c.g.g.common.logging.LoggingService - [2025-07-11 15:35:25.452] [SECURITY] JwtValidationService: Iniciando validación de token JWT
2025-07-11 15:35:25 [parallel-3] INFO  c.g.g.common.logging.LoggingService - [2025-07-11 15:35:25.454] [SECURITY] JwtValidationService: Token validado exitosamente - Usuario: {}, Rol: {}
2025-07-11 15:35:26 [reactor-http-epoll-3] INFO  c.g.g.common.logging.LoggingService - [2025-07-11 15:35:26.395] [SECURITY] ClientSecretValidationService: Iniciando validación de client secret
2025-07-11 15:35:26 [reactor-http-epoll-3] INFO  c.g.g.common.logging.LoggingService - [2025-07-11 15:35:26.395] [SECURITY] ClientSecretValidationService: Validación de client secret EXITOSA
2025-07-11 15:35:26 [reactor-http-epoll-3] INFO  c.g.g.common.logging.LoggingService - [2025-07-11 15:35:26.396] [SECURITY] JwtValidationService: Iniciando validación de token JWT
2025-07-11 15:35:26 [reactor-http-epoll-3] INFO  c.g.g.common.logging.LoggingService - [2025-07-11 15:35:26.398] [SECURITY] JwtValidationService: Token validado exitosamente - Usuario: {}, Rol: {}
2025-07-11 15:35:26 [parallel-4] INFO  c.g.g.common.logging.LoggingService - [2025-07-11 15:35:26.401] [SECURITY] ClientSecretValidationService: Iniciando validación de client secret
2025-07-11 15:35:26 [parallel-4] INFO  c.g.g.common.logging.LoggingService - [2025-07-11 15:35:26.401] [SECURITY] ClientSecretValidationService: Validación de client secret EXITOSA
2025-07-11 15:35:26 [parallel-4] INFO  c.g.g.common.logging.LoggingService - [2025-07-11 15:35:26.402] [SECURITY] JwtValidationService: Iniciando validación de token JWT
2025-07-11 15:35:26 [parallel-4] INFO  c.g.g.common.logging.LoggingService - [2025-07-11 15:35:26.404] [SECURITY] JwtValidationService: Token validado exitosamente - Usuario: {}, Rol: {}
2025-07-11 15:35:27 [reactor-http-epoll-3] INFO  c.g.g.common.logging.LoggingService - [2025-07-11 15:35:27.347] [SECURITY] ClientSecretValidationService: Iniciando validación de client secret
2025-07-11 15:35:27 [reactor-http-epoll-3] INFO  c.g.g.common.logging.LoggingService - [2025-07-11 15:35:27.347] [SECURITY] ClientSecretValidationService: Validación de client secret EXITOSA
2025-07-11 15:35:27 [reactor-http-epoll-3] INFO  c.g.g.common.logging.LoggingService - [2025-07-11 15:35:27.348] [SECURITY] JwtValidationService: Iniciando validación de token JWT
2025-07-11 15:35:27 [reactor-http-epoll-3] INFO  c.g.g.common.logging.LoggingService - [2025-07-11 15:35:27.350] [SECURITY] JwtValidationService: Token validado exitosamente - Usuario: {}, Rol: {}
2025-07-11 15:35:27 [parallel-5] INFO  c.g.g.common.logging.LoggingService - [2025-07-11 15:35:27.352] [SECURITY] ClientSecretValidationService: Iniciando validación de client secret
2025-07-11 15:35:27 [parallel-5] INFO  c.g.g.common.logging.LoggingService - [2025-07-11 15:35:27.352] [SECURITY] ClientSecretValidationService: Validación de client secret EXITOSA
2025-07-11 15:35:27 [parallel-5] INFO  c.g.g.common.logging.LoggingService - [2025-07-11 15:35:27.352] [SECURITY] JwtValidationService: Iniciando validación de token JWT
2025-07-11 15:35:27 [parallel-5] INFO  c.g.g.common.logging.LoggingService - [2025-07-11 15:35:27.356] [SECURITY] JwtValidationService: Token validado exitosamente - Usuario: {}, Rol: {}
2025-07-11 15:35:27 [parallel-5] WARN  c.g.g.common.logging.LoggingService - [2025-07-11 15:35:27.357] [SECURITY-WARNING] RateLimitService: Rate limit excedido para usuario: {} en endpoint: {} - Intentos: {}
2025-07-11 15:35:27 [parallel-5] WARN  c.g.g.common.logging.LoggingService - [2025-07-11 15:35:27.358] [SECURITY-WARNING] BlockService: Usuario bloqueado para endpoint {}: {} - Nivel: {} - Duración: {} minutos - Bloqueado hasta: {}
2025-07-11 15:35:27 [parallel-5] WARN  c.g.g.common.logging.LoggingService - [2025-07-11 15:35:27.359] [SECURITY-WARNING] RateLimitGatewayFilter: Rate limit excedido para path: {} - Error: {}
2025-07-11 15:37:54 [SpringApplicationShutdownHook] INFO  c.netflix.discovery.DiscoveryClient - Saw local status change event StatusChangeEvent [timestamp=1752266274380, current=DOWN, previous=UP]
2025-07-11 15:37:54 [DiscoveryClient-InstanceInfoReplicator-0] INFO  c.netflix.discovery.DiscoveryClient - DiscoveryClient_GATEWAY-SERVICE/192.168.49.16:gateway-service:8080: registering service...
2025-07-11 15:37:54 [DiscoveryClient-InstanceInfoReplicator-0] INFO  c.netflix.discovery.DiscoveryClient - DiscoveryClient_GATEWAY-SERVICE/192.168.49.16:gateway-service:8080 - registration status: 204
2025-07-11 15:37:54 [SpringApplicationShutdownHook] INFO  c.netflix.discovery.DiscoveryClient - Shutting down DiscoveryClient ...
2025-07-11 15:37:57 [SpringApplicationShutdownHook] INFO  c.netflix.discovery.DiscoveryClient - Unregistering ...
2025-07-11 15:37:57 [SpringApplicationShutdownHook] INFO  c.n.d.s.t.d.RedirectingEurekaHttpClient - Request execution error. endpoint=DefaultEndpoint{ serviceUrl='http://localhost:8081/eureka/} exception=I/O error on DELETE request for "http://localhost:8081/eureka/apps/GATEWAY-SERVICE/192.168.49.16:gateway-service:8080": Connect to http://localhost:8081 [localhost/127.0.0.1, localhost/0:0:0:0:0:0:0:1] failed: Conexión rehusada stacktrace=org.springframework.web.client.ResourceAccessException: I/O error on DELETE request for "http://localhost:8081/eureka/apps/GATEWAY-SERVICE/192.168.49.16:gateway-service:8080": Connect to http://localhost:8081 [localhost/127.0.0.1, localhost/0:0:0:0:0:0:0:1] failed: Conexión rehusada
	at org.springframework.web.client.RestTemplate.createResourceAccessException(RestTemplate.java:926)
	at org.springframework.web.client.RestTemplate.doExecute(RestTemplate.java:906)
	at org.springframework.web.client.RestTemplate.execute(RestTemplate.java:801)
	at org.springframework.web.client.RestTemplate.exchange(RestTemplate.java:683)
	at org.springframework.cloud.netflix.eureka.http.RestTemplateEurekaHttpClient.cancel(RestTemplateEurekaHttpClient.java:87)
	at com.netflix.discovery.shared.transport.decorator.EurekaHttpClientDecorator$2.execute(EurekaHttpClientDecorator.java:74)
	at com.netflix.discovery.shared.transport.decorator.RedirectingEurekaHttpClient.execute(RedirectingEurekaHttpClient.java:91)
	at com.netflix.discovery.shared.transport.decorator.EurekaHttpClientDecorator.cancel(EurekaHttpClientDecorator.java:71)
	at com.netflix.discovery.shared.transport.decorator.EurekaHttpClientDecorator$2.execute(EurekaHttpClientDecorator.java:74)
	at com.netflix.discovery.shared.transport.decorator.RetryableEurekaHttpClient.execute(RetryableEurekaHttpClient.java:120)
	at com.netflix.discovery.shared.transport.decorator.EurekaHttpClientDecorator.cancel(EurekaHttpClientDecorator.java:71)
	at com.netflix.discovery.shared.transport.decorator.EurekaHttpClientDecorator$2.execute(EurekaHttpClientDecorator.java:74)
	at com.netflix.discovery.shared.transport.decorator.SessionedEurekaHttpClient.execute(SessionedEurekaHttpClient.java:77)
	at com.netflix.discovery.shared.transport.decorator.EurekaHttpClientDecorator.cancel(EurekaHttpClientDecorator.java:71)
	at com.netflix.discovery.DiscoveryClient.unregister(DiscoveryClient.java:916)
	at com.netflix.discovery.DiscoveryClient.shutdown(DiscoveryClient.java:892)
	at java.base/jdk.internal.reflect.NativeMethodAccessorImpl.invoke0(Native Method)
	at java.base/jdk.internal.reflect.NativeMethodAccessorImpl.invoke(NativeMethodAccessorImpl.java:77)
	at java.base/jdk.internal.reflect.DelegatingMethodAccessorImpl.invoke(DelegatingMethodAccessorImpl.java:43)
	at java.base/java.lang.reflect.Method.invoke(Method.java:569)
	at org.springframework.beans.factory.annotation.InitDestroyAnnotationBeanPostProcessor$LifecycleMethod.invoke(InitDestroyAnnotationBeanPostProcessor.java:457)
	at org.springframework.beans.factory.annotation.InitDestroyAnnotationBeanPostProcessor$LifecycleMetadata.invokeDestroyMethods(InitDestroyAnnotationBeanPostProcessor.java:415)
	at org.springframework.beans.factory.annotation.InitDestroyAnnotationBeanPostProcessor.postProcessBeforeDestruction(InitDestroyAnnotationBeanPostProcessor.java:239)
	at org.springframework.beans.factory.support.DisposableBeanAdapter.destroy(DisposableBeanAdapter.java:202)
	at org.springframework.beans.factory.support.DisposableBeanAdapter.run(DisposableBeanAdapter.java:195)
	at org.springframework.cloud.context.scope.GenericScope$BeanLifecycleWrapper.destroy(GenericScope.java:389)
	at org.springframework.cloud.context.scope.GenericScope.destroy(GenericScope.java:136)
	at org.springframework.beans.factory.support.DisposableBeanAdapter.destroy(DisposableBeanAdapter.java:211)
	at org.springframework.beans.factory.support.DefaultSingletonBeanRegistry.destroyBean(DefaultSingletonBeanRegistry.java:798)
	at org.springframework.beans.factory.support.DefaultSingletonBeanRegistry.destroySingleton(DefaultSingletonBeanRegistry.java:748)
	at org.springframework.beans.factory.support.DefaultListableBeanFactory.destroySingleton(DefaultListableBeanFactory.java:1474)
	at org.springframework.beans.factory.support.DefaultSingletonBeanRegistry.destroySingletons(DefaultSingletonBeanRegistry.java:707)
	at org.springframework.beans.factory.support.DefaultListableBeanFactory.destroySingletons(DefaultListableBeanFactory.java:1467)
	at org.springframework.context.support.AbstractApplicationContext.destroyBeans(AbstractApplicationContext.java:1219)
	at org.springframework.context.support.AbstractApplicationContext.doClose(AbstractApplicationContext.java:1180)
	at org.springframework.boot.web.reactive.context.ReactiveWebServerApplicationContext.doClose(ReactiveWebServerApplicationContext.java:155)
	at org.springframework.context.support.AbstractApplicationContext.close(AbstractApplicationContext.java:1126)
	at org.springframework.boot.SpringApplicationShutdownHook.closeAndWait(SpringApplicationShutdownHook.java:147)
	at java.base/java.lang.Iterable.forEach(Iterable.java:75)
	at org.springframework.boot.SpringApplicationShutdownHook.run(SpringApplicationShutdownHook.java:116)
	at java.base/java.lang.Thread.run(Thread.java:840)
Caused by: org.apache.hc.client5.http.HttpHostConnectException: Connect to http://localhost:8081 [localhost/127.0.0.1, localhost/0:0:0:0:0:0:0:1] failed: Conexión rehusada
	at java.base/sun.nio.ch.Net.pollConnect(Native Method)
	at java.base/sun.nio.ch.Net.pollConnectNow(Net.java:672)
	at java.base/sun.nio.ch.NioSocketImpl.timedFinishConnect(NioSocketImpl.java:547)
	at java.base/sun.nio.ch.NioSocketImpl.connect(NioSocketImpl.java:602)
	at java.base/java.net.SocksSocketImpl.connect(SocksSocketImpl.java:327)
	at java.base/java.net.Socket.connect(Socket.java:633)
	at org.apache.hc.client5.http.impl.io.DefaultHttpClientConnectionOperator.connect(DefaultHttpClientConnectionOperator.java:216)
	at org.apache.hc.client5.http.impl.io.PoolingHttpClientConnectionManager.connect(PoolingHttpClientConnectionManager.java:490)
	at org.apache.hc.client5.http.impl.classic.InternalExecRuntime.connectEndpoint(InternalExecRuntime.java:164)
	at org.apache.hc.client5.http.impl.classic.InternalExecRuntime.connectEndpoint(InternalExecRuntime.java:174)
	at org.apache.hc.client5.http.impl.classic.ConnectExec.execute(ConnectExec.java:144)
	at org.apache.hc.client5.http.impl.classic.ExecChainElement.execute(ExecChainElement.java:51)
	at org.apache.hc.client5.http.impl.classic.ProtocolExec.execute(ProtocolExec.java:192)
	at org.apache.hc.client5.http.impl.classic.ExecChainElement.execute(ExecChainElement.java:51)
	at org.apache.hc.client5.http.impl.classic.ContentCompressionExec.execute(ContentCompressionExec.java:150)
	at org.apache.hc.client5.http.impl.classic.ExecChainElement.execute(ExecChainElement.java:51)
	at org.apache.hc.client5.http.impl.classic.HttpRequestRetryExec.execute(HttpRequestRetryExec.java:113)
	at org.apache.hc.client5.http.impl.classic.ExecChainElement.execute(ExecChainElement.java:51)
	at org.apache.hc.client5.http.impl.classic.RedirectExec.execute(RedirectExec.java:110)
	at org.apache.hc.client5.http.impl.classic.ExecChainElement.execute(ExecChainElement.java:51)
	at org.apache.hc.client5.http.impl.classic.InternalHttpClient.doExecute(InternalHttpClient.java:183)
	at org.apache.hc.client5.http.impl.classic.CloseableHttpClient.execute(CloseableHttpClient.java:87)
	at org.apache.hc.client5.http.impl.classic.CloseableHttpClient.execute(CloseableHttpClient.java:55)
	at org.apache.hc.client5.http.classic.HttpClient.executeOpen(HttpClient.java:183)
	at org.springframework.http.client.HttpComponentsClientHttpRequest.executeInternal(HttpComponentsClientHttpRequest.java:99)
	at org.springframework.http.client.AbstractStreamingClientHttpRequest.executeInternal(AbstractStreamingClientHttpRequest.java:71)
	at org.springframework.http.client.AbstractClientHttpRequest.execute(AbstractClientHttpRequest.java:81)
	at org.springframework.http.client.InterceptingClientHttpRequest$InterceptingRequestExecution.execute(InterceptingClientHttpRequest.java:117)
	at org.springframework.cloud.netflix.eureka.http.RestTemplateTransportClientFactory.lambda$restTemplate$0(RestTemplateTransportClientFactory.java:143)
	at org.springframework.http.client.InterceptingClientHttpRequest$InterceptingRequestExecution.execute(InterceptingClientHttpRequest.java:88)
	at org.springframework.http.client.InterceptingClientHttpRequest.executeInternal(InterceptingClientHttpRequest.java:72)
	at org.springframework.http.client.AbstractBufferingClientHttpRequest.executeInternal(AbstractBufferingClientHttpRequest.java:48)
	at org.springframework.http.client.AbstractClientHttpRequest.execute(AbstractClientHttpRequest.java:81)
	at org.springframework.web.client.RestTemplate.doExecute(RestTemplate.java:900)
	... 39 more

2025-07-11 15:37:57 [SpringApplicationShutdownHook] WARN  c.n.d.s.t.d.RetryableEurekaHttpClient - Request execution failed with message: I/O error on DELETE request for "http://localhost:8081/eureka/apps/GATEWAY-SERVICE/192.168.49.16:gateway-service:8080": Connect to http://localhost:8081 [localhost/127.0.0.1, localhost/0:0:0:0:0:0:0:1] failed: Conexión rehusada
2025-07-11 15:37:57 [SpringApplicationShutdownHook] INFO  c.n.d.s.t.d.RedirectingEurekaHttpClient - Request execution error. endpoint=DefaultEndpoint{ serviceUrl='http://localhost:8081/eureka/}, exception=I/O error on DELETE request for "http://localhost:8081/eureka/apps/GATEWAY-SERVICE/192.168.49.16:gateway-service:8080": Connect to http://localhost:8081 [localhost/127.0.0.1, localhost/0:0:0:0:0:0:0:1] failed: Conexión rehusada stacktrace=org.springframework.web.client.ResourceAccessException: I/O error on DELETE request for "http://localhost:8081/eureka/apps/GATEWAY-SERVICE/192.168.49.16:gateway-service:8080": Connect to http://localhost:8081 [localhost/127.0.0.1, localhost/0:0:0:0:0:0:0:1] failed: Conexión rehusada
	at org.springframework.web.client.RestTemplate.createResourceAccessException(RestTemplate.java:926)
	at org.springframework.web.client.RestTemplate.doExecute(RestTemplate.java:906)
	at org.springframework.web.client.RestTemplate.execute(RestTemplate.java:801)
	at org.springframework.web.client.RestTemplate.exchange(RestTemplate.java:683)
	at org.springframework.cloud.netflix.eureka.http.RestTemplateEurekaHttpClient.cancel(RestTemplateEurekaHttpClient.java:87)
	at com.netflix.discovery.shared.transport.decorator.EurekaHttpClientDecorator$2.execute(EurekaHttpClientDecorator.java:74)
	at com.netflix.discovery.shared.transport.decorator.RedirectingEurekaHttpClient.executeOnNewServer(RedirectingEurekaHttpClient.java:121)
	at com.netflix.discovery.shared.transport.decorator.RedirectingEurekaHttpClient.execute(RedirectingEurekaHttpClient.java:80)
	at com.netflix.discovery.shared.transport.decorator.EurekaHttpClientDecorator.cancel(EurekaHttpClientDecorator.java:71)
	at com.netflix.discovery.shared.transport.decorator.EurekaHttpClientDecorator$2.execute(EurekaHttpClientDecorator.java:74)
	at com.netflix.discovery.shared.transport.decorator.RetryableEurekaHttpClient.execute(RetryableEurekaHttpClient.java:120)
	at com.netflix.discovery.shared.transport.decorator.EurekaHttpClientDecorator.cancel(EurekaHttpClientDecorator.java:71)
	at com.netflix.discovery.shared.transport.decorator.EurekaHttpClientDecorator$2.execute(EurekaHttpClientDecorator.java:74)
	at com.netflix.discovery.shared.transport.decorator.SessionedEurekaHttpClient.execute(SessionedEurekaHttpClient.java:77)
	at com.netflix.discovery.shared.transport.decorator.EurekaHttpClientDecorator.cancel(EurekaHttpClientDecorator.java:71)
	at com.netflix.discovery.DiscoveryClient.unregister(DiscoveryClient.java:916)
	at com.netflix.discovery.DiscoveryClient.shutdown(DiscoveryClient.java:892)
	at java.base/jdk.internal.reflect.NativeMethodAccessorImpl.invoke0(Native Method)
	at java.base/jdk.internal.reflect.NativeMethodAccessorImpl.invoke(NativeMethodAccessorImpl.java:77)
	at java.base/jdk.internal.reflect.DelegatingMethodAccessorImpl.invoke(DelegatingMethodAccessorImpl.java:43)
	at java.base/java.lang.reflect.Method.invoke(Method.java:569)
	at org.springframework.beans.factory.annotation.InitDestroyAnnotationBeanPostProcessor$LifecycleMethod.invoke(InitDestroyAnnotationBeanPostProcessor.java:457)
	at org.springframework.beans.factory.annotation.InitDestroyAnnotationBeanPostProcessor$LifecycleMetadata.invokeDestroyMethods(InitDestroyAnnotationBeanPostProcessor.java:415)
	at org.springframework.beans.factory.annotation.InitDestroyAnnotationBeanPostProcessor.postProcessBeforeDestruction(InitDestroyAnnotationBeanPostProcessor.java:239)
	at org.springframework.beans.factory.support.DisposableBeanAdapter.destroy(DisposableBeanAdapter.java:202)
	at org.springframework.beans.factory.support.DisposableBeanAdapter.run(DisposableBeanAdapter.java:195)
	at org.springframework.cloud.context.scope.GenericScope$BeanLifecycleWrapper.destroy(GenericScope.java:389)
	at org.springframework.cloud.context.scope.GenericScope.destroy(GenericScope.java:136)
	at org.springframework.beans.factory.support.DisposableBeanAdapter.destroy(DisposableBeanAdapter.java:211)
	at org.springframework.beans.factory.support.DefaultSingletonBeanRegistry.destroyBean(DefaultSingletonBeanRegistry.java:798)
	at org.springframework.beans.factory.support.DefaultSingletonBeanRegistry.destroySingleton(DefaultSingletonBeanRegistry.java:748)
	at org.springframework.beans.factory.support.DefaultListableBeanFactory.destroySingleton(DefaultListableBeanFactory.java:1474)
	at org.springframework.beans.factory.support.DefaultSingletonBeanRegistry.destroySingletons(DefaultSingletonBeanRegistry.java:707)
	at org.springframework.beans.factory.support.DefaultListableBeanFactory.destroySingletons(DefaultListableBeanFactory.java:1467)
	at org.springframework.context.support.AbstractApplicationContext.destroyBeans(AbstractApplicationContext.java:1219)
	at org.springframework.context.support.AbstractApplicationContext.doClose(AbstractApplicationContext.java:1180)
	at org.springframework.boot.web.reactive.context.ReactiveWebServerApplicationContext.doClose(ReactiveWebServerApplicationContext.java:155)
	at org.springframework.context.support.AbstractApplicationContext.close(AbstractApplicationContext.java:1126)
	at org.springframework.boot.SpringApplicationShutdownHook.closeAndWait(SpringApplicationShutdownHook.java:147)
	at java.base/java.lang.Iterable.forEach(Iterable.java:75)
	at org.springframework.boot.SpringApplicationShutdownHook.run(SpringApplicationShutdownHook.java:116)
	at java.base/java.lang.Thread.run(Thread.java:840)
Caused by: org.apache.hc.client5.http.HttpHostConnectException: Connect to http://localhost:8081 [localhost/127.0.0.1, localhost/0:0:0:0:0:0:0:1] failed: Conexión rehusada
	at java.base/sun.nio.ch.Net.pollConnect(Native Method)
	at java.base/sun.nio.ch.Net.pollConnectNow(Net.java:672)
	at java.base/sun.nio.ch.NioSocketImpl.timedFinishConnect(NioSocketImpl.java:547)
	at java.base/sun.nio.ch.NioSocketImpl.connect(NioSocketImpl.java:602)
	at java.base/java.net.SocksSocketImpl.connect(SocksSocketImpl.java:327)
	at java.base/java.net.Socket.connect(Socket.java:633)
	at org.apache.hc.client5.http.impl.io.DefaultHttpClientConnectionOperator.connect(DefaultHttpClientConnectionOperator.java:216)
	at org.apache.hc.client5.http.impl.io.PoolingHttpClientConnectionManager.connect(PoolingHttpClientConnectionManager.java:490)
	at org.apache.hc.client5.http.impl.classic.InternalExecRuntime.connectEndpoint(InternalExecRuntime.java:164)
	at org.apache.hc.client5.http.impl.classic.InternalExecRuntime.connectEndpoint(InternalExecRuntime.java:174)
	at org.apache.hc.client5.http.impl.classic.ConnectExec.execute(ConnectExec.java:144)
	at org.apache.hc.client5.http.impl.classic.ExecChainElement.execute(ExecChainElement.java:51)
	at org.apache.hc.client5.http.impl.classic.ProtocolExec.execute(ProtocolExec.java:192)
	at org.apache.hc.client5.http.impl.classic.ExecChainElement.execute(ExecChainElement.java:51)
	at org.apache.hc.client5.http.impl.classic.ContentCompressionExec.execute(ContentCompressionExec.java:150)
	at org.apache.hc.client5.http.impl.classic.ExecChainElement.execute(ExecChainElement.java:51)
	at org.apache.hc.client5.http.impl.classic.HttpRequestRetryExec.execute(HttpRequestRetryExec.java:113)
	at org.apache.hc.client5.http.impl.classic.ExecChainElement.execute(ExecChainElement.java:51)
	at org.apache.hc.client5.http.impl.classic.RedirectExec.execute(RedirectExec.java:110)
	at org.apache.hc.client5.http.impl.classic.ExecChainElement.execute(ExecChainElement.java:51)
	at org.apache.hc.client5.http.impl.classic.InternalHttpClient.doExecute(InternalHttpClient.java:183)
	at org.apache.hc.client5.http.impl.classic.CloseableHttpClient.execute(CloseableHttpClient.java:87)
	at org.apache.hc.client5.http.impl.classic.CloseableHttpClient.execute(CloseableHttpClient.java:55)
	at org.apache.hc.client5.http.classic.HttpClient.executeOpen(HttpClient.java:183)
	at org.springframework.http.client.HttpComponentsClientHttpRequest.executeInternal(HttpComponentsClientHttpRequest.java:99)
	at org.springframework.http.client.AbstractStreamingClientHttpRequest.executeInternal(AbstractStreamingClientHttpRequest.java:71)
	at org.springframework.http.client.AbstractClientHttpRequest.execute(AbstractClientHttpRequest.java:81)
	at org.springframework.http.client.InterceptingClientHttpRequest$InterceptingRequestExecution.execute(InterceptingClientHttpRequest.java:117)
	at org.springframework.cloud.netflix.eureka.http.RestTemplateTransportClientFactory.lambda$restTemplate$0(RestTemplateTransportClientFactory.java:143)
	at org.springframework.http.client.InterceptingClientHttpRequest$InterceptingRequestExecution.execute(InterceptingClientHttpRequest.java:88)
	at org.springframework.http.client.InterceptingClientHttpRequest.executeInternal(InterceptingClientHttpRequest.java:72)
	at org.springframework.http.client.AbstractBufferingClientHttpRequest.executeInternal(AbstractBufferingClientHttpRequest.java:48)
	at org.springframework.http.client.AbstractClientHttpRequest.execute(AbstractClientHttpRequest.java:81)
	at org.springframework.web.client.RestTemplate.doExecute(RestTemplate.java:900)
	... 40 more

2025-07-11 15:37:57 [SpringApplicationShutdownHook] WARN  c.n.d.s.t.d.RetryableEurekaHttpClient - Request execution failed with message: I/O error on DELETE request for "http://localhost:8081/eureka/apps/GATEWAY-SERVICE/192.168.49.16:gateway-service:8080": Connect to http://localhost:8081 [localhost/127.0.0.1, localhost/0:0:0:0:0:0:0:1] failed: Conexión rehusada
2025-07-11 15:37:57 [SpringApplicationShutdownHook] ERROR c.netflix.discovery.DiscoveryClient - DiscoveryClient_GATEWAY-SERVICE/192.168.49.16:gateway-service:8080 - de-registration failedCannot execute request on any known server
com.netflix.discovery.shared.transport.TransportException: Cannot execute request on any known server
	at com.netflix.discovery.shared.transport.decorator.RetryableEurekaHttpClient.execute(RetryableEurekaHttpClient.java:112)
	at com.netflix.discovery.shared.transport.decorator.EurekaHttpClientDecorator.cancel(EurekaHttpClientDecorator.java:71)
	at com.netflix.discovery.shared.transport.decorator.EurekaHttpClientDecorator$2.execute(EurekaHttpClientDecorator.java:74)
	at com.netflix.discovery.shared.transport.decorator.SessionedEurekaHttpClient.execute(SessionedEurekaHttpClient.java:77)
	at com.netflix.discovery.shared.transport.decorator.EurekaHttpClientDecorator.cancel(EurekaHttpClientDecorator.java:71)
	at com.netflix.discovery.DiscoveryClient.unregister(DiscoveryClient.java:916)
	at com.netflix.discovery.DiscoveryClient.shutdown(DiscoveryClient.java:892)
	at java.base/jdk.internal.reflect.NativeMethodAccessorImpl.invoke0(Native Method)
	at java.base/jdk.internal.reflect.NativeMethodAccessorImpl.invoke(NativeMethodAccessorImpl.java:77)
	at java.base/jdk.internal.reflect.DelegatingMethodAccessorImpl.invoke(DelegatingMethodAccessorImpl.java:43)
	at java.base/java.lang.reflect.Method.invoke(Method.java:569)
	at org.springframework.beans.factory.annotation.InitDestroyAnnotationBeanPostProcessor$LifecycleMethod.invoke(InitDestroyAnnotationBeanPostProcessor.java:457)
	at org.springframework.beans.factory.annotation.InitDestroyAnnotationBeanPostProcessor$LifecycleMetadata.invokeDestroyMethods(InitDestroyAnnotationBeanPostProcessor.java:415)
	at org.springframework.beans.factory.annotation.InitDestroyAnnotationBeanPostProcessor.postProcessBeforeDestruction(InitDestroyAnnotationBeanPostProcessor.java:239)
	at org.springframework.beans.factory.support.DisposableBeanAdapter.destroy(DisposableBeanAdapter.java:202)
	at org.springframework.beans.factory.support.DisposableBeanAdapter.run(DisposableBeanAdapter.java:195)
	at org.springframework.cloud.context.scope.GenericScope$BeanLifecycleWrapper.destroy(GenericScope.java:389)
	at org.springframework.cloud.context.scope.GenericScope.destroy(GenericScope.java:136)
	at org.springframework.beans.factory.support.DisposableBeanAdapter.destroy(DisposableBeanAdapter.java:211)
	at org.springframework.beans.factory.support.DefaultSingletonBeanRegistry.destroyBean(DefaultSingletonBeanRegistry.java:798)
	at org.springframework.beans.factory.support.DefaultSingletonBeanRegistry.destroySingleton(DefaultSingletonBeanRegistry.java:748)
	at org.springframework.beans.factory.support.DefaultListableBeanFactory.destroySingleton(DefaultListableBeanFactory.java:1474)
	at org.springframework.beans.factory.support.DefaultSingletonBeanRegistry.destroySingletons(DefaultSingletonBeanRegistry.java:707)
	at org.springframework.beans.factory.support.DefaultListableBeanFactory.destroySingletons(DefaultListableBeanFactory.java:1467)
	at org.springframework.context.support.AbstractApplicationContext.destroyBeans(AbstractApplicationContext.java:1219)
	at org.springframework.context.support.AbstractApplicationContext.doClose(AbstractApplicationContext.java:1180)
	at org.springframework.boot.web.reactive.context.ReactiveWebServerApplicationContext.doClose(ReactiveWebServerApplicationContext.java:155)
	at org.springframework.context.support.AbstractApplicationContext.close(AbstractApplicationContext.java:1126)
	at org.springframework.boot.SpringApplicationShutdownHook.closeAndWait(SpringApplicationShutdownHook.java:147)
	at java.base/java.lang.Iterable.forEach(Iterable.java:75)
	at org.springframework.boot.SpringApplicationShutdownHook.run(SpringApplicationShutdownHook.java:116)
	at java.base/java.lang.Thread.run(Thread.java:840)
2025-07-11 15:37:57 [SpringApplicationShutdownHook] INFO  c.netflix.discovery.DiscoveryClient - Completed shut down of DiscoveryClient
